.text:0000000000011000 ;
.text:0000000000011000 ; +-------------------------------------------------------------------------+
.text:0000000000011000 ; |      This file was generated by The Interactive Disassembler (IDA)      |
.text:0000000000011000 ; |           Copyright (c) 2026 Hex-Rays, <support@hex-rays.com>           |
.text:0000000000011000 ; |                      License info: 14-0000-FFFF-88                      |
.text:0000000000011000 ; |                       ntkey <admin@hex-rays.com>                        |
.text:0000000000011000 ; +-------------------------------------------------------------------------+
.text:0000000000011000 ;
.text:0000000000011000 ; Input SHA256 : 3111F4D7D4FAC55103453C4C8ADB742DEF007B96B7C8ED265347DF97137FBEE0
.text:0000000000011000 ; Input MD5    : 6AA2ED7241D3F00D75BAF68572E0ED7B
.text:0000000000011000 ; Input CRC32  : 5B8E0264
.text:0000000000011000 ; Compiler     : Visual C++
.text:0000000000011000
.text:0000000000011000 ; File Name   : /home/petik/Documents/petikvx-archiver/Articles/Trojan.Win32.Arkmblk.aux/artefacts/OemHwUpd_decoded.sys
.text:0000000000011000 ; Format      : Portable executable for AMD64 (PE)
.text:0000000000011000 ; Imagebase   : 10000
.text:0000000000011000 ; Timestamp   : 4913955D (Fri Nov 07 01:09:49 2008 UTC)
.text:0000000000011000 ; Section 1. (virtual address 00001000)
.text:0000000000011000 ; Virtual size                  : 0000C9DC (  51676.)
.text:0000000000011000 ; Section size in file          : 0000CA00 (  51712.)
.text:0000000000011000 ; Offset to raw data for section: 00000400
.text:0000000000011000 ; Flags 68000020: Text Not pageable Executable Readable
.text:0000000000011000 ; Alignment     : default
.text:0000000000011000 ; PDB File Name : d:\depot\trunk\drivers\endata\objfre_wnet_amd64\amd64\EnData.pdb
.text:0000000000011000
.text:0000000000011000                 .686p
.text:0000000000011000                 .mmx
.text:0000000000011000                 .model flat
.text:0000000000011000
.text:0000000000011000 ; ===========================================================================
.text:0000000000011000
.text:0000000000011000 ; Segment type: Pure code
.text:0000000000011000 ; Segment permissions: Read/Execute
.text:0000000000011000 _text           segment para public 'CODE' use64
.text:0000000000011000                 assume cs:_text
.text:0000000000011000                 ;org 11000h
.text:0000000000011000                 assume es:nothing, ss:nothing, ds:_data, fs:nothing, gs:nothing
.text:0000000000011000                 dq 0
.text:0000000000011008
.text:0000000000011008 ; =============== S U B R O U T I N E =======================================
.text:0000000000011008
.text:0000000000011008
.text:0000000000011008 ; char __fastcall sub_11008(__int64, unsigned __int16 *)
.text:0000000000011008 sub_11008       proc near               ; CODE XREF: sub_129B0+55E↓p
.text:0000000000011008                                         ; DATA XREF: .pdata:ExceptionDir↓o
.text:0000000000011008
.text:0000000000011008 AllocationSize  = qword ptr -98h
.text:0000000000011008 FileAttributes  = dword ptr -90h
.text:0000000000011008 ShareAccess     = dword ptr -88h
.text:0000000000011008 CreateDisposition= dword ptr -80h
.text:0000000000011008 CreateOptions   = dword ptr -78h
.text:0000000000011008 EaBuffer        = qword ptr -70h
.text:0000000000011008 EaLength        = dword ptr -68h
.text:0000000000011008 DestinationString= _UNICODE_STRING ptr -58h
.text:0000000000011008 IoStatusBlock   = _IO_STATUS_BLOCK ptr -48h
.text:0000000000011008 ObjectAttributes= _OBJECT_ATTRIBUTES ptr -38h
.text:0000000000011008 var_8           = byte ptr -8
.text:0000000000011008 FileHandle      = qword ptr  8
.text:0000000000011008
.text:0000000000011008                 mov     rax, rsp
.text:000000000001100B                 mov     [rax+10h], rbx
.text:000000000001100F                 mov     [rax+18h], rsi
.text:0000000000011013                 push    rdi
.text:0000000000011014                 sub     rsp, 0B0h
.text:000000000001101B                 xor     esi, esi
.text:000000000001101D                 mov     rbx, rdx
.text:0000000000011020                 lea     rdi, [rcx+191C8Eh]
.text:0000000000011027                 cmp     rdx, rsi
.text:000000000001102A                 mov     [rax+8], rsi
.text:000000000001102E                 jz      loc_11205
.text:0000000000011034                 cmp     word ptr [rdx], 2
.text:0000000000011038                 jb      loc_111E5
.text:000000000001103E                 cmp     word ptr [rdx], 20Ch
.text:0000000000011043                 ja      loc_111E5
.text:0000000000011049                 mov     ecx, cs:dword_1F128
.text:000000000001104F                 cmp     ecx, esi
.text:0000000000011051                 jz      short loc_11078
.text:0000000000011053                 lea     rcx, Format     ; "END64::IsFileExist(215):"
.text:000000000001105A                 call    DbgPrint
.text:000000000001105F                 movzx   edx, word ptr [rbx]
.text:0000000000011062                 mov     r8, [rbx+8]
.text:0000000000011066                 lea     rcx, aIsfileexistD12 ; "IsFileExist [%d][%.128ws]\n"
.text:000000000001106D                 call    DbgPrint
.text:0000000000011072                 mov     ecx, cs:dword_1F128
.text:0000000000011078
.text:0000000000011078 loc_11078:                              ; CODE XREF: sub_11008+49↑j
.text:0000000000011078                 mov     rax, [rbx+8]
.text:000000000001107C                 cmp     word ptr [rax+2], 3Ah ; ':'
.text:0000000000011081                 jz      short loc_110A3
.text:0000000000011083                 cmp     ecx, esi
.text:0000000000011085                 jz      loc_11205
.text:000000000001108B                 lea     rcx, aEnd64Isfileexi_0 ; "END64::IsFileExist(217):"
.text:0000000000011092                 call    DbgPrint
.text:0000000000011097                 lea     rcx, aIsfileexistNoC ; "IsFileExist No Colon!\n"
.text:000000000001109E                 jmp     loc_11200
.text:00000000000110A3 ; ---------------------------------------------------------------------------
.text:00000000000110A3
.text:00000000000110A3 loc_110A3:                              ; CODE XREF: sub_11008+79↑j
.text:00000000000110A3                 xor     edx, edx        ; Val
.text:00000000000110A5                 mov     r8d, 20Ch       ; Size
.text:00000000000110AB                 mov     rcx, rdi        ; Dst
.text:00000000000110AE                 call    memset
.text:00000000000110B3                 mov     word ptr [rdi], 5Ch ; '\'
.text:00000000000110B8                 mov     word ptr [rdi+2], 3Fh ; '?'
.text:00000000000110BE                 mov     word ptr [rdi+4], 3Fh ; '?'
.text:00000000000110C4                 mov     word ptr [rdi+6], 5Ch ; '\'
.text:00000000000110CA                 movzx   r8d, word ptr [rbx] ; MaxCount
.text:00000000000110CE                 mov     rdx, [rbx+8]    ; Src
.text:00000000000110D2                 lea     rcx, [rdi+8]    ; Dst
.text:00000000000110D6                 call    memmove
.text:00000000000110DB                 cmp     cs:dword_1F128, esi
.text:00000000000110E1                 jz      short loc_110FE
.text:00000000000110E3                 lea     rcx, aEnd64Isfileexi_1 ; "END64::IsFileExist(227):"
.text:00000000000110EA                 call    DbgPrint
.text:00000000000110EF                 lea     rcx, aFullPath128ws ; "Full Path [%.128ws]\n"
.text:00000000000110F6                 mov     rdx, rdi
.text:00000000000110F9                 call    DbgPrint
.text:00000000000110FE
.text:00000000000110FE loc_110FE:                              ; CODE XREF: sub_11008+D9↑j
.text:00000000000110FE                 lea     rcx, [rsp+0B8h+DestinationString] ; DestinationString
.text:0000000000011103                 mov     rdx, rdi        ; SourceString
.text:0000000000011106                 call    cs:RtlInitUnicodeString ; ntoskrnl
.text:000000000001110C                 mov     [rsp+0B8h+EaLength], esi ; EaLength
.text:0000000000011110                 mov     [rsp+0B8h+EaBuffer], rsi ; EaBuffer
.text:0000000000011115                 mov     [rsp+0B8h+CreateOptions], esi ; CreateOptions
.text:0000000000011119                 mov     edi, 1
.text:000000000001111E                 lea     rax, [rsp+0B8h+DestinationString]
.text:0000000000011123                 mov     [rsp+0B8h+CreateDisposition], edi ; CreateDisposition
.text:0000000000011127                 mov     [rsp+0B8h+ShareAccess], edi ; ShareAccess
.text:000000000001112B                 lea     r9, [rsp+0B8h+IoStatusBlock] ; IoStatusBlock
.text:0000000000011130                 lea     edx, [rdi+7Fh]  ; DesiredAccess
.text:0000000000011133                 lea     r8, [rsp+0B8h+ObjectAttributes] ; ObjectAttributes
.text:000000000001113B                 lea     rcx, [rsp+0B8h+FileHandle] ; FileHandle
.text:0000000000011143                 mov     [rsp+0B8h+FileAttributes], esi ; FileAttributes
.text:0000000000011147                 mov     [rsp+0B8h+ObjectAttributes.Length], 30h ; '0'
.text:0000000000011152                 mov     [rsp+0B8h+ObjectAttributes.RootDirectory], rsi
.text:000000000001115A                 mov     [rsp+0B8h+ObjectAttributes.Attributes], 40h ; '@'
.text:0000000000011165                 mov     [rsp+0B8h+ObjectAttributes.ObjectName], rax
.text:000000000001116D                 mov     [rsp+0B8h+ObjectAttributes.SecurityDescriptor], rsi
.text:0000000000011175                 mov     [rsp+0B8h+ObjectAttributes.SecurityQualityOfService], rsi
.text:000000000001117D                 mov     [rsp+0B8h+AllocationSize], rsi ; AllocationSize
.text:0000000000011182                 call    cs:ZwCreateFile ; ntoskrnl
.text:0000000000011188                 cmp     eax, esi
.text:000000000001118A                 mov     ebx, eax
.text:000000000001118C                 jge     short loc_111B2
.text:000000000001118E                 cmp     cs:dword_1F128, esi
.text:0000000000011194                 jz      short loc_11205
.text:0000000000011196                 lea     rcx, aEnd64Isfileexi_2 ; "END64::IsFileExist(234):"
.text:000000000001119D                 call    DbgPrint
.text:00000000000111A2                 lea     rcx, aIsfileexistEnd_0 ; "IsFileExist End NO [%8.8X]\n"
.text:00000000000111A9                 mov     edx, ebx
.text:00000000000111AB                 call    DbgPrint
.text:00000000000111B0                 jmp     short loc_11205
.text:00000000000111B2 ; ---------------------------------------------------------------------------
.text:00000000000111B2
.text:00000000000111B2 loc_111B2:                              ; CODE XREF: sub_11008+184↑j
.text:00000000000111B2                 mov     rcx, [rsp+0B8h+FileHandle] ; Handle
.text:00000000000111BA                 call    cs:ZwClose      ; ntoskrnl
.text:00000000000111C0                 cmp     cs:dword_1F128, esi
.text:00000000000111C6                 jz      short loc_111E0
.text:00000000000111C8                 lea     rcx, aEnd64Isfileexi_3 ; "END64::IsFileExist(238):"
.text:00000000000111CF                 call    DbgPrint
.text:00000000000111D4                 lea     rcx, aIsfileexistEnd ; "IsFileExist End YES\n"
.text:00000000000111DB                 call    DbgPrint
.text:00000000000111E0
.text:00000000000111E0 loc_111E0:                              ; CODE XREF: sub_11008+1BE↑j
.text:00000000000111E0                 mov     al, dil
.text:00000000000111E3                 jmp     short loc_11207
.text:00000000000111E5 ; ---------------------------------------------------------------------------
.text:00000000000111E5
.text:00000000000111E5 loc_111E5:                              ; CODE XREF: sub_11008+30↑j
.text:00000000000111E5                                         ; sub_11008+3B↑j
.text:00000000000111E5                 cmp     cs:dword_1F128, esi
.text:00000000000111EB                 jz      short loc_11205
.text:00000000000111ED                 lea     rcx, aEnd64Isfileexi_4 ; "END64::IsFileExist(211):"
.text:00000000000111F4                 call    DbgPrint
.text:00000000000111F9                 lea     rcx, aIsfileexistEnd_1 ; "IsFileExist End Zero,Exceed Max length"...
.text:0000000000011200
.text:0000000000011200 loc_11200:                              ; CODE XREF: sub_11008+96↑j
.text:0000000000011200                 call    DbgPrint
.text:0000000000011205
.text:0000000000011205 loc_11205:                              ; CODE XREF: sub_11008+26↑j
.text:0000000000011205                                         ; sub_11008+7D↑j ...
.text:0000000000011205                 xor     al, al
.text:0000000000011207
.text:0000000000011207 loc_11207:                              ; CODE XREF: sub_11008+1DB↑j
.text:0000000000011207                 lea     r11, [rsp+0B8h+var_8]
.text:000000000001120F                 mov     rbx, [r11+18h]
.text:0000000000011213                 mov     rsi, [r11+20h]
.text:0000000000011217                 mov     rsp, r11
.text:000000000001121A                 pop     rdi
.text:000000000001121B                 retn
.text:000000000001121B sub_11008       endp
.text:000000000001121B
.text:000000000001121B ; ---------------------------------------------------------------------------
.text:000000000001121C byte_1121C      db 8 dup(0CCh)          ; DATA XREF: .pdata:ExceptionDir↓o
.text:0000000000011224
.text:0000000000011224 ; =============== S U B R O U T I N E =======================================
.text:0000000000011224
.text:0000000000011224
.text:0000000000011224 ; __int64 __fastcall sub_11224(__int64)
.text:0000000000011224 sub_11224       proc near               ; CODE XREF: sub_1191C+1E8↓p
.text:0000000000011224                                         ; sub_1191C+A1E↓p
.text:0000000000011224                                         ; DATA XREF: ...
.text:0000000000011224
.text:0000000000011224 AllocationSize  = qword ptr -0E8h
.text:0000000000011224 FileAttributes  = dword ptr -0E0h
.text:0000000000011224 ShareAccess     = dword ptr -0D8h
.text:0000000000011224 CreateDisposition= dword ptr -0D0h
.text:0000000000011224 CreateOptions   = dword ptr -0C8h
.text:0000000000011224 EaBuffer        = qword ptr -0C0h
.text:0000000000011224 EaLength        = dword ptr -0B8h
.text:0000000000011224 var_A8          = dword ptr -0A8h
.text:0000000000011224 var_A0          = qword ptr -0A0h
.text:0000000000011224 ReturnLength    = dword ptr -98h
.text:0000000000011224 DestinationString= _UNICODE_STRING ptr -90h
.text:0000000000011224 IoStatusBlock   = _IO_STATUS_BLOCK ptr -80h
.text:0000000000011224 ObjectAttributes= _OBJECT_ATTRIBUTES ptr -70h
.text:0000000000011224 arg_0           = qword ptr  8
.text:0000000000011224 arg_8           = word ptr  10h
.text:0000000000011224 VirtualAddress  = qword ptr  18h
.text:0000000000011224 FileHandle      = qword ptr  20h
.text:0000000000011224
.text:0000000000011224 ; __unwind { // __C_specific_handler
.text:0000000000011224                 mov     [rsp+arg_0], rcx
.text:0000000000011229                 push    rbx
.text:000000000001122A                 push    rsi
.text:000000000001122B                 push    rdi
.text:000000000001122C                 push    r12
.text:000000000001122E                 push    r13
.text:0000000000011230                 push    r14
.text:0000000000011232                 push    r15
.text:0000000000011234                 sub     rsp, 0D0h
.text:000000000001123B                 mov     rsi, rcx
.text:000000000001123E                 mov     byte ptr [rcx+191A78h], 1
.text:0000000000011245                 lea     rdi, [rcx+18E470h]
.text:000000000001124C                 lea     rbx, [rcx+18E540h]
.text:0000000000011253                 mov     r12d, 1Ah
.text:0000000000011259                 mov     r15d, 20Ch
.text:000000000001125F
.text:000000000001125F loc_1125F:                              ; CODE XREF: sub_11224+59↓j
.text:000000000001125F                 mov     r8, r15         ; Size
.text:0000000000011262                 xor     edx, edx        ; Val
.text:0000000000011264                 mov     rcx, rbx        ; Dst
.text:0000000000011267                 call    memset
.text:000000000001126C                 xor     r11d, r11d
.text:000000000001126F                 mov     [rdi], r11
.text:0000000000011272                 add     rdi, 8
.text:0000000000011276                 add     rbx, r15
.text:0000000000011279                 sub     r12, 1
.text:000000000001127D                 jnz     short loc_1125F
.text:000000000001127F                 lea     r12d, [r11+2]
.text:0000000000011283                 mov     [rsp+108h+var_A0], r12
.text:0000000000011288                 mov     r13w, 43h ; 'C'
.text:000000000001128D                 mov     [rsp+108h+arg_8], r13w
.text:0000000000011296                 xor     ebx, ebx
.text:0000000000011298
.text:0000000000011298 loc_11298:                              ; CODE XREF: sub_11224+54E↓j
.text:0000000000011298                 cmp     r13w, 5Ah ; 'Z'
.text:000000000001129D                 ja      loc_11777
.text:00000000000112A3                 lea     r14, [rsi+r12*8+18E470h]
.text:00000000000112AB                 mov     [r14], r13w
.text:00000000000112AF                 mov     word ptr [rsi+r12*8+18E472h], 3Ah ; ':'
.text:00000000000112BA                 mov     [rsi+r12*8+18E474h], bx
.text:00000000000112C3                 cmp     cs:dword_1F128, ebx
.text:00000000000112C9                 jz      short loc_112E6
.text:00000000000112CB                 lea     rcx, aEnd64Initdrvol ; "END64::InitDrVolume(258):"
.text:00000000000112D2                 call    DbgPrint
.text:00000000000112D7                 mov     rdx, r14
.text:00000000000112DA                 lea     rcx, aFindingWsVolum ; "Finding [%ws] Volume\n"
.text:00000000000112E1                 call    DbgPrint
.text:00000000000112E6
.text:00000000000112E6 loc_112E6:                              ; CODE XREF: sub_11224+A5↑j
.text:00000000000112E6                 mov     [rsp+108h+FileHandle], rbx
.text:00000000000112EE                 mov     rax, cs:qword_195A0
.text:00000000000112F5                 mov     [rsi+1920B6h], rax
.text:00000000000112FC                 mov     rax, cs:qword_195A8
.text:0000000000011303                 mov     [rsi+1920BEh], rax
.text:000000000001130A                 mov     rax, cs:qword_195B0
.text:0000000000011311                 mov     [rsi+1920C6h], rax
.text:0000000000011318                 mov     rax, [r14]
.text:000000000001131B                 mov     [rsi+1920CEh], rax
.text:0000000000011322                 lea     rdx, [rsi+1920B6h] ; SourceString
.text:0000000000011329                 lea     rcx, [rsp+108h+DestinationString] ; DestinationString
.text:000000000001132E                 call    cs:RtlInitUnicodeString ; ntoskrnl
.text:0000000000011334                 mov     [rsp+108h+ObjectAttributes.Length], 30h ; '0'
.text:000000000001133F                 mov     [rsp+108h+ObjectAttributes.RootDirectory], rbx
.text:0000000000011347                 mov     [rsp+108h+ObjectAttributes.Attributes], ebx
.text:000000000001134E                 lea     rax, [rsp+108h+DestinationString]
.text:0000000000011353                 mov     [rsp+108h+ObjectAttributes.ObjectName], rax
.text:000000000001135B                 mov     [rsp+108h+ObjectAttributes.SecurityDescriptor], rbx
.text:0000000000011363                 mov     [rsp+108h+ObjectAttributes.SecurityQualityOfService], rbx
.text:000000000001136B                 mov     [rsp+108h+EaLength], ebx ; EaLength
.text:000000000001136F                 mov     [rsp+108h+EaBuffer], rbx ; EaBuffer
.text:0000000000011374                 mov     [rsp+108h+CreateOptions], ebx ; CreateOptions
.text:0000000000011378                 mov     [rsp+108h+CreateDisposition], 1 ; CreateDisposition
.text:0000000000011380                 mov     [rsp+108h+ShareAccess], 1 ; ShareAccess
.text:0000000000011388                 mov     [rsp+108h+FileAttributes], ebx ; FileAttributes
.text:000000000001138C                 mov     [rsp+108h+AllocationSize], rbx ; AllocationSize
.text:0000000000011391                 lea     r9, [rsp+108h+IoStatusBlock] ; IoStatusBlock
.text:0000000000011399                 lea     r8, [rsp+108h+ObjectAttributes] ; ObjectAttributes
.text:00000000000113A1                 mov     edx, 80000000h  ; DesiredAccess
.text:00000000000113A6                 lea     rcx, [rsp+108h+FileHandle] ; FileHandle
.text:00000000000113AE                 call    cs:ZwCreateFile ; ntoskrnl
.text:00000000000113B4                 mov     edi, eax
.text:00000000000113B6                 cmp     cs:dword_1F128, ebx
.text:00000000000113BC                 jz      short loc_113E0
.text:00000000000113BE                 lea     rcx, aEnd64Initdrvol_0 ; "END64::InitDrVolume(272):"
.text:00000000000113C5                 call    DbgPrint
.text:00000000000113CA                 mov     r8d, edi
.text:00000000000113CD                 lea     rdx, [rsi+1920B6h]
.text:00000000000113D4                 lea     rcx, aWs88x     ; "[%ws] [%8.8X]\n"
.text:00000000000113DB                 call    DbgPrint
.text:00000000000113E0
.text:00000000000113E0 loc_113E0:                              ; CODE XREF: sub_11224+198↑j
.text:00000000000113E0                 cmp     edi, 0C0000034h
.text:00000000000113E6                 jz      loc_114C7
.text:00000000000113EC                 cmp     edi, ebx
.text:00000000000113EE                 jz      loc_114C7
.text:00000000000113F4                 mov     word ptr [rsi+r12*8+18E474h], 5Ch ; '\'
.text:00000000000113FF                 mov     rax, cs:qword_195A0
.text:0000000000011406                 mov     [rsi+1920B6h], rax
.text:000000000001140D                 mov     rax, cs:qword_195A8
.text:0000000000011414                 mov     [rsi+1920BEh], rax
.text:000000000001141B                 mov     rax, cs:qword_195B0
.text:0000000000011422                 mov     [rsi+1920C6h], rax
.text:0000000000011429                 mov     rax, [r14]
.text:000000000001142C                 mov     [rsi+1920CEh], rax
.text:0000000000011433                 lea     rdx, [rsi+1920B6h] ; SourceString
.text:000000000001143A                 lea     rcx, [rsp+108h+DestinationString] ; DestinationString
.text:000000000001143F                 call    cs:RtlInitUnicodeString ; ntoskrnl
.text:0000000000011445                 mov     [rsp+108h+ObjectAttributes.Length], 30h ; '0'
.text:0000000000011450                 mov     [rsp+108h+ObjectAttributes.RootDirectory], rbx
.text:0000000000011458                 mov     [rsp+108h+ObjectAttributes.Attributes], ebx
.text:000000000001145F                 lea     rax, [rsp+108h+DestinationString]
.text:0000000000011464                 mov     [rsp+108h+ObjectAttributes.ObjectName], rax
.text:000000000001146C                 mov     [rsp+108h+ObjectAttributes.SecurityDescriptor], rbx
.text:0000000000011474                 mov     [rsp+108h+ObjectAttributes.SecurityQualityOfService], rbx
.text:000000000001147C                 mov     [rsp+108h+EaLength], ebx ; EaLength
.text:0000000000011480                 mov     [rsp+108h+EaBuffer], rbx ; EaBuffer
.text:0000000000011485                 mov     [rsp+108h+CreateOptions], ebx ; CreateOptions
.text:0000000000011489                 mov     [rsp+108h+CreateDisposition], 1 ; CreateDisposition
.text:0000000000011491                 mov     [rsp+108h+ShareAccess], 1 ; ShareAccess
.text:0000000000011499                 mov     [rsp+108h+FileAttributes], ebx ; FileAttributes
.text:000000000001149D                 mov     [rsp+108h+AllocationSize], rbx ; AllocationSize
.text:00000000000114A2                 lea     r9, [rsp+108h+IoStatusBlock] ; IoStatusBlock
.text:00000000000114AA                 lea     r8, [rsp+108h+ObjectAttributes] ; ObjectAttributes
.text:00000000000114B2                 mov     edx, 80000000h  ; DesiredAccess
.text:00000000000114B7                 lea     rcx, [rsp+108h+FileHandle] ; FileHandle
.text:00000000000114BF                 call    cs:ZwCreateFile ; ntoskrnl
.text:00000000000114C5                 mov     edi, eax
.text:00000000000114C7
.text:00000000000114C7 loc_114C7:                              ; CODE XREF: sub_11224+1C2↑j
.text:00000000000114C7                                         ; sub_11224+1CA↑j
.text:00000000000114C7                 cmp     edi, ebx
.text:00000000000114C9                 jl      loc_1175B
.text:00000000000114CF                 mov     qword ptr [rsp+108h+FileAttributes], rbx
.text:00000000000114D4                 lea     rax, [rsp+108h+VirtualAddress]
.text:00000000000114DC                 mov     [rsp+108h+AllocationSize], rax
.text:00000000000114E1                 xor     r9d, r9d
.text:00000000000114E4                 mov     r8, cs:IoFileObjectType ; ntoskrnl
.text:00000000000114EB                 mov     r8, [r8]
.text:00000000000114EE                 xor     edx, edx
.text:00000000000114F0                 mov     rcx, [rsp+108h+FileHandle]
.text:00000000000114F8                 call    cs:qword_1F560
.text:00000000000114FE                 mov     edi, eax
.text:0000000000011500                 cmp     eax, ebx
.text:0000000000011502                 jl      loc_115C7
.text:0000000000011508
.text:0000000000011508 loc_11508:                              ; DATA XREF: .rdata:000000000001E3F4↓o
.text:0000000000011508 ;   __try { // __except at loc_11592    ; VirtualAddress
.text:0000000000011508                 mov     rcx, [rsp+108h+VirtualAddress]
.text:0000000000011510                 call    cs:MmIsAddressValid ; ntoskrnl
.text:0000000000011516                 cmp     al, bl
.text:0000000000011518                 jz      short loc_11579
.text:000000000001151A                 mov     rax, [rsp+108h+VirtualAddress]
.text:0000000000011522                 cmp     word ptr [rax+2], 28h ; '('
.text:0000000000011527                 jge     short loc_11590
.text:0000000000011529                 cmp     cs:dword_1F128, ebx
.text:000000000001152F                 jz      short loc_11560
.text:0000000000011531                 lea     rcx, aEnd64Initdrvol_1 ; "END64::InitDrVolume(295):"
.text:0000000000011538                 call    DbgPrint
.text:000000000001153D                 mov     r11, [rsp+108h+VirtualAddress]
.text:0000000000011545                 movsx   r8d, word ptr [r11+2]
.text:000000000001154A                 movsx   edx, word ptr [r11]
.text:000000000001154E                 mov     r9d, 0D8h
.text:0000000000011554                 lea     rcx, aFileobjTypeDSi ; "fileObj Type [%d] Size[%d]<[%d]\n"
.text:000000000001155B                 call    DbgPrint
.text:0000000000011560
.text:0000000000011560 loc_11560:                              ; CODE XREF: sub_11224+30B↑j
.text:0000000000011560                 mov     rcx, [rsp+108h+VirtualAddress] ; Object
.text:0000000000011568                 call    cs:ObfDereferenceObject ; ntoskrnl
.text:000000000001156E                 mov     edi, 0C0000008h
.text:0000000000011573                 mov     [rsp+108h+var_A8], edi
.text:0000000000011577                 jmp     short loc_11590
.text:0000000000011579 ; ---------------------------------------------------------------------------
.text:0000000000011579
.text:0000000000011579 loc_11579:                              ; CODE XREF: sub_11224+2F4↑j
.text:0000000000011579                 mov     rcx, [rsp+108h+VirtualAddress] ; Object
.text:0000000000011581                 call    cs:ObfDereferenceObject ; ntoskrnl
.text:0000000000011587                 mov     edi, 0C0000008h
.text:000000000001158C                 mov     [rsp+108h+var_A8], edi
.text:0000000000011590
.text:0000000000011590 loc_11590:                              ; CODE XREF: sub_11224+303↑j
.text:0000000000011590                                         ; sub_11224+353↑j
.text:0000000000011590                 jmp     short loc_115C7
.text:0000000000011590 ;   } // starts at 11508
.text:0000000000011592 ; ---------------------------------------------------------------------------
.text:0000000000011592
.text:0000000000011592 loc_11592:                              ; DATA XREF: .rdata:000000000001E3F4↓o
.text:0000000000011592 ;   __except(1) // owned by 11508       ; Object
.text:0000000000011592                 mov     rcx, [rsp+108h+VirtualAddress]
.text:000000000001159A                 call    cs:ObfDereferenceObject ; ntoskrnl
.text:00000000000115A0                 mov     edi, 0C0000008h
.text:00000000000115A5                 mov     [rsp+108h+var_A8], edi
.text:00000000000115A9                 xor     ebx, ebx
.text:00000000000115AB                 mov     r15d, 20Ch
.text:00000000000115B1                 mov     rsi, [rsp+108h+arg_0]
.text:00000000000115B9                 mov     r12, [rsp+108h+var_A0]
.text:00000000000115BE                 movzx   r13d, [rsp+108h+arg_8]
.text:00000000000115C7
.text:00000000000115C7 loc_115C7:                              ; CODE XREF: sub_11224+2DE↑j
.text:00000000000115C7                                         ; sub_11224:loc_11590↑j
.text:00000000000115C7                 cmp     edi, ebx
.text:00000000000115C9                 jl      short loc_1161A
.text:00000000000115CB                 cmp     cs:dword_1F128, ebx
.text:00000000000115D1                 jz      short loc_115FC
.text:00000000000115D3                 lea     rcx, aEnd64Initdrvol_2 ; "END64::InitDrVolume(312):"
.text:00000000000115DA                 call    DbgPrint
.text:00000000000115DF                 mov     r11, [rsp+108h+VirtualAddress]
.text:00000000000115E7                 movsx   r8d, word ptr [r11+2]
.text:00000000000115EC                 movsx   edx, word ptr [r11]
.text:00000000000115F0                 lea     rcx, aFileobjTypeDSi_0 ; "fileObj Type [%d] Size[%d]\n"
.text:00000000000115F7                 call    DbgPrint
.text:00000000000115FC
.text:00000000000115FC loc_115FC:                              ; CODE XREF: sub_11224+3AD↑j
.text:00000000000115FC                 mov     rcx, [rsp+108h+VirtualAddress] ; Object
.text:0000000000011604                 cmp     word ptr [rcx], 5
.text:0000000000011608                 jnz     short loc_1161A
.text:000000000001160A                 cmp     [rcx+49h], bl
.text:000000000001160D                 jz      short loc_1161A
.text:000000000001160F                 call    cs:ObfDereferenceObject ; ntoskrnl
.text:0000000000011615                 mov     edi, 0C0000008h
.text:000000000001161A
.text:000000000001161A loc_1161A:                              ; CODE XREF: sub_11224+3A5↑j
.text:000000000001161A                                         ; sub_11224+3E4↑j ...
.text:000000000001161A                 cmp     edi, ebx
.text:000000000001161C                 jl      loc_1172B
.text:0000000000011622                 mov     rcx, [rsp+108h+VirtualAddress]
.text:000000000001162A                 mov     rcx, [rcx+8]    ; VirtualAddress
.text:000000000001162E                 call    cs:MmIsAddressValid ; ntoskrnl
.text:0000000000011634                 cmp     al, bl
.text:0000000000011636                 jz      loc_1172B
.text:000000000001163C                 lea     r9, [rsp+108h+ReturnLength] ; ReturnLength
.text:0000000000011641                 mov     r8d, 104h       ; Length
.text:0000000000011647                 lea     rdx, [rsi+191C8Eh] ; ObjectNameInfo
.text:000000000001164E                 mov     rcx, [rsp+108h+VirtualAddress]
.text:0000000000011656                 mov     rcx, [rcx+8]    ; Object
.text:000000000001165A                 call    cs:ObQueryNameString ; ntoskrnl
.text:0000000000011660                 mov     r14d, eax
.text:0000000000011663                 cmp     eax, ebx
.text:0000000000011665                 jl      loc_1171B
.text:000000000001166B                 cmp     qword ptr [rsp+108h+ReturnLength], rbx
.text:0000000000011670                 jz      loc_1171B
.text:0000000000011676                 cmp     [rsi+191C8Eh], bx
.text:000000000001167D                 jz      short loc_116F8
.text:000000000001167F                 cmp     [rsi+191C96h], rbx
.text:0000000000011686                 jz      short loc_116F8
.text:0000000000011688                 cmp     cs:dword_1F128, ebx
.text:000000000001168E                 jz      short loc_116BF
.text:0000000000011690                 lea     rcx, aEnd64Initdrvol_3 ; "END64::InitDrVolume(324):"
.text:0000000000011697                 call    DbgPrint
.text:000000000001169C                 movzx   r8d, word ptr [rsi+191C8Eh]
.text:00000000000116A4                 lea     rdx, [rsi+r12*8+18E470h]
.text:00000000000116AC                 mov     r9, [rsi+191C96h]
.text:00000000000116B3                 lea     rcx, aWs3dWsUpdated ; "[%ws] [%3d][%ws] Updated\n"
.text:00000000000116BA                 call    DbgPrint
.text:00000000000116BF
.text:00000000000116BF loc_116BF:                              ; CODE XREF: sub_11224+46A↑j
.text:00000000000116BF                 cmp     [rsi+191C8Eh], r15w
.text:00000000000116C7                 jbe     short loc_116CE
.text:00000000000116C9                 mov     eax, r15d
.text:00000000000116CC                 jmp     short loc_116D5
.text:00000000000116CE ; ---------------------------------------------------------------------------
.text:00000000000116CE
.text:00000000000116CE loc_116CE:                              ; CODE XREF: sub_11224+4A3↑j
.text:00000000000116CE                 movzx   eax, word ptr [rsi+191C8Eh]
.text:00000000000116D5
.text:00000000000116D5 loc_116D5:                              ; CODE XREF: sub_11224+4A8↑j
.text:00000000000116D5                 movsxd  r8, eax         ; MaxCount
.text:00000000000116D8                 mov     rax, r12
.text:00000000000116DB                 imul    rax, 20Ch
.text:00000000000116E2                 lea     rcx, [rax+rsi+18E540h] ; Dst
.text:00000000000116EA                 mov     rdx, [rsi+191C96h] ; Src
.text:00000000000116F1                 call    memmove
.text:00000000000116F6                 jmp     short loc_1171B
.text:00000000000116F8 ; ---------------------------------------------------------------------------
.text:00000000000116F8
.text:00000000000116F8 loc_116F8:                              ; CODE XREF: sub_11224+459↑j
.text:00000000000116F8                                         ; sub_11224+462↑j
.text:00000000000116F8                 cmp     cs:dword_1F128, ebx
.text:00000000000116FE                 jz      short loc_1171B
.text:0000000000011700                 lea     rcx, aEnd64Initdrvol_4 ; "END64::InitDrVolume(328):"
.text:0000000000011707                 call    DbgPrint
.text:000000000001170C                 mov     edx, r14d
.text:000000000001170F                 lea     rcx, aObquerynamestr ; "ObQueryNameString Failed![%8.8X]\n"
.text:0000000000011716                 call    DbgPrint
.text:000000000001171B
.text:000000000001171B loc_1171B:                              ; CODE XREF: sub_11224+441↑j
.text:000000000001171B                                         ; sub_11224+44C↑j ...
.text:000000000001171B                 mov     rcx, [rsp+108h+VirtualAddress] ; Object
.text:0000000000011723                 call    cs:ObfDereferenceObject ; ntoskrnl
.text:0000000000011729                 jmp     short loc_1174D
.text:000000000001172B ; ---------------------------------------------------------------------------
.text:000000000001172B
.text:000000000001172B loc_1172B:                              ; CODE XREF: sub_11224+3F8↑j
.text:000000000001172B                                         ; sub_11224+412↑j
.text:000000000001172B                 cmp     cs:dword_1F128, ebx
.text:0000000000011731                 jz      short loc_1174D
.text:0000000000011733                 lea     rcx, aEnd64Initdrvol_5 ; "END64::InitDrVolume(333):"
.text:000000000001173A                 call    DbgPrint
.text:000000000001173F                 mov     edx, edi
.text:0000000000011741                 lea     rcx, aObreferenceobj ; "ObReferenceObjectByHandle Failed![%8.8X"...
.text:0000000000011748                 call    DbgPrint
.text:000000000001174D
.text:000000000001174D loc_1174D:                              ; CODE XREF: sub_11224+505↑j
.text:000000000001174D                                         ; sub_11224+50D↑j
.text:000000000001174D                 mov     rcx, [rsp+108h+FileHandle] ; Handle
.text:0000000000011755                 call    cs:ZwClose      ; ntoskrnl
.text:000000000001175B
.text:000000000001175B loc_1175B:                              ; CODE XREF: sub_11224+2A5↑j
.text:000000000001175B                 add     r12, 1
.text:000000000001175F                 mov     [rsp+108h+var_A0], r12
.text:0000000000011764                 add     r13w, 1
.text:0000000000011769                 mov     [rsp+108h+arg_8], r13w
.text:0000000000011772                 jmp     loc_11298
.text:0000000000011777 ; ---------------------------------------------------------------------------
.text:0000000000011777
.text:0000000000011777 loc_11777:                              ; CODE XREF: sub_11224+79↑j
.text:0000000000011777                 xor     eax, eax
.text:0000000000011779                 add     rsp, 0D0h
.text:0000000000011780                 pop     r15
.text:0000000000011782                 pop     r14
.text:0000000000011784                 pop     r13
.text:0000000000011786                 pop     r12
.text:0000000000011788                 pop     rdi
.text:0000000000011789                 pop     rsi
.text:000000000001178A                 pop     rbx
.text:000000000001178B                 retn
.text:000000000001178B ; } // starts at 11224
.text:000000000001178B sub_11224       endp
.text:000000000001178B
.text:000000000001178B ; ---------------------------------------------------------------------------
.text:000000000001178C byte_1178C      db 8 dup(0CCh)          ; DATA XREF: .pdata:000000000002000C↓o
.text:0000000000011794
.text:0000000000011794 ; =============== S U B R O U T I N E =======================================
.text:0000000000011794
.text:0000000000011794
.text:0000000000011794 ; __int64 __fastcall sub_11794(__int64, unsigned __int64 *, unsigned __int64)
.text:0000000000011794 sub_11794       proc near               ; CODE XREF: sub_13E80+39D↓p
.text:0000000000011794                                         ; DATA XREF: .pdata:0000000000020018↓o
.text:0000000000011794
.text:0000000000011794 var_48          = byte ptr -48h
.text:0000000000011794 var_38          = qword ptr -38h
.text:0000000000011794 arg_0           = qword ptr  8
.text:0000000000011794
.text:0000000000011794 ; __unwind { // __GSHandlerCheck
.text:0000000000011794                 mov     [rsp+arg_0], rbx
.text:0000000000011799                 push    rbp
.text:000000000001179A                 push    rsi
.text:000000000001179B                 push    rdi
.text:000000000001179C                 push    r12
.text:000000000001179E                 push    r14
.text:00000000000117A0                 sub     rsp, 40h
.text:00000000000117A4                 mov     rax, cs:BugCheckParameter2
.text:00000000000117AB                 xor     rax, rsp
.text:00000000000117AE                 mov     [rsp+68h+var_38], rax
.text:00000000000117B3                 xor     ebx, ebx
.text:00000000000117B5                 mov     rsi, r8
.text:00000000000117B8                 mov     rbp, rdx
.text:00000000000117BB                 cmp     cs:dword_1F128, ebx
.text:00000000000117C1                 mov     r12, rcx
.text:00000000000117C4                 jz      short loc_117E1
.text:00000000000117C6                 lea     rcx, aEnd64Enumsyspi ; "END64::EnumSysPids(349):"
.text:00000000000117CD                 call    DbgPrint
.text:00000000000117D2                 lea     rcx, aMaxpid88i64x ; "maxPid[%8.8I64X]\n"
.text:00000000000117D9                 mov     rdx, rsi
.text:00000000000117DC                 call    DbgPrint
.text:00000000000117E1
.text:00000000000117E1 loc_117E1:                              ; CODE XREF: sub_11794+30↑j
.text:00000000000117E1                 mov     r14d, 4E1Ch
.text:00000000000117E7                 mov     rcx, rbp        ; Dst
.text:00000000000117EA                 cmp     rsi, r14
.text:00000000000117ED                 cmovnb  rsi, r14
.text:00000000000117F1                 xor     edx, edx        ; Val
.text:00000000000117F3                 mov     r8, rsi
.text:00000000000117F6                 shl     r8, 3           ; Size
.text:00000000000117FA                 call    memset
.text:00000000000117FF                 mov     edi, 4
.text:0000000000011804
.text:0000000000011804 loc_11804:                              ; CODE XREF: sub_11794+C6↓j
.text:0000000000011804                 cmp     rbx, rsi
.text:0000000000011807                 jnb     short loc_1185C
.text:0000000000011809                 lea     r8, [rsp+68h+var_48]
.text:000000000001180E                 mov     rdx, rdi
.text:0000000000011811                 mov     rcx, r12
.text:0000000000011814                 call    sub_15ABC
.text:0000000000011819                 test    rax, rax
.text:000000000001181C                 jz      short loc_11853
.text:000000000001181E                 mov     [rbp+0], rdi
.text:0000000000011822                 add     rbp, 8
.text:0000000000011826                 cmp     cs:dword_1F128, 0
.text:000000000001182D                 jz      short loc_1184A
.text:000000000001182F                 lea     rcx, aEnd64Enumsyspi_0 ; "END64::EnumSysPids(357):"
.text:0000000000011836                 call    DbgPrint
.text:000000000001183B                 lea     rcx, aSyspid88x ; "SysPid[%8.8X]\n"
.text:0000000000011842                 mov     rdx, rdi
.text:0000000000011845                 call    DbgPrint
.text:000000000001184A
.text:000000000001184A loc_1184A:                              ; CODE XREF: sub_11794+99↑j
.text:000000000001184A                 add     rbx, 1
.text:000000000001184E                 cmp     rbx, rsi
.text:0000000000011851                 jnb     short loc_1185C
.text:0000000000011853
.text:0000000000011853 loc_11853:                              ; CODE XREF: sub_11794+88↑j
.text:0000000000011853                 add     rdi, 1
.text:0000000000011857                 cmp     rdi, r14
.text:000000000001185A                 jb      short loc_11804
.text:000000000001185C
.text:000000000001185C loc_1185C:                              ; CODE XREF: sub_11794+73↑j
.text:000000000001185C                                         ; sub_11794+BD↑j
.text:000000000001185C                 cmp     cs:dword_1F128, 0
.text:0000000000011863                 jz      short loc_11880
.text:0000000000011865                 lea     rcx, aEnd64Enumsyspi_1 ; "END64::EnumSysPids(362):"
.text:000000000001186C                 call    DbgPrint
.text:0000000000011871                 lea     rcx, aNpid88i64x ; "nPid[%8.8I64X]\n"
.text:0000000000011878                 mov     rdx, rbx
.text:000000000001187B                 call    DbgPrint
.text:0000000000011880
.text:0000000000011880 loc_11880:                              ; CODE XREF: sub_11794+CF↑j
.text:0000000000011880                 mov     rax, rbx
.text:0000000000011883                 shl     rax, 3
.text:0000000000011887                 mov     rcx, [rsp+68h+var_38]
.text:000000000001188C                 xor     rcx, rsp        ; StackCookie
.text:000000000001188F                 call    __security_check_cookie
.text:0000000000011894                 mov     rbx, [rsp+68h+arg_0]
.text:0000000000011899                 add     rsp, 40h
.text:000000000001189D                 pop     r14
.text:000000000001189F                 pop     r12
.text:00000000000118A1                 pop     rdi
.text:00000000000118A2                 pop     rsi
.text:00000000000118A3                 pop     rbp
.text:00000000000118A4                 retn
.text:00000000000118A4 ; } // starts at 11794
.text:00000000000118A4 sub_11794       endp
.text:00000000000118A4
.text:00000000000118A4 ; ---------------------------------------------------------------------------
.text:00000000000118A5 byte_118A5      db 7 dup(0CCh)          ; DATA XREF: .pdata:0000000000020018↓o
.text:00000000000118AC
.text:00000000000118AC ; =============== S U B R O U T I N E =======================================
.text:00000000000118AC
.text:00000000000118AC
.text:00000000000118AC ; __int64 __fastcall sub_118AC(__int64, const void *, size_t)
.text:00000000000118AC sub_118AC       proc near               ; CODE XREF: sub_1191C+9CC↓p
.text:00000000000118AC                                         ; sub_1191C+A35↓p
.text:00000000000118AC                                         ; DATA XREF: ...
.text:00000000000118AC
.text:00000000000118AC arg_0           = qword ptr  8
.text:00000000000118AC arg_8           = qword ptr  10h
.text:00000000000118AC arg_10          = qword ptr  18h
.text:00000000000118AC
.text:00000000000118AC                 mov     [rsp+arg_0], rbx
.text:00000000000118B1                 mov     [rsp+arg_8], rbp
.text:00000000000118B6                 mov     [rsp+arg_10], rsi
.text:00000000000118BB                 push    rdi
.text:00000000000118BC                 sub     rsp, 20h
.text:00000000000118C0                 mov     rsi, r8
.text:00000000000118C3                 mov     rbp, rdx
.text:00000000000118C6                 mov     ebx, 2
.text:00000000000118CB                 lea     rdi, [rcx+18E958h]
.text:00000000000118D2
.text:00000000000118D2 loc_118D2:                              ; CODE XREF: sub_118AC+47↓j
.text:00000000000118D2                 mov     r8, rsi         ; Size
.text:00000000000118D5                 mov     rdx, rbp        ; Buf2
.text:00000000000118D8                 mov     rcx, rdi        ; Buf1
.text:00000000000118DB                 call    memcmp
.text:00000000000118E0                 test    eax, eax
.text:00000000000118E2                 jz      short loc_118FB
.text:00000000000118E4                 add     rbx, 1
.text:00000000000118E8                 add     rdi, 20Ch
.text:00000000000118EF                 cmp     rbx, 1Ah
.text:00000000000118F3                 jb      short loc_118D2
.text:00000000000118F5                 or      rax, 0FFFFFFFFFFFFFFFFh
.text:00000000000118F9                 jmp     short loc_118FE
.text:00000000000118FB ; ---------------------------------------------------------------------------
.text:00000000000118FB
.text:00000000000118FB loc_118FB:                              ; CODE XREF: sub_118AC+36↑j
.text:00000000000118FB                 mov     rax, rbx
.text:00000000000118FE
.text:00000000000118FE loc_118FE:                              ; CODE XREF: sub_118AC+4D↑j
.text:00000000000118FE                 mov     rbx, [rsp+28h+arg_0]
.text:0000000000011903                 mov     rbp, [rsp+28h+arg_8]
.text:0000000000011908                 mov     rsi, [rsp+28h+arg_10]
.text:000000000001190D                 add     rsp, 20h
.text:0000000000011911                 pop     rdi
.text:0000000000011912                 retn
.text:0000000000011912 sub_118AC       endp
.text:0000000000011912
.text:0000000000011912 ; ---------------------------------------------------------------------------
.text:0000000000011913 byte_11913      db 9 dup(0CCh)          ; DATA XREF: .pdata:0000000000020024↓o
.text:000000000001191C
.text:000000000001191C ; =============== S U B R O U T I N E =======================================
.text:000000000001191C
.text:000000000001191C
.text:000000000001191C ; unsigned __int64 __fastcall sub_1191C(__int64, void *, char *, char, unsigned __int64)
.text:000000000001191C sub_1191C       proc near               ; CODE XREF: sub_13E80+1FD↓p
.text:000000000001191C                                         ; sub_13E80+297↓p
.text:000000000001191C                                         ; DATA XREF: ...
.text:000000000001191C
.text:000000000001191C ReturnLength    = qword ptr -1E8h
.text:000000000001191C var_1E0         = qword ptr -1E0h
.text:000000000001191C var_1D8         = qword ptr -1D8h
.text:000000000001191C var_1D0         = qword ptr -1D0h
.text:000000000001191C var_1C8         = byte ptr -1C8h
.text:000000000001191C Object          = qword ptr -1C0h
.text:000000000001191C var_1B8         = byte ptr -1B8h
.text:000000000001191C var_1B0         = qword ptr -1B0h
.text:000000000001191C var_1A8         = qword ptr -1A8h
.text:000000000001191C Dst             = qword ptr -1A0h
.text:000000000001191C var_198         = qword ptr -198h
.text:000000000001191C Process         = qword ptr -190h
.text:000000000001191C var_188         = dword ptr -188h
.text:000000000001191C var_180         = qword ptr -180h
.text:000000000001191C var_178         = qword ptr -178h
.text:000000000001191C var_170         = qword ptr -170h
.text:000000000001191C var_168         = qword ptr -168h
.text:000000000001191C var_160         = qword ptr -160h
.text:000000000001191C var_158         = qword ptr -158h
.text:000000000001191C ObjectInformation= byte ptr -148h
.text:000000000001191C var_48          = qword ptr -48h
.text:000000000001191C arg_20          = qword ptr  28h
.text:000000000001191C
.text:000000000001191C ; __unwind { // __GSHandlerCheck_SEH
.text:000000000001191C                 push    rbx
.text:000000000001191E                 push    rsi
.text:000000000001191F                 push    rdi
.text:0000000000011920                 push    r12
.text:0000000000011922                 push    r13
.text:0000000000011924                 push    r14
.text:0000000000011926                 push    r15
.text:0000000000011928                 sub     rsp, 1D0h
.text:000000000001192F                 mov     rax, cs:BugCheckParameter2
.text:0000000000011936                 xor     rax, rsp
.text:0000000000011939                 mov     [rsp+208h+var_48], rax
.text:0000000000011941                 mov     dil, r9b
.text:0000000000011944                 mov     [rsp+208h+var_1C8], r9b
.text:0000000000011949                 mov     rsi, r8
.text:000000000001194C                 mov     [rsp+208h+Dst], r8
.text:0000000000011951                 mov     r15, rdx
.text:0000000000011954                 mov     r14, rcx
.text:0000000000011957                 mov     [rsp+208h+var_1B0], rcx
.text:000000000001195C                 mov     [rsp+208h+var_158], rcx
.text:0000000000011964                 mov     [rsp+208h+var_168], rdx
.text:000000000001196C                 mov     [rsp+208h+var_160], r8
.text:0000000000011974                 mov     [rsp+208h+var_1B8], r9b
.text:0000000000011979                 xor     ebx, ebx
.text:000000000001197B                 mov     r13, rbx
.text:000000000001197E                 mov     [rsp+208h+var_1A8], rbx
.text:0000000000011983                 cmp     cs:dword_1F128, ebx
.text:0000000000011989                 jz      short loc_119BB
.text:000000000001198B                 lea     rcx, aEnd64Getfileha ; "END64::GetFileHandles2(396):"
.text:0000000000011992                 call    DbgPrint
.text:0000000000011997                 lea     rax, aYes       ; "Yes"
.text:000000000001199E                 lea     r8, qword_196F0
.text:00000000000119A5                 cmp     dil, bl
.text:00000000000119A8                 cmovnz  r8, rax
.text:00000000000119AC                 mov     rdx, r15
.text:00000000000119AF                 lea     rcx, aGetfilehandles ; "GetFileHandles2- Pid[%8.8X] Name[%s]\n"
.text:00000000000119B6                 call    DbgPrint
.text:00000000000119BB
.text:00000000000119BB loc_119BB:                              ; CODE XREF: sub_1191C+6D↑j
.text:00000000000119BB                 call    cs:IoGetCurrentProcess ; ntoskrnl
.text:00000000000119C1                 mov     r11, rax
.text:00000000000119C4                 mov     rax, cs:qword_1F130
.text:00000000000119CB                 mov     r12, [rax+r11]
.text:00000000000119CF                 mov     [rsp+208h+var_180], r12
.text:00000000000119D7                 cmp     dil, bl
.text:00000000000119DA                 jz      short loc_119FF
.text:00000000000119DC                 mov     [rsp+208h+var_178], rsi
.text:00000000000119E4                 mov     r8, [rsp+208h+arg_20]
.text:00000000000119EC                 imul    r8, 216h        ; Size
.text:00000000000119F3                 xor     edx, edx        ; Val
.text:00000000000119F5                 mov     rcx, rsi        ; Dst
.text:00000000000119F8                 call    memset
.text:00000000000119FD                 jmp     short loc_11A22
.text:00000000000119FF ; ---------------------------------------------------------------------------
.text:00000000000119FF
.text:00000000000119FF loc_119FF:                              ; CODE XREF: sub_1191C+BE↑j
.text:00000000000119FF                 mov     rsi, rbx
.text:0000000000011A02                 mov     [rsp+208h+var_178], rbx
.text:0000000000011A0A                 mov     r8, [rsp+208h+arg_20]
.text:0000000000011A12                 shl     r8, 3           ; Size
.text:0000000000011A16                 xor     edx, edx        ; Val
.text:0000000000011A18                 mov     rcx, [rsp+208h+Dst] ; Dst
.text:0000000000011A1D                 call    memset
.text:0000000000011A22
.text:0000000000011A22 loc_11A22:                              ; CODE XREF: sub_1191C+E1↑j
.text:0000000000011A22                 cmp     r12, r15
.text:0000000000011A25                 jz      short loc_11A4A
.text:0000000000011A27                 lea     rdx, [rsp+208h+var_198]
.text:0000000000011A2C                 mov     rcx, r15
.text:0000000000011A2F                 call    sub_1575C
.text:0000000000011A34                 cmp     eax, ebx
.text:0000000000011A36                 jl      short loc_11A43
.text:0000000000011A38                 cmp     [rsp+208h+var_198], 103h
.text:0000000000011A41                 jz      short loc_11A4A
.text:0000000000011A43
.text:0000000000011A43 loc_11A43:                              ; CODE XREF: sub_1191C+11A↑j
.text:0000000000011A43                 xor     eax, eax
.text:0000000000011A45                 jmp     loc_12987
.text:0000000000011A4A ; ---------------------------------------------------------------------------
.text:0000000000011A4A
.text:0000000000011A4A loc_11A4A:                              ; CODE XREF: sub_1191C+109↑j
.text:0000000000011A4A                                         ; sub_1191C+125↑j
.text:0000000000011A4A                 cmp     r12, r15
.text:0000000000011A4D                 jnz     short loc_11A86
.text:0000000000011A4F                 mov     edi, ebx
.text:0000000000011A51                 call    cs:IoGetCurrentProcess ; ntoskrnl
.text:0000000000011A57                 mov     [rsp+208h+Process], rax
.text:0000000000011A5C                 cmp     cs:dword_1F128, ebx
.text:0000000000011A62                 jz      short loc_11A95
.text:0000000000011A64                 lea     rcx, aEnd64Getfileha_0 ; "END64::GetFileHandles2(420):"
.text:0000000000011A6B                 call    DbgPrint
.text:0000000000011A70                 mov     r8, [rsp+208h+Process]
.text:0000000000011A75                 mov     rdx, r15
.text:0000000000011A78                 lea     rcx, aGetfilehandles_0 ; "GetFileHandles2==PID[%8.8X] eProcess[%8"...
.text:0000000000011A7F                 call    DbgPrint
.text:0000000000011A84                 jmp     short loc_11A95
.text:0000000000011A86 ; ---------------------------------------------------------------------------
.text:0000000000011A86
.text:0000000000011A86 loc_11A86:                              ; CODE XREF: sub_1191C+131↑j
.text:0000000000011A86                 lea     rdx, [rsp+208h+Process] ; Process
.text:0000000000011A8B                 mov     rcx, r15        ; ProcessId
.text:0000000000011A8E                 call    PsLookupProcessByProcessId
.text:0000000000011A93                 mov     edi, eax
.text:0000000000011A95
.text:0000000000011A95 loc_11A95:                              ; CODE XREF: sub_1191C+146↑j
.text:0000000000011A95                                         ; sub_1191C+168↑j
.text:0000000000011A95                 cmp     edi, ebx
.text:0000000000011A97                 jl      loc_1293F
.text:0000000000011A9D                 cmp     cs:dword_1F128, ebx
.text:0000000000011AA3                 jz      short loc_11AC5
.text:0000000000011AA5                 lea     rcx, aEnd64Getfileha_1 ; "END64::GetFileHandles2(427):"
.text:0000000000011AAC                 call    DbgPrint
.text:0000000000011AB1                 mov     r8, [rsp+208h+Process]
.text:0000000000011AB6                 mov     rdx, r15
.text:0000000000011AB9                 lea     rcx, aPid88xEprocess ; "PID[%8.8X] eProcess[%8.8X]\n"
.text:0000000000011AC0                 call    DbgPrint
.text:0000000000011AC5
.text:0000000000011AC5 loc_11AC5:                              ; CODE XREF: sub_1191C+187↑j
.text:0000000000011AC5                 cmp     r12, r15
.text:0000000000011AC8                 jz      short loc_11AF8
.text:0000000000011ACA                 mov     rcx, [rsp+208h+Process] ; Process
.text:0000000000011ACF                 call    cs:KeAttachProcess ; ntoskrnl
.text:0000000000011AD5                 cmp     cs:dword_1F128, ebx
.text:0000000000011ADB                 jz      short loc_11AF8
.text:0000000000011ADD                 lea     rcx, aEnd64Getfileha_2 ; "END64::GetFileHandles2(430):"
.text:0000000000011AE4                 call    DbgPrint
.text:0000000000011AE9                 mov     rdx, r15
.text:0000000000011AEC                 lea     rcx, aAttachedToPid8 ; "Attached to PID[%8.8X] Process!\n"
.text:0000000000011AF3                 call    DbgPrint
.text:0000000000011AF8
.text:0000000000011AF8 loc_11AF8:                              ; CODE XREF: sub_1191C+1AC↑j
.text:0000000000011AF8                                         ; sub_1191C+1BF↑j
.text:0000000000011AF8                 cmp     [r14+191A78h], bl
.text:0000000000011AFF                 jnz     short loc_11B09
.text:0000000000011B01                 mov     rcx, r14
.text:0000000000011B04                 call    sub_11224
.text:0000000000011B09
.text:0000000000011B09 loc_11B09:                              ; CODE XREF: sub_1191C+1E3↑j
.text:0000000000011B09                 mov     r14d, 4
.text:0000000000011B0F                 mov     [rsp+208h+var_198], r14
.text:0000000000011B14
.text:0000000000011B14 loc_11B14:                              ; CODE XREF: sub_1191C+FEE↓j
.text:0000000000011B14                 cmp     r14, 1000h
.text:0000000000011B1B                 jnb     loc_1290F
.text:0000000000011B21                 mov     rdi, [rsp+208h+arg_20]
.text:0000000000011B29                 cmp     r13, rdi
.text:0000000000011B2C                 jb      short loc_11B5A
.text:0000000000011B2E                 cmp     cs:dword_1F128, ebx
.text:0000000000011B34                 jz      loc_1290F
.text:0000000000011B3A                 lea     rcx, aEnd64Getfileha_3 ; "END64::GetFileHandles2(436):"
.text:0000000000011B41                 call    DbgPrint
.text:0000000000011B46                 mov     rdx, rdi
.text:0000000000011B49                 lea     rcx, aExceedMaxStora ; "Exceed Max Storage...Stopped[%d]!\n"
.text:0000000000011B50                 call    DbgPrint
.text:0000000000011B55                 jmp     loc_1290F
.text:0000000000011B5A ; ---------------------------------------------------------------------------
.text:0000000000011B5A
.text:0000000000011B5A loc_11B5A:                              ; CODE XREF: sub_1191C+210↑j
.text:0000000000011B5A                 mov     rcx, [rsp+208h+var_1B0]
.text:0000000000011B5F                 add     rcx, 1920B6h    ; Dst
.text:0000000000011B66                 xor     edx, edx        ; Val
.text:0000000000011B68                 mov     r8d, 20Ch       ; Size
.text:0000000000011B6E                 call    memset
.text:0000000000011B73                 mov     qword ptr [rsp+208h+var_188], 106h
.text:0000000000011B7F                 mov     edi, ebx
.text:0000000000011B81                 cmp     r12, r15
.text:0000000000011B84                 jnz     short loc_11BAE
.text:0000000000011B86                 mov     [rsp+208h+ReturnLength], rbx ; ReturnLength
.text:0000000000011B8B                 mov     r9d, 100h       ; ObjectInformationLength
.text:0000000000011B91                 lea     r8, [rsp+208h+ObjectInformation] ; ObjectInformation
.text:0000000000011B99                 xor     edx, edx        ; ObjectInformationClass
.text:0000000000011B9B                 mov     rcx, r14        ; Handle
.text:0000000000011B9E                 call    cs:ZwQueryObject ; ntoskrnl
.text:0000000000011BA4                 mov     edi, eax
.text:0000000000011BA6                 cmp     eax, 0C0000008h
.text:0000000000011BAB                 cmovnz  edi, ebx
.text:0000000000011BAE
.text:0000000000011BAE loc_11BAE:                              ; CODE XREF: sub_1191C+268↑j
.text:0000000000011BAE                 cmp     edi, ebx
.text:0000000000011BB0                 jl      short loc_11BDB
.text:0000000000011BB2                 mov     [rsp+208h+var_1E0], rbx
.text:0000000000011BB7                 lea     rax, [rsp+208h+Object]
.text:0000000000011BBC                 mov     [rsp+208h+ReturnLength], rax
.text:0000000000011BC1                 xor     r9d, r9d
.text:0000000000011BC4                 mov     r8, cs:IoFileObjectType ; ntoskrnl
.text:0000000000011BCB                 mov     r8, [r8]
.text:0000000000011BCE                 xor     edx, edx
.text:0000000000011BD0                 mov     rcx, r14
.text:0000000000011BD3                 call    cs:qword_1F560
.text:0000000000011BD9                 mov     edi, eax
.text:0000000000011BDB
.text:0000000000011BDB loc_11BDB:                              ; CODE XREF: sub_1191C+294↑j
.text:0000000000011BDB                 cmp     edi, ebx
.text:0000000000011BDD                 jl      short loc_11C4D
.text:0000000000011BDF                 cmp     cs:dword_1F128, ebx
.text:0000000000011BE5                 jz      short loc_11C13
.text:0000000000011BE7                 lea     rcx, aEnd64Getfileha_4 ; "END64::GetFileHandles2(460):"
.text:0000000000011BEE                 call    DbgPrint
.text:0000000000011BF3                 mov     r11, [rsp+208h+Object]
.text:0000000000011BF8                 movsx   r8d, word ptr [r11+2]
.text:0000000000011BFD                 movsx   edx, word ptr [r11]
.text:0000000000011C01                 mov     r9d, 0D8h
.text:0000000000011C07                 lea     rcx, aFileobjTypeDSi_1 ; "fileObj Type [%d] Size[%d]==[%d]\n"
.text:0000000000011C0E                 call    DbgPrint
.text:0000000000011C13
.text:0000000000011C13 loc_11C13:                              ; CODE XREF: sub_1191C+2C9↑j
.text:0000000000011C13                 mov     edx, 28h ; '('
.text:0000000000011C18                 mov     rcx, [rsp+208h+Object] ; VirtualAddress
.text:0000000000011C1D                 call    sub_15A34
.text:0000000000011C22                 cmp     al, bl
.text:0000000000011C24                 jz      short loc_11C3D
.text:0000000000011C26                 mov     rax, [rsp+208h+Object]
.text:0000000000011C2B                 cmp     word ptr [rax+2], 28h ; '('
.text:0000000000011C30                 jl      short loc_11C3D
.text:0000000000011C32                 cmp     word ptr [rax], 5
.text:0000000000011C36                 jnz     short loc_11C4D
.text:0000000000011C38                 cmp     [rax+49h], bl
.text:0000000000011C3B                 jz      short loc_11C4D
.text:0000000000011C3D
.text:0000000000011C3D loc_11C3D:                              ; CODE XREF: sub_1191C+308↑j
.text:0000000000011C3D                                         ; sub_1191C+314↑j
.text:0000000000011C3D                 mov     rcx, [rsp+208h+Object] ; Object
.text:0000000000011C42                 call    cs:ObfDereferenceObject ; ntoskrnl
.text:0000000000011C48                 mov     edi, 0C0000008h
.text:0000000000011C4D
.text:0000000000011C4D loc_11C4D:                              ; CODE XREF: sub_1191C+2C1↑j
.text:0000000000011C4D                                         ; sub_1191C+31A↑j ...
.text:0000000000011C4D                 cmp     edi, ebx
.text:0000000000011C4F                 jl      loc_12901
.text:0000000000011C55
.text:0000000000011C55 loc_11C55:                              ; DATA XREF: .rdata:000000000001E5F0↓o
.text:0000000000011C55 ;   __try { // __except at loc_12886    ; VirtualAddress
.text:0000000000011C55                 mov     rcx, [rsp+208h+Object]
.text:0000000000011C5A                 call    cs:MmIsAddressValid ; ntoskrnl
.text:0000000000011C60                 cmp     al, bl
.text:0000000000011C62                 jz      loc_12871
.text:0000000000011C68                 mov     rcx, [rsp+208h+Object]
.text:0000000000011C6D                 mov     rcx, [rcx+8]    ; VirtualAddress
.text:0000000000011C71                 call    cs:MmIsAddressValid ; ntoskrnl
.text:0000000000011C77                 cmp     al, bl
.text:0000000000011C79                 jz      loc_12871
.text:0000000000011C7F                 mov     rcx, [rsp+208h+Object]
.text:0000000000011C84                 mov     rcx, [rcx+8]    ; VirtualAddress
.text:0000000000011C88                 call    cs:MmIsAddressValid ; ntoskrnl
.text:0000000000011C8E                 cmp     al, bl
.text:0000000000011C90                 jz      loc_1248B
.text:0000000000011C96                 mov     rcx, [rsp+208h+Object] ; VirtualAddress
.text:0000000000011C9B                 call    cs:MmIsAddressValid ; ntoskrnl
.text:0000000000011CA1                 cmp     al, bl
.text:0000000000011CA3                 jz      loc_1248B
.text:0000000000011CA9                 mov     rcx, [rsp+208h+Object]
.text:0000000000011CAE                 cmp     word ptr [rcx], 5
.text:0000000000011CB2                 jnz     loc_12490
.text:0000000000011CB8                 add     rcx, 58h ; 'X'  ; VirtualAddress
.text:0000000000011CBC                 call    cs:MmIsAddressValid ; ntoskrnl
.text:0000000000011CC2                 cmp     al, bl
.text:0000000000011CC4                 jz      loc_1248B
.text:0000000000011CCA                 mov     rcx, [rsp+208h+Object]
.text:0000000000011CCF                 add     rcx, 58h ; 'X'  ; VirtualAddress
.text:0000000000011CD3                 call    cs:MmIsAddressValid ; ntoskrnl
.text:0000000000011CD9                 cmp     al, bl
.text:0000000000011CDB                 jz      loc_1248B
.text:0000000000011CE1                 mov     rcx, [rsp+208h+Object]
.text:0000000000011CE6                 cmp     [rcx+58h], bx
.text:0000000000011CEA                 jz      loc_12490
.text:0000000000011CF0                 cmp     word ptr [rcx+58h], 106h
.text:0000000000011CF6                 jnb     loc_12490
.text:0000000000011CFC                 test    byte ptr [rcx+58h], 1
.text:0000000000011D00                 jnz     loc_12490
.text:0000000000011D06                 mov     rcx, [rcx+60h]  ; VirtualAddress
.text:0000000000011D0A                 call    cs:MmIsAddressValid ; ntoskrnl
.text:0000000000011D10                 cmp     al, bl
.text:0000000000011D12                 jz      loc_1248B
.text:0000000000011D18                 mov     rcx, [rsp+208h+Object]
.text:0000000000011D1D                 mov     rdi, 0FFFFF00000000000h
.text:0000000000011D27                 test    [rcx+60h], rdi
.text:0000000000011D2B                 jz      loc_12490
.text:0000000000011D31                 add     rcx, 2          ; VirtualAddress
.text:0000000000011D35                 call    cs:MmIsAddressValid ; ntoskrnl
.text:0000000000011D3B                 cmp     al, bl
.text:0000000000011D3D                 jz      loc_1248B
.text:0000000000011D43                 mov     rcx, [rsp+208h+Object]
.text:0000000000011D48                 cmp     [rcx+2], bx
.text:0000000000011D4C                 jz      loc_12490
.text:0000000000011D52                 mov     rcx, [rcx+10h]  ; VirtualAddress
.text:0000000000011D56                 call    cs:MmIsAddressValid ; ntoskrnl
.text:0000000000011D5C                 cmp     al, bl
.text:0000000000011D5E                 jz      loc_11DED
.text:0000000000011D64                 mov     eax, cs:dword_1F128
.text:0000000000011D6A                 cmp     eax, ebx
.text:0000000000011D6C                 jz      short loc_11DB3
.text:0000000000011D6E                 lea     rcx, aEnd64Getfileha_5 ; "END64::GetFileHandles2(485):"
.text:0000000000011D75                 call    DbgPrint
.text:0000000000011D7A                 mov     rax, [rsp+208h+Object]
.text:0000000000011D7F                 mov     r8d, [rax+50h]
.text:0000000000011D83                 movzx   ecx, word ptr [rax+58h]
.text:0000000000011D87                 mov     r9d, r8d
.text:0000000000011D8A                 and     r9d, 100h
.text:0000000000011D91                 mov     rax, [rax+60h]
.text:0000000000011D95                 mov     [rsp+208h+var_1E0], rax
.text:0000000000011D9A                 mov     dword ptr [rsp+208h+ReturnLength], ecx
.text:0000000000011D9E                 mov     rdx, r14
.text:0000000000011DA1                 lea     rcx, aFileVpbHandle8 ; "File(vpb)Handle[%8.8X]-Flags[%8.8X][%3."...
.text:0000000000011DA8                 call    DbgPrint
.text:0000000000011DAD                 mov     eax, cs:dword_1F128
.text:0000000000011DB3
.text:0000000000011DB3 loc_11DB3:                              ; CODE XREF: sub_1191C+450↑j
.text:0000000000011DB3                 cmp     eax, ebx
.text:0000000000011DB5                 jz      loc_1212D
.text:0000000000011DBB                 lea     rcx, aEnd64Getfileha_6 ; "END64::GetFileHandles2(487):"
.text:0000000000011DC2                 call    DbgPrint
.text:0000000000011DC7                 mov     r11, [rsp+208h+Object]
.text:0000000000011DCC                 mov     rax, [r11+10h]
.text:0000000000011DD0                 lea     r8, [rax+20h]
.text:0000000000011DD4                 movzx   edx, word ptr [rax+6]
.text:0000000000011DD8                 lea     rcx, aDWs       ; "[%d] [%ws]\n"
.text:0000000000011DDF                 call    DbgPrint
.text:0000000000011DE4                 mov     cl, [rsp+208h+var_1C8]
.text:0000000000011DE8                 jmp     loc_12179
.text:0000000000011DED ; ---------------------------------------------------------------------------
.text:0000000000011DED
.text:0000000000011DED loc_11DED:                              ; CODE XREF: sub_1191C+442↑j
.text:0000000000011DED                 cmp     cs:dword_1F128, ebx
.text:0000000000011DF3                 jz      short loc_11E34
.text:0000000000011DF5                 lea     rcx, aEnd64Getfileha_7 ; "END64::GetFileHandles2(492):"
.text:0000000000011DFC                 call    DbgPrint
.text:0000000000011E01                 mov     rax, [rsp+208h+Object]
.text:0000000000011E06                 mov     r8d, [rax+50h]
.text:0000000000011E0A                 movzx   ecx, word ptr [rax+58h]
.text:0000000000011E0E                 mov     r9d, r8d
.text:0000000000011E11                 and     r9d, 100h
.text:0000000000011E18                 mov     rax, [rax+60h]
.text:0000000000011E1C                 mov     [rsp+208h+var_1E0], rax
.text:0000000000011E21                 mov     dword ptr [rsp+208h+ReturnLength], ecx
.text:0000000000011E25                 mov     rdx, r14
.text:0000000000011E28                 lea     rcx, aFileHandle88xF ; "File(   )Handle[%8.8X]-Flags[%8.8X][%3."...
.text:0000000000011E2F                 call    DbgPrint
.text:0000000000011E34
.text:0000000000011E34 loc_11E34:                              ; CODE XREF: sub_1191C+4D7↑j
.text:0000000000011E34                 mov     rax, [rsp+208h+Object]
.text:0000000000011E39                 mov     rcx, [rax+8]
.text:0000000000011E3D                 mov     rcx, [rcx+8]    ; VirtualAddress
.text:0000000000011E41                 call    cs:MmIsAddressValid ; ntoskrnl
.text:0000000000011E47                 cmp     al, bl
.text:0000000000011E49                 jz      loc_12139
.text:0000000000011E4F                 mov     rax, [rsp+208h+Object]
.text:0000000000011E54                 mov     rcx, [rax+8]
.text:0000000000011E58                 mov     rcx, [rcx+8]
.text:0000000000011E5C                 test    rdi, rcx
.text:0000000000011E5F                 jz      loc_12133
.text:0000000000011E65                 add     rcx, 38h ; '8'  ; VirtualAddress
.text:0000000000011E69                 call    cs:MmIsAddressValid ; ntoskrnl
.text:0000000000011E6F                 cmp     al, bl
.text:0000000000011E71                 jz      short loc_11E86
.text:0000000000011E73                 mov     rax, [rsp+208h+Object]
.text:0000000000011E78                 mov     rcx, [rax+8]
.text:0000000000011E7C                 mov     r12, [rcx+8]
.text:0000000000011E80                 add     r12, 38h ; '8'
.text:0000000000011E84                 jmp     short loc_11E89
.text:0000000000011E86 ; ---------------------------------------------------------------------------
.text:0000000000011E86
.text:0000000000011E86 loc_11E86:                              ; CODE XREF: sub_1191C+555↑j
.text:0000000000011E86                 mov     r12, rbx
.text:0000000000011E89
.text:0000000000011E89 loc_11E89:                              ; CODE XREF: sub_1191C+568↑j
.text:0000000000011E89                 cmp     r12, rbx
.text:0000000000011E8C                 jz      loc_12163
.text:0000000000011E92                 mov     rcx, r12        ; VirtualAddress
.text:0000000000011E95                 call    cs:MmIsAddressValid ; ntoskrnl
.text:0000000000011E9B                 cmp     al, bl
.text:0000000000011E9D                 jz      loc_1215D
.text:0000000000011EA3                 mov     rcx, r12        ; VirtualAddress
.text:0000000000011EA6                 call    cs:MmIsAddressValid ; ntoskrnl
.text:0000000000011EAC                 cmp     al, bl
.text:0000000000011EAE                 jz      loc_12157
.text:0000000000011EB4                 cmp     [r12], bx
.text:0000000000011EB9                 jz      loc_12151
.text:0000000000011EBF                 cmp     word ptr [r12], 106h
.text:0000000000011EC6                 jnb     loc_1214B
.text:0000000000011ECC                 test    byte ptr [r12], 1
.text:0000000000011ED1                 jnz     loc_12145
.text:0000000000011ED7                 mov     rcx, [r12+8]    ; VirtualAddress
.text:0000000000011EDC                 call    cs:MmIsAddressValid ; ntoskrnl
.text:0000000000011EE2                 cmp     al, bl
.text:0000000000011EE4                 jz      loc_1213F
.text:0000000000011EEA                 cmp     [rsp+208h+var_1C8], bl
.text:0000000000011EEE                 jz      loc_12066
.text:0000000000011EF4                 mov     rdi, r13
.text:0000000000011EF7                 imul    rdi, 216h
.text:0000000000011EFE                 mov     [rdi+rsi], r14
.text:0000000000011F02                 mov     rax, [rsp+208h+Object]
.text:0000000000011F07                 mov     rcx, [rax+10h]
.text:0000000000011F0B                 neg     rcx
.text:0000000000011F0E                 sbb     eax, eax
.text:0000000000011F10                 add     eax, 2
.text:0000000000011F13                 mov     [rdi+rsi+8], ax
.text:0000000000011F18                 movzx   ecx, word ptr [r12]
.text:0000000000011F1D                 mov     eax, 20Ch
.text:0000000000011F22                 sub     eax, ecx
.text:0000000000011F24                 movsxd  r8, eax         ; Size
.text:0000000000011F27                 shr     rcx, 1
.text:0000000000011F2A                 mov     rax, r13
.text:0000000000011F2D                 imul    rax, 10Bh
.text:0000000000011F34                 add     rcx, rax
.text:0000000000011F37                 lea     rcx, [rsi+rcx*2+0Ah] ; Dst
.text:0000000000011F3C                 xor     edx, edx        ; Val
.text:0000000000011F3E                 call    memset
.text:0000000000011F43                 movzx   r8d, word ptr [r12] ; MaxCount
.text:0000000000011F48                 lea     rcx, [rdi+rsi+0Ah] ; Dst
.text:0000000000011F4D                 mov     rdx, [r12+8]    ; Src
.text:0000000000011F52                 call    memmove
.text:0000000000011F57                 cmp     word ptr [rdi+rsi+0Ch], 44h ; 'D'
.text:0000000000011F5D                 jnz     loc_1205D
.text:0000000000011F63                 cmp     word ptr [rdi+rsi+0Eh], 72h ; 'r'
.text:0000000000011F69                 jnz     loc_1205D
.text:0000000000011F6F                 cmp     word ptr [rdi+rsi+10h], 69h ; 'i'
.text:0000000000011F75                 jnz     loc_1205D
.text:0000000000011F7B                 cmp     word ptr [rdi+rsi+12h], 76h ; 'v'
.text:0000000000011F81                 jnz     loc_1205D
.text:0000000000011F87                 cmp     word ptr [rdi+rsi+14h], 65h ; 'e'
.text:0000000000011F8D                 jnz     loc_1205D
.text:0000000000011F93                 cmp     word ptr [rdi+rsi+16h], 72h ; 'r'
.text:0000000000011F99                 jnz     loc_1205D
.text:0000000000011F9F                 cmp     word ptr [rdi+rsi+18h], 5Ch ; '\'
.text:0000000000011FA5                 jnz     loc_1205D
.text:0000000000011FAB                 mov     word ptr [rdi+rsi+0Ch], 44h ; 'D'
.text:0000000000011FB2                 mov     word ptr [rdi+rsi+0Eh], 65h ; 'e'
.text:0000000000011FB9                 mov     word ptr [rdi+rsi+10h], 76h ; 'v'
.text:0000000000011FC0                 mov     word ptr [rdi+rsi+12h], 69h ; 'i'
.text:0000000000011FC7                 mov     word ptr [rdi+rsi+14h], 63h ; 'c'
.text:0000000000011FCE                 mov     word ptr [rdi+rsi+16h], 65h ; 'e'
.text:0000000000011FD5                 cmp     word ptr [rdi+rsi+1Ah], 54h ; 'T'
.text:0000000000011FDB                 jnz     short loc_12027
.text:0000000000011FDD                 cmp     word ptr [rdi+rsi+1Ch], 63h ; 'c'
.text:0000000000011FE3                 jnz     short loc_12027
.text:0000000000011FE5                 cmp     word ptr [rdi+rsi+1Eh], 70h ; 'p'
.text:0000000000011FEB                 jnz     short loc_12027
.text:0000000000011FED                 cmp     word ptr [rdi+rsi+20h], 69h ; 'i'
.text:0000000000011FF3                 jnz     short loc_12027
.text:0000000000011FF5                 cmp     word ptr [rdi+rsi+22h], 70h ; 'p'
.text:0000000000011FFB                 jnz     short loc_12027
.text:0000000000011FFD                 mov     word ptr [rdi+rsi+1Ah], 52h ; 'R'
.text:0000000000012004                 mov     word ptr [rdi+rsi+1Ch], 61h ; 'a'
.text:000000000001200B                 mov     word ptr [rdi+rsi+1Eh], 77h ; 'w'
.text:0000000000012012                 mov     word ptr [rdi+rsi+20h], 49h ; 'I'
.text:0000000000012019                 mov     word ptr [rdi+rsi+22h], 70h ; 'p'
.text:0000000000012020                 mov     word ptr [rdi+rsi+24h], 5Ch ; '\'
.text:0000000000012027
.text:0000000000012027 loc_12027:                              ; CODE XREF: sub_1191C+6BF↑j
.text:0000000000012027                                         ; sub_1191C+6C7↑j ...
.text:0000000000012027                 cmp     cs:dword_1F128, ebx
.text:000000000001202D                 jz      short loc_12054
.text:000000000001202F                 lea     rcx, aEnd64Getfileha_8 ; "END64::GetFileHandles2(540):"
.text:0000000000012036                 call    DbgPrint
.text:000000000001203B                 movzx   r8d, word ptr [r12]
.text:0000000000012040                 mov     r9, [r12+8]
.text:0000000000012045                 mov     rdx, r14
.text:0000000000012048                 lea     rcx, aFileHandle1188 ; "File Handle11[%8.8X]-Len[%d] [%.128ws]"...
.text:000000000001204F                 call    DbgPrint
.text:0000000000012054
.text:0000000000012054 loc_12054:                              ; CODE XREF: sub_1191C+711↑j
.text:0000000000012054                 mov     word ptr [rdi+rsi+8], 2
.text:000000000001205B                 jmp     short loc_1206F
.text:000000000001205D ; ---------------------------------------------------------------------------
.text:000000000001205D
.text:000000000001205D loc_1205D:                              ; CODE XREF: sub_1191C+641↑j
.text:000000000001205D                                         ; sub_1191C+64D↑j ...
.text:000000000001205D                 mov     word ptr [rdi+rsi+8], 1
.text:0000000000012064                 jmp     short loc_1206F
.text:0000000000012066 ; ---------------------------------------------------------------------------
.text:0000000000012066
.text:0000000000012066 loc_12066:                              ; CODE XREF: sub_1191C+5D2↑j
.text:0000000000012066                 mov     rax, [rsp+208h+Dst]
.text:000000000001206B                 mov     [rax+r13*8], r14
.text:000000000001206F
.text:000000000001206F loc_1206F:                              ; CODE XREF: sub_1191C+73F↑j
.text:000000000001206F                                         ; sub_1191C+748↑j
.text:000000000001206F                 cmp     cs:dword_1F128, ebx
.text:0000000000012075                 jz      short loc_120AA
.text:0000000000012077                 lea     rcx, aEnd64Getfileha_9 ; "END64::GetFileHandles2(548):"
.text:000000000001207E                 call    DbgPrint
.text:0000000000012083                 movzx   r9d, word ptr [r12]
.text:0000000000012088                 mov     rax, [r12+8]
.text:000000000001208D                 mov     [rsp+208h+ReturnLength], rax
.text:0000000000012092                 mov     rax, [rsp+208h+Object]
.text:0000000000012097                 mov     r8d, [rax+50h]
.text:000000000001209B                 mov     rdx, r14
.text:000000000001209E                 lea     rcx, aFileHandle288x ; "File Handle2[%8.8X]-OF[%8.8X] Len[%d] ["...
.text:00000000000120A5                 call    DbgPrint
.text:00000000000120AA
.text:00000000000120AA loc_120AA:                              ; CODE XREF: sub_1191C+759↑j
.text:00000000000120AA                 mov     rcx, [rsp+208h+Object]
.text:00000000000120AF                 mov     rcx, [rcx+18h]  ; VirtualAddress
.text:00000000000120B3                 call    cs:MmIsAddressValid ; ntoskrnl
.text:00000000000120B9                 cmp     al, bl
.text:00000000000120BB                 jz      loc_12169
.text:00000000000120C1                 mov     rax, [rsp+208h+Object]
.text:00000000000120C6                 mov     rdi, [rax+18h]
.text:00000000000120CA                 lea     rcx, [rdi-4]    ; VirtualAddress
.text:00000000000120CE                 call    cs:MmIsAddressValid ; ntoskrnl
.text:00000000000120D4                 cmp     al, bl
.text:00000000000120D6                 jz      loc_1216F
.text:00000000000120DC                 cmp     cs:dword_1F128, ebx
.text:00000000000120E2                 jz      short loc_12100
.text:00000000000120E4                 lea     rcx, aEnd64Getfileha_10 ; "END64::GetFileHandles2(555):"
.text:00000000000120EB                 call    DbgPrint
.text:00000000000120F0                 lea     rdx, [rdi-4]
.text:00000000000120F4                 lea     rcx, aObjecttype33s ; "ObjectType=[%3.3s]\n"
.text:00000000000120FB                 call    DbgPrint
.text:0000000000012100
.text:0000000000012100 loc_12100:                              ; CODE XREF: sub_1191C+7C6↑j
.text:0000000000012100                 cmp     byte ptr [rdi-4], 54h ; 'T'
.text:0000000000012104                 jnz     short loc_12112
.text:0000000000012106                 cmp     byte ptr [rdi-3], 43h ; 'C'
.text:000000000001210A                 jnz     short loc_12112
.text:000000000001210C                 cmp     byte ptr [rdi-2], 50h ; 'P'
.text:0000000000012110                 jz      short loc_12175
.text:0000000000012112
.text:0000000000012112 loc_12112:                              ; CODE XREF: sub_1191C+7E8↑j
.text:0000000000012112                                         ; sub_1191C+7EE↑j
.text:0000000000012112                 mov     cl, [rsp+208h+var_1C8]
.text:0000000000012116                 cmp     cl, bl
.text:0000000000012118                 jz      short loc_12179
.text:000000000001211A                 mov     rax, r13
.text:000000000001211D                 imul    rax, 216h
.text:0000000000012124                 mov     word ptr [rax+rsi+8], 1
.text:000000000001212B                 jmp     short loc_12179
.text:000000000001212D ; ---------------------------------------------------------------------------
.text:000000000001212D
.text:000000000001212D loc_1212D:                              ; CODE XREF: sub_1191C+499↑j
.text:000000000001212D                 mov     cl, [rsp+208h+var_1C8]
.text:0000000000012131                 jmp     short loc_12179
.text:0000000000012133 ; ---------------------------------------------------------------------------
.text:0000000000012133
.text:0000000000012133 loc_12133:                              ; CODE XREF: sub_1191C+543↑j
.text:0000000000012133                 mov     cl, [rsp+208h+var_1C8]
.text:0000000000012137                 jmp     short loc_12179
.text:0000000000012139 ; ---------------------------------------------------------------------------
.text:0000000000012139
.text:0000000000012139 loc_12139:                              ; CODE XREF: sub_1191C+52D↑j
.text:0000000000012139                 mov     cl, [rsp+208h+var_1C8]
.text:000000000001213D                 jmp     short loc_12179
.text:000000000001213F ; ---------------------------------------------------------------------------
.text:000000000001213F
.text:000000000001213F loc_1213F:                              ; CODE XREF: sub_1191C+5C8↑j
.text:000000000001213F                 mov     cl, [rsp+208h+var_1C8]
.text:0000000000012143                 jmp     short loc_12179
.text:0000000000012145 ; ---------------------------------------------------------------------------
.text:0000000000012145
.text:0000000000012145 loc_12145:                              ; CODE XREF: sub_1191C+5B5↑j
.text:0000000000012145                 mov     cl, [rsp+208h+var_1C8]
.text:0000000000012149                 jmp     short loc_12179
.text:000000000001214B ; ---------------------------------------------------------------------------
.text:000000000001214B
.text:000000000001214B loc_1214B:                              ; CODE XREF: sub_1191C+5AA↑j
.text:000000000001214B                 mov     cl, [rsp+208h+var_1C8]
.text:000000000001214F                 jmp     short loc_12179
.text:0000000000012151 ; ---------------------------------------------------------------------------
.text:0000000000012151
.text:0000000000012151 loc_12151:                              ; CODE XREF: sub_1191C+59D↑j
.text:0000000000012151                 mov     cl, [rsp+208h+var_1C8]
.text:0000000000012155                 jmp     short loc_12179
.text:0000000000012157 ; ---------------------------------------------------------------------------
.text:0000000000012157
.text:0000000000012157 loc_12157:                              ; CODE XREF: sub_1191C+592↑j
.text:0000000000012157                 mov     cl, [rsp+208h+var_1C8]
.text:000000000001215B                 jmp     short loc_12179
.text:000000000001215D ; ---------------------------------------------------------------------------
.text:000000000001215D
.text:000000000001215D loc_1215D:                              ; CODE XREF: sub_1191C+581↑j
.text:000000000001215D                 mov     cl, [rsp+208h+var_1C8]
.text:0000000000012161                 jmp     short loc_12179
.text:0000000000012163 ; ---------------------------------------------------------------------------
.text:0000000000012163
.text:0000000000012163 loc_12163:                              ; CODE XREF: sub_1191C+570↑j
.text:0000000000012163                 mov     cl, [rsp+208h+var_1C8]
.text:0000000000012167                 jmp     short loc_12179
.text:0000000000012169 ; ---------------------------------------------------------------------------
.text:0000000000012169
.text:0000000000012169 loc_12169:                              ; CODE XREF: sub_1191C+79F↑j
.text:0000000000012169                 mov     cl, [rsp+208h+var_1C8]
.text:000000000001216D                 jmp     short loc_12179
.text:000000000001216F ; ---------------------------------------------------------------------------
.text:000000000001216F
.text:000000000001216F loc_1216F:                              ; CODE XREF: sub_1191C+7BA↑j
.text:000000000001216F                 mov     cl, [rsp+208h+var_1C8]
.text:0000000000012173                 jmp     short loc_12179
.text:0000000000012175 ; ---------------------------------------------------------------------------
.text:0000000000012175
.text:0000000000012175 loc_12175:                              ; CODE XREF: sub_1191C+7F4↑j
.text:0000000000012175                 mov     cl, [rsp+208h+var_1C8]
.text:0000000000012179
.text:0000000000012179 loc_12179:                              ; CODE XREF: sub_1191C+4CC↑j
.text:0000000000012179                                         ; sub_1191C+7FC↑j ...
.text:0000000000012179                 cmp     cl, bl
.text:000000000001217B                 jz      loc_1244D
.text:0000000000012181                 mov     rdi, r13
.text:0000000000012184                 imul    rdi, 216h
.text:000000000001218B                 mov     [rdi+rsi], r14
.text:000000000001218F                 mov     rdx, [rsp+208h+Object]
.text:0000000000012194                 test    byte ptr [rdx+50h], 80h
.text:0000000000012198                 jz      short loc_121D5
.text:000000000001219A                 mov     word ptr [rdi+rsi+8], 3
.text:00000000000121A1                 lea     rcx, [rdi+rsi+0Ah] ; Dst
.text:00000000000121A6                 lea     rdx, aDeviceNamedpip ; "\\Device\\NamedPipe"
.text:00000000000121AD                 mov     r8d, 22h ; '"'  ; MaxCount
.text:00000000000121B3                 call    memmove
.text:00000000000121B8                 mov     rdx, [rsp+208h+Object]
.text:00000000000121BD                 movzx   r8d, word ptr [rdx+58h] ; MaxCount
.text:00000000000121C2                 lea     rcx, [rdi+rsi+2Ch] ; Dst
.text:00000000000121C7                 mov     rdx, [rdx+60h]  ; Src
.text:00000000000121CB                 call    memmove
.text:00000000000121D0                 jmp     loc_12472
.text:00000000000121D5 ; ---------------------------------------------------------------------------
.text:00000000000121D5
.text:00000000000121D5 loc_121D5:                              ; CODE XREF: sub_1191C+87C↑j
.text:00000000000121D5                 cmp     word ptr [rdi+rsi+8], 2
.text:00000000000121DB                 jnz     short loc_12213
.text:00000000000121DD                 lea     rcx, [rdi+rsi+24h] ; Dst
.text:00000000000121E2                 cmp     word ptr [rcx], 5Ch ; '\'
.text:00000000000121E6                 jnz     short loc_121FB
.text:00000000000121E8                 movzx   r8d, word ptr [rdx+58h] ; MaxCount
.text:00000000000121ED                 mov     rdx, [rdx+60h]  ; Src
.text:00000000000121F1                 call    memmove
.text:00000000000121F6                 jmp     loc_12472
.text:00000000000121FB ; ---------------------------------------------------------------------------
.text:00000000000121FB
.text:00000000000121FB loc_121FB:                              ; CODE XREF: sub_1191C+8CA↑j
.text:00000000000121FB                 movzx   r8d, word ptr [rdx+58h] ; MaxCount
.text:0000000000012200                 lea     rcx, [rdi+rsi+20h] ; Dst
.text:0000000000012205                 mov     rdx, [rdx+60h]  ; Src
.text:0000000000012209                 call    memmove
.text:000000000001220E                 jmp     loc_12472
.text:0000000000012213 ; ---------------------------------------------------------------------------
.text:0000000000012213
.text:0000000000012213 loc_12213:                              ; CODE XREF: sub_1191C+8BF↑j
.text:0000000000012213                 mov     word ptr [rdi+rsi+8], 1
.text:000000000001221A                 mov     rcx, [rsp+208h+Object]
.text:000000000001221F                 mov     rcx, [rcx+8]    ; VirtualAddress
.text:0000000000012223                 call    cs:MmIsAddressValid ; ntoskrnl
.text:0000000000012229                 cmp     al, bl
.text:000000000001222B                 jz      loc_12404
.text:0000000000012231                 mov     rcx, [rsp+208h+Object]
.text:0000000000012236                 mov     rcx, [rcx+10h]  ; VirtualAddress
.text:000000000001223A                 call    cs:MmIsAddressValid ; ntoskrnl
.text:0000000000012240                 cmp     al, bl
.text:0000000000012242                 jz      loc_12404
.text:0000000000012248                 mov     rax, [rsp+208h+Object]
.text:000000000001224D                 cmp     [rax+10h], rbx
.text:0000000000012251                 jz      loc_12409
.text:0000000000012257                 mov     r13, [rsp+208h+var_1B0]
.text:000000000001225C                 lea     r9, [rsp+208h+var_188] ; ReturnLength
.text:0000000000012264                 mov     r8d, 104h       ; Length
.text:000000000001226A                 lea     rdx, [r13+191C8Eh] ; ObjectNameInfo
.text:0000000000012271                 mov     rcx, [rax+8]    ; Object
.text:0000000000012275                 call    cs:ObQueryNameString ; ntoskrnl
.text:000000000001227B                 cmp     eax, ebx
.text:000000000001227D                 jl      loc_1245F
.text:0000000000012283                 cmp     qword ptr [rsp+208h+var_188], rbx
.text:000000000001228B                 jz      loc_12458
.text:0000000000012291                 cmp     [r13+191C8Eh], bx
.text:0000000000012299                 jz      loc_1246D
.text:000000000001229F                 cmp     [r13+191C96h], rbx
.text:00000000000122A6                 jz      loc_12466
.text:00000000000122AC                 cmp     cs:dword_1F128, ebx
.text:00000000000122B2                 jz      short loc_122D3
.text:00000000000122B4                 lea     rcx, aEnd64Getfileha_11 ; "END64::GetFileHandles2(588):"
.text:00000000000122BB                 call    DbgPrint
.text:00000000000122C0                 lea     rdx, [r13+191C8Eh]
.text:00000000000122C7                 lea     rcx, aFilehanleObjec ; "FileHanle Objectname [%wZ]\n"
.text:00000000000122CE                 call    DbgPrint
.text:00000000000122D3
.text:00000000000122D3 loc_122D3:                              ; CODE XREF: sub_1191C+996↑j
.text:00000000000122D3                 mov     r12, [r13+191C96h]
.text:00000000000122DA                 movzx   r8d, word ptr [r13+191C8Eh]
.text:00000000000122E2                 mov     rdx, r12
.text:00000000000122E5                 mov     rcx, r13
.text:00000000000122E8                 call    sub_118AC
.text:00000000000122ED                 mov     r11, rax
.text:00000000000122F0                 mov     [rsp+208h+var_170], rax
.text:00000000000122F8                 cmp     rax, 0FFFFFFFFFFFFFFFFh
.text:00000000000122FC                 jnz     short loc_12363
.text:00000000000122FE                 cmp     word ptr [r12+2], 44h ; 'D'
.text:0000000000012305                 jnz     short loc_12381
.text:0000000000012307                 cmp     word ptr [r12+4], 65h ; 'e'
.text:000000000001230E                 jnz     short loc_1237C
.text:0000000000012310                 cmp     word ptr [r12+6], 76h ; 'v'
.text:0000000000012317                 jnz     short loc_12377
.text:0000000000012319                 cmp     word ptr [r12+8], 69h ; 'i'
.text:0000000000012320                 jnz     short loc_12372
.text:0000000000012322                 cmp     word ptr [r12+0Ah], 63h ; 'c'
.text:0000000000012329                 jnz     short loc_1236D
.text:000000000001232B                 cmp     word ptr [r12+0Ch], 65h ; 'e'
.text:0000000000012332                 jnz     short loc_12368
.text:0000000000012334                 mov     r12, r13
.text:0000000000012337                 mov     rcx, r13
.text:000000000001233A                 call    sub_11224
.text:000000000001233F                 movzx   r8d, word ptr [r13+191C8Eh]
.text:0000000000012347                 mov     rdx, [r13+191C96h]
.text:000000000001234E                 mov     rcx, r13
.text:0000000000012351                 call    sub_118AC
.text:0000000000012356                 mov     r11, rax
.text:0000000000012359                 mov     [rsp+208h+var_170], rax
.text:0000000000012361                 jmp     short loc_12384
.text:0000000000012363 ; ---------------------------------------------------------------------------
.text:0000000000012363
.text:0000000000012363 loc_12363:                              ; CODE XREF: sub_1191C+9E0↑j
.text:0000000000012363                 mov     r12, r13
.text:0000000000012366                 jmp     short loc_12384
.text:0000000000012368 ; ---------------------------------------------------------------------------
.text:0000000000012368
.text:0000000000012368 loc_12368:                              ; CODE XREF: sub_1191C+A16↑j
.text:0000000000012368                 mov     r12, r13
.text:000000000001236B                 jmp     short loc_12384
.text:000000000001236D ; ---------------------------------------------------------------------------
.text:000000000001236D
.text:000000000001236D loc_1236D:                              ; CODE XREF: sub_1191C+A0D↑j
.text:000000000001236D                 mov     r12, r13
.text:0000000000012370                 jmp     short loc_12384
.text:0000000000012372 ; ---------------------------------------------------------------------------
.text:0000000000012372
.text:0000000000012372 loc_12372:                              ; CODE XREF: sub_1191C+A04↑j
.text:0000000000012372                 mov     r12, r13
.text:0000000000012375                 jmp     short loc_12384
.text:0000000000012377 ; ---------------------------------------------------------------------------
.text:0000000000012377
.text:0000000000012377 loc_12377:                              ; CODE XREF: sub_1191C+9FB↑j
.text:0000000000012377                 mov     r12, r13
.text:000000000001237A                 jmp     short loc_12384
.text:000000000001237C ; ---------------------------------------------------------------------------
.text:000000000001237C
.text:000000000001237C loc_1237C:                              ; CODE XREF: sub_1191C+9F2↑j
.text:000000000001237C                 mov     r12, r13
.text:000000000001237F                 jmp     short loc_12384
.text:0000000000012381 ; ---------------------------------------------------------------------------
.text:0000000000012381
.text:0000000000012381 loc_12381:                              ; CODE XREF: sub_1191C+9E9↑j
.text:0000000000012381                 mov     r12, r13
.text:0000000000012384
.text:0000000000012384 loc_12384:                              ; CODE XREF: sub_1191C+A45↑j
.text:0000000000012384                                         ; sub_1191C+A4A↑j ...
.text:0000000000012384                 cmp     r11, 0FFFFFFFFFFFFFFFFh
.text:0000000000012388                 jz      short loc_123E5
.text:000000000001238A                 mov     eax, [r12+r11*8+18E470h]
.text:0000000000012392                 mov     [rdi+rsi+0Ah], eax
.text:0000000000012396                 movzx   eax, word ptr [r12+r11*8+18E474h]
.text:000000000001239F                 mov     [rdi+rsi+0Eh], ax
.text:00000000000123A4                 mov     rax, [rsp+208h+Object]
.text:00000000000123A9                 mov     rdx, [rax+60h]  ; Src
.text:00000000000123AD                 cmp     word ptr [rdx], 5Ch ; '\'
.text:00000000000123B1                 jnz     short loc_123CC
.text:00000000000123B3                 movzx   r8d, word ptr [rax+58h] ; MaxCount
.text:00000000000123B8                 lea     rcx, [rdi+rsi+0Eh] ; Dst
.text:00000000000123BD                 call    memmove
.text:00000000000123C2                 mov     r13, [rsp+208h+var_1A8]
.text:00000000000123C7                 jmp     loc_12472
.text:00000000000123CC ; ---------------------------------------------------------------------------
.text:00000000000123CC
.text:00000000000123CC loc_123CC:                              ; CODE XREF: sub_1191C+A95↑j
.text:00000000000123CC                 movzx   r8d, word ptr [rax+58h] ; MaxCount
.text:00000000000123D1                 lea     rcx, [rdi+rsi+10h] ; Dst
.text:00000000000123D6                 call    memmove
.text:00000000000123DB                 mov     r13, [rsp+208h+var_1A8]
.text:00000000000123E0                 jmp     loc_12472
.text:00000000000123E5 ; ---------------------------------------------------------------------------
.text:00000000000123E5
.text:00000000000123E5 loc_123E5:                              ; CODE XREF: sub_1191C+A6C↑j
.text:00000000000123E5                 mov     rdx, [rsp+208h+Object]
.text:00000000000123EA                 movzx   r8d, word ptr [rdx+58h] ; MaxCount
.text:00000000000123EF                 lea     rcx, [rdi+rsi+0Ah] ; Dst
.text:00000000000123F4                 mov     rdx, [rdx+60h]  ; Src
.text:00000000000123F8                 call    memmove
.text:00000000000123FD                 mov     r13, [rsp+208h+var_1A8]
.text:0000000000012402                 jmp     short loc_12472
.text:0000000000012404 ; ---------------------------------------------------------------------------
.text:0000000000012404
.text:0000000000012404 loc_12404:                              ; CODE XREF: sub_1191C+90F↑j
.text:0000000000012404                                         ; sub_1191C+926↑j
.text:0000000000012404                 mov     rax, [rsp+208h+Object]
.text:0000000000012409
.text:0000000000012409 loc_12409:                              ; CODE XREF: sub_1191C+935↑j
.text:0000000000012409                 movzx   ecx, word ptr [rax+58h]
.text:000000000001240D                 mov     eax, 106h
.text:0000000000012412                 sub     eax, ecx
.text:0000000000012414                 movsxd  r8, eax         ; Size
.text:0000000000012417                 shr     rcx, 1
.text:000000000001241A                 mov     rax, r13
.text:000000000001241D                 imul    rax, 10Bh
.text:0000000000012424                 add     rcx, rax
.text:0000000000012427                 lea     rcx, [rsi+rcx*2+0Ah] ; Dst
.text:000000000001242C                 xor     edx, edx        ; Val
.text:000000000001242E                 call    memset
.text:0000000000012433                 mov     rdx, [rsp+208h+Object]
.text:0000000000012438                 movzx   r8d, word ptr [rdx+58h] ; MaxCount
.text:000000000001243D                 lea     rcx, [rdi+rsi+0Ah] ; Dst
.text:0000000000012442                 mov     rdx, [rdx+60h]  ; Src
.text:0000000000012446                 call    memmove
.text:000000000001244B                 jmp     short loc_12472
.text:000000000001244D ; ---------------------------------------------------------------------------
.text:000000000001244D
.text:000000000001244D loc_1244D:                              ; CODE XREF: sub_1191C+85F↑j
.text:000000000001244D                 mov     rax, [rsp+208h+Dst]
.text:0000000000012452                 mov     [rax+r13*8], r14
.text:0000000000012456                 jmp     short loc_12472
.text:0000000000012458 ; ---------------------------------------------------------------------------
.text:0000000000012458
.text:0000000000012458 loc_12458:                              ; CODE XREF: sub_1191C+96F↑j
.text:0000000000012458                 mov     r13, [rsp+208h+var_1A8]
.text:000000000001245D                 jmp     short loc_12472
.text:000000000001245F ; ---------------------------------------------------------------------------
.text:000000000001245F
.text:000000000001245F loc_1245F:                              ; CODE XREF: sub_1191C+961↑j
.text:000000000001245F                 mov     r13, [rsp+208h+var_1A8]
.text:0000000000012464                 jmp     short loc_12472
.text:0000000000012466 ; ---------------------------------------------------------------------------
.text:0000000000012466
.text:0000000000012466 loc_12466:                              ; CODE XREF: sub_1191C+98A↑j
.text:0000000000012466                 mov     r13, [rsp+208h+var_1A8]
.text:000000000001246B                 jmp     short loc_12472
.text:000000000001246D ; ---------------------------------------------------------------------------
.text:000000000001246D
.text:000000000001246D loc_1246D:                              ; CODE XREF: sub_1191C+97D↑j
.text:000000000001246D                 mov     r13, [rsp+208h+var_1A8]
.text:0000000000012472
.text:0000000000012472 loc_12472:                              ; CODE XREF: sub_1191C+8B4↑j
.text:0000000000012472                                         ; sub_1191C+8DA↑j ...
.text:0000000000012472                 add     r13, 1
.text:0000000000012476                 mov     [rsp+208h+var_1A8], r13
.text:000000000001247B                 mov     rcx, [rsp+208h+Object] ; Object
.text:0000000000012480                 call    cs:ObfDereferenceObject ; ntoskrnl
.text:0000000000012486                 jmp     loc_1287C
.text:000000000001248B ; ---------------------------------------------------------------------------
.text:000000000001248B
.text:000000000001248B loc_1248B:                              ; CODE XREF: sub_1191C+374↑j
.text:000000000001248B                                         ; sub_1191C+387↑j ...
.text:000000000001248B                 mov     rcx, [rsp+208h+Object]
.text:0000000000012490
.text:0000000000012490 loc_12490:                              ; CODE XREF: sub_1191C+396↑j
.text:0000000000012490                                         ; sub_1191C+3CE↑j ...
.text:0000000000012490                 mov     rcx, [rcx+8]    ; VirtualAddress
.text:0000000000012494                 call    cs:MmIsAddressValid ; ntoskrnl
.text:000000000001249A                 cmp     al, bl
.text:000000000001249C                 jz      loc_12864
.text:00000000000124A2                 mov     rcx, [rsp+208h+Object]
.text:00000000000124A7                 add     rcx, 58h ; 'X'  ; VirtualAddress
.text:00000000000124AB                 call    cs:MmIsAddressValid ; ntoskrnl
.text:00000000000124B1                 cmp     al, bl
.text:00000000000124B3                 jz      loc_12864
.text:00000000000124B9                 mov     rcx, [rsp+208h+Object]
.text:00000000000124BE                 add     rcx, 58h ; 'X'  ; VirtualAddress
.text:00000000000124C2                 call    cs:MmIsAddressValid ; ntoskrnl
.text:00000000000124C8                 cmp     al, bl
.text:00000000000124CA                 jz      loc_12864
.text:00000000000124D0                 mov     rcx, [rsp+208h+Object] ; VirtualAddress
.text:00000000000124D5                 cmp     [rcx+58h], bx
.text:00000000000124D9                 jnz     loc_12869
.text:00000000000124DF                 cmp     [rcx+60h], rbx
.text:00000000000124E3                 jnz     loc_12869
.text:00000000000124E9                 call    cs:MmIsAddressValid ; ntoskrnl
.text:00000000000124EF                 cmp     al, bl
.text:00000000000124F1                 jz      loc_12864
.text:00000000000124F7                 mov     rcx, [rsp+208h+Object]
.text:00000000000124FC                 cmp     word ptr [rcx], 5
.text:0000000000012500                 jnz     loc_12869
.text:0000000000012506                 add     rcx, 2          ; VirtualAddress
.text:000000000001250A                 call    cs:MmIsAddressValid ; ntoskrnl
.text:0000000000012510                 cmp     al, bl
.text:0000000000012512                 jz      loc_12864
.text:0000000000012518                 mov     rcx, [rsp+208h+Object]
.text:000000000001251D                 cmp     [rcx+2], bx
.text:0000000000012521                 jz      loc_12869
.text:0000000000012527                 mov     rcx, [rcx+8]
.text:000000000001252B                 mov     rcx, [rcx+8]    ; VirtualAddress
.text:000000000001252F                 call    cs:MmIsAddressValid ; ntoskrnl
.text:0000000000012535                 cmp     al, bl
.text:0000000000012537                 jz      loc_12857
.text:000000000001253D                 mov     rax, [rsp+208h+Object]
.text:0000000000012542                 mov     rcx, [rax+8]
.text:0000000000012546                 mov     rcx, [rcx+8]
.text:000000000001254A                 mov     rax, 0FFFFF00000000000h
.text:0000000000012554                 test    rax, rcx
.text:0000000000012557                 jz      loc_12857
.text:000000000001255D                 add     rcx, 38h ; '8'  ; VirtualAddress
.text:0000000000012561                 call    cs:MmIsAddressValid ; ntoskrnl
.text:0000000000012567                 cmp     al, bl
.text:0000000000012569                 jz      short loc_1257E
.text:000000000001256B                 mov     rax, [rsp+208h+Object]
.text:0000000000012570                 mov     rcx, [rax+8]
.text:0000000000012574                 mov     r12, [rcx+8]
.text:0000000000012578                 add     r12, 38h ; '8'
.text:000000000001257C                 jmp     short loc_12581
.text:000000000001257E ; ---------------------------------------------------------------------------
.text:000000000001257E
.text:000000000001257E loc_1257E:                              ; CODE XREF: sub_1191C+C4D↑j
.text:000000000001257E                 mov     r12, rbx
.text:0000000000012581
.text:0000000000012581 loc_12581:                              ; CODE XREF: sub_1191C+C60↑j
.text:0000000000012581                 cmp     r12, rbx
.text:0000000000012584                 jz      loc_12857
.text:000000000001258A                 mov     rcx, r12        ; VirtualAddress
.text:000000000001258D                 call    cs:MmIsAddressValid ; ntoskrnl
.text:0000000000012593                 cmp     al, bl
.text:0000000000012595                 jz      loc_12857
.text:000000000001259B                 mov     rcx, r12        ; VirtualAddress
.text:000000000001259E                 call    cs:MmIsAddressValid ; ntoskrnl
.text:00000000000125A4                 cmp     al, bl
.text:00000000000125A6                 jz      loc_12857
.text:00000000000125AC                 cmp     [r12], bx
.text:00000000000125B1                 jz      loc_12857
.text:00000000000125B7                 cmp     word ptr [r12], 106h
.text:00000000000125BE                 jnb     loc_12857
.text:00000000000125C4                 test    byte ptr [r12], 1
.text:00000000000125C9                 jnz     loc_12857
.text:00000000000125CF                 mov     rcx, [r12+8]    ; VirtualAddress
.text:00000000000125D4                 call    cs:MmIsAddressValid ; ntoskrnl
.text:00000000000125DA                 cmp     al, bl
.text:00000000000125DC                 jz      loc_12857
.text:00000000000125E2                 mov     dil, [rsp+208h+var_1C8]
.text:00000000000125E7                 cmp     dil, bl
.text:00000000000125EA                 jz      loc_1270A
.text:00000000000125F0                 mov     rdi, r13
.text:00000000000125F3                 imul    rdi, 216h
.text:00000000000125FA                 mov     [rdi+rsi], r14
.text:00000000000125FE                 mov     rax, [rsp+208h+Object]
.text:0000000000012603                 mov     rcx, [rax+10h]
.text:0000000000012607                 neg     rcx
.text:000000000001260A                 sbb     eax, eax
.text:000000000001260C                 add     eax, 2
.text:000000000001260F                 mov     [rdi+rsi+8], ax
.text:0000000000012614                 movzx   ecx, word ptr [r12]
.text:0000000000012619                 mov     eax, 20Ch
.text:000000000001261E                 sub     eax, ecx
.text:0000000000012620                 movsxd  r8, eax         ; Size
.text:0000000000012623                 shr     rcx, 1
.text:0000000000012626                 mov     rax, r13
.text:0000000000012629                 imul    rax, 10Bh
.text:0000000000012630                 add     rcx, rax
.text:0000000000012633                 lea     rcx, [rsi+rcx*2+0Ah] ; Dst
.text:0000000000012638                 xor     edx, edx        ; Val
.text:000000000001263A                 call    memset
.text:000000000001263F                 movzx   r8d, word ptr [r12] ; MaxCount
.text:0000000000012644                 lea     rcx, [rdi+rsi+0Ah] ; Dst
.text:0000000000012649                 mov     rdx, [r12+8]    ; Src
.text:000000000001264E                 call    memmove
.text:0000000000012653                 cmp     word ptr [rdi+rsi+0Ch], 44h ; 'D'
.text:0000000000012659                 jnz     loc_126FC
.text:000000000001265F                 cmp     word ptr [rdi+rsi+0Eh], 72h ; 'r'
.text:0000000000012665                 jnz     loc_126FC
.text:000000000001266B                 cmp     word ptr [rdi+rsi+10h], 69h ; 'i'
.text:0000000000012671                 jnz     loc_126FC
.text:0000000000012677                 cmp     word ptr [rdi+rsi+12h], 76h ; 'v'
.text:000000000001267D                 jnz     short loc_126FC
.text:000000000001267F                 cmp     word ptr [rdi+rsi+14h], 65h ; 'e'
.text:0000000000012685                 jnz     short loc_126FC
.text:0000000000012687                 cmp     word ptr [rdi+rsi+16h], 72h ; 'r'
.text:000000000001268D                 jnz     short loc_126FC
.text:000000000001268F                 cmp     word ptr [rdi+rsi+18h], 5Ch ; '\'
.text:0000000000012695                 jnz     short loc_126FC
.text:0000000000012697                 mov     word ptr [rdi+rsi+0Ch], 44h ; 'D'
.text:000000000001269E                 mov     word ptr [rdi+rsi+0Eh], 65h ; 'e'
.text:00000000000126A5                 mov     word ptr [rdi+rsi+10h], 76h ; 'v'
.text:00000000000126AC                 mov     word ptr [rdi+rsi+12h], 69h ; 'i'
.text:00000000000126B3                 mov     word ptr [rdi+rsi+14h], 63h ; 'c'
.text:00000000000126BA                 mov     word ptr [rdi+rsi+16h], 65h ; 'e'
.text:00000000000126C1                 cmp     cs:dword_1F128, ebx
.text:00000000000126C7                 jz      short loc_126EE
.text:00000000000126C9                 lea     rcx, aEnd64Getfileha_12 ; "END64::GetFileHandles2(668):"
.text:00000000000126D0                 call    DbgPrint
.text:00000000000126D5                 movzx   r8d, word ptr [r12]
.text:00000000000126DA                 mov     r9, [r12+8]
.text:00000000000126DF                 mov     rdx, r14
.text:00000000000126E2                 lea     rcx, aFileHandle388x ; "File Handle3[%8.8X]-Len[%d] [%.128ws]\n"
.text:00000000000126E9                 call    DbgPrint
.text:00000000000126EE
.text:00000000000126EE loc_126EE:                              ; CODE XREF: sub_1191C+DAB↑j
.text:00000000000126EE                 mov     word ptr [rdi+rsi+8], 2
.text:00000000000126F5                 mov     dil, [rsp+208h+var_1C8]
.text:00000000000126FA                 jmp     short loc_12713
.text:00000000000126FC ; ---------------------------------------------------------------------------
.text:00000000000126FC
.text:00000000000126FC loc_126FC:                              ; CODE XREF: sub_1191C+D3D↑j
.text:00000000000126FC                                         ; sub_1191C+D49↑j ...
.text:00000000000126FC                 mov     word ptr [rdi+rsi+8], 1
.text:0000000000012703                 mov     dil, [rsp+208h+var_1C8]
.text:0000000000012708                 jmp     short loc_12713
.text:000000000001270A ; ---------------------------------------------------------------------------
.text:000000000001270A
.text:000000000001270A loc_1270A:                              ; CODE XREF: sub_1191C+CCE↑j
.text:000000000001270A                 mov     rax, [rsp+208h+Dst]
.text:000000000001270F                 mov     [rax+r13*8], r14
.text:0000000000012713
.text:0000000000012713 loc_12713:                              ; CODE XREF: sub_1191C+DDE↑j
.text:0000000000012713                                         ; sub_1191C+DEC↑j
.text:0000000000012713                 cmp     cs:dword_1F128, ebx
.text:0000000000012719                 jz      short loc_1276E
.text:000000000001271B                 lea     rcx, aEnd64Getfileha_13 ; "END64::GetFileHandles2(681):"
.text:0000000000012722                 call    DbgPrint
.text:0000000000012727                 mov     r11, [rsp+208h+Object]
.text:000000000001272C                 mov     r8d, [r11+50h]
.text:0000000000012730                 movzx   ecx, word ptr [r12]
.text:0000000000012735                 mov     r9d, r8d
.text:0000000000012738                 and     r9d, 100h
.text:000000000001273F                 mov     rax, [r12+8]
.text:0000000000012744                 mov     [rsp+208h+var_1D0], rax
.text:0000000000012749                 mov     dword ptr [rsp+208h+var_1D8], ecx
.text:000000000001274D                 mov     rax, [r11+20h]
.text:0000000000012751                 mov     [rsp+208h+var_1E0], rax
.text:0000000000012756                 mov     rax, [r11+18h]
.text:000000000001275A                 mov     [rsp+208h+ReturnLength], rax
.text:000000000001275F                 mov     rdx, r14
.text:0000000000012762                 lea     rcx, aFileHandle488x ; "File Handle4[%8.8X]-OF[%8.8X][%3.3X] Fs"...
.text:0000000000012769                 call    DbgPrint
.text:000000000001276E
.text:000000000001276E loc_1276E:                              ; CODE XREF: sub_1191C+DFD↑j
.text:000000000001276E                 cmp     dil, bl
.text:0000000000012771                 jz      loc_1284E
.text:0000000000012777                 mov     rax, r13
.text:000000000001277A                 imul    rax, 216h
.text:0000000000012781                 cmp     word ptr [rax+rsi+8], 2
.text:0000000000012787                 jnz     loc_1284E
.text:000000000001278D                 mov     rcx, [rsp+208h+Object]
.text:0000000000012792                 mov     rcx, [rcx+18h]  ; VirtualAddress
.text:0000000000012796                 call    cs:MmIsAddressValid ; ntoskrnl
.text:000000000001279C                 cmp     al, bl
.text:000000000001279E                 jz      loc_12829
.text:00000000000127A4                 mov     rdi, [rsp+208h+Object]
.text:00000000000127A9                 cmp     qword ptr [rdi+20h], 1
.text:00000000000127AE                 jnz     short loc_12829
.text:00000000000127B0                 mov     rdi, [rdi+18h]
.text:00000000000127B4                 lea     rcx, [rdi-4]    ; VirtualAddress
.text:00000000000127B8                 call    cs:MmIsAddressValid ; ntoskrnl
.text:00000000000127BE                 cmp     al, bl
.text:00000000000127C0                 jz      short loc_12804
.text:00000000000127C2                 cmp     byte ptr [rdi-4], 54h ; 'T'
.text:00000000000127C6                 jnz     short loc_127DF
.text:00000000000127C8                 cmp     byte ptr [rdi-3], 43h ; 'C'
.text:00000000000127CC                 jnz     short loc_127DF
.text:00000000000127CE                 cmp     byte ptr [rdi-2], 50h ; 'P'
.text:00000000000127D2                 jnz     short loc_127DF
.text:00000000000127D4                 add     r13, 1
.text:00000000000127D8                 mov     [rsp+208h+var_1A8], r13
.text:00000000000127DD                 jmp     short loc_12857
.text:00000000000127DF ; ---------------------------------------------------------------------------
.text:00000000000127DF
.text:00000000000127DF loc_127DF:                              ; CODE XREF: sub_1191C+EAA↑j
.text:00000000000127DF                                         ; sub_1191C+EB0↑j ...
.text:00000000000127DF                 cmp     cs:dword_1F128, ebx
.text:00000000000127E5                 jz      short loc_12857
.text:00000000000127E7                 lea     rcx, aEnd64Getfileha_14 ; "END64::GetFileHandles2(692):"
.text:00000000000127EE                 call    DbgPrint
.text:00000000000127F3                 mov     rdx, r14
.text:00000000000127F6                 lea     rcx, aPhantomHandle7 ; "Phantom Handle7[%8.8X]!!!\n"
.text:00000000000127FD                 call    DbgPrint
.text:0000000000012802                 jmp     short loc_12857
.text:0000000000012804 ; ---------------------------------------------------------------------------
.text:0000000000012804
.text:0000000000012804 loc_12804:                              ; CODE XREF: sub_1191C+EA4↑j
.text:0000000000012804                 cmp     cs:dword_1F128, ebx
.text:000000000001280A                 jz      short loc_12857
.text:000000000001280C                 lea     rcx, aEnd64Getfileha_15 ; "END64::GetFileHandles2(694):"
.text:0000000000012813                 call    DbgPrint
.text:0000000000012818                 mov     rdx, r14
.text:000000000001281B                 lea     rcx, aPhantomHandle6 ; "Phantom Handle6[%8.8X]!!!\n"
.text:0000000000012822                 call    DbgPrint
.text:0000000000012827                 jmp     short loc_12857
.text:0000000000012829 ; ---------------------------------------------------------------------------
.text:0000000000012829
.text:0000000000012829 loc_12829:                              ; CODE XREF: sub_1191C+E82↑j
.text:0000000000012829                                         ; sub_1191C+E92↑j
.text:0000000000012829                 cmp     cs:dword_1F128, ebx
.text:000000000001282F                 jz      short loc_12857
.text:0000000000012831                 lea     rcx, aEnd64Getfileha_16 ; "END64::GetFileHandles2(696):"
.text:0000000000012838                 call    DbgPrint
.text:000000000001283D                 mov     rdx, r14
.text:0000000000012840                 lea     rcx, aPhantomHandle5 ; "Phantom Handle5[%8.8X]!!!\n"
.text:0000000000012847                 call    DbgPrint
.text:000000000001284C                 jmp     short loc_12857
.text:000000000001284E ; ---------------------------------------------------------------------------
.text:000000000001284E
.text:000000000001284E loc_1284E:                              ; CODE XREF: sub_1191C+E55↑j
.text:000000000001284E                                         ; sub_1191C+E6B↑j
.text:000000000001284E                 add     r13, 1
.text:0000000000012852                 mov     [rsp+208h+var_1A8], r13
.text:0000000000012857
.text:0000000000012857 loc_12857:                              ; CODE XREF: sub_1191C+C1B↑j
.text:0000000000012857                                         ; sub_1191C+C3B↑j ...
.text:0000000000012857                 mov     rcx, [rsp+208h+Object] ; Object
.text:000000000001285C                 call    cs:ObfDereferenceObject ; ntoskrnl
.text:0000000000012862                 jmp     short loc_1287C
.text:0000000000012864 ; ---------------------------------------------------------------------------
.text:0000000000012864
.text:0000000000012864 loc_12864:                              ; CODE XREF: sub_1191C+B80↑j
.text:0000000000012864                                         ; sub_1191C+B97↑j ...
.text:0000000000012864                 mov     rcx, [rsp+208h+Object] ; Object
.text:0000000000012869
.text:0000000000012869 loc_12869:                              ; CODE XREF: sub_1191C+BBD↑j
.text:0000000000012869                                         ; sub_1191C+BC7↑j ...
.text:0000000000012869                 call    cs:ObfDereferenceObject ; ntoskrnl
.text:000000000001286F                 jmp     short loc_1287C
.text:0000000000012871 ; ---------------------------------------------------------------------------
.text:0000000000012871
.text:0000000000012871 loc_12871:                              ; CODE XREF: sub_1191C+346↑j
.text:0000000000012871                                         ; sub_1191C+35D↑j
.text:0000000000012871                 mov     rcx, [rsp+208h+Object] ; Object
.text:0000000000012876                 call    cs:ObfDereferenceObject ; ntoskrnl
.text:000000000001287C
.text:000000000001287C loc_1287C:                              ; CODE XREF: sub_1191C+B6A↑j
.text:000000000001287C                                         ; sub_1191C+F46↑j ...
.text:000000000001287C                 mov     r12, [rsp+208h+var_180]
.text:0000000000012884                 jmp     short loc_12901
.text:0000000000012884 ;   } // starts at 11C55
.text:0000000000012886 ; ---------------------------------------------------------------------------
.text:0000000000012886
.text:0000000000012886 loc_12886:                              ; DATA XREF: .rdata:000000000001E5F0↓o
.text:0000000000012886 ;   __except(1) // owned by 11C55
.text:0000000000012886                 xor     ebx, ebx
.text:0000000000012888                 cmp     cs:dword_1F128, ebx
.text:000000000001288E                 jz      short loc_128B2
.text:0000000000012890                 lea     rcx, aEnd64Getfileha_20 ; "END64::GetFileHandles2(709):"
.text:0000000000012897                 call    DbgPrint
.text:000000000001289C                 mov     r14, [rsp+208h+var_198]
.text:00000000000128A1                 mov     rdx, r14
.text:00000000000128A4                 lea     rcx, aHandle88xIsNot ; "Handle[%8.8X] is not a valid!\n"
.text:00000000000128AB                 call    DbgPrint
.text:00000000000128B0                 jmp     short loc_128B7
.text:00000000000128B2 ; ---------------------------------------------------------------------------
.text:00000000000128B2
.text:00000000000128B2 loc_128B2:                              ; CODE XREF: sub_1191C+F72↑j
.text:00000000000128B2                 mov     r14, [rsp+208h+var_198]
.text:00000000000128B7
.text:00000000000128B7 loc_128B7:                              ; CODE XREF: sub_1191C+F94↑j
.text:00000000000128B7                 mov     rcx, [rsp+208h+Object] ; Object
.text:00000000000128BC                 call    cs:ObfDereferenceObject ; ntoskrnl
.text:00000000000128C2                 mov     r12, [rsp+208h+var_180]
.text:00000000000128CA                 mov     rsi, [rsp+208h+var_178]
.text:00000000000128D2                 mov     rax, [rsp+208h+var_158]
.text:00000000000128DA                 mov     [rsp+208h+var_1B0], rax
.text:00000000000128DF                 mov     r15, [rsp+208h+var_168]
.text:00000000000128E7                 mov     rax, [rsp+208h+var_160]
.text:00000000000128EF                 mov     [rsp+208h+Dst], rax
.text:00000000000128F4                 mov     al, [rsp+208h+var_1B8]
.text:00000000000128F8                 mov     [rsp+208h+var_1C8], al
.text:00000000000128FC                 mov     r13, [rsp+208h+var_1A8]
.text:0000000000012901
.text:0000000000012901 loc_12901:                              ; CODE XREF: sub_1191C+333↑j
.text:0000000000012901                                         ; sub_1191C+F68↑j
.text:0000000000012901                 add     r14, 4
.text:0000000000012905                 mov     [rsp+208h+var_198], r14
.text:000000000001290A                 jmp     loc_11B14
.text:000000000001290F ; ---------------------------------------------------------------------------
.text:000000000001290F
.text:000000000001290F loc_1290F:                              ; CODE XREF: sub_1191C+1FF↑j
.text:000000000001290F                                         ; sub_1191C+218↑j ...
.text:000000000001290F                 cmp     r12, r15
.text:0000000000012912                 jz      short loc_12961
.text:0000000000012914                 call    cs:KeDetachProcess ; ntoskrnl
.text:000000000001291A                 cmp     cs:dword_1F128, ebx
.text:0000000000012920                 jz      short loc_12961
.text:0000000000012922                 lea     rcx, aEnd64Getfileha_17 ; "END64::GetFileHandles2(717):"
.text:0000000000012929                 call    DbgPrint
.text:000000000001292E                 mov     rdx, r15
.text:0000000000012931                 lea     rcx, aDetachedFromPi ; "Detached from PID[%8.8X] Process!\n"
.text:0000000000012938                 call    DbgPrint
.text:000000000001293D                 jmp     short loc_12961
.text:000000000001293F ; ---------------------------------------------------------------------------
.text:000000000001293F
.text:000000000001293F loc_1293F:                              ; CODE XREF: sub_1191C+17B↑j
.text:000000000001293F                 cmp     cs:dword_1F128, ebx
.text:0000000000012945                 jz      short loc_12961
.text:0000000000012947                 lea     rcx, aEnd64Getfileha_18 ; "END64::GetFileHandles2(721):"
.text:000000000001294E                 call    DbgPrint
.text:0000000000012953                 mov     edx, edi
.text:0000000000012955                 lea     rcx, aPslookupproces ; "PsLookupProcessByProcessId Failed[%8.8X"...
.text:000000000001295C                 call    DbgPrint
.text:0000000000012961
.text:0000000000012961 loc_12961:                              ; CODE XREF: sub_1191C+FF6↑j
.text:0000000000012961                                         ; sub_1191C+1004↑j ...
.text:0000000000012961                 cmp     cs:dword_1F128, ebx
.text:0000000000012967                 jz      short loc_12984
.text:0000000000012969                 lea     rcx, aEnd64Getfileha_19 ; "END64::GetFileHandles2(723):"
.text:0000000000012970                 call    DbgPrint
.text:0000000000012975                 mov     rdx, r13
.text:0000000000012978                 lea     rcx, aTotalHandleD ; "Total Handle[%d]\n"
.text:000000000001297F                 call    DbgPrint
.text:0000000000012984
.text:0000000000012984 loc_12984:                              ; CODE XREF: sub_1191C+104B↑j
.text:0000000000012984                 mov     rax, r13
.text:0000000000012987
.text:0000000000012987 loc_12987:                              ; CODE XREF: sub_1191C+129↑j
.text:0000000000012987                 mov     rcx, [rsp+208h+var_48]
.text:000000000001298F                 xor     rcx, rsp        ; StackCookie
.text:0000000000012992                 call    __security_check_cookie
.text:0000000000012997                 add     rsp, 1D0h
.text:000000000001299E                 pop     r15
.text:00000000000129A0                 pop     r14
.text:00000000000129A2                 pop     r13
.text:00000000000129A4                 pop     r12
.text:00000000000129A6                 pop     rdi
.text:00000000000129A7                 pop     rsi
.text:00000000000129A8                 pop     rbx
.text:00000000000129A9                 retn
.text:00000000000129A9 ; } // starts at 1191C
.text:00000000000129A9 sub_1191C       endp
.text:00000000000129A9
.text:00000000000129A9 ; ---------------------------------------------------------------------------
.text:00000000000129AA algn_129AA:                             ; DATA XREF: .pdata:0000000000020030↓o
.text:00000000000129AA                 align 10h
.text:00000000000129B0
.text:00000000000129B0 ; =============== S U B R O U T I N E =======================================
.text:00000000000129B0
.text:00000000000129B0
.text:00000000000129B0 ; __int64 __fastcall sub_129B0(__int64, void *, __int64 *, unsigned __int64)
.text:00000000000129B0 sub_129B0       proc near               ; CODE XREF: sub_13E80+88D↓p
.text:00000000000129B0                                         ; sub_13E80+92B↓p
.text:00000000000129B0                                         ; DATA XREF: ...
.text:00000000000129B0
.text:00000000000129B0 ReturnLength    = qword ptr -138h
.text:00000000000129B0 var_130         = dword ptr -130h
.text:00000000000129B0 var_128         = dword ptr -128h
.text:00000000000129B0 Process         = qword ptr -118h
.text:00000000000129B0 var_110         = dword ptr -110h
.text:00000000000129B0 var_108         = qword ptr -108h
.text:00000000000129B0 var_100         = qword ptr -100h
.text:00000000000129B0 var_F8          = qword ptr -0F8h
.text:00000000000129B0 ProcessHandle   = qword ptr -0F0h
.text:00000000000129B0 var_E8          = qword ptr -0E8h
.text:00000000000129B0 var_E0          = qword ptr -0E0h
.text:00000000000129B0 var_D8          = qword ptr -0D8h
.text:00000000000129B0 var_D0          = qword ptr -0D0h
.text:00000000000129B0 var_C8          = qword ptr -0C8h
.text:00000000000129B0 var_C0          = qword ptr -0C0h
.text:00000000000129B0 var_B8          = qword ptr -0B8h
.text:00000000000129B0 var_B0          = qword ptr -0B0h
.text:00000000000129B0 ClientId        = _CLIENT_ID ptr -0A8h
.text:00000000000129B0 ProcessInformation= dword ptr -98h
.text:00000000000129B0 var_90          = qword ptr -90h
.text:00000000000129B0 var_78          = qword ptr -78h
.text:00000000000129B0 var_70          = qword ptr -70h
.text:00000000000129B0 ObjectAttributes= _OBJECT_ATTRIBUTES ptr -68h
.text:00000000000129B0 arg_8           = qword ptr  10h
.text:00000000000129B0 arg_10          = qword ptr  18h
.text:00000000000129B0 arg_18          = byte ptr  20h
.text:00000000000129B0
.text:00000000000129B0 ; __unwind { // __C_specific_handler
.text:00000000000129B0                 mov     [rsp+arg_10], r8
.text:00000000000129B5                 mov     [rsp+arg_8], rdx
.text:00000000000129BA                 push    rbx
.text:00000000000129BB                 push    rsi
.text:00000000000129BC                 push    rdi
.text:00000000000129BD                 push    r12
.text:00000000000129BF                 push    r13
.text:00000000000129C1                 push    r14
.text:00000000000129C3                 push    r15
.text:00000000000129C5                 sub     rsp, 120h
.text:00000000000129CC                 mov     [rsp+158h+var_E0], r9
.text:00000000000129D1                 mov     rsi, r8
.text:00000000000129D4                 mov     r12, rdx
.text:00000000000129D7                 mov     [rsp+158h+var_108], rcx
.text:00000000000129DC                 xor     ebx, ebx
.text:00000000000129DE                 mov     rdi, rbx
.text:00000000000129E1                 mov     r13, rbx
.text:00000000000129E4                 mov     [rsp+158h+var_D0], rbx
.text:00000000000129EC                 cmp     r9, rbx
.text:00000000000129EF                 setz    r14b
.text:00000000000129F3                 mov     [rsp+158h+arg_18], r14b
.text:00000000000129FB                 cmp     cs:dword_1F128, ebx
.text:0000000000012A01                 jz      short loc_12A33
.text:0000000000012A03                 lea     rcx, aEnd64Getpiddll ; "END64::GetPidDlls(741):"
.text:0000000000012A0A                 call    DbgPrint
.text:0000000000012A0F                 lea     rax, aYes       ; "Yes"
.text:0000000000012A16                 lea     r8, qword_196F0
.text:0000000000012A1D                 cmp     r14b, bl
.text:0000000000012A20                 cmovnz  r8, rax
.text:0000000000012A24                 mov     rdx, r12
.text:0000000000012A27                 lea     rcx, aGetpiddllsPid8 ; "GetPidDlls- Pid[%8.8X] CountOnly[%s]\n"
.text:0000000000012A2E                 call    DbgPrint
.text:0000000000012A33
.text:0000000000012A33 loc_12A33:                              ; CODE XREF: sub_129B0+51↑j
.text:0000000000012A33                 call    cs:IoGetCurrentProcess ; ntoskrnl
.text:0000000000012A39                 mov     rcx, cs:qword_1F130
.text:0000000000012A40                 mov     r15, [rcx+rax]
.text:0000000000012A44                 mov     [rsp+158h+var_E8], r15
.text:0000000000012A49                 cmp     r14b, bl
.text:0000000000012A4C                 jnz     short loc_12A64
.text:0000000000012A4E                 mov     r8, [rsp+158h+var_E0]
.text:0000000000012A53                 imul    r8, 216h        ; Size
.text:0000000000012A5A                 xor     edx, edx        ; Val
.text:0000000000012A5C                 mov     rcx, rsi        ; Dst
.text:0000000000012A5F                 call    memset
.text:0000000000012A64
.text:0000000000012A64 loc_12A64:                              ; CODE XREF: sub_129B0+9C↑j
.text:0000000000012A64                 cmp     r15, r12
.text:0000000000012A67                 jz      loc_12BF0
.text:0000000000012A6D                 mov     [rsp+158h+ClientId.UniqueProcess], r12
.text:0000000000012A75                 mov     [rsp+158h+ClientId.UniqueThread], rbx
.text:0000000000012A7D                 mov     [rsp+158h+ObjectAttributes.Length], 18h
.text:0000000000012A88                 mov     [rsp+158h+ObjectAttributes.RootDirectory], rbx
.text:0000000000012A90                 mov     [rsp+158h+ObjectAttributes.Attributes], ebx
.text:0000000000012A97                 mov     [rsp+158h+ObjectAttributes.ObjectName], rbx
.text:0000000000012A9F                 mov     [rsp+158h+ObjectAttributes.SecurityDescriptor], rbx
.text:0000000000012AA7                 mov     [rsp+158h+ObjectAttributes.SecurityQualityOfService], rbx
.text:0000000000012AAF                 lea     r9, [rsp+158h+ClientId] ; ClientId
.text:0000000000012AB7                 lea     r8, [rsp+158h+ObjectAttributes] ; ObjectAttributes
.text:0000000000012ABF                 mov     edx, 40h ; '@'  ; DesiredAccess
.text:0000000000012AC4                 lea     rcx, [rsp+158h+ProcessHandle] ; ProcessHandle
.text:0000000000012AC9                 call    cs:ZwOpenProcess ; ntoskrnl
.text:0000000000012ACF                 cmp     eax, ebx
.text:0000000000012AD1                 jl      loc_12BE9
.text:0000000000012AD7                 mov     esi, 30h ; '0'
.text:0000000000012ADC                 mov     r8, rsi         ; Size
.text:0000000000012ADF                 xor     edx, edx        ; Val
.text:0000000000012AE1                 lea     rcx, [rsp+158h+ProcessInformation] ; Dst
.text:0000000000012AE9                 call    memset
.text:0000000000012AEE                 lea     r11, [rsp+158h+var_110]
.text:0000000000012AF3                 mov     [rsp+158h+ReturnLength], r11 ; ReturnLength
.text:0000000000012AF8                 mov     r9, rsi         ; ProcessInformationLength
.text:0000000000012AFB                 lea     r8, [rsp+158h+ProcessInformation] ; ProcessInformation
.text:0000000000012B03                 xor     edx, edx        ; ProcessInformationClass
.text:0000000000012B05                 mov     rcx, [rsp+158h+ProcessHandle] ; ProcessHandle
.text:0000000000012B0A                 call    cs:ZwQueryInformationProcess ; ntoskrnl
.text:0000000000012B10                 mov     esi, eax
.text:0000000000012B12                 cmp     eax, ebx
.text:0000000000012B14                 jl      loc_12BBA
.text:0000000000012B1A                 mov     eax, cs:dword_1F128
.text:0000000000012B20                 cmp     eax, ebx
.text:0000000000012B22                 jz      short loc_12B5A
.text:0000000000012B24                 lea     rcx, aEnd64Getpiddll_0 ; "END64::GetPidDlls(768):"
.text:0000000000012B2B                 call    DbgPrint
.text:0000000000012B30                 mov     r9, [rsp+158h+var_90]
.text:0000000000012B38                 mov     r8d, [rsp+158h+ProcessInformation]
.text:0000000000012B40                 mov     rdx, [rsp+158h+var_78]
.text:0000000000012B48                 lea     rcx, aPid88xExitstat ; "PID[%8.8X] ExitStatus[%8.8X] PEB[%8.8X]"...
.text:0000000000012B4F                 call    DbgPrint
.text:0000000000012B54                 mov     eax, cs:dword_1F128
.text:0000000000012B5A
.text:0000000000012B5A loc_12B5A:                              ; CODE XREF: sub_129B0+172↑j
.text:0000000000012B5A                 cmp     [rsp+158h+ProcessInformation], 103h
.text:0000000000012B65                 jz      short loc_12B79
.text:0000000000012B67                 mov     rcx, [rsp+158h+ProcessHandle] ; Handle
.text:0000000000012B6C                 call    cs:ZwClose      ; ntoskrnl
.text:0000000000012B72                 xor     eax, eax
.text:0000000000012B74                 jmp     loc_13082
.text:0000000000012B79 ; ---------------------------------------------------------------------------
.text:0000000000012B79
.text:0000000000012B79 loc_12B79:                              ; CODE XREF: sub_129B0+1B5↑j
.text:0000000000012B79                 mov     r13, [rsp+158h+var_90]
.text:0000000000012B81                 mov     [rsp+158h+var_D0], r13
.text:0000000000012B89                 mov     rsi, [rsp+158h+var_70]
.text:0000000000012B91                 cmp     eax, ebx
.text:0000000000012B93                 jz      short loc_12BDC
.text:0000000000012B95                 lea     rcx, aEnd64Getpiddll_1 ; "END64::GetPidDlls(775):"
.text:0000000000012B9C                 call    DbgPrint
.text:0000000000012BA1                 mov     r8, rsi
.text:0000000000012BA4                 mov     rdx, [rsp+158h+var_90]
.text:0000000000012BAC                 lea     rcx, aOpenprocessPeb ; "OpenProcess PebBaseAddress[%8.8X] Paren"...
.text:0000000000012BB3                 call    DbgPrint
.text:0000000000012BB8                 jmp     short loc_12BDC
.text:0000000000012BBA ; ---------------------------------------------------------------------------
.text:0000000000012BBA
.text:0000000000012BBA loc_12BBA:                              ; CODE XREF: sub_129B0+164↑j
.text:0000000000012BBA                 cmp     cs:dword_1F128, ebx
.text:0000000000012BC0                 jz      short loc_12BDC
.text:0000000000012BC2                 lea     rcx, aEnd64Getpiddll_2 ; "END64::GetPidDlls(778):"
.text:0000000000012BC9                 call    DbgPrint
.text:0000000000012BCE                 mov     edx, esi
.text:0000000000012BD0                 lea     rcx, aZwqueryinforma ; "ZwQueryInformationProcess Failed[%8.8X]"...
.text:0000000000012BD7                 call    DbgPrint
.text:0000000000012BDC
.text:0000000000012BDC loc_12BDC:                              ; CODE XREF: sub_129B0+1E3↑j
.text:0000000000012BDC                                         ; sub_129B0+208↑j ...
.text:0000000000012BDC                 mov     rcx, [rsp+158h+ProcessHandle] ; Handle
.text:0000000000012BE1                 call    cs:ZwClose      ; ntoskrnl
.text:0000000000012BE7                 jmp     short loc_12BF0
.text:0000000000012BE9 ; ---------------------------------------------------------------------------
.text:0000000000012BE9
.text:0000000000012BE9 loc_12BE9:                              ; CODE XREF: sub_129B0+121↑j
.text:0000000000012BE9                 xor     eax, eax
.text:0000000000012BEB                 jmp     loc_13082
.text:0000000000012BF0 ; ---------------------------------------------------------------------------
.text:0000000000012BF0
.text:0000000000012BF0 loc_12BF0:                              ; CODE XREF: sub_129B0+B7↑j
.text:0000000000012BF0                                         ; sub_129B0+237↑j
.text:0000000000012BF0                 cmp     r15, r12
.text:0000000000012BF3                 jnz     short loc_12C2C
.text:0000000000012BF5                 mov     esi, ebx
.text:0000000000012BF7                 call    cs:IoGetCurrentProcess ; ntoskrnl
.text:0000000000012BFD                 mov     [rsp+158h+Process], rax
.text:0000000000012C02                 cmp     cs:dword_1F128, ebx
.text:0000000000012C08                 jz      short loc_12C3B
.text:0000000000012C0A                 lea     rcx, aEnd64Getpiddll_3 ; "END64::GetPidDlls(789):"
.text:0000000000012C11                 call    DbgPrint
.text:0000000000012C16                 mov     r8, [rsp+158h+Process]
.text:0000000000012C1B                 mov     rdx, r12
.text:0000000000012C1E                 lea     rcx, aGetpiddllsPid8_0 ; "GetPidDlls==PID[%8.8X] eProcess[%8.8X] "...
.text:0000000000012C25                 call    DbgPrint
.text:0000000000012C2A                 jmp     short loc_12C3B
.text:0000000000012C2C ; ---------------------------------------------------------------------------
.text:0000000000012C2C
.text:0000000000012C2C loc_12C2C:                              ; CODE XREF: sub_129B0+243↑j
.text:0000000000012C2C                 lea     rdx, [rsp+158h+Process] ; Process
.text:0000000000012C31                 mov     rcx, r12        ; ProcessId
.text:0000000000012C34                 call    PsLookupProcessByProcessId
.text:0000000000012C39                 mov     esi, eax
.text:0000000000012C3B
.text:0000000000012C3B loc_12C3B:                              ; CODE XREF: sub_129B0+258↑j
.text:0000000000012C3B                                         ; sub_129B0+27A↑j
.text:0000000000012C3B                 cmp     esi, ebx
.text:0000000000012C3D                 jl      loc_13010
.text:0000000000012C43                 cmp     cs:dword_1F128, ebx
.text:0000000000012C49                 jz      short loc_12C6B
.text:0000000000012C4B                 lea     rcx, aEnd64Getpiddll_4 ; "END64::GetPidDlls(796):"
.text:0000000000012C52                 call    DbgPrint
.text:0000000000012C57                 mov     r8, [rsp+158h+Process]
.text:0000000000012C5C                 mov     rdx, r12
.text:0000000000012C5F                 lea     rcx, aPid88xEprocess ; "PID[%8.8X] eProcess[%8.8X]\n"
.text:0000000000012C66                 call    DbgPrint
.text:0000000000012C6B
.text:0000000000012C6B loc_12C6B:                              ; CODE XREF: sub_129B0+299↑j
.text:0000000000012C6B                 cmp     r15, r12
.text:0000000000012C6E                 jz      short loc_12C9E
.text:0000000000012C70                 mov     rcx, [rsp+158h+Process] ; Process
.text:0000000000012C75                 call    cs:KeAttachProcess ; ntoskrnl
.text:0000000000012C7B                 cmp     cs:dword_1F128, ebx
.text:0000000000012C81                 jz      short loc_12C9E
.text:0000000000012C83                 lea     rcx, aEnd64Getpiddll_5 ; "END64::GetPidDlls(799):"
.text:0000000000012C8A                 call    DbgPrint
.text:0000000000012C8F                 mov     rdx, r12
.text:0000000000012C92                 lea     rcx, aAttachedToPid8 ; "Attached to PID[%8.8X] Process!\n"
.text:0000000000012C99                 call    DbgPrint
.text:0000000000012C9E
.text:0000000000012C9E loc_12C9E:                              ; CODE XREF: sub_129B0+2BE↑j
.text:0000000000012C9E                                         ; sub_129B0+2D1↑j
.text:0000000000012C9E                 cmp     r13, rbx
.text:0000000000012CA1                 jz      loc_12FE0
.text:0000000000012CA7                 mov     rsi, [r13+18h]
.text:0000000000012CAB
.text:0000000000012CAB loc_12CAB:                              ; DATA XREF: .rdata:000000000001E5C0↓o
.text:0000000000012CAB ;   __try { // __except at loc_12F99
.text:0000000000012CAB                 mov     rsi, [rsi+18h]
.text:0000000000012CAF                 mov     [rsp+158h+var_C0], rsi
.text:0000000000012CB7                 mov     r13, rsi
.text:0000000000012CBA                 mov     [rsp+158h+var_100], rsi
.text:0000000000012CBF                 cmp     r14b, bl
.text:0000000000012CC2                 jnz     loc_12DEB
.text:0000000000012CC8                 mov     rcx, rsi        ; VirtualAddress
.text:0000000000012CCB                 call    cs:MmIsAddressValid ; ntoskrnl
.text:0000000000012CD1                 cmp     al, bl
.text:0000000000012CD3                 jz      loc_12DEB
.text:0000000000012CD9                 mov     rcx, [rsi+50h]
.text:0000000000012CDD                 call    sub_14FE8
.text:0000000000012CE2                 mov     r8, rax
.text:0000000000012CE5                 mov     qword ptr [rsp+158h+var_110], rax
.text:0000000000012CEA                 cmp     cs:dword_1F128, ebx
.text:0000000000012CF0                 jz      short loc_12D18
.text:0000000000012CF2                 lea     rcx, aEnd64Getpiddll_6 ; "END64::GetPidDlls(808):"
.text:0000000000012CF9                 call    DbgPrint
.text:0000000000012CFE                 mov     r8, [rsi+50h]
.text:0000000000012D02                 mov     rdx, qword ptr [rsp+158h+var_110]
.text:0000000000012D07                 lea     rcx, aProcessD128ws ; "Process[%d] [%.128ws]\n"
.text:0000000000012D0E                 call    DbgPrint
.text:0000000000012D13                 mov     r8, qword ptr [rsp+158h+var_110]
.text:0000000000012D18
.text:0000000000012D18 loc_12D18:                              ; CODE XREF: sub_129B0+340↑j
.text:0000000000012D18                 mov     r10, [rsp+158h+var_108]
.text:0000000000012D1D                 lea     rcx, [r10+191A79h]
.text:0000000000012D24                 mov     [rsp+158h+var_D8], rcx
.text:0000000000012D2C                 mov     r9, [rsi+50h]
.text:0000000000012D30                 mov     [rsp+158h+var_B8], r9
.text:0000000000012D38                 mov     rdx, rbx
.text:0000000000012D3B                 mov     [rsp+158h+var_B0], rbx
.text:0000000000012D43
.text:0000000000012D43 loc_12D43:                              ; CODE XREF: sub_129B0+3C1↓j
.text:0000000000012D43                 cmp     rdx, r8
.text:0000000000012D46                 jnb     short loc_12D73
.text:0000000000012D48                 mov     al, [r9]
.text:0000000000012D4B                 mov     [rcx], al
.text:0000000000012D4D                 add     rcx, 1
.text:0000000000012D51                 mov     [rsp+158h+var_D8], rcx
.text:0000000000012D59                 add     r9, 2
.text:0000000000012D5D                 mov     [rsp+158h+var_B8], r9
.text:0000000000012D65                 add     rdx, 1
.text:0000000000012D69                 mov     [rsp+158h+var_B0], rdx
.text:0000000000012D71                 jmp     short loc_12D43
.text:0000000000012D73 ; ---------------------------------------------------------------------------
.text:0000000000012D73
.text:0000000000012D73 loc_12D73:                              ; CODE XREF: sub_129B0+396↑j
.text:0000000000012D73                 mov     [rcx], bl
.text:0000000000012D75                 add     rcx, 1
.text:0000000000012D79                 mov     [rsp+158h+var_D8], rcx
.text:0000000000012D81                 mov     rcx, rbx
.text:0000000000012D84                 mov     [rsp+158h+var_C8], rbx
.text:0000000000012D8C
.text:0000000000012D8C loc_12D8C:                              ; CODE XREF: sub_129B0+40D↓j
.text:0000000000012D8C                 cmp     rcx, r8
.text:0000000000012D8F                 jnb     short loc_12DBF
.text:0000000000012D91                 mov     al, [rcx+r10+191A79h]
.text:0000000000012D99                 cmp     al, 41h ; 'A'
.text:0000000000012D9B                 jb      short loc_12DB1
.text:0000000000012D9D                 cmp     al, 5Ah ; 'Z'
.text:0000000000012D9F                 ja      short loc_12DB1
.text:0000000000012DA1                 add     eax, 20h ; ' '
.text:0000000000012DA4                 mov     [rcx+r10+191A79h], al
.text:0000000000012DAC                 mov     r8, qword ptr [rsp+158h+var_110]
.text:0000000000012DB1
.text:0000000000012DB1 loc_12DB1:                              ; CODE XREF: sub_129B0+3EB↑j
.text:0000000000012DB1                                         ; sub_129B0+3EF↑j
.text:0000000000012DB1                 add     rcx, 1
.text:0000000000012DB5                 mov     [rsp+158h+var_C8], rcx
.text:0000000000012DBD                 jmp     short loc_12D8C
.text:0000000000012DBF ; ---------------------------------------------------------------------------
.text:0000000000012DBF
.text:0000000000012DBF loc_12DBF:                              ; CODE XREF: sub_129B0+3DF↑j
.text:0000000000012DBF                 cmp     cs:dword_1F128, ebx
.text:0000000000012DC5                 jz      short loc_12DEB
.text:0000000000012DC7                 lea     rcx, aEnd64Getpiddll_7 ; "END64::GetPidDlls(814):"
.text:0000000000012DCE                 call    DbgPrint
.text:0000000000012DD3                 mov     rdx, [rsp+158h+var_108]
.text:0000000000012DD8                 add     rdx, 191A79h
.text:0000000000012DDF                 lea     rcx, aProcess128s ; "Process [%.128s]\n"
.text:0000000000012DE6                 call    DbgPrint
.text:0000000000012DEB
.text:0000000000012DEB loc_12DEB:                              ; CODE XREF: sub_129B0+312↑j
.text:0000000000012DEB                                         ; sub_129B0+323↑j ...
.text:0000000000012DEB                 mov     rcx, rsi        ; VirtualAddress
.text:0000000000012DEE                 call    cs:MmIsAddressValid ; ntoskrnl
.text:0000000000012DF4                 cmp     al, bl
.text:0000000000012DF6                 jz      loc_12F97
.text:0000000000012DFC
.text:0000000000012DFC loc_12DFC:                              ; CODE XREF: sub_129B0+5B5↓j
.text:0000000000012DFC                 cmp     cs:dword_1F128, ebx
.text:0000000000012E02                 jz      short loc_12E23
.text:0000000000012E04                 lea     rcx, aEnd64Getpiddll_8 ; "END64::GetPidDlls(864):"
.text:0000000000012E0B                 call    DbgPrint
.text:0000000000012E10                 mov     r8, [rsi+50h]
.text:0000000000012E14                 mov     rdx, rdi
.text:0000000000012E17                 lea     rcx, a2dModule128ws ; "[%2d] Module[%.128ws]\n"
.text:0000000000012E1E                 call    DbgPrint
.text:0000000000012E23
.text:0000000000012E23 loc_12E23:                              ; CODE XREF: sub_129B0+452↑j
.text:0000000000012E23                 cmp     cs:dword_1F128, ebx
.text:0000000000012E29                 jz      short loc_12E6A
.text:0000000000012E2B                 lea     rcx, aEnd64Getpiddll_9 ; "END64::GetPidDlls(866):"
.text:0000000000012E32                 call    DbgPrint
.text:0000000000012E37                 movsx   r11d, word ptr [rsi+72h]
.text:0000000000012E3C                 movsx   eax, word ptr [rsi+70h]
.text:0000000000012E40                 mov     [rsp+158h+var_128], r11d
.text:0000000000012E45                 mov     [rsp+158h+var_130], eax
.text:0000000000012E49                 mov     rax, [rsi+68h]
.text:0000000000012E4D                 mov     [rsp+158h+ReturnLength], rax
.text:0000000000012E52                 mov     r9, [rsi+38h]
.text:0000000000012E56                 mov     r8, [rsi+40h]
.text:0000000000012E5A                 mov     rdx, [rsi+30h]
.text:0000000000012E5E                 lea     rcx, aB88xS88xEp88xF ; "     B[%8.8X] S[%8.8X] eP[%8.8X] F[%8.8"...
.text:0000000000012E65                 call    DbgPrint
.text:0000000000012E6A
.text:0000000000012E6A loc_12E6A:                              ; CODE XREF: sub_129B0+479↑j
.text:0000000000012E6A                 cmp     r14b, bl
.text:0000000000012E6D                 jnz     loc_12F35
.text:0000000000012E73                 cmp     rdi, rbx
.text:0000000000012E76                 jz      loc_12F35
.text:0000000000012E7C                 mov     r15d, 20Ch
.text:0000000000012E82                 mov     r13, rdi
.text:0000000000012E85                 imul    r13, 216h
.text:0000000000012E8C                 mov     rax, [rsi+40h]
.text:0000000000012E90                 mov     rcx, [rsp+158h+arg_10]
.text:0000000000012E98                 mov     [r13+rcx-216h], rax
.text:0000000000012EA0                 movzx   eax, word ptr [rsi+48h]
.text:0000000000012EA4                 cmp     rax, r15
.text:0000000000012EA7                 jnb     short loc_12EAE
.text:0000000000012EA9                 mov     r15, rax
.text:0000000000012EAC                 jmp     short loc_12EC6
.text:0000000000012EAE ; ---------------------------------------------------------------------------
.text:0000000000012EAE
.text:0000000000012EAE loc_12EAE:                              ; CODE XREF: sub_129B0+4F7↑j
.text:0000000000012EAE                 lea     rcx, aEnd64Getpiddll_10 ; "END64::GetPidDlls(873):"
.text:0000000000012EB5                 call    DbgPrint
.text:0000000000012EBA                 lea     rcx, aBufferOverrunC ; "Buffer Overrun condition\n"
.text:0000000000012EC1                 call    DbgPrint
.text:0000000000012EC6
.text:0000000000012EC6 loc_12EC6:                              ; CODE XREF: sub_129B0+4FC↑j
.text:0000000000012EC6                 mov     rax, [rsp+158h+arg_10]
.text:0000000000012ECE                 lea     rcx, [r13+rax-20Ch] ; Dst
.text:0000000000012ED6                 mov     r8, r15         ; MaxCount
.text:0000000000012ED9                 mov     rdx, [rsi+50h]  ; Src
.text:0000000000012EDD                 call    memmove
.text:0000000000012EE2                 mov     r11d, [rsi+68h]
.text:0000000000012EE6                 shr     r11, 15h
.text:0000000000012EEA                 and     r11d, 1
.text:0000000000012EEE                 mov     r15, [rsp+158h+arg_10]
.text:0000000000012EF6                 mov     [r13+r15-20Eh], r11w
.text:0000000000012EFF                 cmp     r11w, bx
.text:0000000000012F03                 jz      short loc_12F30
.text:0000000000012F05                 lea     rdx, [rsi+48h]
.text:0000000000012F09                 mov     rcx, [rsp+158h+var_108]
.text:0000000000012F0E                 call    sub_11008
.text:0000000000012F13                 cmp     al, bl
.text:0000000000012F15                 jnz     short loc_12F29
.text:0000000000012F17                 mov     word ptr [r13+r15-20Eh], 2
.text:0000000000012F22                 mov     r13, [rsp+158h+var_100]
.text:0000000000012F27                 jmp     short loc_12F35
.text:0000000000012F29 ; ---------------------------------------------------------------------------
.text:0000000000012F29
.text:0000000000012F29 loc_12F29:                              ; CODE XREF: sub_129B0+565↑j
.text:0000000000012F29                 mov     r13, [rsp+158h+var_100]
.text:0000000000012F2E                 jmp     short loc_12F35
.text:0000000000012F30 ; ---------------------------------------------------------------------------
.text:0000000000012F30
.text:0000000000012F30 loc_12F30:                              ; CODE XREF: sub_129B0+553↑j
.text:0000000000012F30                 mov     r13, [rsp+158h+var_100]
.text:0000000000012F35
.text:0000000000012F35 loc_12F35:                              ; CODE XREF: sub_129B0+4BD↑j
.text:0000000000012F35                                         ; sub_129B0+4C6↑j ...
.text:0000000000012F35                 add     rdi, 1
.text:0000000000012F39                 mov     [rsp+158h+var_F8], rdi
.text:0000000000012F3E                 cmp     rdi, [rsp+158h+var_E0]
.text:0000000000012F43                 jbe     short loc_12F4A
.text:0000000000012F45                 cmp     r14b, bl
.text:0000000000012F48                 jz      short loc_12F6B
.text:0000000000012F4A
.text:0000000000012F4A loc_12F4A:                              ; CODE XREF: sub_129B0+593↑j
.text:0000000000012F4A                 mov     rsi, [rsi]
.text:0000000000012F4D                 mov     [rsp+158h+var_C0], rsi
.text:0000000000012F55                 mov     rcx, rsi        ; VirtualAddress
.text:0000000000012F58                 call    cs:MmIsAddressValid ; ntoskrnl
.text:0000000000012F5E                 cmp     al, bl
.text:0000000000012F60                 jz      short loc_12F6B
.text:0000000000012F62                 cmp     r13, [rsi]
.text:0000000000012F65                 jnz     loc_12DFC
.text:0000000000012F6B
.text:0000000000012F6B loc_12F6B:                              ; CODE XREF: sub_129B0+598↑j
.text:0000000000012F6B                                         ; sub_129B0+5B0↑j
.text:0000000000012F6B                 cmp     bl, bl
.text:0000000000012F6D                 jz      short loc_12F7D
.text:0000000000012F6F                 cmp     r14b, bl
.text:0000000000012F72                 jz      short loc_12F7D
.text:0000000000012F74                 add     rdi, 1
.text:0000000000012F78                 mov     [rsp+158h+var_F8], rdi
.text:0000000000012F7D
.text:0000000000012F7D loc_12F7D:                              ; CODE XREF: sub_129B0+5BD↑j
.text:0000000000012F7D                                         ; sub_129B0+5C2↑j
.text:0000000000012F7D                 cmp     r14b, bl
.text:0000000000012F80                 jz      short loc_12F92
.text:0000000000012F82                 add     rdi, 0Ah
.text:0000000000012F86                 mov     [rsp+158h+var_F8], rdi
.text:0000000000012F8B                 mov     r15, [rsp+158h+var_E8]
.text:0000000000012F90                 jmp     short loc_12F97
.text:0000000000012F92 ; ---------------------------------------------------------------------------
.text:0000000000012F92
.text:0000000000012F92 loc_12F92:                              ; CODE XREF: sub_129B0+5D0↑j
.text:0000000000012F92                 mov     r15, [rsp+158h+var_E8]
.text:0000000000012F97
.text:0000000000012F97 loc_12F97:                              ; CODE XREF: sub_129B0+446↑j
.text:0000000000012F97                                         ; sub_129B0+5E0↑j
.text:0000000000012F97                 jmp     short loc_12FE0
.text:0000000000012F97 ;   } // starts at 12CAB
.text:0000000000012F99 ; ---------------------------------------------------------------------------
.text:0000000000012F99
.text:0000000000012F99 loc_12F99:                              ; DATA XREF: .rdata:000000000001E5C0↓o
.text:0000000000012F99 ;   __except(1) // owned by 12CAB
.text:0000000000012F99                 xor     ebx, ebx
.text:0000000000012F9B                 cmp     cs:dword_1F128, ebx
.text:0000000000012FA1                 jz      short loc_12FC3
.text:0000000000012FA3                 lea     rcx, aEnd64Getpiddll_14 ; "END64::GetPidDlls(910):"
.text:0000000000012FAA                 call    DbgPrint
.text:0000000000012FAF                 mov     rdx, [rsp+158h+var_D0]
.text:0000000000012FB7                 lea     rcx, aProcmodule88xI ; "ProcModule[%8.8X] is Partial Invalid!\n"
.text:0000000000012FBE                 call    DbgPrint
.text:0000000000012FC3
.text:0000000000012FC3 loc_12FC3:                              ; CODE XREF: sub_129B0+5F1↑j
.text:0000000000012FC3                 mov     rdi, rbx
.text:0000000000012FC6                 mov     [rsp+158h+var_F8], rbx
.text:0000000000012FCB                 mov     r12, [rsp+158h+arg_8]
.text:0000000000012FD3                 mov     r15, [rsp+158h+var_E8]
.text:0000000000012FD8                 mov     r14b, [rsp+158h+arg_18]
.text:0000000000012FE0
.text:0000000000012FE0 loc_12FE0:                              ; CODE XREF: sub_129B0+2F1↑j
.text:0000000000012FE0                                         ; sub_129B0:loc_12F97↑j
.text:0000000000012FE0                 cmp     r15, r12
.text:0000000000012FE3                 jz      short loc_13032
.text:0000000000012FE5                 call    cs:KeDetachProcess ; ntoskrnl
.text:0000000000012FEB                 cmp     cs:dword_1F128, ebx
.text:0000000000012FF1                 jz      short loc_13032
.text:0000000000012FF3                 lea     rcx, aEnd64Getpiddll_11 ; "END64::GetPidDlls(916):"
.text:0000000000012FFA                 call    DbgPrint
.text:0000000000012FFF                 mov     rdx, r12
.text:0000000000013002                 lea     rcx, aDetachedFromPi ; "Detached from PID[%8.8X] Process!\n"
.text:0000000000013009                 call    DbgPrint
.text:000000000001300E                 jmp     short loc_13032
.text:0000000000013010 ; ---------------------------------------------------------------------------
.text:0000000000013010
.text:0000000000013010 loc_13010:                              ; CODE XREF: sub_129B0+28D↑j
.text:0000000000013010                 cmp     cs:dword_1F128, ebx
.text:0000000000013016                 jz      short loc_13032
.text:0000000000013018                 lea     rcx, aEnd64Getpiddll_12 ; "END64::GetPidDlls(920):"
.text:000000000001301F                 call    DbgPrint
.text:0000000000013024                 mov     edx, esi
.text:0000000000013026                 lea     rcx, aPslookupproces ; "PsLookupProcessByProcessId Failed[%8.8X"...
.text:000000000001302D                 call    DbgPrint
.text:0000000000013032
.text:0000000000013032 loc_13032:                              ; CODE XREF: sub_129B0+633↑j
.text:0000000000013032                                         ; sub_129B0+641↑j ...
.text:0000000000013032                 cmp     cs:dword_1F128, ebx
.text:0000000000013038                 jz      short loc_13055
.text:000000000001303A                 lea     rcx, aEnd64Getpiddll_13 ; "END64::GetPidDlls(922):"
.text:0000000000013041                 call    DbgPrint
.text:0000000000013046                 mov     rdx, rdi
.text:0000000000013049                 lea     rcx, aTotalHandleD ; "Total Handle[%d]\n"
.text:0000000000013050                 call    DbgPrint
.text:0000000000013055
.text:0000000000013055 loc_13055:                              ; CODE XREF: sub_129B0+688↑j
.text:0000000000013055                 cmp     r14b, bl
.text:0000000000013058                 jz      short loc_13075
.text:000000000001305A                 mov     rax, rdi
.text:000000000001305D                 lea     rdx, [rdi-1]
.text:0000000000013061                 neg     rax
.text:0000000000013064                 sbb     rcx, rcx
.text:0000000000013067                 and     rcx, rdx
.text:000000000001306A                 mov     rax, [rsp+158h+arg_10]
.text:0000000000013072                 mov     [rax], rcx
.text:0000000000013075
.text:0000000000013075 loc_13075:                              ; CODE XREF: sub_129B0+6A8↑j
.text:0000000000013075                 lea     rcx, [rdi-1]
.text:0000000000013079                 neg     rdi
.text:000000000001307C                 sbb     rax, rax
.text:000000000001307F                 and     rax, rcx
.text:0000000000013082
.text:0000000000013082 loc_13082:                              ; CODE XREF: sub_129B0+1C4↑j
.text:0000000000013082                                         ; sub_129B0+23B↑j
.text:0000000000013082                 add     rsp, 120h
.text:0000000000013089                 pop     r15
.text:000000000001308B                 pop     r14
.text:000000000001308D                 pop     r13
.text:000000000001308F                 pop     r12
.text:0000000000013091                 pop     rdi
.text:0000000000013092                 pop     rsi
.text:0000000000013093                 pop     rbx
.text:0000000000013094                 retn
.text:0000000000013094 ; } // starts at 129B0
.text:0000000000013094 sub_129B0       endp
.text:0000000000013094
.text:0000000000013094 ; ---------------------------------------------------------------------------
.text:0000000000013095 byte_13095      db 7 dup(0CCh)          ; DATA XREF: .pdata:000000000002003C↓o
.text:000000000001309C
.text:000000000001309C ; =============== S U B R O U T I N E =======================================
.text:000000000001309C
.text:000000000001309C
.text:000000000001309C ; char __fastcall sub_1309C(__int64, void *, _QWORD *)
.text:000000000001309C sub_1309C       proc near               ; CODE XREF: sub_13E80+A66↓p
.text:000000000001309C                                         ; DATA XREF: .pdata:0000000000020048↓o
.text:000000000001309C
.text:000000000001309C ReturnLength    = qword ptr -78h
.text:000000000001309C ProcessHandle   = qword ptr -68h
.text:000000000001309C var_60          = dword ptr -60h
.text:000000000001309C ClientId        = _CLIENT_ID ptr -58h
.text:000000000001309C ObjectAttributes= _OBJECT_ATTRIBUTES ptr -48h
.text:000000000001309C var_18          = byte ptr -18h
.text:000000000001309C TokenHandle     = qword ptr  10h
.text:000000000001309C TokenInformationLength= qword ptr  20h
.text:000000000001309C
.text:000000000001309C                 mov     rax, rsp
.text:000000000001309F                 mov     [rax+8], rbx
.text:00000000000130A3                 mov     [rax+18h], rbp
.text:00000000000130A7                 push    rsi
.text:00000000000130A8                 push    rdi
.text:00000000000130A9                 push    r12
.text:00000000000130AB                 sub     rsp, 80h
.text:00000000000130B2                 xor     r12d, r12d
.text:00000000000130B5                 mov     rbp, r8
.text:00000000000130B8                 mov     rdi, rdx
.text:00000000000130BB                 cmp     cs:dword_1F128, r12d
.text:00000000000130C2                 lea     ebx, [r12+1]
.text:00000000000130C7                 mov     [rax+10h], r12
.text:00000000000130CB                 mov     rsi, r12
.text:00000000000130CE                 jz      short loc_130EB
.text:00000000000130D0                 lea     rcx, aEnd64Getpidtok ; "END64::GetPidTokenSid(940):"
.text:00000000000130D7                 call    DbgPrint
.text:00000000000130DC                 lea     rcx, aGetpidtokensid ; "GetPidTokenSid Pid[%8.8X] Beg\n"
.text:00000000000130E3                 mov     rdx, rdi
.text:00000000000130E6                 call    DbgPrint
.text:00000000000130EB
.text:00000000000130EB loc_130EB:                              ; CODE XREF: sub_1309C+32↑j
.text:00000000000130EB                 lea     r9, [rsp+98h+ClientId] ; ClientId
.text:00000000000130F0                 lea     r8, [rsp+98h+ObjectAttributes] ; ObjectAttributes
.text:00000000000130F5                 lea     rcx, [rsp+98h+ProcessHandle] ; ProcessHandle
.text:00000000000130FA                 mov     edx, 40h ; '@'  ; DesiredAccess
.text:00000000000130FF                 mov     [rsp+98h+ClientId.UniqueProcess], rdi
.text:0000000000013104                 mov     [rsp+98h+ClientId.UniqueThread], r12
.text:0000000000013109                 mov     [rsp+98h+ObjectAttributes.Length], 18h
.text:0000000000013111                 mov     [rsp+98h+ObjectAttributes.RootDirectory], r12
.text:0000000000013116                 mov     [rsp+98h+ObjectAttributes.Attributes], r12d
.text:000000000001311B                 mov     [rsp+98h+ObjectAttributes.ObjectName], r12
.text:0000000000013120                 mov     [rsp+98h+ObjectAttributes.SecurityDescriptor], r12
.text:0000000000013125                 mov     [rsp+98h+ObjectAttributes.SecurityQualityOfService], r12
.text:000000000001312A                 call    cs:ZwOpenProcess ; ntoskrnl
.text:0000000000013130                 cmp     eax, r12d
.text:0000000000013133                 jl      loc_132C1
.text:0000000000013139                 cmp     cs:dword_1F128, r12d
.text:0000000000013140                 jz      short loc_1315D
.text:0000000000013142                 lea     rcx, aEnd64Getpidtok_0 ; "END64::GetPidTokenSid(952):"
.text:0000000000013149                 call    DbgPrint
.text:000000000001314E                 lea     rcx, aPid88x    ; "PID[%8.8X]\n"
.text:0000000000013155                 mov     rdx, rdi
.text:0000000000013158                 call    DbgPrint
.text:000000000001315D
.text:000000000001315D loc_1315D:                              ; CODE XREF: sub_1309C+A4↑j
.text:000000000001315D                 mov     rcx, [rsp+98h+ProcessHandle] ; ProcessHandle
.text:0000000000013162                 lea     r8, [rsp+98h+TokenHandle] ; TokenHandle
.text:000000000001316A                 mov     edx, 8          ; DesiredAccess
.text:000000000001316F                 call    cs:ZwOpenProcessToken ; ntoskrnl
.text:0000000000013175                 cmp     eax, r12d
.text:0000000000013178                 jnz     loc_13298
.text:000000000001317E                 mov     rcx, [rsp+98h+TokenHandle] ; TokenHandle
.text:0000000000013186                 lea     rax, [rsp+98h+TokenInformationLength]
.text:000000000001318E                 xor     r9d, r9d        ; TokenInformationLength
.text:0000000000013191                 xor     r8d, r8d        ; TokenInformation
.text:0000000000013194                 mov     rdx, rbx        ; TokenInformationClass
.text:0000000000013197                 mov     [rsp+98h+ReturnLength], rax ; ReturnLength
.text:000000000001319C                 call    cs:ZwQueryInformationToken ; ntoskrnl
.text:00000000000131A2                 mov     rdx, [rsp+98h+TokenInformationLength] ; NumberOfBytes
.text:00000000000131AA                 mov     r8d, 656E6431h  ; Tag
.text:00000000000131B0                 xor     ecx, ecx        ; PoolType
.text:00000000000131B2                 call    cs:ExAllocatePoolWithTag ; ntoskrnl
.text:00000000000131B8                 cmp     cs:dword_1F128, r12d
.text:00000000000131BF                 mov     rdi, rax
.text:00000000000131C2                 jz      short loc_131E7
.text:00000000000131C4                 lea     rcx, aEnd64Getpidtok_1 ; "END64::GetPidTokenSid(956):"
.text:00000000000131CB                 call    DbgPrint
.text:00000000000131D0                 mov     r8, [rsp+98h+TokenInformationLength]
.text:00000000000131D8                 lea     rcx, aTbuf88xReqlen8 ; "tBuf[%8.8X] reqLen[%8.8X]\n"
.text:00000000000131DF                 mov     rdx, rdi
.text:00000000000131E2                 call    DbgPrint
.text:00000000000131E7
.text:00000000000131E7 loc_131E7:                              ; CODE XREF: sub_1309C+126↑j
.text:00000000000131E7                 cmp     rdi, r12
.text:00000000000131EA                 jz      loc_13275
.text:00000000000131F0                 mov     r9, [rsp+98h+TokenInformationLength] ; TokenInformationLength
.text:00000000000131F8                 mov     rcx, [rsp+98h+TokenHandle] ; TokenHandle
.text:0000000000013200                 lea     rax, [rsp+98h+var_60]
.text:0000000000013205                 mov     r8, rdi         ; TokenInformation
.text:0000000000013208                 mov     rdx, rbx        ; TokenInformationClass
.text:000000000001320B                 mov     [rsp+98h+ReturnLength], rax ; ReturnLength
.text:0000000000013210                 call    cs:ZwQueryInformationToken ; ntoskrnl
.text:0000000000013216                 cmp     eax, r12d
.text:0000000000013219                 jnz     short loc_13244
.text:000000000001321B                 cmp     cs:dword_1F128, r12d
.text:0000000000013222                 mov     rsi, [rdi]
.text:0000000000013225                 jz      short loc_13268
.text:0000000000013227                 lea     rcx, aEnd64Getpidtok_2 ; "END64::GetPidTokenSid(960):"
.text:000000000001322E                 call    DbgPrint
.text:0000000000013233                 lea     rcx, aUsersid88x ; "UserSid[%8.8X]!\n"
.text:000000000001323A                 mov     rdx, rsi
.text:000000000001323D                 call    DbgPrint
.text:0000000000013242                 jmp     short loc_13268
.text:0000000000013244 ; ---------------------------------------------------------------------------
.text:0000000000013244
.text:0000000000013244 loc_13244:                              ; CODE XREF: sub_1309C+17D↑j
.text:0000000000013244                 cmp     cs:dword_1F128, r12d
.text:000000000001324B                 jz      short loc_13265
.text:000000000001324D                 lea     rcx, aEnd64Getpidtok_3 ; "END64::GetPidTokenSid(963):"
.text:0000000000013254                 call    DbgPrint
.text:0000000000013259                 lea     rcx, aZwqueryinforma_0 ; "ZwQueryInformationToken is Failed!\n"
.text:0000000000013260                 call    DbgPrint
.text:0000000000013265
.text:0000000000013265 loc_13265:                              ; CODE XREF: sub_1309C+1AF↑j
.text:0000000000013265                 mov     bl, r12b
.text:0000000000013268
.text:0000000000013268 loc_13268:                              ; CODE XREF: sub_1309C+189↑j
.text:0000000000013268                                         ; sub_1309C+1A6↑j
.text:0000000000013268                 xor     edx, edx        ; Tag
.text:000000000001326A                 mov     rcx, rdi        ; P
.text:000000000001326D                 call    cs:ExFreePoolWithTag ; ntoskrnl
.text:0000000000013273                 jmp     short loc_132BC
.text:0000000000013275 ; ---------------------------------------------------------------------------
.text:0000000000013275
.text:0000000000013275 loc_13275:                              ; CODE XREF: sub_1309C+14E↑j
.text:0000000000013275                 cmp     cs:dword_1F128, r12d
.text:000000000001327C                 jz      short loc_132C1
.text:000000000001327E                 lea     rcx, aEnd64Getpidtok_4 ; "END64::GetPidTokenSid(969):"
.text:0000000000013285                 call    DbgPrint
.text:000000000001328A                 lea     rcx, aAllocateTokenb ; "Allocate TokenBuffer is Failed!!\n"
.text:0000000000013291                 call    DbgPrint
.text:0000000000013296                 jmp     short loc_132BC
.text:0000000000013298 ; ---------------------------------------------------------------------------
.text:0000000000013298
.text:0000000000013298 loc_13298:                              ; CODE XREF: sub_1309C+DC↑j
.text:0000000000013298                 cmp     cs:dword_1F128, r12d
.text:000000000001329F                 jz      short loc_132B9
.text:00000000000132A1                 lea     rcx, aEnd64Getpidtok_5 ; "END64::GetPidTokenSid(974):"
.text:00000000000132A8                 call    DbgPrint
.text:00000000000132AD                 lea     rcx, aZwopenprocesst ; "ZwOpenProcessToken is Failed!\n"
.text:00000000000132B4                 call    DbgPrint
.text:00000000000132B9
.text:00000000000132B9 loc_132B9:                              ; CODE XREF: sub_1309C+203↑j
.text:00000000000132B9                 mov     bl, r12b
.text:00000000000132BC
.text:00000000000132BC loc_132BC:                              ; CODE XREF: sub_1309C+1D7↑j
.text:00000000000132BC                                         ; sub_1309C+1FA↑j
.text:00000000000132BC                 cmp     bl, r12b
.text:00000000000132BF                 jz      short loc_132D1
.text:00000000000132C1
.text:00000000000132C1 loc_132C1:                              ; CODE XREF: sub_1309C+97↑j
.text:00000000000132C1                                         ; sub_1309C+1E0↑j
.text:00000000000132C1                 mov     rax, [rsp+98h+TokenHandle]
.text:00000000000132C9                 mov     [rbp+8], rsi
.text:00000000000132CD                 mov     [rbp+0], rax
.text:00000000000132D1
.text:00000000000132D1 loc_132D1:                              ; CODE XREF: sub_1309C+223↑j
.text:00000000000132D1                 cmp     cs:dword_1F128, r12d
.text:00000000000132D8                 jz      short loc_132FD
.text:00000000000132DA                 lea     rcx, aEnd64Getpidtok_6 ; "END64::GetPidTokenSid(983):"
.text:00000000000132E1                 call    DbgPrint
.text:00000000000132E6                 mov     rdx, [rsp+98h+TokenHandle]
.text:00000000000132EE                 lea     rcx, aGetpidtokensid_0 ; "GetPidTokenSid hToken[%8.8X] Sid[%8.8X]"...
.text:00000000000132F5                 mov     r8, rsi
.text:00000000000132F8                 call    DbgPrint
.text:00000000000132FD
.text:00000000000132FD loc_132FD:                              ; CODE XREF: sub_1309C+23C↑j
.text:00000000000132FD                 lea     r11, [rsp+98h+var_18]
.text:0000000000013305                 mov     al, bl
.text:0000000000013307                 mov     rbx, [r11+20h]
.text:000000000001330B                 mov     rbp, [r11+30h]
.text:000000000001330F                 mov     rsp, r11
.text:0000000000013312                 pop     r12
.text:0000000000013314                 pop     rdi
.text:0000000000013315                 pop     rsi
.text:0000000000013316                 retn
.text:0000000000013316 sub_1309C       endp
.text:0000000000013316
.text:0000000000013316 ; ---------------------------------------------------------------------------
.text:0000000000013317 algn_13317:                             ; DATA XREF: .pdata:0000000000020048↓o
.text:0000000000013317                 align 20h
.text:0000000000013320
.text:0000000000013320 ; =============== S U B R O U T I N E =======================================
.text:0000000000013320
.text:0000000000013320
.text:0000000000013320 ; void __fastcall sub_13320(_QWORD *, unsigned int *)
.text:0000000000013320 sub_13320       proc near               ; CODE XREF: sub_133F0+BE↓p
.text:0000000000013320                                         ; DATA XREF: .pdata:0000000000020054↓o
.text:0000000000013320
.text:0000000000013320 var_38          = qword ptr -38h
.text:0000000000013320 arg_0           = byte ptr  8
.text:0000000000013320 arg_8           = qword ptr  10h
.text:0000000000013320 arg_10          = qword ptr  18h
.text:0000000000013320 arg_18          = qword ptr  20h
.text:0000000000013320
.text:0000000000013320 ; __unwind { // __C_specific_handler
.text:0000000000013320                 mov     [rsp+arg_8], rdx
.text:0000000000013325                 push    rbx
.text:0000000000013326                 push    rsi
.text:0000000000013327                 push    rdi
.text:0000000000013328                 push    r12
.text:000000000001332A                 sub     rsp, 38h
.text:000000000001332E                 mov     rsi, rdx
.text:0000000000013331                 mov     rbx, [rcx]
.text:0000000000013334                 shl     rbx, 0Ch
.text:0000000000013338                 mov     r12, [rcx+8]
.text:000000000001333C                 shl     r12, 0Ch
.text:0000000000013340                 mov     [rsp+58h+var_38], r12
.text:0000000000013345                 mov     [rsp+58h+arg_10], rbx
.text:000000000001334A                 xor     edi, edi
.text:000000000001334C                 mov     [rsp+58h+arg_18], rdi
.text:0000000000013351
.text:0000000000013351 loc_13351:                              ; CODE XREF: sub_13320+B9↓j
.text:0000000000013351                 cmp     rbx, r12
.text:0000000000013354                 ja      loc_133DE
.text:000000000001335A
.text:000000000001335A loc_1335A:                              ; DATA XREF: .rdata:000000000001E3B0↓o
.text:000000000001335A ;   __try { // __except at loc_133B0    ; Length
.text:000000000001335A                 mov     edx, 1
.text:000000000001335F                 mov     r8d, edx        ; Alignment
.text:0000000000013362                 mov     rcx, rbx        ; Address
.text:0000000000013365                 call    cs:ProbeForRead ; ntoskrnl
.text:000000000001336B                 mov     r11b, [rbx]
.text:000000000001336E                 mov     [rsp+58h+arg_0], r11b
.text:0000000000013373                 mov     eax, [rsi]
.text:0000000000013375                 cmp     eax, [rsi+4]
.text:0000000000013378                 jnb     short loc_133AE
.text:000000000001337A                 mov     rcx, rbx
.text:000000000001337D                 shr     rcx, 0Ch
.text:0000000000013381                 imul    rax, 1008h
.text:0000000000013388                 mov     [rax+rsi+8], rcx
.text:000000000001338D                 mov     eax, [rsi]
.text:000000000001338F                 imul    rax, 1008h
.text:0000000000013396                 lea     rcx, [rax+rsi+10h] ; Dst
.text:000000000001339B                 mov     r8d, 1000h      ; MaxCount
.text:00000000000133A1                 mov     rdx, rbx        ; Src
.text:00000000000133A4                 call    memmove
.text:00000000000133A9                 add     dword ptr [rsi], 1
.text:00000000000133AC                 jmp     short loc_133C4
.text:00000000000133AE ; ---------------------------------------------------------------------------
.text:00000000000133AE
.text:00000000000133AE loc_133AE:                              ; CODE XREF: sub_13320+58↑j
.text:00000000000133AE                 jmp     short loc_133DE
.text:00000000000133AE ;   } // starts at 1335A
.text:00000000000133B0 ; ---------------------------------------------------------------------------
.text:00000000000133B0
.text:00000000000133B0 loc_133B0:                              ; DATA XREF: .rdata:000000000001E3B0↓o
.text:00000000000133B0 ;   __except(1) // owned by 1335A
.text:00000000000133B0                 mov     rsi, [rsp+58h+arg_8]
.text:00000000000133B5                 mov     r12, [rsp+58h+var_38]
.text:00000000000133BA                 mov     rbx, [rsp+58h+arg_10]
.text:00000000000133BF                 mov     rdi, [rsp+58h+arg_18]
.text:00000000000133C4
.text:00000000000133C4 loc_133C4:                              ; CODE XREF: sub_13320+8C↑j
.text:00000000000133C4                 add     rbx, 1000h
.text:00000000000133CB                 mov     [rsp+58h+arg_10], rbx
.text:00000000000133D0                 add     rdi, 1
.text:00000000000133D4                 mov     [rsp+58h+arg_18], rdi
.text:00000000000133D9                 jmp     loc_13351
.text:00000000000133DE ; ---------------------------------------------------------------------------
.text:00000000000133DE
.text:00000000000133DE loc_133DE:                              ; CODE XREF: sub_13320+34↑j
.text:00000000000133DE                                         ; sub_13320:loc_133AE↑j
.text:00000000000133DE                 add     rsp, 38h
.text:00000000000133E2                 pop     r12
.text:00000000000133E4                 pop     rdi
.text:00000000000133E5                 pop     rsi
.text:00000000000133E6                 pop     rbx
.text:00000000000133E7                 retn
.text:00000000000133E7 ; } // starts at 13320
.text:00000000000133E7 sub_13320       endp
.text:00000000000133E7
.text:00000000000133E7 ; ---------------------------------------------------------------------------
.text:00000000000133E8 algn_133E8:                             ; DATA XREF: .pdata:0000000000020054↓o
.text:00000000000133E8                 align 10h
.text:00000000000133F0
.text:00000000000133F0 ; =============== S U B R O U T I N E =======================================
.text:00000000000133F0
.text:00000000000133F0
.text:00000000000133F0 ; __int64 __fastcall sub_133F0(_QWORD *, unsigned int *)
.text:00000000000133F0 sub_133F0       proc near               ; CODE XREF: sub_13E80+EF4↓p
.text:00000000000133F0                                         ; DATA XREF: .pdata:0000000000020060↓o
.text:00000000000133F0
.text:00000000000133F0 arg_0           = qword ptr  8
.text:00000000000133F0 arg_8           = qword ptr  10h
.text:00000000000133F0 Process         = qword ptr  18h
.text:00000000000133F0 arg_18          = qword ptr  20h
.text:00000000000133F0
.text:00000000000133F0                 mov     rax, rsp
.text:00000000000133F3                 mov     [rax+10h], rbx
.text:00000000000133F7                 mov     [rax+20h], rbp
.text:00000000000133FB                 push    rsi
.text:00000000000133FC                 push    rdi
.text:00000000000133FD                 push    r12
.text:00000000000133FF                 sub     rsp, 20h
.text:0000000000013403                 and     qword ptr [rax+8], 0
.text:0000000000013408                 and     qword ptr [rax+18h], 0
.text:000000000001340D                 xor     ebp, ebp
.text:000000000001340F                 cmp     qword ptr [rcx], 0FFFFFFFFFFFFFFFFh
.text:0000000000013413                 mov     rdi, rdx
.text:0000000000013416                 mov     rbx, rcx
.text:0000000000013419                 jnz     short loc_13425
.text:000000000001341B                 mov     eax, 0C00000EFh
.text:0000000000013420                 jmp     loc_13574
.text:0000000000013425 ; ---------------------------------------------------------------------------
.text:0000000000013425
.text:0000000000013425 loc_13425:                              ; CODE XREF: sub_133F0+29↑j
.text:0000000000013425                 mov     rcx, [rcx]
.text:0000000000013428                 lea     rdx, [rsp+38h+arg_0]
.text:000000000001342D                 call    sub_1575C
.text:0000000000013432                 mov     r8, [rsp+38h+arg_0]
.text:0000000000013437                 test    eax, eax
.text:0000000000013439                 js      loc_13559
.text:000000000001343F                 cmp     r8, 103h
.text:0000000000013446                 jnz     loc_13559
.text:000000000001344C                 mov     rcx, [rbx]      ; ProcessId
.text:000000000001344F                 lea     rdx, [rsp+38h+Process] ; Process
.text:0000000000013454                 call    PsLookupProcessByProcessId
.text:0000000000013459                 test    eax, eax
.text:000000000001345B                 jns     short loc_1347C
.text:000000000001345D                 cmp     cs:dword_1F11C, ebp
.text:0000000000013463                 jz      loc_1356F
.text:0000000000013469                 lea     rcx, aWarningEnd64Ge ; "Warning: (END64::GetPageDataList) PsLoo"...
.text:0000000000013470                 mov     edx, eax
.text:0000000000013472                 call    DbgPrint
.text:0000000000013477                 jmp     loc_1356F
.text:000000000001347C ; ---------------------------------------------------------------------------
.text:000000000001347C
.text:000000000001347C loc_1347C:                              ; CODE XREF: sub_133F0+6B↑j
.text:000000000001347C                 call    cs:IoGetCurrentProcess ; ntoskrnl
.text:0000000000013482                 mov     rcx, cs:qword_1F130
.text:0000000000013489                 mov     r12, [rcx+rax]
.text:000000000001348D                 cmp     r12, [rbx]
.text:0000000000013490                 jz      short loc_1349D
.text:0000000000013492                 mov     rcx, [rsp+38h+Process] ; Process
.text:0000000000013497                 call    cs:KeAttachProcess ; ntoskrnl
.text:000000000001349D
.text:000000000001349D loc_1349D:                              ; CODE XREF: sub_133F0+A0↑j
.text:000000000001349D                 and     [rdi], ebp
.text:000000000001349F                 cmp     [rbx+8], ebp
.text:00000000000134A2                 jbe     short loc_134CC
.text:00000000000134A4                 lea     rsi, [rbx+0Ch]
.text:00000000000134A8
.text:00000000000134A8 loc_134A8:                              ; CODE XREF: sub_133F0+DA↓j
.text:00000000000134A8                 mov     rdx, rdi
.text:00000000000134AB                 mov     rcx, rsi
.text:00000000000134AE                 call    sub_13320
.text:00000000000134B3                 mov     r11d, [rdi+4]
.text:00000000000134B7                 cmp     [rdi], r11d
.text:00000000000134BA                 jz      short loc_134CC
.text:00000000000134BC                 mov     eax, [rbx+8]
.text:00000000000134BF                 add     rbp, 1
.text:00000000000134C3                 add     rsi, 10h
.text:00000000000134C7                 cmp     rbp, rax
.text:00000000000134CA                 jb      short loc_134A8
.text:00000000000134CC
.text:00000000000134CC loc_134CC:                              ; CODE XREF: sub_133F0+B2↑j
.text:00000000000134CC                                         ; sub_133F0+CA↑j
.text:00000000000134CC                 mov     ecx, cs:dword_1F118
.text:00000000000134D2                 xor     esi, esi
.text:00000000000134D4                 test    ecx, ecx
.text:00000000000134D6                 jz      short loc_134EA
.text:00000000000134D8                 lea     rcx, aValidVpns ; "Valid VPNs:\n"
.text:00000000000134DF                 call    DbgPrint
.text:00000000000134E4                 mov     ecx, cs:dword_1F118
.text:00000000000134EA
.text:00000000000134EA loc_134EA:                              ; CODE XREF: sub_133F0+E6↑j
.text:00000000000134EA                 cmp     [rdi], esi
.text:00000000000134EC                 jbe     short loc_1353A
.text:00000000000134EE                 lea     rbp, [rdi+8]
.text:00000000000134F2
.text:00000000000134F2 loc_134F2:                              ; CODE XREF: sub_133F0+148↓j
.text:00000000000134F2                 test    ecx, ecx
.text:00000000000134F4                 jz      short loc_1350C
.text:00000000000134F6                 mov     rdx, [rbp+0]
.text:00000000000134FA                 lea     rcx, a8x        ; "%-8x "
.text:0000000000013501                 call    DbgPrint
.text:0000000000013506                 mov     ecx, cs:dword_1F118
.text:000000000001350C
.text:000000000001350C loc_1350C:                              ; CODE XREF: sub_133F0+104↑j
.text:000000000001350C                 add     rsi, 1
.text:0000000000013510                 test    sil, 0Fh
.text:0000000000013514                 jnz     short loc_1352C
.text:0000000000013516                 test    ecx, ecx
.text:0000000000013518                 jz      short loc_1352C
.text:000000000001351A                 lea     rcx, asc_19E80  ; "\n"
.text:0000000000013521                 call    DbgPrint
.text:0000000000013526                 mov     ecx, cs:dword_1F118
.text:000000000001352C
.text:000000000001352C loc_1352C:                              ; CODE XREF: sub_133F0+124↑j
.text:000000000001352C                                         ; sub_133F0+128↑j
.text:000000000001352C                 mov     eax, [rdi]
.text:000000000001352E                 add     rbp, 1008h
.text:0000000000013535                 cmp     rsi, rax
.text:0000000000013538                 jb      short loc_134F2
.text:000000000001353A
.text:000000000001353A loc_1353A:                              ; CODE XREF: sub_133F0+FC↑j
.text:000000000001353A                 test    ecx, ecx
.text:000000000001353C                 jz      short loc_1354A
.text:000000000001353E                 lea     rcx, asc_19E90  ; "\n\n"
.text:0000000000013545                 call    DbgPrint
.text:000000000001354A
.text:000000000001354A loc_1354A:                              ; CODE XREF: sub_133F0+14C↑j
.text:000000000001354A                 cmp     r12, [rbx]
.text:000000000001354D                 jz      short loc_13555
.text:000000000001354F                 call    cs:KeDetachProcess ; ntoskrnl
.text:0000000000013555
.text:0000000000013555 loc_13555:                              ; CODE XREF: sub_133F0+15D↑j
.text:0000000000013555                 xor     eax, eax
.text:0000000000013557                 jmp     short loc_13574
.text:0000000000013559 ; ---------------------------------------------------------------------------
.text:0000000000013559
.text:0000000000013559 loc_13559:                              ; CODE XREF: sub_133F0+49↑j
.text:0000000000013559                                         ; sub_133F0+56↑j
.text:0000000000013559                 cmp     cs:dword_1F11C, ebp
.text:000000000001355F                 jz      short loc_1356F
.text:0000000000013561                 lea     rcx, aWarningEnd64Ge_0 ; "Warning: (END64::GetPageDataList) GetPr"...
.text:0000000000013568                 mov     edx, eax
.text:000000000001356A                 call    DbgPrint
.text:000000000001356F
.text:000000000001356F loc_1356F:                              ; CODE XREF: sub_133F0+73↑j
.text:000000000001356F                                         ; sub_133F0+87↑j ...
.text:000000000001356F                 mov     eax, 0C00000F0h
.text:0000000000013574
.text:0000000000013574 loc_13574:                              ; CODE XREF: sub_133F0+30↑j
.text:0000000000013574                                         ; sub_133F0+167↑j
.text:0000000000013574                 mov     rbx, [rsp+38h+arg_8]
.text:0000000000013579                 mov     rbp, [rsp+38h+arg_18]
.text:000000000001357E                 add     rsp, 20h
.text:0000000000013582                 pop     r12
.text:0000000000013584                 pop     rdi
.text:0000000000013585                 pop     rsi
.text:0000000000013586                 retn
.text:0000000000013586 sub_133F0       endp
.text:0000000000013586
.text:0000000000013586 ; ---------------------------------------------------------------------------
.text:0000000000013587 algn_13587:                             ; DATA XREF: .pdata:0000000000020060↓o
.text:0000000000013587                 align 10h
.text:0000000000013590
.text:0000000000013590 ; =============== S U B R O U T I N E =======================================
.text:0000000000013590
.text:0000000000013590
.text:0000000000013590 ; __int64 __fastcall sub_13590(PCWSTR SourceString)
.text:0000000000013590 sub_13590       proc near               ; CODE XREF: sub_139E4+9E↓p
.text:0000000000013590                                         ; DATA XREF: .pdata:000000000002006C↓o
.text:0000000000013590
.text:0000000000013590 Length          = dword ptr -2B8h
.text:0000000000013590 ResultLength    = qword ptr -2B0h
.text:0000000000013590 KeyHandle       = qword ptr -2A8h
.text:0000000000013590 var_2A0         = dword ptr -2A0h
.text:0000000000013590 DestinationString= _UNICODE_STRING ptr -298h
.text:0000000000013590 ObjectAttributes= _OBJECT_ATTRIBUTES ptr -288h
.text:0000000000013590 ValueName       = _UNICODE_STRING ptr -258h
.text:0000000000013590 SourceString    = word ptr -248h
.text:0000000000013590 Dst             = word ptr -228h
.text:0000000000013590 var_28          = qword ptr -28h
.text:0000000000013590 var_18          = byte ptr -18h
.text:0000000000013590 arg_8           = qword ptr  10h
.text:0000000000013590 arg_10          = qword ptr  18h
.text:0000000000013590
.text:0000000000013590 ; __unwind { // __GSHandlerCheck
.text:0000000000013590                 mov     [rsp+arg_8], rbx
.text:0000000000013595                 mov     [rsp+arg_10], rbp
.text:000000000001359A                 push    rsi
.text:000000000001359B                 push    rdi
.text:000000000001359C                 push    r13
.text:000000000001359E                 sub     rsp, 2C0h
.text:00000000000135A5                 mov     rax, cs:BugCheckParameter2
.text:00000000000135AC                 xor     rax, rsp
.text:00000000000135AF                 mov     [rsp+2D8h+var_28], rax
.text:00000000000135B7                 and     [rsp+2D8h+KeyHandle], 0
.text:00000000000135BD                 cmp     cs:dword_1F128, 0
.text:00000000000135C4                 lea     r13, cs:10000h
.text:00000000000135CB                 mov     rax, ds:rva qword_1A700[r13]
.text:00000000000135D2                 mov     rbx, rcx
.text:00000000000135D5                 lea     rcx, [rsp+2D8h+SourceString]
.text:00000000000135DD                 mov     [rcx], rax
.text:00000000000135E0                 mov     rax, ds:rva qword_1A708[r13]
.text:00000000000135E7                 mov     [rcx+8], rax
.text:00000000000135EB                 mov     eax, ds:rva dword_1A710[r13]
.text:00000000000135F2                 mov     [rcx+10h], eax
.text:00000000000135F5                 jz      short loc_13612
.text:00000000000135F7                 lea     rcx, aGetdrivername1 ; "GetDriverName(152):"
.text:00000000000135FE                 call    DbgPrint
.text:0000000000013603                 lea     rcx, aGetdrivernameB ; "GetDriverName Beg [%ws]\n"
.text:000000000001360A                 mov     rdx, rbx
.text:000000000001360D                 call    DbgPrint
.text:0000000000013612
.text:0000000000013612 loc_13612:                              ; CODE XREF: sub_13590+65↑j
.text:0000000000013612                 lea     rcx, [rsp+2D8h+DestinationString] ; DestinationString
.text:0000000000013617                 mov     rdx, rbx        ; SourceString
.text:000000000001361A                 call    cs:RtlInitUnicodeString ; ntoskrnl
.text:0000000000013620                 and     [rsp+2D8h+ObjectAttributes.RootDirectory], 0
.text:0000000000013626                 and     [rsp+2D8h+ObjectAttributes.SecurityDescriptor], 0
.text:000000000001362C                 and     [rsp+2D8h+ObjectAttributes.SecurityQualityOfService], 0
.text:0000000000013632                 lea     rax, [rsp+2D8h+DestinationString]
.text:0000000000013637                 mov     edi, 1
.text:000000000001363C                 lea     r8, [rsp+2D8h+ObjectAttributes] ; ObjectAttributes
.text:0000000000013641                 lea     rcx, [rsp+2D8h+KeyHandle] ; KeyHandle
.text:0000000000013646                 mov     edx, edi        ; DesiredAccess
.text:0000000000013648                 mov     [rsp+2D8h+ObjectAttributes.ObjectName], rax
.text:000000000001364D                 mov     [rsp+2D8h+ObjectAttributes.Length], 30h ; '0'
.text:0000000000013655                 mov     [rsp+2D8h+ObjectAttributes.Attributes], 240h
.text:000000000001365D                 call    cs:ZwOpenKey    ; ntoskrnl
.text:0000000000013663                 mov     ecx, cs:dword_1F128
.text:0000000000013669                 test    ecx, ecx
.text:000000000001366B                 mov     ebx, eax
.text:000000000001366D                 jz      short loc_13692
.text:000000000001366F                 lea     rcx, aGetdrivername1_0 ; "GetDriverName(156):"
.text:0000000000013676                 call    DbgPrint
.text:000000000001367B                 mov     rdx, [rsp+2D8h+DestinationString.Buffer]
.text:0000000000013680                 lea     rcx, aRegpathWs ; "RegPath[%ws]\n"
.text:0000000000013687                 call    DbgPrint
.text:000000000001368C                 mov     ecx, cs:dword_1F128
.text:0000000000013692
.text:0000000000013692 loc_13692:                              ; CODE XREF: sub_13590+DD↑j
.text:0000000000013692                 test    ebx, ebx
.text:0000000000013694                 jns     short loc_136BE
.text:0000000000013696                 test    ecx, ecx
.text:0000000000013698                 jz      short loc_136B4
.text:000000000001369A                 lea     rcx, aGetdrivername1_1 ; "GetDriverName(158):"
.text:00000000000136A1                 call    DbgPrint
.text:00000000000136A6                 lea     rcx, aRegopenFailed8 ; "RegOpen Failed! [%8.8X]\n"
.text:00000000000136AD                 mov     edx, ebx
.text:00000000000136AF                 call    DbgPrint
.text:00000000000136B4
.text:00000000000136B4 loc_136B4:                              ; CODE XREF: sub_13590+108↑j
.text:00000000000136B4                                         ; sub_13590+176↓j ...
.text:00000000000136B4                 mov     eax, 0C0000001h
.text:00000000000136B9                 jmp     loc_139B5
.text:00000000000136BE ; ---------------------------------------------------------------------------
.text:00000000000136BE
.text:00000000000136BE loc_136BE:                              ; CODE XREF: sub_13590+104↑j
.text:00000000000136BE                 test    ecx, ecx
.text:00000000000136C0                 jz      short loc_136DA
.text:00000000000136C2                 lea     rcx, aGetdrivername1_2 ; "GetDriverName(161):"
.text:00000000000136C9                 call    DbgPrint
.text:00000000000136CE                 lea     rcx, aRegopenOk ; "RegOpen OK!\n"
.text:00000000000136D5                 call    DbgPrint
.text:00000000000136DA
.text:00000000000136DA loc_136DA:                              ; CODE XREF: sub_13590+130↑j
.text:00000000000136DA                 mov     edx, 1000h      ; NumberOfBytes
.text:00000000000136DF                 xor     ecx, ecx        ; PoolType
.text:00000000000136E1                 mov     r8d, 656E6431h  ; Tag
.text:00000000000136E7                 call    cs:ExAllocatePoolWithTag ; ntoskrnl
.text:00000000000136ED                 test    rax, rax
.text:00000000000136F0                 mov     rsi, rax
.text:00000000000136F3                 jnz     short loc_13722
.text:00000000000136F5                 mov     rcx, [rsp+2D8h+KeyHandle] ; Handle
.text:00000000000136FA                 call    cs:ZwClose      ; ntoskrnl
.text:0000000000013700                 cmp     cs:dword_1F128, esi
.text:0000000000013706                 jz      short loc_136B4
.text:0000000000013708                 lea     rcx, aGetdrivername1_3 ; "GetDriverName(166):"
.text:000000000001370F                 call    DbgPrint
.text:0000000000013714                 lea     rcx, aExallocatepool ; "ExAllocatePool failed on GetDriverName"...
.text:000000000001371B                 call    DbgPrint
.text:0000000000013720                 jmp     short loc_136B4
.text:0000000000013722 ; ---------------------------------------------------------------------------
.text:0000000000013722
.text:0000000000013722 loc_13722:                              ; CODE XREF: sub_13590+163↑j
.text:0000000000013722                 and     [rsp+2D8h+var_2A0], 0
.text:0000000000013727                 lea     rdx, [rsp+2D8h+SourceString] ; SourceString
.text:000000000001372F                 lea     rcx, [rsp+2D8h+ValueName] ; DestinationString
.text:0000000000013737                 call    cs:RtlInitUnicodeString ; ntoskrnl
.text:000000000001373D                 mov     rcx, [rsp+2D8h+KeyHandle] ; KeyHandle
.text:0000000000013742                 lea     r11, [rsp+2D8h+var_2A0]
.text:0000000000013747                 mov     [rsp+2D8h+ResultLength], r11 ; ResultLength
.text:000000000001374C                 lea     rdx, [rsp+2D8h+ValueName] ; ValueName
.text:0000000000013754                 mov     r9, rsi         ; KeyValueInformation
.text:0000000000013757                 mov     r8d, edi        ; KeyValueInformationClass
.text:000000000001375A                 mov     [rsp+2D8h+Length], 0FFh ; Length
.text:0000000000013762                 call    cs:ZwQueryValueKey ; ntoskrnl
.text:0000000000013768                 test    eax, eax
.text:000000000001376A                 mov     ebx, eax
.text:000000000001376C                 jns     short loc_137A1
.text:000000000001376E                 cmp     cs:dword_1F128, 0
.text:0000000000013775                 jz      short loc_13791
.text:0000000000013777                 lea     rcx, aGetdrivername1_4 ; "GetDriverName(175):"
.text:000000000001377E                 call    DbgPrint
.text:0000000000013783                 lea     rcx, aRegqueryFailed ; "RegQuery Failed on Open! [%8.8X]\n"
.text:000000000001378A                 mov     edx, ebx
.text:000000000001378C                 call    DbgPrint
.text:0000000000013791
.text:0000000000013791 loc_13791:                              ; CODE XREF: sub_13590+1E5↑j
.text:0000000000013791                 xor     edx, edx        ; Tag
.text:0000000000013793                 mov     rcx, rsi        ; P
.text:0000000000013796                 call    cs:ExFreePoolWithTag ; ntoskrnl
.text:000000000001379C                 jmp     loc_136B4
.text:00000000000137A1 ; ---------------------------------------------------------------------------
.text:00000000000137A1
.text:00000000000137A1 loc_137A1:                              ; CODE XREF: sub_13590+1DC↑j
.text:00000000000137A1                 mov     ebx, 100h
.text:00000000000137A6                 lea     rcx, Dst        ; Dst
.text:00000000000137AD                 xor     edx, edx        ; Val
.text:00000000000137AF                 mov     r8, rbx         ; Size
.text:00000000000137B2                 call    memset
.text:00000000000137B7                 lea     rcx, qword_1F140 ; Dst
.text:00000000000137BE                 mov     r8, rbx         ; Size
.text:00000000000137C1                 xor     edx, edx        ; Val
.text:00000000000137C3                 call    memset
.text:00000000000137C8                 lea     rcx, [rsp+2D8h+Dst] ; Dst
.text:00000000000137D0                 mov     r8, rbx         ; Size
.text:00000000000137D3                 xor     edx, edx        ; Val
.text:00000000000137D5                 call    memset
.text:00000000000137DA                 mov     edx, [rsi+8]
.text:00000000000137DD                 lea     rcx, [rsp+2D8h+Dst] ; Dst
.text:00000000000137E5                 add     rdx, rsi        ; Src
.text:00000000000137E8                 mov     r8, rbx         ; MaxCount
.text:00000000000137EB                 call    memmove
.text:00000000000137F0                 mov     ebp, cs:dword_1F128
.text:00000000000137F6                 test    ebp, ebp
.text:00000000000137F8                 jz      short loc_13820
.text:00000000000137FA                 lea     rcx, aGetdrivername1_5 ; "GetDriverName(186):"
.text:0000000000013801                 call    DbgPrint
.text:0000000000013806                 lea     rdx, [rsp+2D8h+Dst]
.text:000000000001380E                 lea     rcx, aWnameWs   ; "wName[%ws]\n"
.text:0000000000013815                 call    DbgPrint
.text:000000000001381A                 mov     ebp, cs:dword_1F128
.text:0000000000013820
.text:0000000000013820 loc_13820:                              ; CODE XREF: sub_13590+268↑j
.text:0000000000013820                 xor     cx, cx
.text:0000000000013823                 movzx   edx, bx
.text:0000000000013826
.text:0000000000013826 loc_13826:                              ; CODE XREF: sub_13590+2B7↓j
.text:0000000000013826                 movzx   eax, cx
.text:0000000000013829                 movzx   r8d, [rsp+rax*2+2D8h+Dst]
.text:0000000000013832                 test    r8w, r8w
.text:0000000000013836                 jz      short loc_13849
.text:0000000000013838                 cmp     r8w, 5Ch ; '\'
.text:000000000001383D                 cmovz   dx, cx
.text:0000000000013841                 add     cx, di
.text:0000000000013844                 cmp     cx, bx
.text:0000000000013847                 jb      short loc_13826
.text:0000000000013849
.text:0000000000013849 loc_13849:                              ; CODE XREF: sub_13590+2A6↑j
.text:0000000000013849                 cmp     dx, bx
.text:000000000001384C                 jnb     loc_13931
.text:0000000000013852                 movzx   r8d, dx
.text:0000000000013856                 movzx   ecx, bx
.text:0000000000013859
.text:0000000000013859 loc_13859:                              ; CODE XREF: sub_13590+2EE↓j
.text:0000000000013859                 movzx   eax, r8w
.text:000000000001385D                 movzx   r9d, [rsp+rax*2+2D8h+Dst]
.text:0000000000013866                 test    r9w, r9w
.text:000000000001386A                 jz      short loc_13880
.text:000000000001386C                 cmp     r9w, 2Eh ; '.'
.text:0000000000013871                 cmovz   cx, r8w
.text:0000000000013876                 add     r8w, di
.text:000000000001387A                 cmp     r8w, bx
.text:000000000001387E                 jb      short loc_13859
.text:0000000000013880
.text:0000000000013880 loc_13880:                              ; CODE XREF: sub_13590+2DA↑j
.text:0000000000013880                 cmp     cx, bx
.text:0000000000013883                 jnb     loc_13931
.text:0000000000013889                 cmp     cx, dx
.text:000000000001388C                 jb      loc_13931
.text:0000000000013892                 mov     rax, ds:rva qword_1A8D0[r13]
.text:0000000000013899                 movzx   ecx, cx
.text:000000000001389C                 mov     cs:Dst, rax
.text:00000000000138A3                 mov     eax, ds:rva dword_1A8D8[r13]
.text:00000000000138AA                 mov     cs:dword_1F358, eax
.text:00000000000138B0                 movzx   eax, ds:rva word_1A8DC[r13]
.text:00000000000138B8                 mov     cs:word_1F35C, ax
.text:00000000000138BF                 movzx   eax, dx
.text:00000000000138C2                 sub     ecx, eax
.text:00000000000138C4                 movzx   eax, dx
.text:00000000000138C7                 movsxd  rdi, ecx
.text:00000000000138CA                 lea     rbx, [rsp+rax*2+2D8h+Dst]
.text:00000000000138D2                 lea     rcx, unk_1F35E  ; Dst
.text:00000000000138D9                 add     rdi, rdi
.text:00000000000138DC                 mov     rdx, rbx        ; Src
.text:00000000000138DF                 mov     r8, rdi         ; MaxCount
.text:00000000000138E2                 call    memmove
.text:00000000000138E7                 mov     rax, ds:rva qword_1A8E0[r13]
.text:00000000000138EE                 lea     rcx, unk_1F156  ; Dst
.text:00000000000138F5                 mov     cs:qword_1F140, rax
.text:00000000000138FC                 mov     rax, ds:rva qword_1A8E8[r13]
.text:0000000000013903                 mov     r8, rdi         ; MaxCount
.text:0000000000013906                 mov     cs:qword_1F148, rax
.text:000000000001390D                 mov     eax, ds:rva dword_1A8F0[r13]
.text:0000000000013914                 mov     rdx, rbx        ; Src
.text:0000000000013917                 mov     cs:dword_1F150, eax
.text:000000000001391D                 movzx   eax, ds:rva word_1A8F4[r13]
.text:0000000000013925                 mov     cs:word_1F154, ax
.text:000000000001392C                 call    memmove
.text:0000000000013931
.text:0000000000013931 loc_13931:                              ; CODE XREF: sub_13590+2BC↑j
.text:0000000000013931                                         ; sub_13590+2F3↑j ...
.text:0000000000013931                 test    ebp, ebp
.text:0000000000013933                 jz      short loc_1397C
.text:0000000000013935                 lea     rcx, aGetdrivername2 ; "GetDriverName(207):"
.text:000000000001393C                 call    DbgPrint
.text:0000000000013941                 lea     rdx, Dst
.text:0000000000013948                 lea     rcx, aNtdevicenameWs ; "ntDeviceName [%ws]\n"
.text:000000000001394F                 call    DbgPrint
.text:0000000000013954                 cmp     cs:dword_1F128, 0
.text:000000000001395B                 jz      short loc_1397C
.text:000000000001395D                 lea     rcx, aGetdrivername2_0 ; "GetDriverName(208):"
.text:0000000000013964                 call    DbgPrint
.text:0000000000013969                 lea     rdx, qword_1F140
.text:0000000000013970                 lea     rcx, aDosdevicenameW ; "dosDeviceName[%ws]\n"
.text:0000000000013977                 call    DbgPrint
.text:000000000001397C
.text:000000000001397C loc_1397C:                              ; CODE XREF: sub_13590+3A3↑j
.text:000000000001397C                                         ; sub_13590+3CB↑j
.text:000000000001397C                 mov     rcx, [rsp+2D8h+KeyHandle] ; Handle
.text:0000000000013981                 call    cs:ZwClose      ; ntoskrnl
.text:0000000000013987                 xor     edx, edx        ; Tag
.text:0000000000013989                 mov     rcx, rsi        ; P
.text:000000000001398C                 call    cs:ExFreePoolWithTag ; ntoskrnl
.text:0000000000013992                 cmp     cs:dword_1F128, 0
.text:0000000000013999                 jz      short loc_139B3
.text:000000000001399B                 lea     rcx, aGetdrivername2_1 ; "GetDriverName(212):"
.text:00000000000139A2                 call    DbgPrint
.text:00000000000139A7                 lea     rcx, aGetdrivernameE ; "GetDriverName End\n"
.text:00000000000139AE                 call    DbgPrint
.text:00000000000139B3
.text:00000000000139B3 loc_139B3:                              ; CODE XREF: sub_13590+409↑j
.text:00000000000139B3                 xor     eax, eax
.text:00000000000139B5
.text:00000000000139B5 loc_139B5:                              ; CODE XREF: sub_13590+129↑j
.text:00000000000139B5                 mov     rcx, [rsp+2D8h+var_28]
.text:00000000000139BD                 xor     rcx, rsp        ; StackCookie
.text:00000000000139C0                 call    __security_check_cookie
.text:00000000000139C5                 lea     r11, [rsp+2D8h+var_18]
.text:00000000000139CD                 mov     rbx, [r11+28h]
.text:00000000000139D1                 mov     rbp, [r11+30h]
.text:00000000000139D5                 mov     rsp, r11
.text:00000000000139D8                 pop     r13
.text:00000000000139DA                 pop     rdi
.text:00000000000139DB                 pop     rsi
.text:00000000000139DC                 retn
.text:00000000000139DC ; } // starts at 13590
.text:00000000000139DC sub_13590       endp
.text:00000000000139DC
.text:00000000000139DC ; ---------------------------------------------------------------------------
.text:00000000000139DD byte_139DD      db 7 dup(0CCh)          ; DATA XREF: .pdata:000000000002006C↓o
.text:00000000000139E4
.text:00000000000139E4 ; =============== S U B R O U T I N E =======================================
.text:00000000000139E4
.text:00000000000139E4
.text:00000000000139E4 ; __int64 __fastcall sub_139E4(PDRIVER_OBJECT DriverObject, __int64)
.text:00000000000139E4 sub_139E4       proc near               ; CODE XREF: DriverEntry+54↓j
.text:00000000000139E4                                         ; DATA XREF: .pdata:0000000000020078↓o
.text:00000000000139E4
.text:00000000000139E4 DeviceCharacteristics= dword ptr -68h
.text:00000000000139E4 Exclusive       = byte ptr -60h
.text:00000000000139E4 DeviceObject    = qword ptr -58h
.text:00000000000139E4 DestinationString= _UNICODE_STRING ptr -48h
.text:00000000000139E4 SystemRoutineName= _UNICODE_STRING ptr -38h
.text:00000000000139E4 SymbolicLinkName= _UNICODE_STRING ptr -28h
.text:00000000000139E4 arg_0           = qword ptr  8
.text:00000000000139E4 arg_8           = dword ptr  10h
.text:00000000000139E4 arg_10          = qword ptr  18h
.text:00000000000139E4
.text:00000000000139E4                 mov     rax, rsp
.text:00000000000139E7                 mov     [rax+8], rbx
.text:00000000000139EB                 push    rbp
.text:00000000000139EC                 push    rsi
.text:00000000000139ED                 push    rdi
.text:00000000000139EE                 sub     rsp, 70h
.text:00000000000139F2                 xor     ebp, ebp
.text:00000000000139F4                 mov     rdi, rdx
.text:00000000000139F7                 mov     rbx, rcx
.text:00000000000139FA                 cmp     cs:dword_1F128, ebp
.text:0000000000013A00                 mov     [rax+18h], rbp
.text:0000000000013A04                 jz      short loc_13A70
.text:0000000000013A06                 lea     rcx, aDriverentry231 ; "DriverEntry(231):"
.text:0000000000013A0D                 call    DbgPrint
.text:0000000000013A12                 lea     r8, a170946     ; "17:09:46"
.text:0000000000013A19                 lea     rdx, aNov62008  ; "Nov  6 2008"
.text:0000000000013A20                 lea     rcx, aEndata2008Comp ; "EnData2008 Compiled on %s at %s\n"
.text:0000000000013A27                 call    DbgPrint
.text:0000000000013A2C                 cmp     cs:dword_1F128, ebp
.text:0000000000013A32                 jz      short loc_13A70
.text:0000000000013A34                 lea     rcx, aDriverentry232 ; "DriverEntry(232):"
.text:0000000000013A3B                 call    DbgPrint
.text:0000000000013A40                 lea     rcx, aDriverentryBeg ; "DriverEntry Beg\n"
.text:0000000000013A47                 call    DbgPrint
.text:0000000000013A4C                 cmp     cs:dword_1F128, ebp
.text:0000000000013A52                 jz      short loc_13A70
.text:0000000000013A54                 lea     rcx, aDriverentry234 ; "DriverEntry(234):"
.text:0000000000013A5B                 call    DbgPrint
.text:0000000000013A60                 mov     rdx, [rdi+8]
.text:0000000000013A64                 lea     rcx, aDriverpathWs ; "DriverPath[%ws]\n"
.text:0000000000013A6B                 call    DbgPrint
.text:0000000000013A70
.text:0000000000013A70 loc_13A70:                              ; CODE XREF: sub_139E4+20↑j
.text:0000000000013A70                                         ; sub_139E4+4E↑j ...
.text:0000000000013A70                 mov     rcx, [rdi+8]    ; SourceString
.text:0000000000013A74                 lea     r8, qword_1F140
.text:0000000000013A7B                 lea     rdx, Dst
.text:0000000000013A82                 call    sub_13590
.text:0000000000013A87                 cmp     eax, ebp
.text:0000000000013A89                 jge     short loc_13AB5
.text:0000000000013A8B                 cmp     cs:dword_1F128, ebp
.text:0000000000013A91                 jz      short loc_13AAB
.text:0000000000013A93                 lea     rcx, aDriverentry237 ; "DriverEntry(237):"
.text:0000000000013A9A                 call    DbgPrint
.text:0000000000013A9F                 lea     rcx, aGetdrivernameF ; "GetDriverName Failed!!!\n"
.text:0000000000013AA6
.text:0000000000013AA6 loc_13AA6:                              ; CODE XREF: sub_139E4+1BA↓j
.text:0000000000013AA6                 call    DbgPrint
.text:0000000000013AAB
.text:0000000000013AAB loc_13AAB:                              ; CODE XREF: sub_139E4+AD↑j
.text:0000000000013AAB                                         ; sub_139E4+1A1↓j
.text:0000000000013AAB                 mov     eax, 0C0000001h
.text:0000000000013AB0                 jmp     loc_13D06
.text:0000000000013AB5 ; ---------------------------------------------------------------------------
.text:0000000000013AB5
.text:0000000000013AB5 loc_13AB5:                              ; CODE XREF: sub_139E4+A5↑j
.text:0000000000013AB5                 mov     rcx, [rdi+8]    ; SourceString
.text:0000000000013AB9                 mov     esi, 4
.text:0000000000013ABE                 lea     rax, [rsp+88h+arg_8]
.text:0000000000013AC6                 lea     r9, dword_1F128
.text:0000000000013ACD                 lea     rdx, aEndtrace  ; "ENDTRACE"
.text:0000000000013AD4                 mov     r8d, esi
.text:0000000000013AD7                 mov     qword ptr [rsp+88h+DeviceCharacteristics], rax ; ULONG
.text:0000000000013ADC                 mov     [rsp+88h+arg_8], esi
.text:0000000000013AE3                 call    sub_18CF0
.text:0000000000013AE8                 mov     rcx, [rdi+8]    ; SourceString
.text:0000000000013AEC                 lea     rax, [rsp+88h+arg_8]
.text:0000000000013AF4                 lea     r9, dword_1F118
.text:0000000000013AFB                 lea     rdx, aVadtrace  ; "VADTRACE"
.text:0000000000013B02                 mov     r8d, esi
.text:0000000000013B05                 mov     qword ptr [rsp+88h+DeviceCharacteristics], rax ; ULONG
.text:0000000000013B0A                 mov     [rsp+88h+arg_8], esi
.text:0000000000013B11                 call    sub_18CF0
.text:0000000000013B16                 mov     rcx, [rdi+8]    ; SourceString
.text:0000000000013B1A                 lea     rax, [rsp+88h+arg_8]
.text:0000000000013B22                 lea     r9, dword_1F11C
.text:0000000000013B29                 lea     rdx, aVadprint  ; "VADPRINT"
.text:0000000000013B30                 mov     r8d, esi
.text:0000000000013B33                 mov     [rsp+88h+arg_8], esi
.text:0000000000013B3A                 mov     qword ptr [rsp+88h+DeviceCharacteristics], rax ; ULONG
.text:0000000000013B3F                 call    sub_18CF0
.text:0000000000013B44                 lea     rdx, Dst        ; SourceString
.text:0000000000013B4B                 lea     rcx, [rsp+88h+DestinationString] ; DestinationString
.text:0000000000013B50                 call    cs:RtlInitUnicodeString ; ntoskrnl
.text:0000000000013B56                 lea     rdx, aObreferenceobj_0 ; "ObReferenceObjectByHandle"
.text:0000000000013B5D                 lea     rcx, [rsp+88h+SystemRoutineName] ; DestinationString
.text:0000000000013B62                 call    cs:RtlInitUnicodeString ; ntoskrnl
.text:0000000000013B68                 lea     rcx, [rsp+88h+SystemRoutineName] ; SystemRoutineName
.text:0000000000013B6D                 call    cs:MmGetSystemRoutineAddress ; ntoskrnl
.text:0000000000013B73                 cmp     rax, rbp
.text:0000000000013B76                 mov     cs:qword_1F560, rax
.text:0000000000013B7D                 jnz     short loc_13BA3
.text:0000000000013B7F                 cmp     cs:dword_1F128, ebp
.text:0000000000013B85                 jz      loc_13AAB
.text:0000000000013B8B                 lea     rcx, aDriverentry258 ; "DriverEntry(258):"
.text:0000000000013B92                 call    DbgPrint
.text:0000000000013B97                 lea     rcx, aMmgetsystemrou ; "MmGetSystemRoutineAddress failed gettin"...
.text:0000000000013B9E                 jmp     loc_13AA6
.text:0000000000013BA3 ; ---------------------------------------------------------------------------
.text:0000000000013BA3
.text:0000000000013BA3 loc_13BA3:                              ; CODE XREF: sub_139E4+199↑j
.text:0000000000013BA3                 lea     rax, [rsp+88h+arg_10]
.text:0000000000013BAB                 lea     r8, [rsp+88h+DestinationString] ; DeviceName
.text:0000000000013BB0                 mov     r9d, 22h ; '"'  ; DeviceType
.text:0000000000013BB6                 mov     [rsp+88h+DeviceObject], rax ; DeviceObject
.text:0000000000013BBB                 mov     edx, 192928h    ; DeviceExtensionSize
.text:0000000000013BC0                 mov     rcx, rbx        ; DriverObject
.text:0000000000013BC3                 mov     [rsp+88h+Exclusive], bpl ; Exclusive
.text:0000000000013BC8                 mov     [rsp+88h+DeviceCharacteristics], ebp ; DeviceCharacteristics
.text:0000000000013BCC                 call    cs:IoCreateDevice ; ntoskrnl
.text:0000000000013BD2                 cmp     eax, ebp
.text:0000000000013BD4                 mov     edi, eax
.text:0000000000013BD6                 jge     short loc_13BFF
.text:0000000000013BD8                 cmp     cs:dword_1F128, ebp
.text:0000000000013BDE                 jz      short loc_13BF8
.text:0000000000013BE0                 lea     rcx, aDriverentry264 ; "DriverEntry(264):"
.text:0000000000013BE7                 call    DbgPrint
.text:0000000000013BEC                 lea     rcx, aCouldnTCreateT ; "Couldn't create the device object\n"
.text:0000000000013BF3                 call    DbgPrint
.text:0000000000013BF8
.text:0000000000013BF8 loc_13BF8:                              ; CODE XREF: sub_139E4+1FA↑j
.text:0000000000013BF8                 mov     eax, edi
.text:0000000000013BFA                 jmp     loc_13D06
.text:0000000000013BFF ; ---------------------------------------------------------------------------
.text:0000000000013BFF
.text:0000000000013BFF loc_13BFF:                              ; CODE XREF: sub_139E4+1F2↑j
.text:0000000000013BFF                 lea     rcx, Mutex      ; Mutex
.text:0000000000013C06                 xor     edx, edx        ; Level
.text:0000000000013C08                 call    cs:KeInitializeMutex ; ntoskrnl
.text:0000000000013C0E                 mov     rax, [rsp+88h+arg_10]
.text:0000000000013C16                 lea     rdx, qword_1F140 ; SourceString
.text:0000000000013C1D                 mov     rdi, [rax+40h]
.text:0000000000013C21                 mov     cs:qword_1F5A8, rax
.text:0000000000013C28                 lea     rax, sub_13D1C
.text:0000000000013C2F                 mov     [rdi+192920h], rbp
.text:0000000000013C36                 mov     [rbx+70h], rax
.text:0000000000013C3A                 lea     rax, sub_13D8C
.text:0000000000013C41                 mov     [rbx+80h], rax
.text:0000000000013C48                 lea     rax, sub_14E64
.text:0000000000013C4F                 lea     rcx, [rsp+88h+SymbolicLinkName] ; DestinationString
.text:0000000000013C54                 mov     [rbx+0E0h], rax
.text:0000000000013C5B                 lea     rax, sub_13DFC
.text:0000000000013C62                 mov     cs:qword_1F5A0, rbx
.text:0000000000013C69                 mov     [rbx+68h], rax
.text:0000000000013C6D                 call    cs:RtlInitUnicodeString ; ntoskrnl
.text:0000000000013C73                 lea     rdx, [rsp+88h+DestinationString] ; DeviceName
.text:0000000000013C78                 lea     rcx, [rsp+88h+SymbolicLinkName] ; SymbolicLinkName
.text:0000000000013C7D                 call    cs:IoCreateSymbolicLink ; ntoskrnl
.text:0000000000013C83                 cmp     eax, ebp
.text:0000000000013C85                 mov     ebx, eax
.text:0000000000013C87                 jge     short loc_13CB9
.text:0000000000013C89                 cmp     cs:dword_1F128, ebp
.text:0000000000013C8F                 jz      short loc_13CA9
.text:0000000000013C91                 lea     rcx, aDriverentry283 ; "DriverEntry(283):"
.text:0000000000013C98                 call    DbgPrint
.text:0000000000013C9D                 lea     rcx, aCouldnTCreateS ; "Couldn't create symbolic link\n"
.text:0000000000013CA4                 call    DbgPrint
.text:0000000000013CA9
.text:0000000000013CA9 loc_13CA9:                              ; CODE XREF: sub_139E4+2AB↑j
.text:0000000000013CA9                 mov     rcx, [rsp+88h+arg_10] ; DeviceObject
.text:0000000000013CB1                 call    cs:IoDeleteDevice ; ntoskrnl
.text:0000000000013CB7                 jmp     short loc_13CD5
.text:0000000000013CB9 ; ---------------------------------------------------------------------------
.text:0000000000013CB9
.text:0000000000013CB9 loc_13CB9:                              ; CODE XREF: sub_139E4+2A3↑j
.text:0000000000013CB9                 mov     cs:qword_1F130, rbp
.text:0000000000013CC0                 mov     cs:qword_1F120, rbp
.text:0000000000013CC7                 mov     cs:qword_1F138, rbp
.text:0000000000013CCE                 mov     cs:qword_1F110, rbp
.text:0000000000013CD5
.text:0000000000013CD5 loc_13CD5:                              ; CODE XREF: sub_139E4+2D3↑j
.text:0000000000013CD5                 call    cs:IoGetCurrentProcess ; ntoskrnl
.text:0000000000013CDB                 mov     [rdi+192918h], rax
.text:0000000000013CE2                 cmp     cs:dword_1F128, ebp
.text:0000000000013CE8                 jz      short loc_13D04
.text:0000000000013CEA                 lea     rcx, aDriverentry293 ; "DriverEntry(293):"
.text:0000000000013CF1                 call    DbgPrint
.text:0000000000013CF6                 lea     rcx, aDriverentryEnd ; "DriverEntry End[%8.8X]\n"
.text:0000000000013CFD                 mov     edx, ebx
.text:0000000000013CFF                 call    DbgPrint
.text:0000000000013D04
.text:0000000000013D04 loc_13D04:                              ; CODE XREF: sub_139E4+304↑j
.text:0000000000013D04                 mov     eax, ebx
.text:0000000000013D06
.text:0000000000013D06 loc_13D06:                              ; CODE XREF: sub_139E4+CC↑j
.text:0000000000013D06                                         ; sub_139E4+216↑j
.text:0000000000013D06                 mov     rbx, [rsp+88h+arg_0]
.text:0000000000013D0E                 add     rsp, 70h
.text:0000000000013D12                 pop     rdi
.text:0000000000013D13                 pop     rsi
.text:0000000000013D14                 pop     rbp
.text:0000000000013D15                 retn
.text:0000000000013D15 sub_139E4       endp
.text:0000000000013D15
.text:0000000000013D15 ; ---------------------------------------------------------------------------
.text:0000000000013D16 byte_13D16      db 6 dup(0CCh)          ; DATA XREF: .pdata:0000000000020078↓o
.text:0000000000013D1C
.text:0000000000013D1C ; =============== S U B R O U T I N E =======================================
.text:0000000000013D1C
.text:0000000000013D1C
.text:0000000000013D1C ; __int64 __fastcall sub_13D1C(__int64, IRP *)
.text:0000000000013D1C sub_13D1C       proc near               ; DATA XREF: sub_139E4+244↑o
.text:0000000000013D1C                                         ; .pdata:0000000000020084↓o
.text:0000000000013D1C                 push    rbx
.text:0000000000013D1E                 sub     rsp, 20h
.text:0000000000013D22                 cmp     cs:dword_1F128, 0
.text:0000000000013D29                 mov     rbx, rdx
.text:0000000000013D2C                 jz      short loc_13D46
.text:0000000000013D2E                 lea     rcx, aGsicreate299 ; "GSICreate(299):"
.text:0000000000013D35                 call    DbgPrint
.text:0000000000013D3A                 lea     rcx, aCreateBeg ; "Create Beg\n"
.text:0000000000013D41                 call    DbgPrint
.text:0000000000013D46
.text:0000000000013D46 loc_13D46:                              ; CODE XREF: sub_13D1C+10↑j
.text:0000000000013D46                 and     dword ptr [rbx+30h], 0
.text:0000000000013D4A                 and     qword ptr [rbx+38h], 0
.text:0000000000013D4F                 xor     edx, edx        ; PriorityBoost
.text:0000000000013D51                 mov     rcx, rbx        ; Irp
.text:0000000000013D54                 call    cs:IofCompleteRequest ; ntoskrnl
.text:0000000000013D5A                 cmp     cs:dword_1F128, 0
.text:0000000000013D61                 jz      short loc_13D7B
.text:0000000000013D63                 lea     rcx, aGsicreate303 ; "GSICreate(303):"
.text:0000000000013D6A                 call    DbgPrint
.text:0000000000013D6F                 lea     rcx, aCreateEnd ; "Create End\n"
.text:0000000000013D76                 call    DbgPrint
.text:0000000000013D7B
.text:0000000000013D7B loc_13D7B:                              ; CODE XREF: sub_13D1C+45↑j
.text:0000000000013D7B                 xor     eax, eax
.text:0000000000013D7D                 add     rsp, 20h
.text:0000000000013D81                 pop     rbx
.text:0000000000013D82                 retn
.text:0000000000013D82 sub_13D1C       endp
.text:0000000000013D82
.text:0000000000013D82 ; ---------------------------------------------------------------------------
.text:0000000000013D83 byte_13D83      db 9 dup(0CCh)          ; DATA XREF: .pdata:0000000000020084↓o
.text:0000000000013D8C
.text:0000000000013D8C ; =============== S U B R O U T I N E =======================================
.text:0000000000013D8C
.text:0000000000013D8C
.text:0000000000013D8C ; __int64 __fastcall sub_13D8C(__int64, IRP *)
.text:0000000000013D8C sub_13D8C       proc near               ; DATA XREF: sub_139E4+256↑o
.text:0000000000013D8C                                         ; .pdata:0000000000020090↓o
.text:0000000000013D8C                 push    rbx
.text:0000000000013D8E                 sub     rsp, 20h
.text:0000000000013D92                 cmp     cs:dword_1F128, 0
.text:0000000000013D99                 mov     rbx, rdx
.text:0000000000013D9C                 jz      short loc_13DB6
.text:0000000000013D9E                 lea     rcx, aGsiclose308 ; "GSIClose(308):"
.text:0000000000013DA5                 call    DbgPrint
.text:0000000000013DAA                 lea     rcx, aCloseBeg  ; "Close Beg\n"
.text:0000000000013DB1                 call    DbgPrint
.text:0000000000013DB6
.text:0000000000013DB6 loc_13DB6:                              ; CODE XREF: sub_13D8C+10↑j
.text:0000000000013DB6                 and     dword ptr [rbx+30h], 0
.text:0000000000013DBA                 and     qword ptr [rbx+38h], 0
.text:0000000000013DBF                 xor     edx, edx        ; PriorityBoost
.text:0000000000013DC1                 mov     rcx, rbx        ; Irp
.text:0000000000013DC4                 call    cs:IofCompleteRequest ; ntoskrnl
.text:0000000000013DCA                 cmp     cs:dword_1F128, 0
.text:0000000000013DD1                 jz      short loc_13DEB
.text:0000000000013DD3                 lea     rcx, aGsiclose312 ; "GSIClose(312):"
.text:0000000000013DDA                 call    DbgPrint
.text:0000000000013DDF                 lea     rcx, aCloseEnd  ; "Close End\n"
.text:0000000000013DE6                 call    DbgPrint
.text:0000000000013DEB
.text:0000000000013DEB loc_13DEB:                              ; CODE XREF: sub_13D8C+45↑j
.text:0000000000013DEB                 xor     eax, eax
.text:0000000000013DED                 add     rsp, 20h
.text:0000000000013DF1                 pop     rbx
.text:0000000000013DF2                 retn
.text:0000000000013DF2 sub_13D8C       endp
.text:0000000000013DF2
.text:0000000000013DF2 ; ---------------------------------------------------------------------------
.text:0000000000013DF3 byte_13DF3      db 9 dup(0CCh)          ; DATA XREF: .pdata:0000000000020090↓o
.text:0000000000013DFC
.text:0000000000013DFC ; =============== S U B R O U T I N E =======================================
.text:0000000000013DFC
.text:0000000000013DFC
.text:0000000000013DFC ; void __fastcall sub_13DFC(__int64)
.text:0000000000013DFC sub_13DFC       proc near               ; DATA XREF: sub_139E4+277↑o
.text:0000000000013DFC                                         ; .pdata:000000000002009C↓o
.text:0000000000013DFC
.text:0000000000013DFC DestinationString= _UNICODE_STRING ptr -18h
.text:0000000000013DFC
.text:0000000000013DFC                 push    rbx
.text:0000000000013DFE                 sub     rsp, 30h
.text:0000000000013E02                 cmp     cs:dword_1F128, 0
.text:0000000000013E09                 mov     rbx, [rcx+8]
.text:0000000000013E0D                 jz      short loc_13E27
.text:0000000000013E0F                 lea     rcx, aGsiunloaddrive ; "GSIUnloadDriver(323):"
.text:0000000000013E16                 call    DbgPrint
.text:0000000000013E1B                 lea     rcx, aUnloadBeg ; "Unload Beg\n"
.text:0000000000013E22                 call    DbgPrint
.text:0000000000013E27
.text:0000000000013E27 loc_13E27:                              ; CODE XREF: sub_13DFC+11↑j
.text:0000000000013E27                 lea     rdx, qword_1F140 ; SourceString
.text:0000000000013E2E                 lea     rcx, [rsp+38h+DestinationString] ; DestinationString
.text:0000000000013E33                 call    cs:RtlInitUnicodeString ; ntoskrnl
.text:0000000000013E39                 lea     rcx, [rsp+38h+DestinationString] ; SymbolicLinkName
.text:0000000000013E3E                 call    cs:IoDeleteSymbolicLink ; ntoskrnl
.text:0000000000013E44                 test    rbx, rbx
.text:0000000000013E47                 jz      short loc_13E52
.text:0000000000013E49                 mov     rcx, rbx        ; DeviceObject
.text:0000000000013E4C                 call    cs:IoDeleteDevice ; ntoskrnl
.text:0000000000013E52
.text:0000000000013E52 loc_13E52:                              ; CODE XREF: sub_13DFC+4B↑j
.text:0000000000013E52                 cmp     cs:dword_1F128, 0
.text:0000000000013E59                 jz      short loc_13E73
.text:0000000000013E5B                 lea     rcx, aGsiunloaddrive_0 ; "GSIUnloadDriver(329):"
.text:0000000000013E62                 call    DbgPrint
.text:0000000000013E67                 lea     rcx, aUnloadEnd ; "Unload End\n"
.text:0000000000013E6E                 call    DbgPrint
.text:0000000000013E73
.text:0000000000013E73 loc_13E73:                              ; CODE XREF: sub_13DFC+5D↑j
.text:0000000000013E73                 add     rsp, 30h
.text:0000000000013E77                 pop     rbx
.text:0000000000013E78                 retn
.text:0000000000013E78 sub_13DFC       endp
.text:0000000000013E78
.text:0000000000013E78 ; ---------------------------------------------------------------------------
.text:0000000000013E79 algn_13E79:                             ; DATA XREF: .pdata:000000000002009C↓o
.text:0000000000013E79                 align 20h
.text:0000000000013E80
.text:0000000000013E80 ; =============== S U B R O U T I N E =======================================
.text:0000000000013E80
.text:0000000000013E80
.text:0000000000013E80 ; __int64 __fastcall sub_13E80(__int64, __int64)
.text:0000000000013E80 sub_13E80       proc near               ; CODE XREF: sub_14E64+A3↓p
.text:0000000000013E80                                         ; DATA XREF: .pdata:00000000000200A8↓o
.text:0000000000013E80
.text:0000000000013E80 CommitSize      = qword ptr -78h
.text:0000000000013E80 SectionOffset   = qword ptr -70h
.text:0000000000013E80 ViewSize        = qword ptr -68h
.text:0000000000013E80 InheritDisposition= dword ptr -60h
.text:0000000000013E80 AllocationType  = dword ptr -58h
.text:0000000000013E80 Win32Protect    = dword ptr -50h
.text:0000000000013E80 var_48          = qword ptr -48h
.text:0000000000013E80 var_40          = qword ptr -40h
.text:0000000000013E80 MaxCount        = qword ptr  8
.text:0000000000013E80 BaseAddress     = qword ptr  10h
.text:0000000000013E80 arg_10          = _LARGE_INTEGER ptr  18h
.text:0000000000013E80 arg_18          = qword ptr  20h
.text:0000000000013E80
.text:0000000000013E80                 mov     [rsp+arg_18], rbx
.text:0000000000013E85                 push    rbp
.text:0000000000013E86                 push    rsi
.text:0000000000013E87                 push    rdi
.text:0000000000013E88                 push    r12
.text:0000000000013E8A                 push    r13
.text:0000000000013E8C                 push    r14
.text:0000000000013E8E                 push    r15
.text:0000000000013E90                 sub     rsp, 60h
.text:0000000000013E94                 mov     r14, [rdx+0B8h]
.text:0000000000013E9B                 mov     r13, [rcx+40h]
.text:0000000000013E9F                 mov     ecx, cs:dword_1F128
.text:0000000000013EA5                 mov     rsi, [rdx+18h]
.text:0000000000013EA9                 mov     r12d, [r14+10h]
.text:0000000000013EAD                 mov     ebp, [r14+8]
.text:0000000000013EB1                 xor     r15d, r15d
.text:0000000000013EB4                 mov     rdi, rdx
.text:0000000000013EB7                 cmp     ecx, r15d
.text:0000000000013EBA                 mov     ebx, r15d
.text:0000000000013EBD                 jz      short loc_13EDD
.text:0000000000013EBF                 lea     rcx, aGsiioctl64357 ; "GSIIoctl64(357):"
.text:0000000000013EC6                 call    DbgPrint
.text:0000000000013ECB                 lea     rcx, aIoctl6464bitSt ; "IOCTL64-64Bit Struc Only\n"
.text:0000000000013ED2                 call    DbgPrint
.text:0000000000013ED7                 mov     ecx, cs:dword_1F128
.text:0000000000013EDD
.text:0000000000013EDD loc_13EDD:                              ; CODE XREF: sub_13E80+3D↑j
.text:0000000000013EDD                 mov     eax, [r14+18h]
.text:0000000000013EE1                 mov     edx, 22307Ch
.text:0000000000013EE6                 cmp     eax, edx
.text:0000000000013EE8                 ja      loc_1458E
.text:0000000000013EEE                 jz      loc_14540
.text:0000000000013EF4                 mov     edx, 223060h
.text:0000000000013EF9                 cmp     eax, edx
.text:0000000000013EFB                 ja      loc_142B8
.text:0000000000013F01                 jz      loc_1428E
.text:0000000000013F07                 sub     eax, 223048h
.text:0000000000013F0C                 jz      loc_141C0
.text:0000000000013F12                 sub     eax, 4
.text:0000000000013F15                 jz      loc_1412E
.text:0000000000013F1B                 sub     eax, 4
.text:0000000000013F1E                 jz      loc_14097
.text:0000000000013F24                 sub     eax, 4
.text:0000000000013F27                 jz      loc_13FE1
.text:0000000000013F2D                 sub     eax, 4
.text:0000000000013F30                 jz      short loc_13F9E
.text:0000000000013F32                 cmp     eax, 4
.text:0000000000013F35                 jnz     loc_14C51
.text:0000000000013F3B                 cmp     ecx, r15d
.text:0000000000013F3E                 jz      short loc_13F5E
.text:0000000000013F40                 lea     rcx, aGsiioctl64665 ; "GSIIoctl64(665):"
.text:0000000000013F47                 call    DbgPrint
.text:0000000000013F4C                 lea     rcx, aDevicecontrolU ; "DeviceControl-UnhideProc\n"
.text:0000000000013F53                 call    DbgPrint
.text:0000000000013F58                 mov     ecx, cs:dword_1F128
.text:0000000000013F5E
.text:0000000000013F5E loc_13F5E:                              ; CODE XREF: sub_13E80+BE↑j
.text:0000000000013F5E                 cmp     r12, 8
.text:0000000000013F62                 jnb     short loc_13F88
.text:0000000000013F64                 cmp     ecx, r15d
.text:0000000000013F67                 jz      short loc_13F81
.text:0000000000013F69                 lea     rcx, aGsiioctl64667 ; "GSIIoctl64(667):"
.text:0000000000013F70
.text:0000000000013F70 loc_13F70:                              ; CODE XREF: sub_13E80+153↓j
.text:0000000000013F70                                         ; sub_13E80+2E7↓j ...
.text:0000000000013F70                 call    DbgPrint
.text:0000000000013F75                 lea     rcx, aInputBufferToo ; "Input Buffer too Small!\n"
.text:0000000000013F7C
.text:0000000000013F7C loc_13F7C:                              ; CODE XREF: sub_13E80+1D6↓j
.text:0000000000013F7C                 call    DbgPrint
.text:0000000000013F81
.text:0000000000013F81 loc_13F81:                              ; CODE XREF: sub_13E80+E7↑j
.text:0000000000013F81                                         ; sub_13E80+14A↓j ...
.text:0000000000013F81                 mov     ebx, 0C0000023h
.text:0000000000013F86                 jmp     short loc_13F95
.text:0000000000013F88 ; ---------------------------------------------------------------------------
.text:0000000000013F88
.text:0000000000013F88 loc_13F88:                              ; CODE XREF: sub_13E80+E2↑j
.text:0000000000013F88                 mov     rdx, [rsi]
.text:0000000000013F8B                 mov     rcx, r13
.text:0000000000013F8E                 call    sub_16798
.text:0000000000013F93
.text:0000000000013F93 loc_13F93:                              ; CODE XREF: sub_13E80+709↓j
.text:0000000000013F93                 mov     ebx, eax
.text:0000000000013F95
.text:0000000000013F95 loc_13F95:                              ; CODE XREF: sub_13E80+106↑j
.text:0000000000013F95                                         ; sub_13E80+4B5↓j ...
.text:0000000000013F95                 mov     [rdi+38h], r15
.text:0000000000013F99                 jmp     loc_14E3F
.text:0000000000013F9E ; ---------------------------------------------------------------------------
.text:0000000000013F9E
.text:0000000000013F9E loc_13F9E:                              ; CODE XREF: sub_13E80+B0↑j
.text:0000000000013F9E                 cmp     ecx, r15d
.text:0000000000013FA1                 jz      short loc_13FC1
.text:0000000000013FA3                 lea     rcx, aGsiioctl64360 ; "GSIIoctl64(360):"
.text:0000000000013FAA                 call    DbgPrint
.text:0000000000013FAF                 lea     rcx, aDevicecontrolV ; "DeviceControl-Version\n"
.text:0000000000013FB6                 call    DbgPrint
.text:0000000000013FBB                 mov     ecx, cs:dword_1F128
.text:0000000000013FC1
.text:0000000000013FC1 loc_13FC1:                              ; CODE XREF: sub_13E80+121↑j
.text:0000000000013FC1                 cmp     rbp, 8
.text:0000000000013FC5                 jnb     short loc_13FD5
.text:0000000000013FC7                 cmp     ecx, r15d
.text:0000000000013FCA                 jz      short loc_13F81
.text:0000000000013FCC                 lea     rcx, aGsiioctl64362 ; "GSIIoctl64(362):"
.text:0000000000013FD3                 jmp     short loc_13F70
.text:0000000000013FD5 ; ---------------------------------------------------------------------------
.text:0000000000013FD5
.text:0000000000013FD5 loc_13FD5:                              ; CODE XREF: sub_13E80+145↑j
.text:0000000000013FD5                 mov     qword ptr [rsi], 138h
.text:0000000000013FDC                 jmp     loc_14DDA
.text:0000000000013FE1 ; ---------------------------------------------------------------------------
.text:0000000000013FE1
.text:0000000000013FE1 loc_13FE1:                              ; CODE XREF: sub_13E80+A7↑j
.text:0000000000013FE1                 cmp     ecx, r15d
.text:0000000000013FE4                 jz      short loc_14004
.text:0000000000013FE6                 lea     rcx, aGsiioctl64540 ; "GSIIoctl64(540):"
.text:0000000000013FED                 call    DbgPrint
.text:0000000000013FF2                 lea     rcx, aDevicecontrolF ; "DeviceControl-FileHandleName\n"
.text:0000000000013FF9                 call    DbgPrint
.text:0000000000013FFE                 mov     ecx, cs:dword_1F128
.text:0000000000014004
.text:0000000000014004 loc_14004:                              ; CODE XREF: sub_13E80+164↑j
.text:0000000000014004                 cmp     r12, 8
.text:0000000000014008                 jnb     short loc_14031
.text:000000000001400A                 cmp     ecx, r15d
.text:000000000001400D                 jz      short loc_14027
.text:000000000001400F                 lea     rcx, aGsiioctl64542 ; "GSIIoctl64(542):"
.text:0000000000014016                 call    DbgPrint
.text:000000000001401B                 lea     rcx, aOutputBufferTo ; "Output Buffer too Small!\n"
.text:0000000000014022                 call    DbgPrint
.text:0000000000014027
.text:0000000000014027 loc_14027:                              ; CODE XREF: sub_13E80+18D↑j
.text:0000000000014027                 mov     [rdi+38h], r15
.text:000000000001402B                 mov     ecx, cs:dword_1F128
.text:0000000000014031
.text:0000000000014031 loc_14031:                              ; CODE XREF: sub_13E80+188↑j
.text:0000000000014031                 cmp     rbp, 216h
.text:0000000000014038                 jnb     short loc_1405B
.text:000000000001403A                 cmp     ecx, r15d
.text:000000000001403D                 jz      loc_13F81
.text:0000000000014043                 lea     rcx, aGsiioctl64547 ; "GSIIoctl64(547):"
.text:000000000001404A
.text:000000000001404A loc_1404A:                              ; CODE XREF: sub_13E80+27D↓j
.text:000000000001404A                                         ; sub_13E80+302↓j ...
.text:000000000001404A                 call    DbgPrint
.text:000000000001404F                 lea     rcx, aOutputBufferTo ; "Output Buffer too Small!\n"
.text:0000000000014056                 jmp     loc_13F7C
.text:000000000001405B ; ---------------------------------------------------------------------------
.text:000000000001405B
.text:000000000001405B loc_1405B:                              ; CODE XREF: sub_13E80+1B8↑j
.text:000000000001405B                 mov     rax, 0F4898D5F85BB3951h
.text:0000000000014065                 mov     r9b, 1
.text:0000000000014068                 mov     r8, rsi
.text:000000000001406B                 mov     rcx, r13
.text:000000000001406E                 mul     rbp
.text:0000000000014071                 shr     rdx, 9
.text:0000000000014075                 mov     [rsp+98h+CommitSize], rdx
.text:000000000001407A                 mov     rdx, [rsi]
.text:000000000001407D                 call    sub_1191C
.text:0000000000014082
.text:0000000000014082 loc_14082:                              ; CODE XREF: sub_13E80+930↓j
.text:0000000000014082                 cmp     rax, r15
.text:0000000000014085                 jz      loc_14C51
.text:000000000001408B                 imul    rax, 216h
.text:0000000000014092                 jmp     loc_14E3B
.text:0000000000014097 ; ---------------------------------------------------------------------------
.text:0000000000014097
.text:0000000000014097 loc_14097:                              ; CODE XREF: sub_13E80+9E↑j
.text:0000000000014097                 cmp     ecx, r15d
.text:000000000001409A                 jz      short loc_140BA
.text:000000000001409C                 lea     rcx, aGsiioctl64517 ; "GSIIoctl64(517):"
.text:00000000000140A3                 call    DbgPrint
.text:00000000000140A8                 lea     rcx, aDevicecontrolF_0 ; "DeviceControl-FileHandle\n"
.text:00000000000140AF                 call    DbgPrint
.text:00000000000140B4                 mov     ecx, cs:dword_1F128
.text:00000000000140BA
.text:00000000000140BA loc_140BA:                              ; CODE XREF: sub_13E80+21A↑j
.text:00000000000140BA                 cmp     r12, 8
.text:00000000000140BE                 jnb     short loc_140E7
.text:00000000000140C0                 cmp     ecx, r15d
.text:00000000000140C3                 jz      short loc_140DD
.text:00000000000140C5                 lea     rcx, aGsiioctl64519 ; "GSIIoctl64(519):"
.text:00000000000140CC                 call    DbgPrint
.text:00000000000140D1                 lea     rcx, aOutputBufferTo ; "Output Buffer too Small!\n"
.text:00000000000140D8                 call    DbgPrint
.text:00000000000140DD
.text:00000000000140DD loc_140DD:                              ; CODE XREF: sub_13E80+243↑j
.text:00000000000140DD                 mov     [rdi+38h], r15
.text:00000000000140E1                 mov     ecx, cs:dword_1F128
.text:00000000000140E7
.text:00000000000140E7 loc_140E7:                              ; CODE XREF: sub_13E80+23E↑j
.text:00000000000140E7                 cmp     rbp, 8
.text:00000000000140EB                 jnb     short loc_14102
.text:00000000000140ED                 cmp     ecx, r15d
.text:00000000000140F0                 jz      loc_13F81
.text:00000000000140F6                 lea     rcx, aGsiioctl64524 ; "GSIIoctl64(524):"
.text:00000000000140FD                 jmp     loc_1404A
.text:0000000000014102 ; ---------------------------------------------------------------------------
.text:0000000000014102
.text:0000000000014102 loc_14102:                              ; CODE XREF: sub_13E80+26B↑j
.text:0000000000014102                 mov     rdx, [rsi]
.text:0000000000014105                 shr     rbp, 3
.text:0000000000014109                 xor     r9d, r9d
.text:000000000001410C                 mov     r8, rsi
.text:000000000001410F                 mov     rcx, r13
.text:0000000000014112                 mov     [rsp+98h+CommitSize], rbp
.text:0000000000014117                 call    sub_1191C
.text:000000000001411C                 cmp     rax, r15
.text:000000000001411F                 jz      loc_14C51
.text:0000000000014125                 shl     rax, 3
.text:0000000000014129                 jmp     loc_14E3B
.text:000000000001412E ; ---------------------------------------------------------------------------
.text:000000000001412E
.text:000000000001412E loc_1412E:                              ; CODE XREF: sub_13E80+95↑j
.text:000000000001412E                 cmp     ecx, r15d
.text:0000000000014131                 jz      short loc_14151
.text:0000000000014133                 lea     rcx, aGsiioctl64399 ; "GSIIoctl64(399):"
.text:000000000001413A                 call    DbgPrint
.text:000000000001413F                 lea     rcx, aDevicecontrolP ; "DeviceControl-PidName\n"
.text:0000000000014146                 call    DbgPrint
.text:000000000001414B                 mov     ecx, cs:dword_1F128
.text:0000000000014151
.text:0000000000014151 loc_14151:                              ; CODE XREF: sub_13E80+2B1↑j
.text:0000000000014151                 cmp     r12, 8
.text:0000000000014155                 jnb     short loc_1416C
.text:0000000000014157                 cmp     ecx, r15d
.text:000000000001415A                 jz      loc_13F81
.text:0000000000014160                 lea     rcx, aGsiioctl64401 ; "GSIIoctl64(401):"
.text:0000000000014167                 jmp     loc_13F70
.text:000000000001416C ; ---------------------------------------------------------------------------
.text:000000000001416C
.text:000000000001416C loc_1416C:                              ; CODE XREF: sub_13E80+2D5↑j
.text:000000000001416C                 cmp     rbp, 10h
.text:0000000000014170                 jnb     short loc_14187
.text:0000000000014172                 cmp     ecx, r15d
.text:0000000000014175                 jz      loc_13F81
.text:000000000001417B                 lea     rcx, aGsiioctl64406 ; "GSIIoctl64(406):"
.text:0000000000014182                 jmp     loc_1404A
.text:0000000000014187 ; ---------------------------------------------------------------------------
.text:0000000000014187
.text:0000000000014187 loc_14187:                              ; CODE XREF: sub_13E80+2F0↑j
.text:0000000000014187                 mov     rdx, [rsi]
.text:000000000001418A                 lea     r8, [r13+192906h]
.text:0000000000014191                 mov     rcx, r13
.text:0000000000014194                 call    sub_15ABC
.text:0000000000014199                 cmp     rax, r15
.text:000000000001419C                 jz      loc_14C51
.text:00000000000141A2                 mov     [rdi+30h], r15d
.text:00000000000141A6                 mov     qword ptr [rdi+38h], 10h
.text:00000000000141AE                 movdqu  xmm0, xmmword ptr [r13+192906h]
.text:00000000000141B7                 movdqu  xmmword ptr [rsi], xmm0
.text:00000000000141BB                 jmp     loc_14E3F
.text:00000000000141C0 ; ---------------------------------------------------------------------------
.text:00000000000141C0
.text:00000000000141C0 loc_141C0:                              ; CODE XREF: sub_13E80+8C↑j
.text:00000000000141C0                 cmp     ecx, r15d
.text:00000000000141C3                 jz      short loc_141E3
.text:00000000000141C5                 lea     rcx, aGsiioctl64423 ; "GSIIoctl64(423):"
.text:00000000000141CC                 call    DbgPrint
.text:00000000000141D1                 lea     rcx, aDevicecontrolS ; "DeviceControl-SysProcInfo Beg\n"
.text:00000000000141D8                 call    DbgPrint
.text:00000000000141DD                 mov     ecx, cs:dword_1F128
.text:00000000000141E3
.text:00000000000141E3 loc_141E3:                              ; CODE XREF: sub_13E80+343↑j
.text:00000000000141E3                 cmp     rbp, 8
.text:00000000000141E7                 jnb     short loc_14210
.text:00000000000141E9                 cmp     ecx, r15d
.text:00000000000141EC                 jz      short loc_14209
.text:00000000000141EE                 lea     rcx, aGsiioctl64425 ; "GSIIoctl64(425):"
.text:00000000000141F5                 call    DbgPrint
.text:00000000000141FA                 lea     rcx, aOutputBufferTo_0 ; "Output Buffer too Small! [%8.8X]\n"
.text:0000000000014201                 mov     rdx, rbp
.text:0000000000014204                 call    DbgPrint
.text:0000000000014209
.text:0000000000014209 loc_14209:                              ; CODE XREF: sub_13E80+36C↑j
.text:0000000000014209                 mov     ebx, 0C0000023h
.text:000000000001420E                 jmp     short loc_1425D
.text:0000000000014210 ; ---------------------------------------------------------------------------
.text:0000000000014210
.text:0000000000014210 loc_14210:                              ; CODE XREF: sub_13E80+367↑j
.text:0000000000014210                 shr     rbp, 3
.text:0000000000014214                 mov     rdx, rsi
.text:0000000000014217                 mov     rcx, r13
.text:000000000001421A                 mov     r8, rbp
.text:000000000001421D                 call    sub_11794
.text:0000000000014222                 cmp     rax, r15
.text:0000000000014225                 mov     rsi, rax
.text:0000000000014228                 jz      short loc_14258
.text:000000000001422A                 cmp     cs:dword_1F128, r15d
.text:0000000000014231                 jz      short loc_14252
.text:0000000000014233                 lea     rcx, aGsiioctl64430 ; "GSIIoctl64(430):"
.text:000000000001423A                 call    DbgPrint
.text:000000000001423F                 mov     rdx, rsi
.text:0000000000014242                 lea     rcx, aNumberOfPidsD ; "Number of Pids [%d]\n"
.text:0000000000014249                 shr     rdx, 3
.text:000000000001424D                 call    DbgPrint
.text:0000000000014252
.text:0000000000014252 loc_14252:                              ; CODE XREF: sub_13E80+3B1↑j
.text:0000000000014252                 mov     [rdi+38h], rsi
.text:0000000000014256                 jmp     short loc_14261
.text:0000000000014258 ; ---------------------------------------------------------------------------
.text:0000000000014258
.text:0000000000014258 loc_14258:                              ; CODE XREF: sub_13E80+3A8↑j
.text:0000000000014258                 mov     ebx, 0C000000Dh
.text:000000000001425D
.text:000000000001425D loc_1425D:                              ; CODE XREF: sub_13E80+38E↑j
.text:000000000001425D                 mov     [rdi+38h], r15
.text:0000000000014261
.text:0000000000014261 loc_14261:                              ; CODE XREF: sub_13E80+3D6↑j
.text:0000000000014261                 mov     [rdi+30h], ebx
.text:0000000000014264                 cmp     cs:dword_1F128, r15d
.text:000000000001426B                 jz      loc_14E42
.text:0000000000014271                 lea     rcx, aGsiioctl64439 ; "GSIIoctl64(439):"
.text:0000000000014278                 call    DbgPrint
.text:000000000001427D                 lea     rcx, aDevicecontrolS_0 ; "DeviceControl-SysProcInfo End\n"
.text:0000000000014284                 call    DbgPrint
.text:0000000000014289                 jmp     loc_14E42
.text:000000000001428E ; ---------------------------------------------------------------------------
.text:000000000001428E
.text:000000000001428E loc_1428E:                              ; CODE XREF: sub_13E80+81↑j
.text:000000000001428E                 cmp     ecx, r15d
.text:0000000000014291                 jz      short loc_142AB
.text:0000000000014293                 lea     rcx, aGsiioctl64705 ; "GSIIoctl64(705):"
.text:000000000001429A                 call    DbgPrint
.text:000000000001429F                 lea     rcx, aDevicecontrolD ; "DeviceControl-DriverInfo\n"
.text:00000000000142A6                 call    DbgPrint
.text:00000000000142AB
.text:00000000000142AB loc_142AB:                              ; CODE XREF: sub_13E80+411↑j
.text:00000000000142AB                 mov     [rdi+38h], r15
.text:00000000000142AF                 mov     [rdi+30h], r15d
.text:00000000000142B3                 jmp     loc_14E42
.text:00000000000142B8 ; ---------------------------------------------------------------------------
.text:00000000000142B8
.text:00000000000142B8 loc_142B8:                              ; CODE XREF: sub_13E80+7B↑j
.text:00000000000142B8                 sub     eax, 223064h
.text:00000000000142BD                 jz      loc_144B9
.text:00000000000142C3                 sub     eax, 4
.text:00000000000142C6                 jz      loc_1444C
.text:00000000000142CC                 sub     eax, 4
.text:00000000000142CF                 jz      loc_143DF
.text:00000000000142D5                 sub     eax, 4
.text:00000000000142D8                 jz      loc_14394
.text:00000000000142DE                 sub     eax, 4
.text:00000000000142E1                 jz      short loc_1433A
.text:00000000000142E3                 cmp     eax, 4
.text:00000000000142E6                 jnz     loc_14C51
.text:00000000000142EC                 cmp     ecx, r15d
.text:00000000000142EF                 jz      short loc_1430F
.text:00000000000142F1                 lea     rcx, aGsiioctl64691 ; "GSIIoctl64(691):"
.text:00000000000142F8                 call    DbgPrint
.text:00000000000142FD                 lea     rcx, aDevicecontrolK ; "DeviceControl-KillProc\n"
.text:0000000000014304                 call    DbgPrint
.text:0000000000014309                 mov     ecx, cs:dword_1F128
.text:000000000001430F
.text:000000000001430F loc_1430F:                              ; CODE XREF: sub_13E80+46F↑j
.text:000000000001430F                 cmp     r12, 8
.text:0000000000014313                 jnb     short loc_1432A
.text:0000000000014315                 cmp     ecx, r15d
.text:0000000000014318                 jz      loc_13F81
.text:000000000001431E                 lea     rcx, aGsiioctl64693 ; "GSIIoctl64(693):"
.text:0000000000014325                 jmp     loc_13F70
.text:000000000001432A ; ---------------------------------------------------------------------------
.text:000000000001432A
.text:000000000001432A loc_1432A:                              ; CODE XREF: sub_13E80+493↑j
.text:000000000001432A                 mov     rdx, [rsi]
.text:000000000001432D                 mov     rcx, r13
.text:0000000000014330                 call    sub_16BA8
.text:0000000000014335                 jmp     loc_13F95
.text:000000000001433A ; ---------------------------------------------------------------------------
.text:000000000001433A
.text:000000000001433A loc_1433A:                              ; CODE XREF: sub_13E80+461↑j
.text:000000000001433A                 cmp     ecx, r15d
.text:000000000001433D                 jz      short loc_1435D
.text:000000000001433F                 lea     rcx, aGsiioctl64729 ; "GSIIoctl64(729):"
.text:0000000000014346                 call    DbgPrint
.text:000000000001434B                 lea     rcx, aDevicecontrolD_0 ; "DeviceControl-DeleteService\n"
.text:0000000000014352                 call    DbgPrint
.text:0000000000014357                 mov     ecx, cs:dword_1F128
.text:000000000001435D
.text:000000000001435D loc_1435D:                              ; CODE XREF: sub_13E80+4BD↑j
.text:000000000001435D                 cmp     r12, 1
.text:0000000000014361                 jnb     short loc_14378
.text:0000000000014363                 cmp     ecx, r15d
.text:0000000000014366                 jz      loc_13F81
.text:000000000001436C                 lea     rcx, aGsiioctl64731 ; "GSIIoctl64(731):"
.text:0000000000014373                 jmp     loc_13F70
.text:0000000000014378 ; ---------------------------------------------------------------------------
.text:0000000000014378
.text:0000000000014378 loc_14378:                              ; CODE XREF: sub_13E80+4E1↑j
.text:0000000000014378                 mov     rdx, rsi
.text:000000000001437B                 mov     rcx, r13
.text:000000000001437E                 call    sub_18420
.text:0000000000014383
.text:0000000000014383 loc_14383:                              ; CODE XREF: sub_13E80+55D↓j
.text:0000000000014383                 neg     al
.text:0000000000014385                 sbb     ebx, ebx
.text:0000000000014387                 not     ebx
.text:0000000000014389                 and     ebx, 0C000009Ah
.text:000000000001438F                 jmp     loc_13F95
.text:0000000000014394 ; ---------------------------------------------------------------------------
.text:0000000000014394
.text:0000000000014394 loc_14394:                              ; CODE XREF: sub_13E80+458↑j
.text:0000000000014394                 cmp     ecx, r15d
.text:0000000000014397                 jz      short loc_143B7
.text:0000000000014399                 lea     rcx, aGsiioctl64713 ; "GSIIoctl64(713):"
.text:00000000000143A0                 call    DbgPrint
.text:00000000000143A5                 lea     rcx, aDevicecontrolD_1 ; "DeviceControl-DeleteFile\n"
.text:00000000000143AC                 call    DbgPrint
.text:00000000000143B1                 mov     ecx, cs:dword_1F128
.text:00000000000143B7
.text:00000000000143B7 loc_143B7:                              ; CODE XREF: sub_13E80+517↑j
.text:00000000000143B7                 cmp     r12, 1
.text:00000000000143BB                 jnb     short loc_143D2
.text:00000000000143BD                 cmp     ecx, r15d
.text:00000000000143C0                 jz      loc_13F81
.text:00000000000143C6                 lea     rcx, aGsiioctl64715 ; "GSIIoctl64(715):"
.text:00000000000143CD                 jmp     loc_13F70
.text:00000000000143D2 ; ---------------------------------------------------------------------------
.text:00000000000143D2
.text:00000000000143D2 loc_143D2:                              ; CODE XREF: sub_13E80+53B↑j
.text:00000000000143D2                 mov     rdx, rsi
.text:00000000000143D5                 mov     rcx, r13
.text:00000000000143D8                 call    sub_186A0
.text:00000000000143DD                 jmp     short loc_14383
.text:00000000000143DF ; ---------------------------------------------------------------------------
.text:00000000000143DF
.text:00000000000143DF loc_143DF:                              ; CODE XREF: sub_13E80+44F↑j
.text:00000000000143DF                 cmp     ecx, r15d
.text:00000000000143E2                 jz      short loc_143FC
.text:00000000000143E4                 lea     rcx, aGsiioctl64770 ; "GSIIoctl64(770):"
.text:00000000000143EB                 call    DbgPrint
.text:00000000000143F0                 lea     rcx, aDevicecontrolD_2 ; "DeviceControl-DriverName\n"
.text:00000000000143F7                 call    DbgPrint
.text:00000000000143FC
.text:00000000000143FC loc_143FC:                              ; CODE XREF: sub_13E80+562↑j
.text:00000000000143FC                 mov     r8, rbp         ; Size
.text:00000000000143FF                 xor     edx, edx        ; Val
.text:0000000000014401                 mov     rcx, rsi        ; Dst
.text:0000000000014404                 call    memset
.text:0000000000014409                 shr     rbp, 9
.text:000000000001440D                 mov     rdx, rsi
.text:0000000000014410                 mov     r8, rbp
.text:0000000000014413                 mov     rcx, r13
.text:0000000000014416                 call    sub_175E0
.text:000000000001441B                 mov     r9, rbp
.text:000000000001441E                 mov     r8, rsi
.text:0000000000014421                 xor     edx, edx
.text:0000000000014423                 mov     rcx, r13
.text:0000000000014426                 mov     [rsp+98h+CommitSize], rax
.text:000000000001442B                 call    sub_182C0
.text:0000000000014430                 cmp     rax, r15
.text:0000000000014433                 jnz     short loc_14443
.text:0000000000014435
.text:0000000000014435 loc_14435:                              ; CODE XREF: sub_13E80+AF1↓j
.text:0000000000014435                 mov     [rdi+38h], r15
.text:0000000000014439                 mov     ebx, 0C000009Ah
.text:000000000001443E                 jmp     loc_14E3F
.text:0000000000014443 ; ---------------------------------------------------------------------------
.text:0000000000014443
.text:0000000000014443 loc_14443:                              ; CODE XREF: sub_13E80+5B3↑j
.text:0000000000014443                 shl     rax, 9
.text:0000000000014447                 jmp     loc_14E3B
.text:000000000001444C ; ---------------------------------------------------------------------------
.text:000000000001444C
.text:000000000001444C loc_1444C:                              ; CODE XREF: sub_13E80+446↑j
.text:000000000001444C                 cmp     ecx, r15d
.text:000000000001444F                 jz      short loc_1446F
.text:0000000000014451                 lea     rcx, aGsiioctl64640 ; "GSIIoctl64(640):"
.text:0000000000014458                 call    DbgPrint
.text:000000000001445D                 lea     rcx, aDevicecontrolP_0 ; "DeviceControl-PidMemory\n"
.text:0000000000014464                 call    DbgPrint
.text:0000000000014469                 mov     ecx, cs:dword_1F128
.text:000000000001446F
.text:000000000001446F loc_1446F:                              ; CODE XREF: sub_13E80+5CF↑j
.text:000000000001446F                 cmp     r12, 18h
.text:0000000000014473                 jnb     short loc_1448A
.text:0000000000014475                 cmp     ecx, r15d
.text:0000000000014478                 jz      loc_13F81
.text:000000000001447E                 lea     rcx, aGsiioctl64642 ; "GSIIoctl64(642):"
.text:0000000000014485                 jmp     loc_13F70
.text:000000000001448A ; ---------------------------------------------------------------------------
.text:000000000001448A
.text:000000000001448A loc_1448A:                              ; CODE XREF: sub_13E80+5F3↑j
.text:000000000001448A                 mov     rbx, [rsi+10h]
.text:000000000001448E                 mov     r8, [rsi+8]
.text:0000000000014492                 mov     rdx, [rsi]
.text:0000000000014495                 mov     r9, rbx
.text:0000000000014498                 mov     rcx, r13
.text:000000000001449B                 mov     [rsp+98h+CommitSize], rsi
.text:00000000000144A0                 call    sub_16D48
.text:00000000000144A5                 neg     al
.text:00000000000144A7                 sbb     rcx, rcx
.text:00000000000144AA                 and     rcx, rbx
.text:00000000000144AD                 mov     ebx, r15d
.text:00000000000144B0                 mov     [rdi+38h], rcx
.text:00000000000144B4                 jmp     loc_14E3F
.text:00000000000144B9 ; ---------------------------------------------------------------------------
.text:00000000000144B9
.text:00000000000144B9 loc_144B9:                              ; CODE XREF: sub_13E80+43D↑j
.text:00000000000144B9                 cmp     ecx, r15d
.text:00000000000144BC                 jz      short loc_144DC
.text:00000000000144BE                 lea     rcx, aGsiioctl64493 ; "GSIIoctl64(493):"
.text:00000000000144C5                 call    DbgPrint
.text:00000000000144CA                 lea     rcx, aDevicecontrolF_1 ; "DeviceControl-FileHandleCount\n"
.text:00000000000144D1                 call    DbgPrint
.text:00000000000144D6                 mov     ecx, cs:dword_1F128
.text:00000000000144DC
.text:00000000000144DC loc_144DC:                              ; CODE XREF: sub_13E80+63C↑j
.text:00000000000144DC                 cmp     r12, 8
.text:00000000000144E0                 jnb     short loc_14509
.text:00000000000144E2                 cmp     ecx, r15d
.text:00000000000144E5                 jz      short loc_144FF
.text:00000000000144E7                 lea     rcx, aGsiioctl64495 ; "GSIIoctl64(495):"
.text:00000000000144EE                 call    DbgPrint
.text:00000000000144F3                 lea     rcx, aOutputBufferTo ; "Output Buffer too Small!\n"
.text:00000000000144FA                 call    DbgPrint
.text:00000000000144FF
.text:00000000000144FF loc_144FF:                              ; CODE XREF: sub_13E80+665↑j
.text:00000000000144FF                 mov     [rdi+38h], r15
.text:0000000000014503                 mov     ecx, cs:dword_1F128
.text:0000000000014509
.text:0000000000014509 loc_14509:                              ; CODE XREF: sub_13E80+660↑j
.text:0000000000014509                 cmp     rbp, 8
.text:000000000001450D                 jnb     short loc_14524
.text:000000000001450F                 cmp     ecx, r15d
.text:0000000000014512                 jz      loc_13F81
.text:0000000000014518                 lea     rcx, aGsiioctl64500 ; "GSIIoctl64(500):"
.text:000000000001451F                 jmp     loc_1404A
.text:0000000000014524 ; ---------------------------------------------------------------------------
.text:0000000000014524
.text:0000000000014524 loc_14524:                              ; CODE XREF: sub_13E80+68D↑j
.text:0000000000014524                 mov     rdx, [rsi]
.text:0000000000014527                 mov     rcx, r13
.text:000000000001452A                 call    sub_16034
.text:000000000001452F                 cmp     rax, r15
.text:0000000000014532                 jz      loc_14C51
.text:0000000000014538
.text:0000000000014538 loc_14538:                              ; CODE XREF: sub_13E80+E1E↓j
.text:0000000000014538                 mov     [rsi], rax
.text:000000000001453B                 jmp     loc_14DDA
.text:0000000000014540 ; ---------------------------------------------------------------------------
.text:0000000000014540
.text:0000000000014540 loc_14540:                              ; CODE XREF: sub_13E80+6E↑j
.text:0000000000014540                 cmp     ecx, r15d
.text:0000000000014543                 jz      short loc_14563
.text:0000000000014545                 lea     rcx, aGsiioctl64678 ; "GSIIoctl64(678):"
.text:000000000001454C                 call    DbgPrint
.text:0000000000014551                 lea     rcx, aDevicecontrolH ; "DeviceControl-HideProc\n"
.text:0000000000014558                 call    DbgPrint
.text:000000000001455D                 mov     ecx, cs:dword_1F128
.text:0000000000014563
.text:0000000000014563 loc_14563:                              ; CODE XREF: sub_13E80+6C3↑j
.text:0000000000014563                 cmp     r12, 8
.text:0000000000014567                 jnb     short loc_1457E
.text:0000000000014569                 cmp     ecx, r15d
.text:000000000001456C                 jz      loc_13F81
.text:0000000000014572                 lea     rcx, aGsiioctl64680 ; "GSIIoctl64(680):"
.text:0000000000014579                 jmp     loc_13F70
.text:000000000001457E ; ---------------------------------------------------------------------------
.text:000000000001457E
.text:000000000001457E loc_1457E:                              ; CODE XREF: sub_13E80+6E7↑j
.text:000000000001457E                 mov     rdx, [rsi]
.text:0000000000014581                 mov     rcx, r13
.text:0000000000014584                 call    sub_16A20
.text:0000000000014589                 jmp     loc_13F93
.text:000000000001458E ; ---------------------------------------------------------------------------
.text:000000000001458E
.text:000000000001458E loc_1458E:                              ; CODE XREF: sub_13E80+68↑j
.text:000000000001458E                 mov     edx, 223098h
.text:0000000000014593                 cmp     eax, edx
.text:0000000000014595                 ja      loc_14983
.text:000000000001459B                 jz      loc_14912
.text:00000000000145A1                 sub     eax, 223080h
.text:00000000000145A6                 jz      loc_1489D
.text:00000000000145AC                 sub     eax, 4
.text:00000000000145AF                 jz      loc_1483A
.text:00000000000145B5                 sub     eax, 4
.text:00000000000145B8                 jz      loc_147B5
.text:00000000000145BE                 sub     eax, 4
.text:00000000000145C1                 jz      loc_14720
.text:00000000000145C7                 sub     eax, 4
.text:00000000000145CA                 jz      loc_14696
.text:00000000000145D0                 cmp     eax, 4
.text:00000000000145D3                 jnz     loc_14C51
.text:00000000000145D9                 cmp     ecx, r15d
.text:00000000000145DC                 jz      short loc_145FC
.text:00000000000145DE                 lea     rcx, aGsiioctl64375 ; "GSIIoctl64(375):"
.text:00000000000145E5                 call    DbgPrint
.text:00000000000145EA                 lea     rcx, aDevicecontrolS_1 ; "DeviceControl-Set Eproc Off\n"
.text:00000000000145F1                 call    DbgPrint
.text:00000000000145F6                 mov     ecx, cs:dword_1F128
.text:00000000000145FC
.text:00000000000145FC loc_145FC:                              ; CODE XREF: sub_13E80+75C↑j
.text:00000000000145FC                 cmp     r12, 20h ; ' '
.text:0000000000014600                 jnb     short loc_14617
.text:0000000000014602                 cmp     ecx, r15d
.text:0000000000014605                 jz      loc_13F81
.text:000000000001460B                 lea     rcx, aGsiioctl64377 ; "GSIIoctl64(377):"
.text:0000000000014612                 jmp     loc_13F70
.text:0000000000014617 ; ---------------------------------------------------------------------------
.text:0000000000014617
.text:0000000000014617 loc_14617:                              ; CODE XREF: sub_13E80+780↑j
.text:0000000000014617                 cmp     r12, 28h ; '('
.text:000000000001461B                 mov     rax, [rsi]
.text:000000000001461E                 mov     cs:qword_1F110, r15
.text:0000000000014625                 mov     cs:qword_1F130, rax
.text:000000000001462C                 mov     rax, [rsi+8]
.text:0000000000014630                 mov     cs:qword_1F120, rax
.text:0000000000014637                 mov     rax, [rsi+10h]
.text:000000000001463B                 mov     cs:qword_1F138, rax
.text:0000000000014642                 jb      short loc_1464F
.text:0000000000014644                 mov     rax, [rsi+20h]
.text:0000000000014648                 mov     cs:qword_1F110, rax
.text:000000000001464F
.text:000000000001464F loc_1464F:                              ; CODE XREF: sub_13E80+7C2↑j
.text:000000000001464F                 cmp     ecx, r15d
.text:0000000000014652                 jz      loc_13F95
.text:0000000000014658                 lea     rcx, aGsiioctl64391 ; "GSIIoctl64(391):"
.text:000000000001465F                 call    DbgPrint
.text:0000000000014664                 mov     r11, cs:qword_1F110
.text:000000000001466B                 mov     r9, cs:qword_1F138
.text:0000000000014672                 mov     r8, cs:qword_1F120
.text:0000000000014679                 mov     rdx, cs:qword_1F130
.text:0000000000014680                 lea     rcx, aPidoff88xFlink ; "pidOff[%8.8X] flinkOff[%8.8X] imagename"...
.text:0000000000014687                 mov     [rsp+98h+CommitSize], r11
.text:000000000001468C                 call    DbgPrint
.text:0000000000014691                 jmp     loc_13F95
.text:0000000000014696 ; ---------------------------------------------------------------------------
.text:0000000000014696
.text:0000000000014696 loc_14696:                              ; CODE XREF: sub_13E80+74A↑j
.text:0000000000014696                 cmp     ecx, r15d
.text:0000000000014699                 jz      short loc_146B9
.text:000000000001469B                 lea     rcx, aGsiioctl64565 ; "GSIIoctl64(565):"
.text:00000000000146A2                 call    DbgPrint
.text:00000000000146A7                 lea     rcx, aDevicecontrolG ; "DeviceControl-Get Pid Dll Count\n"
.text:00000000000146AE                 call    DbgPrint
.text:00000000000146B3                 mov     ecx, cs:dword_1F128
.text:00000000000146B9
.text:00000000000146B9 loc_146B9:                              ; CODE XREF: sub_13E80+819↑j
.text:00000000000146B9                 cmp     r12, 8
.text:00000000000146BD                 jnb     short loc_146E6
.text:00000000000146BF                 cmp     ecx, r15d
.text:00000000000146C2                 jz      short loc_146DC
.text:00000000000146C4                 lea     rcx, aGsiioctl64567 ; "GSIIoctl64(567):"
.text:00000000000146CB                 call    DbgPrint
.text:00000000000146D0                 lea     rcx, aOutputBufferTo ; "Output Buffer too Small!\n"
.text:00000000000146D7                 call    DbgPrint
.text:00000000000146DC
.text:00000000000146DC loc_146DC:                              ; CODE XREF: sub_13E80+842↑j
.text:00000000000146DC                 mov     [rdi+38h], r15
.text:00000000000146E0                 mov     ecx, cs:dword_1F128
.text:00000000000146E6
.text:00000000000146E6 loc_146E6:                              ; CODE XREF: sub_13E80+83D↑j
.text:00000000000146E6                 cmp     rbp, 8
.text:00000000000146EA                 jnb     short loc_14701
.text:00000000000146EC                 cmp     ecx, r15d
.text:00000000000146EF                 jz      loc_13F81
.text:00000000000146F5                 lea     rcx, aGsiioctl64572 ; "GSIIoctl64(572):"
.text:00000000000146FC                 jmp     loc_1404A
.text:0000000000014701 ; ---------------------------------------------------------------------------
.text:0000000000014701
.text:0000000000014701 loc_14701:                              ; CODE XREF: sub_13E80+86A↑j
.text:0000000000014701                 mov     rdx, [rsi]
.text:0000000000014704                 xor     r9d, r9d
.text:0000000000014707                 mov     r8, rsi
.text:000000000001470A                 mov     rcx, r13
.text:000000000001470D                 call    sub_129B0
.text:0000000000014712
.text:0000000000014712 loc_14712:                              ; CODE XREF: sub_13E80+BB4↓j
.text:0000000000014712                 cmp     rax, r15
.text:0000000000014715                 jz      loc_14C51
.text:000000000001471B                 jmp     loc_14DDA
.text:0000000000014720 ; ---------------------------------------------------------------------------
.text:0000000000014720
.text:0000000000014720 loc_14720:                              ; CODE XREF: sub_13E80+741↑j
.text:0000000000014720                 cmp     ecx, r15d
.text:0000000000014723                 jz      short loc_14743
.text:0000000000014725                 lea     rcx, aGsiioctl64615 ; "GSIIoctl64(615):"
.text:000000000001472C                 call    DbgPrint
.text:0000000000014731                 lea     rcx, aDevicecontrolG_0 ; "DeviceControl-Get Pid Dlls\n"
.text:0000000000014738                 call    DbgPrint
.text:000000000001473D                 mov     ecx, cs:dword_1F128
.text:0000000000014743
.text:0000000000014743 loc_14743:                              ; CODE XREF: sub_13E80+8A3↑j
.text:0000000000014743                 cmp     r12, 8
.text:0000000000014747                 jnb     short loc_14770
.text:0000000000014749                 cmp     ecx, r15d
.text:000000000001474C                 jz      short loc_14766
.text:000000000001474E                 lea     rcx, aGsiioctl64617 ; "GSIIoctl64(617):"
.text:0000000000014755                 call    DbgPrint
.text:000000000001475A                 lea     rcx, aOutputBufferTo ; "Output Buffer too Small!\n"
.text:0000000000014761                 call    DbgPrint
.text:0000000000014766
.text:0000000000014766 loc_14766:                              ; CODE XREF: sub_13E80+8CC↑j
.text:0000000000014766                 mov     [rdi+38h], r15
.text:000000000001476A                 mov     ecx, cs:dword_1F128
.text:0000000000014770
.text:0000000000014770 loc_14770:                              ; CODE XREF: sub_13E80+8C7↑j
.text:0000000000014770                 cmp     rbp, 216h
.text:0000000000014777                 jnb     short loc_1478E
.text:0000000000014779                 cmp     ecx, r15d
.text:000000000001477C                 jz      loc_13F81
.text:0000000000014782                 lea     rcx, aGsiioctl64622 ; "GSIIoctl64(622):"
.text:0000000000014789                 jmp     loc_1404A
.text:000000000001478E ; ---------------------------------------------------------------------------
.text:000000000001478E
.text:000000000001478E loc_1478E:                              ; CODE XREF: sub_13E80+8F7↑j
.text:000000000001478E                 mov     rax, 0F57403D5D00F5741h
.text:0000000000014798                 mov     r8, rsi
.text:000000000001479B                 mov     rcx, r13
.text:000000000001479E                 mul     rbp
.text:00000000000147A1                 shr     rdx, 9
.text:00000000000147A5                 mov     r9, rdx
.text:00000000000147A8                 mov     rdx, [rsi]
.text:00000000000147AB                 call    sub_129B0
.text:00000000000147B0                 jmp     loc_14082
.text:00000000000147B5 ; ---------------------------------------------------------------------------
.text:00000000000147B5
.text:00000000000147B5 loc_147B5:                              ; CODE XREF: sub_13E80+738↑j
.text:00000000000147B5                 cmp     ecx, r15d
.text:00000000000147B8                 jz      short loc_147D8
.text:00000000000147BA                 lea     rcx, aGsiioctl64467 ; "GSIIoctl64(467):"
.text:00000000000147C1                 call    DbgPrint
.text:00000000000147C6                 lea     rcx, aDevicecontrolG_1 ; "DeviceControl-GetPortNumber\n"
.text:00000000000147CD                 call    DbgPrint
.text:00000000000147D2                 mov     ecx, cs:dword_1F128
.text:00000000000147D8
.text:00000000000147D8 loc_147D8:                              ; CODE XREF: sub_13E80+938↑j
.text:00000000000147D8                 cmp     r12, 10h
.text:00000000000147DC                 jnb     short loc_147F3
.text:00000000000147DE                 cmp     ecx, r15d
.text:00000000000147E1                 jz      loc_13F81
.text:00000000000147E7                 lea     rcx, aGsiioctl64471 ; "GSIIoctl64(471):"
.text:00000000000147EE                 jmp     loc_13F70
.text:00000000000147F3 ; ---------------------------------------------------------------------------
.text:00000000000147F3
.text:00000000000147F3 loc_147F3:                              ; CODE XREF: sub_13E80+95C↑j
.text:00000000000147F3                 cmp     rbp, 8
.text:00000000000147F7                 jnb     short loc_1480E
.text:00000000000147F9                 cmp     ecx, r15d
.text:00000000000147FC                 jz      loc_13F81
.text:0000000000014802                 lea     rcx, aGsiioctl64476 ; "GSIIoctl64(476):"
.text:0000000000014809                 jmp     loc_1404A
.text:000000000001480E ; ---------------------------------------------------------------------------
.text:000000000001480E
.text:000000000001480E loc_1480E:                              ; CODE XREF: sub_13E80+977↑j
.text:000000000001480E                 mov     r8, [rsi+8]
.text:0000000000014812                 mov     rdx, [rsi]
.text:0000000000014815                 mov     rcx, r13
.text:0000000000014818                 call    sub_15D98
.text:000000000001481D
.text:000000000001481D loc_1481D:                              ; CODE XREF: sub_13E80+A1B↓j
.text:000000000001481D                 cmp     rax, r15
.text:0000000000014820                 jz      loc_14C51
.text:0000000000014826                 mov     [rdi+30h], r15d
.text:000000000001482A                 mov     qword ptr [rdi+38h], 8
.text:0000000000014832                 mov     [rsi], rax
.text:0000000000014835                 jmp     loc_14E3F
.text:000000000001483A ; ---------------------------------------------------------------------------
.text:000000000001483A
.text:000000000001483A loc_1483A:                              ; CODE XREF: sub_13E80+72F↑j
.text:000000000001483A                 cmp     ecx, r15d
.text:000000000001483D                 jz      short loc_1485D
.text:000000000001483F                 lea     rcx, aGsiioctl64443 ; "GSIIoctl64(443):"
.text:0000000000014846                 call    DbgPrint
.text:000000000001484B                 lea     rcx, aDevicecontrolG_2 ; "DeviceControl-GetDupPidHandle\n"
.text:0000000000014852                 call    DbgPrint
.text:0000000000014857                 mov     ecx, cs:dword_1F128
.text:000000000001485D
.text:000000000001485D loc_1485D:                              ; CODE XREF: sub_13E80+9BD↑j
.text:000000000001485D                 cmp     r12, 8
.text:0000000000014861                 jnb     short loc_14878
.text:0000000000014863                 cmp     ecx, r15d
.text:0000000000014866                 jz      loc_13F81
.text:000000000001486C                 lea     rcx, aGsiioctl64445 ; "GSIIoctl64(445):"
.text:0000000000014873                 jmp     loc_13F70
.text:0000000000014878 ; ---------------------------------------------------------------------------
.text:0000000000014878
.text:0000000000014878 loc_14878:                              ; CODE XREF: sub_13E80+9E1↑j
.text:0000000000014878                 cmp     rbp, 8
.text:000000000001487C                 jnb     short loc_14893
.text:000000000001487E                 cmp     ecx, r15d
.text:0000000000014881                 jz      loc_13F81
.text:0000000000014887                 lea     rcx, aGsiioctl64450 ; "GSIIoctl64(450):"
.text:000000000001488E                 jmp     loc_1404A
.text:0000000000014893 ; ---------------------------------------------------------------------------
.text:0000000000014893
.text:0000000000014893 loc_14893:                              ; CODE XREF: sub_13E80+9FC↑j
.text:0000000000014893                 mov     rcx, [rsi]
.text:0000000000014896                 call    sub_15CCC
.text:000000000001489B                 jmp     short loc_1481D
.text:000000000001489D ; ---------------------------------------------------------------------------
.text:000000000001489D
.text:000000000001489D loc_1489D:                              ; CODE XREF: sub_13E80+726↑j
.text:000000000001489D                 cmp     ecx, r15d
.text:00000000000148A0                 jz      short loc_148C0
.text:00000000000148A2                 lea     rcx, aGsiioctl64745 ; "GSIIoctl64(745):"
.text:00000000000148A9                 call    DbgPrint
.text:00000000000148AE                 lea     rcx, aDevicecontrolP_1 ; "DeviceControl-PidTokenSid\n"
.text:00000000000148B5                 call    DbgPrint
.text:00000000000148BA                 mov     ecx, cs:dword_1F128
.text:00000000000148C0
.text:00000000000148C0 loc_148C0:                              ; CODE XREF: sub_13E80+A20↑j
.text:00000000000148C0                 cmp     r12, 8
.text:00000000000148C4                 jnb     short loc_148DB
.text:00000000000148C6                 cmp     ecx, r15d
.text:00000000000148C9                 jz      loc_13F81
.text:00000000000148CF                 lea     rcx, aGsiioctl64747 ; "GSIIoctl64(747):"
.text:00000000000148D6                 jmp     loc_13F70
.text:00000000000148DB ; ---------------------------------------------------------------------------
.text:00000000000148DB
.text:00000000000148DB loc_148DB:                              ; CODE XREF: sub_13E80+A44↑j
.text:00000000000148DB                 mov     rdx, [rsi]
.text:00000000000148DE                 lea     r8, [rsp+98h+var_48]
.text:00000000000148E3                 mov     rcx, r13
.text:00000000000148E6                 call    sub_1309C
.text:00000000000148EB                 cmp     al, r15b
.text:00000000000148EE                 jz      loc_13F95
.text:00000000000148F4                 mov     rax, [rsp+98h+var_48]
.text:00000000000148F9                 mov     [rsi], rax
.text:00000000000148FC                 mov     rax, [rsp+98h+var_40]
.text:0000000000014901                 mov     [rsi+8], rax
.text:0000000000014905                 mov     qword ptr [rdi+38h], 10h
.text:000000000001490D                 jmp     loc_14E3F
.text:0000000000014912 ; ---------------------------------------------------------------------------
.text:0000000000014912
.text:0000000000014912 loc_14912:                              ; CODE XREF: sub_13E80+71B↑j
.text:0000000000014912                 cmp     ecx, r15d
.text:0000000000014915                 jz      short loc_1492F
.text:0000000000014917                 lea     rcx, aGsiioctl64797 ; "GSIIoctl64(797):"
.text:000000000001491E                 call    DbgPrint
.text:0000000000014923                 lea     rcx, aDevicecontrolS_2 ; "DeviceControl-SCAN-KMEM\n"
.text:000000000001492A                 call    DbgPrint
.text:000000000001492F
.text:000000000001492F loc_1492F:                              ; CODE XREF: sub_13E80+A95↑j
.text:000000000001492F                 mov     rbx, [rsi]
.text:0000000000014932                 mov     r8, rbp
.text:0000000000014935                 mov     rdx, rsi
.text:0000000000014938                 shr     r8, 9
.text:000000000001493C                 mov     rcx, r13
.text:000000000001493F                 call    sub_175E0
.text:0000000000014944                 shr     rbp, 9
.text:0000000000014948                 mov     rdx, rsi
.text:000000000001494B                 mov     r9, rax
.text:000000000001494E                 mov     r8, rbp
.text:0000000000014951                 mov     rcx, r13
.text:0000000000014954                 call    sub_1704C
.text:0000000000014959                 mov     r9, rbp
.text:000000000001495C                 mov     r8, rsi
.text:000000000001495F                 mov     dl, bl
.text:0000000000014961                 mov     rcx, r13
.text:0000000000014964                 mov     [rsp+98h+CommitSize], rax
.text:0000000000014969                 call    sub_182C0
.text:000000000001496E                 cmp     rax, r15
.text:0000000000014971                 jz      loc_14435
.text:0000000000014977                 shl     rax, 9
.text:000000000001497B                 mov     ebx, r15d
.text:000000000001497E                 jmp     loc_14E3B
.text:0000000000014983 ; ---------------------------------------------------------------------------
.text:0000000000014983
.text:0000000000014983 loc_14983:                              ; CODE XREF: sub_13E80+715↑j
.text:0000000000014983                 sub     eax, 22309Ch
.text:0000000000014988                 jz      loc_14DA2
.text:000000000001498E                 sub     eax, 4
.text:0000000000014991                 jz      loc_14CA3
.text:0000000000014997                 sub     eax, 4
.text:000000000001499A                 jz      loc_14C5B
.text:00000000000149A0                 sub     eax, 1Ch
.text:00000000000149A3                 jz      loc_14BE7
.text:00000000000149A9                 sub     eax, 4
.text:00000000000149AC                 jz      loc_14A39
.text:00000000000149B2                 cmp     eax, 4
.text:00000000000149B5                 jnz     loc_14C51
.text:00000000000149BB                 cmp     ecx, r15d
.text:00000000000149BE                 jz      short loc_149DE
.text:00000000000149C0                 lea     rcx, aGsiioctl64590 ; "GSIIoctl64(590):"
.text:00000000000149C7                 call    DbgPrint
.text:00000000000149CC                 lea     rcx, aDevicecontrolG_3 ; "DeviceControl-Get EPROCESS\n"
.text:00000000000149D3                 call    DbgPrint
.text:00000000000149D8                 mov     ecx, cs:dword_1F128
.text:00000000000149DE
.text:00000000000149DE loc_149DE:                              ; CODE XREF: sub_13E80+B3E↑j
.text:00000000000149DE                 cmp     r12, 8
.text:00000000000149E2                 jnb     short loc_14A0B
.text:00000000000149E4                 cmp     ecx, r15d
.text:00000000000149E7                 jz      short loc_14A01
.text:00000000000149E9                 lea     rcx, aGsiioctl64592 ; "GSIIoctl64(592):"
.text:00000000000149F0                 call    DbgPrint
.text:00000000000149F5                 lea     rcx, aOutputBufferTo ; "Output Buffer too Small!\n"
.text:00000000000149FC                 call    DbgPrint
.text:0000000000014A01
.text:0000000000014A01 loc_14A01:                              ; CODE XREF: sub_13E80+B67↑j
.text:0000000000014A01                 mov     [rdi+38h], r15
.text:0000000000014A05                 mov     ecx, cs:dword_1F128
.text:0000000000014A0B
.text:0000000000014A0B loc_14A0B:                              ; CODE XREF: sub_13E80+B62↑j
.text:0000000000014A0B                 cmp     rbp, 8
.text:0000000000014A0F                 jnb     short loc_14A26
.text:0000000000014A11                 cmp     ecx, r15d
.text:0000000000014A14                 jz      loc_13F81
.text:0000000000014A1A                 lea     rcx, aGsiioctl64597 ; "GSIIoctl64(597):"
.text:0000000000014A21                 jmp     loc_1404A
.text:0000000000014A26 ; ---------------------------------------------------------------------------
.text:0000000000014A26
.text:0000000000014A26 loc_14A26:                              ; CODE XREF: sub_13E80+B8F↑j
.text:0000000000014A26                 mov     rdx, [rsi]
.text:0000000000014A29                 mov     r8, rsi
.text:0000000000014A2C                 mov     rcx, r13
.text:0000000000014A2F                 call    sub_18994
.text:0000000000014A34                 jmp     loc_14712
.text:0000000000014A39 ; ---------------------------------------------------------------------------
.text:0000000000014A39
.text:0000000000014A39 loc_14A39:                              ; CODE XREF: sub_13E80+B2C↑j
.text:0000000000014A39                 mov     eax, cs:dword_1F118
.text:0000000000014A3F                 cmp     eax, r15d
.text:0000000000014A42                 jz      short loc_14A56
.text:0000000000014A44                 lea     rcx, aDevicecontrolR ; "DeviceControl-ReadPhyicalMemory\n"
.text:0000000000014A4B                 call    DbgPrint
.text:0000000000014A50                 mov     eax, cs:dword_1F118
.text:0000000000014A56
.text:0000000000014A56 loc_14A56:                              ; CODE XREF: sub_13E80+BC2↑j
.text:0000000000014A56                 cmp     r12, 14h
.text:0000000000014A5A                 jnb     short loc_14A86
.text:0000000000014A5C                 cmp     cs:dword_1F11C, r15d
.text:0000000000014A63                 jz      short loc_14A74
.text:0000000000014A65                 lea     rcx, aErrorGsiioctl6_0 ; "Error: (GSIIoctl64) Input Buffer too Sm"...
.text:0000000000014A6C                 mov     rdx, r12
.text:0000000000014A6F                 call    DbgPrint
.text:0000000000014A74
.text:0000000000014A74 loc_14A74:                              ; CODE XREF: sub_13E80+BE3↑j
.text:0000000000014A74                 mov     ebx, 0C0000023h
.text:0000000000014A79                 mov     qword ptr [rdi+38h], 14h
.text:0000000000014A81                 jmp     loc_14E3F
.text:0000000000014A86 ; ---------------------------------------------------------------------------
.text:0000000000014A86
.text:0000000000014A86 loc_14A86:                              ; CODE XREF: sub_13E80+BDA↑j
.text:0000000000014A86                 mov     r12d, [rsi+10h]
.text:0000000000014A8A                 cmp     rbp, r12
.text:0000000000014A8D                 jge     short loc_14AB4
.text:0000000000014A8F                 cmp     cs:dword_1F11C, r15d
.text:0000000000014A96                 jz      short loc_14AA7
.text:0000000000014A98                 lea     rcx, aErrorGsiioctl6_1 ; "Error: (GSIIoctl64) Output Buffer too S"...
.text:0000000000014A9F                 mov     rdx, rbp
.text:0000000000014AA2                 call    DbgPrint
.text:0000000000014AA7
.text:0000000000014AA7 loc_14AA7:                              ; CODE XREF: sub_13E80+C16↑j
.text:0000000000014AA7                 mov     eax, [rsi+10h]
.text:0000000000014AAA                 mov     ebx, 0C0000023h
.text:0000000000014AAF                 jmp     loc_14E3B
.text:0000000000014AB4 ; ---------------------------------------------------------------------------
.text:0000000000014AB4
.text:0000000000014AB4 loc_14AB4:                              ; CODE XREF: sub_13E80+C0D↑j
.text:0000000000014AB4                 mov     rbx, [rsi]
.text:0000000000014AB7                 cmp     rbx, r15
.text:0000000000014ABA                 jz      loc_14BD1
.text:0000000000014AC0                 cmp     rbx, 0FFFFFFFFFFFFFFFFh
.text:0000000000014AC4                 jz      loc_14BD1
.text:0000000000014ACA                 cmp     eax, r15d
.text:0000000000014ACD                 mov     rbp, [rsi+8]
.text:0000000000014AD1                 mov     [rsp+98h+MaxCount], r12
.text:0000000000014AD9                 mov     [rsp+98h+BaseAddress], r15
.text:0000000000014AE1                 jz      short loc_14AF5
.text:0000000000014AE3                 lea     rcx, aAddr8i64xLen8i ; "Addr[%8I64X] Len[%8I64X]\n"
.text:0000000000014AEA                 mov     r8, r12
.text:0000000000014AED                 mov     rdx, rbp
.text:0000000000014AF0                 call    DbgPrint
.text:0000000000014AF5
.text:0000000000014AF5 loc_14AF5:                              ; CODE XREF: sub_13E80+C61↑j
.text:0000000000014AF5                 mov     [rsp+98h+Win32Protect], 2 ; Win32Protect
.text:0000000000014AFD                 mov     [rsp+98h+AllocationType], r15d ; AllocationType
.text:0000000000014B02                 mov     [rsp+98h+InheritDisposition], 1 ; InheritDisposition
.text:0000000000014B0A                 lea     rax, [rsp+98h+MaxCount]
.text:0000000000014B12                 lea     r8, [rsp+98h+BaseAddress] ; BaseAddress
.text:0000000000014B1A                 xor     r9d, r9d        ; ZeroBits
.text:0000000000014B1D                 mov     [rsp+98h+ViewSize], rax ; ViewSize
.text:0000000000014B22                 lea     rax, [rsp+98h+arg_10]
.text:0000000000014B2A                 or      rdx, 0FFFFFFFFFFFFFFFFh ; ProcessHandle
.text:0000000000014B2E                 mov     [rsp+98h+SectionOffset], rax ; SectionOffset
.text:0000000000014B33                 mov     rcx, rbx        ; SectionHandle
.text:0000000000014B36                 mov     [rsp+98h+BaseAddress], r15
.text:0000000000014B3E                 mov     [rsp+98h+CommitSize], r12 ; CommitSize
.text:0000000000014B43                 mov     qword ptr [rsp+98h+arg_10], rbp
.text:0000000000014B4B                 call    cs:ZwMapViewOfSection ; ntoskrnl
.text:0000000000014B51                 cmp     eax, r15d
.text:0000000000014B54                 mov     ebx, eax
.text:0000000000014B56                 jge     short loc_14B76
.text:0000000000014B58                 mov     r9, [rsp+98h+MaxCount]
.text:0000000000014B60                 lea     rcx, aErrorMapphysic ; "Error: (MapPhysicalMemory)Could not map"...
.text:0000000000014B67                 mov     r8, r12
.text:0000000000014B6A                 mov     rdx, rbp
.text:0000000000014B6D                 mov     dword ptr [rsp+98h+CommitSize], eax
.text:0000000000014B71                 call    DbgPrint
.text:0000000000014B76
.text:0000000000014B76 loc_14B76:                              ; CODE XREF: sub_13E80+CD6↑j
.text:0000000000014B76                 cmp     ebx, r15d
.text:0000000000014B79                 jl      loc_13F95
.text:0000000000014B7F                 cmp     [rsp+98h+MaxCount], r12
.text:0000000000014B87                 mov     rdx, [rsp+98h+BaseAddress] ; Src
.text:0000000000014B8F                 mov     rcx, rsi        ; Dst
.text:0000000000014B92                 cmovb   r12, [rsp+98h+MaxCount]
.text:0000000000014B9B                 mov     r8, r12         ; MaxCount
.text:0000000000014B9E                 call    memmove
.text:0000000000014BA3                 mov     rdx, [rsp+98h+BaseAddress] ; BaseAddress
.text:0000000000014BAB                 or      rcx, 0FFFFFFFFFFFFFFFFh ; ProcessHandle
.text:0000000000014BAF                 call    cs:ZwUnmapViewOfSection ; ntoskrnl
.text:0000000000014BB5                 cmp     eax, r15d
.text:0000000000014BB8                 jge     short loc_14BC8
.text:0000000000014BBA                 lea     rcx, aErrorUnmapphys ; "Error: (UnmapPhysicalMemory) Unable to "...
.text:0000000000014BC1                 mov     edx, eax
.text:0000000000014BC3                 call    DbgPrint
.text:0000000000014BC8
.text:0000000000014BC8 loc_14BC8:                              ; CODE XREF: sub_13E80+D38↑j
.text:0000000000014BC8                                         ; sub_13E80+EC4↓j
.text:0000000000014BC8                 mov     [rdi+38h], r12
.text:0000000000014BCC                 jmp     loc_14E3F
.text:0000000000014BD1 ; ---------------------------------------------------------------------------
.text:0000000000014BD1
.text:0000000000014BD1 loc_14BD1:                              ; CODE XREF: sub_13E80+C3A↑j
.text:0000000000014BD1                                         ; sub_13E80+C44↑j
.text:0000000000014BD1                 lea     rcx, aErrorGsiioctl6_2 ; "Error: (GSIIoctl64) PhysicalMemory neve"...
.text:0000000000014BD8                 call    DbgPrint
.text:0000000000014BDD                 mov     ebx, 0C0000008h
.text:0000000000014BE2                 jmp     loc_13F95
.text:0000000000014BE7 ; ---------------------------------------------------------------------------
.text:0000000000014BE7
.text:0000000000014BE7 loc_14BE7:                              ; CODE XREF: sub_13E80+B23↑j
.text:0000000000014BE7                 cmp     cs:dword_1F118, r15d
.text:0000000000014BEE                 jz      short loc_14BFC
.text:0000000000014BF0                 lea     rcx, aDevicecontrolC ; "DeviceControl-ClosePhysicalMemory\n"
.text:0000000000014BF7                 call    DbgPrint
.text:0000000000014BFC
.text:0000000000014BFC loc_14BFC:                              ; CODE XREF: sub_13E80+D6E↑j
.text:0000000000014BFC                 cmp     r12, 8
.text:0000000000014C00                 jnb     short loc_14C2C
.text:0000000000014C02
.text:0000000000014C02 loc_14C02:                              ; CODE XREF: sub_13E80+DF4↓j
.text:0000000000014C02                 cmp     cs:dword_1F11C, r15d
.text:0000000000014C09                 jz      short loc_14C1A
.text:0000000000014C0B                 lea     rcx, aErrorGsiioctl6_0 ; "Error: (GSIIoctl64) Input Buffer too Sm"...
.text:0000000000014C12                 mov     rdx, rbp
.text:0000000000014C15                 call    DbgPrint
.text:0000000000014C1A
.text:0000000000014C1A loc_14C1A:                              ; CODE XREF: sub_13E80+D89↑j
.text:0000000000014C1A                 mov     ebx, 0C0000023h
.text:0000000000014C1F                 mov     qword ptr [rdi+38h], 8
.text:0000000000014C27                 jmp     loc_14E42
.text:0000000000014C2C ; ---------------------------------------------------------------------------
.text:0000000000014C2C
.text:0000000000014C2C loc_14C2C:                              ; CODE XREF: sub_13E80+D80↑j
.text:0000000000014C2C                 mov     rcx, [rsi]      ; Handle
.text:0000000000014C2F                 cmp     rcx, r15
.text:0000000000014C32                 jz      short loc_14C45
.text:0000000000014C34                 cmp     rcx, 0FFFFFFFFFFFFFFFFh
.text:0000000000014C38                 jz      short loc_14C45
.text:0000000000014C3A                 call    cs:ZwClose      ; ntoskrnl
.text:0000000000014C40                 jmp     loc_13F95
.text:0000000000014C45 ; ---------------------------------------------------------------------------
.text:0000000000014C45
.text:0000000000014C45 loc_14C45:                              ; CODE XREF: sub_13E80+DB2↑j
.text:0000000000014C45                                         ; sub_13E80+DB8↑j
.text:0000000000014C45                 lea     rcx, aErrorGsiioctl6_2 ; "Error: (GSIIoctl64) PhysicalMemory neve"...
.text:0000000000014C4C                 call    DbgPrint
.text:0000000000014C51
.text:0000000000014C51 loc_14C51:                              ; CODE XREF: sub_13E80+B5↑j
.text:0000000000014C51                                         ; sub_13E80+205↑j ...
.text:0000000000014C51                 mov     ebx, 0C000000Dh
.text:0000000000014C56                 jmp     loc_13F95
.text:0000000000014C5B ; ---------------------------------------------------------------------------
.text:0000000000014C5B
.text:0000000000014C5B loc_14C5B:                              ; CODE XREF: sub_13E80+B1A↑j
.text:0000000000014C5B                 cmp     cs:dword_1F118, r15d
.text:0000000000014C62                 jz      short loc_14C70
.text:0000000000014C64                 lea     rcx, aDevicecontrolO ; "DeviceControl-OpenPhysicalMemory\n"
.text:0000000000014C6B                 call    DbgPrint
.text:0000000000014C70
.text:0000000000014C70 loc_14C70:                              ; CODE XREF: sub_13E80+DE2↑j
.text:0000000000014C70                 cmp     rbp, 8
.text:0000000000014C74                 jb      short loc_14C02
.text:0000000000014C76                 lea     rcx, [rsp+98h+MaxCount]
.text:0000000000014C7E                 mov     [rsp+98h+MaxCount], r15
.text:0000000000014C86                 call    sub_18B44
.text:0000000000014C8B                 cmp     eax, r15d
.text:0000000000014C8E                 mov     ebx, eax
.text:0000000000014C90                 jl      loc_14E3F
.text:0000000000014C96                 mov     rax, [rsp+98h+MaxCount]
.text:0000000000014C9E                 jmp     loc_14538
.text:0000000000014CA3 ; ---------------------------------------------------------------------------
.text:0000000000014CA3
.text:0000000000014CA3 loc_14CA3:                              ; CODE XREF: sub_13E80+B11↑j
.text:0000000000014CA3                 cmp     cs:dword_1F118, r15d
.text:0000000000014CAA                 jz      short loc_14CB8
.text:0000000000014CAC                 lea     rcx, aDevicecontrolG_4 ; "DeviceControl-GetPageDataList\n"
.text:0000000000014CB3                 call    DbgPrint
.text:0000000000014CB8
.text:0000000000014CB8 loc_14CB8:                              ; CODE XREF: sub_13E80+E2A↑j
.text:0000000000014CB8                 cmp     r12, 1Ch
.text:0000000000014CBC                 jnb     short loc_14CDA
.text:0000000000014CBE                 cmp     cs:dword_1F11C, r15d
.text:0000000000014CC5                 jz      loc_14E02
.text:0000000000014CCB                 mov     rdx, r12
.text:0000000000014CCE                 lea     rcx, aErrorGsiioctl6_0 ; "Error: (GSIIoctl64) Input Buffer too Sm"...
.text:0000000000014CD5                 jmp     loc_14DFD
.text:0000000000014CDA ; ---------------------------------------------------------------------------
.text:0000000000014CDA
.text:0000000000014CDA loc_14CDA:                              ; CODE XREF: sub_13E80+E3C↑j
.text:0000000000014CDA                 mov     r13d, 1010h
.text:0000000000014CE0                 cmp     rbp, r13
.text:0000000000014CE3                 jnb     short loc_14D0B
.text:0000000000014CE5                 cmp     cs:dword_1F11C, r15d
.text:0000000000014CEC                 jz      short loc_14CFD
.text:0000000000014CEE                 lea     rcx, aErrorGsiioctl6_1 ; "Error: (GSIIoctl64) Output Buffer too S"...
.text:0000000000014CF5                 mov     rdx, rbp
.text:0000000000014CF8                 call    DbgPrint
.text:0000000000014CFD
.text:0000000000014CFD loc_14CFD:                              ; CODE XREF: sub_13E80+E6C↑j
.text:0000000000014CFD                 mov     ebx, 0C0000023h
.text:0000000000014D02                 mov     [rdi+38h], r13
.text:0000000000014D06                 jmp     loc_14E3F
.text:0000000000014D0B ; ---------------------------------------------------------------------------
.text:0000000000014D0B
.text:0000000000014D0B loc_14D0B:                              ; CODE XREF: sub_13E80+E63↑j
.text:0000000000014D0B                 mov     r14d, 76616431h
.text:0000000000014D11                 mov     rdx, r12        ; NumberOfBytes
.text:0000000000014D14                 mov     ecx, 1          ; PoolType
.text:0000000000014D19                 mov     r8d, r14d       ; Tag
.text:0000000000014D1C                 call    cs:ExAllocatePoolWithTag ; ntoskrnl
.text:0000000000014D22                 cmp     rax, r15
.text:0000000000014D25                 mov     r13, rax
.text:0000000000014D28                 jnz     short loc_14D49
.text:0000000000014D2A                 cmp     cs:dword_1F11C, r15d
.text:0000000000014D31                 jz      short loc_14D3F
.text:0000000000014D33                 lea     rcx, aErrorGsiioctl6 ; "Error: (GSIIoctl64) Insufficient Buffer"...
.text:0000000000014D3A                 call    DbgPrint
.text:0000000000014D3F
.text:0000000000014D3F loc_14D3F:                              ; CODE XREF: sub_13E80+EB1↑j
.text:0000000000014D3F                 mov     ebx, 0C000009Ah
.text:0000000000014D44                 jmp     loc_14BC8
.text:0000000000014D49 ; ---------------------------------------------------------------------------
.text:0000000000014D49
.text:0000000000014D49 loc_14D49:                              ; CODE XREF: sub_13E80+EA8↑j
.text:0000000000014D49                 mov     r8, r12         ; MaxCount
.text:0000000000014D4C                 mov     rdx, rsi        ; Src
.text:0000000000014D4F                 mov     rcx, rax        ; Dst
.text:0000000000014D52                 call    memmove
.text:0000000000014D57                 lea     ecx, [rbp-8]
.text:0000000000014D5A                 mov     rax, 0FF803FE00FF803FFh
.text:0000000000014D64                 mul     rcx
.text:0000000000014D67                 shr     rdx, 0Ch
.text:0000000000014D6B                 mov     rcx, r13
.text:0000000000014D6E                 mov     [rsi+4], edx
.text:0000000000014D71                 mov     rdx, rsi
.text:0000000000014D74                 call    sub_133F0
.text:0000000000014D79                 cmp     eax, r15d
.text:0000000000014D7C                 mov     ebx, eax
.text:0000000000014D7E                 jl      short loc_14D91
.text:0000000000014D80                 mov     eax, [rsi]
.text:0000000000014D82                 imul    rax, 1008h
.text:0000000000014D89                 add     rax, 8
.text:0000000000014D8D                 mov     [rdi+38h], rax
.text:0000000000014D91
.text:0000000000014D91 loc_14D91:                              ; CODE XREF: sub_13E80+EFE↑j
.text:0000000000014D91                 mov     edx, r14d       ; Tag
.text:0000000000014D94                 mov     rcx, r13        ; P
.text:0000000000014D97                 call    cs:ExFreePoolWithTag ; ntoskrnl
.text:0000000000014D9D                 jmp     loc_14E3F
.text:0000000000014DA2 ; ---------------------------------------------------------------------------
.text:0000000000014DA2
.text:0000000000014DA2 loc_14DA2:                              ; CODE XREF: sub_13E80+B08↑j
.text:0000000000014DA2                 cmp     cs:dword_1F118, r15d
.text:0000000000014DA9                 jz      short loc_14DB7
.text:0000000000014DAB                 lea     rcx, aDevicecontrolG_5 ; "DeviceControl-GetVadList\n"
.text:0000000000014DB2                 call    DbgPrint
.text:0000000000014DB7
.text:0000000000014DB7 loc_14DB7:                              ; CODE XREF: sub_13E80+F29↑j
.text:0000000000014DB7                 cmp     r12, 8
.text:0000000000014DBB                 jnb     short loc_14DE4
.text:0000000000014DBD                 cmp     cs:dword_1F11C, r15d
.text:0000000000014DC4                 jz      short loc_14DD5
.text:0000000000014DC6                 lea     rcx, aErrorGsiioctl6_0 ; "Error: (GSIIoctl64) Input Buffer too Sm"...
.text:0000000000014DCD                 mov     rdx, r12
.text:0000000000014DD0                 call    DbgPrint
.text:0000000000014DD5
.text:0000000000014DD5 loc_14DD5:                              ; CODE XREF: sub_13E80+F44↑j
.text:0000000000014DD5                 mov     ebx, 0C0000023h
.text:0000000000014DDA
.text:0000000000014DDA loc_14DDA:                              ; CODE XREF: sub_13E80+15C↑j
.text:0000000000014DDA                                         ; sub_13E80+6BB↑j ...
.text:0000000000014DDA                 mov     qword ptr [rdi+38h], 8
.text:0000000000014DE2                 jmp     short loc_14E3F
.text:0000000000014DE4 ; ---------------------------------------------------------------------------
.text:0000000000014DE4
.text:0000000000014DE4 loc_14DE4:                              ; CODE XREF: sub_13E80+F3B↑j
.text:0000000000014DE4                 cmp     rbp, 1Ch
.text:0000000000014DE8                 jnb     short loc_14E11
.text:0000000000014DEA                 cmp     cs:dword_1F11C, r15d
.text:0000000000014DF1                 jz      short loc_14E02
.text:0000000000014DF3                 mov     rdx, rbp
.text:0000000000014DF6                 lea     rcx, aErrorGsiioctl6_1 ; "Error: (GSIIoctl64) Output Buffer too S"...
.text:0000000000014DFD
.text:0000000000014DFD loc_14DFD:                              ; CODE XREF: sub_13E80+E55↑j
.text:0000000000014DFD                 call    DbgPrint
.text:0000000000014E02
.text:0000000000014E02 loc_14E02:                              ; CODE XREF: sub_13E80+E45↑j
.text:0000000000014E02                                         ; sub_13E80+F71↑j
.text:0000000000014E02                 mov     ebx, 0C0000023h
.text:0000000000014E07                 mov     qword ptr [rdi+38h], 1Ch
.text:0000000000014E0F                 jmp     short loc_14E3F
.text:0000000000014E11 ; ---------------------------------------------------------------------------
.text:0000000000014E11
.text:0000000000014E11 loc_14E11:                              ; CODE XREF: sub_13E80+F68↑j
.text:0000000000014E11                 mov     rcx, [rsi]      ; ProcessId
.text:0000000000014E14                 lea     eax, [rbp-0Ch]
.text:0000000000014E17                 mov     rdx, rsi
.text:0000000000014E1A                 shr     eax, 4
.text:0000000000014E1D                 mov     [rsi+4], r15d
.text:0000000000014E21                 mov     [rsi+8], eax
.text:0000000000014E24                 call    sub_15864
.text:0000000000014E29                 cmp     eax, r15d
.text:0000000000014E2C                 mov     ebx, eax
.text:0000000000014E2E                 jl      short loc_14E3F
.text:0000000000014E30                 mov     eax, [rsi+4]
.text:0000000000014E33                 shl     rax, 4
.text:0000000000014E37                 add     rax, 0Ch
.text:0000000000014E3B
.text:0000000000014E3B loc_14E3B:                              ; CODE XREF: sub_13E80+212↑j
.text:0000000000014E3B                                         ; sub_13E80+2A9↑j ...
.text:0000000000014E3B                 mov     [rdi+38h], rax
.text:0000000000014E3F
.text:0000000000014E3F loc_14E3F:                              ; CODE XREF: sub_13E80+119↑j
.text:0000000000014E3F                                         ; sub_13E80+33B↑j ...
.text:0000000000014E3F                 mov     [rdi+30h], ebx
.text:0000000000014E42
.text:0000000000014E42 loc_14E42:                              ; CODE XREF: sub_13E80+3EB↑j
.text:0000000000014E42                                         ; sub_13E80+409↑j ...
.text:0000000000014E42                 mov     eax, ebx
.text:0000000000014E44                 mov     rbx, [rsp+98h+arg_18]
.text:0000000000014E4C                 add     rsp, 60h
.text:0000000000014E50                 pop     r15
.text:0000000000014E52                 pop     r14
.text:0000000000014E54                 pop     r13
.text:0000000000014E56                 pop     r12
.text:0000000000014E58                 pop     rdi
.text:0000000000014E59                 pop     rsi
.text:0000000000014E5A                 pop     rbp
.text:0000000000014E5B                 retn
.text:0000000000014E5B sub_13E80       endp
.text:0000000000014E5B
.text:0000000000014E5B ; ---------------------------------------------------------------------------
.text:0000000000014E5C byte_14E5C      db 8 dup(0CCh)          ; DATA XREF: .pdata:00000000000200A8↓o
.text:0000000000014E64
.text:0000000000014E64 ; =============== S U B R O U T I N E =======================================
.text:0000000000014E64
.text:0000000000014E64
.text:0000000000014E64 ; __int64 __fastcall sub_14E64(__int64, IRP *)
.text:0000000000014E64 sub_14E64       proc near               ; DATA XREF: sub_139E4+264↑o
.text:0000000000014E64                                         ; .pdata:00000000000200B4↓o
.text:0000000000014E64
.text:0000000000014E64 arg_0           = qword ptr  8
.text:0000000000014E64 arg_8           = qword ptr  10h
.text:0000000000014E64 arg_10          = qword ptr  18h
.text:0000000000014E64
.text:0000000000014E64                 mov     rax, rsp
.text:0000000000014E67                 mov     [rax+8], rbx
.text:0000000000014E6B                 mov     [rax+10h], rbp
.text:0000000000014E6F                 mov     [rax+18h], rsi
.text:0000000000014E73                 push    rdi
.text:0000000000014E74                 sub     rsp, 30h
.text:0000000000014E78                 and     qword ptr [rax-18h], 0
.text:0000000000014E7D                 xor     r8d, r8d        ; WaitMode
.text:0000000000014E80                 mov     rbx, rdx
.text:0000000000014E83                 mov     rbp, rcx
.text:0000000000014E86                 lea     edx, [r8+6]     ; WaitReason
.text:0000000000014E8A                 lea     rcx, Mutex      ; Object
.text:0000000000014E91                 mov     r9b, 1          ; Alertable
.text:0000000000014E94                 call    cs:KeWaitForSingleObject ; ntoskrnl
.text:0000000000014E9A                 test    eax, eax
.text:0000000000014E9C                 mov     edi, eax
.text:0000000000014E9E                 jns     short loc_14EB8
.text:0000000000014EA0                 lea     rcx, aGsiioctlKewait ; "GSIIoctl KeWaitForSingleObject returned"...
.text:0000000000014EA7                 mov     edx, eax
.text:0000000000014EA9                 call    DbgPrint
.text:0000000000014EAE                 and     qword ptr [rbx+38h], 0
.text:0000000000014EB3                 jmp     loc_14F97
.text:0000000000014EB8 ; ---------------------------------------------------------------------------
.text:0000000000014EB8
.text:0000000000014EB8 loc_14EB8:                              ; CODE XREF: sub_14E64+3A↑j
.text:0000000000014EB8                 mov     ecx, cs:dword_1F128
.text:0000000000014EBE                 mov     rsi, [rbx+0B8h]
.text:0000000000014EC5                 test    ecx, ecx
.text:0000000000014EC7                 jz      short loc_14EF3
.text:0000000000014EC9                 lea     rcx, aGsiioctl995 ; "GSIIoctl(995):"
.text:0000000000014ED0                 call    DbgPrint
.text:0000000000014ED5                 mov     edx, [rsi+18h]
.text:0000000000014ED8                 lea     rcx, aIoctl88x  ; "IOCTL[%8.8X]!\n"
.text:0000000000014EDF                 shr     edx, 2
.text:0000000000014EE2                 and     edx, 0FFFh
.text:0000000000014EE8                 call    DbgPrint
.text:0000000000014EED                 mov     ecx, cs:dword_1F128
.text:0000000000014EF3
.text:0000000000014EF3 loc_14EF3:                              ; CODE XREF: sub_14E64+63↑j
.text:0000000000014EF3                 mov     eax, [rsi+18h]
.text:0000000000014EF6                 mov     edx, 3000h
.text:0000000000014EFB                 and     eax, edx
.text:0000000000014EFD                 cmp     eax, edx
.text:0000000000014EFF                 jnz     short loc_14F0E
.text:0000000000014F01                 mov     rdx, rbx
.text:0000000000014F04                 mov     rcx, rbp
.text:0000000000014F07                 call    sub_13E80
.text:0000000000014F0C                 jmp     short loc_14F88
.text:0000000000014F0E ; ---------------------------------------------------------------------------
.text:0000000000014F0E
.text:0000000000014F0E loc_14F0E:                              ; CODE XREF: sub_14E64+9B↑j
.text:0000000000014F0E                 cmp     dword ptr [rsi+18h], 222058h
.text:0000000000014F15                 mov     rdi, [rbx+18h]
.text:0000000000014F19                 mov     ebp, [rsi+8]
.text:0000000000014F1C                 jz      short loc_14F25
.text:0000000000014F1E                 mov     edi, 0C000000Dh
.text:0000000000014F23                 jmp     short loc_14F6D
.text:0000000000014F25 ; ---------------------------------------------------------------------------
.text:0000000000014F25
.text:0000000000014F25 loc_14F25:                              ; CODE XREF: sub_14E64+B8↑j
.text:0000000000014F25                 test    ecx, ecx
.text:0000000000014F27                 jz      short loc_14F47
.text:0000000000014F29                 lea     rcx, aGsiioctl1010 ; "GSIIoctl(1010):"
.text:0000000000014F30                 call    DbgPrint
.text:0000000000014F35                 lea     rcx, aDevicecontrolV ; "DeviceControl-Version\n"
.text:0000000000014F3C                 call    DbgPrint
.text:0000000000014F41                 mov     ecx, cs:dword_1F128
.text:0000000000014F47
.text:0000000000014F47 loc_14F47:                              ; CODE XREF: sub_14E64+C3↑j
.text:0000000000014F47                 cmp     ebp, 8
.text:0000000000014F4A                 jnb     short loc_14F74
.text:0000000000014F4C                 test    ecx, ecx
.text:0000000000014F4E                 jz      short loc_14F68
.text:0000000000014F50                 lea     rcx, aGsiioctl1012 ; "GSIIoctl(1012):"
.text:0000000000014F57                 call    DbgPrint
.text:0000000000014F5C                 lea     rcx, aInputBufferToo ; "Input Buffer too Small!\n"
.text:0000000000014F63                 call    DbgPrint
.text:0000000000014F68
.text:0000000000014F68 loc_14F68:                              ; CODE XREF: sub_14E64+EA↑j
.text:0000000000014F68                 mov     edi, 0C0000023h
.text:0000000000014F6D
.text:0000000000014F6D loc_14F6D:                              ; CODE XREF: sub_14E64+BF↑j
.text:0000000000014F6D                 and     qword ptr [rbx+38h], 0
.text:0000000000014F72                 jmp     short loc_14F85
.text:0000000000014F74 ; ---------------------------------------------------------------------------
.text:0000000000014F74
.text:0000000000014F74 loc_14F74:                              ; CODE XREF: sub_14E64+E6↑j
.text:0000000000014F74                 mov     qword ptr [rdi], 138h
.text:0000000000014F7B                 mov     qword ptr [rbx+38h], 8
.text:0000000000014F83                 xor     edi, edi
.text:0000000000014F85
.text:0000000000014F85 loc_14F85:                              ; CODE XREF: sub_14E64+10E↑j
.text:0000000000014F85                 mov     [rbx+30h], edi
.text:0000000000014F88
.text:0000000000014F88 loc_14F88:                              ; CODE XREF: sub_14E64+A8↑j
.text:0000000000014F88                 lea     rcx, Mutex      ; Mutex
.text:0000000000014F8F                 xor     edx, edx        ; Wait
.text:0000000000014F91                 call    cs:KeReleaseMutex ; ntoskrnl
.text:0000000000014F97
.text:0000000000014F97 loc_14F97:                              ; CODE XREF: sub_14E64+4F↑j
.text:0000000000014F97                 xor     edx, edx        ; PriorityBoost
.text:0000000000014F99                 mov     rcx, rbx        ; Irp
.text:0000000000014F9C                 mov     [rbx+30h], edi
.text:0000000000014F9F                 call    cs:IofCompleteRequest ; ntoskrnl
.text:0000000000014FA5                 cmp     cs:dword_1F128, 0
.text:0000000000014FAC                 jz      short loc_14FC8
.text:0000000000014FAE                 lea     rcx, aGsiioctl1619 ; "GSIIoctl(1619):"
.text:0000000000014FB5                 call    DbgPrint
.text:0000000000014FBA                 lea     rcx, aDevicecontrolE ; "========::DeviceControl End====[%8.8X]="...
.text:0000000000014FC1                 mov     edx, edi
.text:0000000000014FC3                 call    DbgPrint
.text:0000000000014FC8
.text:0000000000014FC8 loc_14FC8:                              ; CODE XREF: sub_14E64+148↑j
.text:0000000000014FC8                 mov     rbx, [rsp+38h+arg_0]
.text:0000000000014FCD                 mov     rbp, [rsp+38h+arg_8]
.text:0000000000014FD2                 mov     rsi, [rsp+38h+arg_10]
.text:0000000000014FD7                 mov     eax, edi
.text:0000000000014FD9                 add     rsp, 30h
.text:0000000000014FDD                 pop     rdi
.text:0000000000014FDE                 retn
.text:0000000000014FDE sub_14E64       endp
.text:0000000000014FDE
.text:0000000000014FDE ; ---------------------------------------------------------------------------
.text:0000000000014FDF byte_14FDF      db 9 dup(0CCh)          ; DATA XREF: .pdata:00000000000200B4↓o
.text:0000000000014FE8
.text:0000000000014FE8 ; =============== S U B R O U T I N E =======================================
.text:0000000000014FE8
.text:0000000000014FE8
.text:0000000000014FE8 ; __int64 __fastcall sub_14FE8(_WORD *)
.text:0000000000014FE8 sub_14FE8       proc near               ; CODE XREF: sub_129B0+32D↑p
.text:0000000000014FE8                 xor     eax, eax
.text:0000000000014FEA                 cmp     [rcx], ax
.text:0000000000014FED                 jz      short locret_14FFD
.text:0000000000014FEF
.text:0000000000014FEF loc_14FEF:                              ; CODE XREF: sub_14FE8+13↓j
.text:0000000000014FEF                 add     rcx, 2
.text:0000000000014FF3                 add     rax, 1
.text:0000000000014FF7                 cmp     word ptr [rcx], 0
.text:0000000000014FFB                 jnz     short loc_14FEF
.text:0000000000014FFD
.text:0000000000014FFD locret_14FFD:                           ; CODE XREF: sub_14FE8+5↑j
.text:0000000000014FFD                 retn
.text:0000000000014FFD sub_14FE8       endp
.text:0000000000014FFD
.text:0000000000014FFD ; ---------------------------------------------------------------------------
.text:0000000000014FFE                 db 6 dup(0CCh)
.text:0000000000015004
.text:0000000000015004 ; =============== S U B R O U T I N E =======================================
.text:0000000000015004
.text:0000000000015004
.text:0000000000015004 ; void __fastcall sub_15004(_QWORD *, _QWORD *, __int64)
.text:0000000000015004 sub_15004       proc near               ; CODE XREF: sub_15004+5D↓p
.text:0000000000015004                                         ; sub_15004+7F↓p ...
.text:0000000000015004
.text:0000000000015004 var_28          = qword ptr -28h
.text:0000000000015004 var_20          = qword ptr -20h
.text:0000000000015004 var_18          = qword ptr -18h
.text:0000000000015004 arg_0           = qword ptr  8
.text:0000000000015004 arg_8           = qword ptr  10h
.text:0000000000015004
.text:0000000000015004                 mov     [rsp+arg_0], rbx
.text:0000000000015009                 mov     [rsp+arg_8], rsi
.text:000000000001500E                 push    rdi
.text:000000000001500F                 sub     rsp, 40h
.text:0000000000015013                 lea     rsi, [r8+1]
.text:0000000000015017                 mov     rbx, rdx
.text:000000000001501A                 mov     rdi, rcx
.text:000000000001501D                 cmp     rsi, 200h
.text:0000000000015024                 jbe     short loc_15044
.text:0000000000015026                 cmp     cs:dword_1F118, 0
.text:000000000001502D                 jz      loc_150C6
.text:0000000000015033                 lea     rcx, aAboutToRunOutK ; "About to run out kernel stack, STOP!!!"...
.text:000000000001503A                 call    DbgPrint
.text:000000000001503F                 jmp     loc_150C6
.text:0000000000015044 ; ---------------------------------------------------------------------------
.text:0000000000015044
.text:0000000000015044 loc_15044:                              ; CODE XREF: sub_15004+20↑j
.text:0000000000015044                 mov     rcx, [rcx+18h]  ; VirtualAddress
.text:0000000000015048                 test    rcx, rcx
.text:000000000001504B                 jz      short loc_15066
.text:000000000001504D                 call    cs:MmIsAddressValid ; ntoskrnl
.text:0000000000015053                 test    al, al
.text:0000000000015055                 jz      short loc_15066
.text:0000000000015057                 mov     rcx, [rdi+18h]
.text:000000000001505B                 mov     r8, rsi
.text:000000000001505E                 mov     rdx, rbx
.text:0000000000015061                 call    sub_15004
.text:0000000000015066
.text:0000000000015066 loc_15066:                              ; CODE XREF: sub_15004+47↑j
.text:0000000000015066                                         ; sub_15004+51↑j
.text:0000000000015066                 mov     rcx, [rdi+20h]  ; VirtualAddress
.text:000000000001506A                 test    rcx, rcx
.text:000000000001506D                 jz      short loc_15088
.text:000000000001506F                 call    cs:MmIsAddressValid ; ntoskrnl
.text:0000000000015075                 test    al, al
.text:0000000000015077                 jz      short loc_15088
.text:0000000000015079                 mov     rcx, [rdi+20h]
.text:000000000001507D                 mov     r8, rsi
.text:0000000000015080                 mov     rdx, rbx
.text:0000000000015083                 call    sub_15004
.text:0000000000015088
.text:0000000000015088 loc_15088:                              ; CODE XREF: sub_15004+69↑j
.text:0000000000015088                                         ; sub_15004+73↑j
.text:0000000000015088                 cmp     cs:dword_1F118, 0
.text:000000000001508F                 jz      short loc_150C2
.text:0000000000015091                 mov     rax, [rdi+20h]
.text:0000000000015095                 mov     r9, [rdi+8]
.text:0000000000015099                 mov     r8, [rdi]
.text:000000000001509C                 mov     [rsp+48h+var_18], rax
.text:00000000000150A1                 mov     rax, [rdi+18h]
.text:00000000000150A5                 lea     rcx, a8x8x8x8x8x8x ; "%8x %8x %8x %8x %8x %8x\n"
.text:00000000000150AC                 mov     [rsp+48h+var_20], rax
.text:00000000000150B1                 mov     rax, [rdi+10h]
.text:00000000000150B5                 mov     rdx, rdi
.text:00000000000150B8                 mov     [rsp+48h+var_28], rax
.text:00000000000150BD                 call    DbgPrint
.text:00000000000150C2
.text:00000000000150C2 loc_150C2:                              ; CODE XREF: sub_15004+8B↑j
.text:00000000000150C2                 add     qword ptr [rbx], 1
.text:00000000000150C6
.text:00000000000150C6 loc_150C6:                              ; CODE XREF: sub_15004+29↑j
.text:00000000000150C6                                         ; sub_15004+3B↑j
.text:00000000000150C6                 mov     rbx, [rsp+48h+arg_0]
.text:00000000000150CB                 mov     rsi, [rsp+48h+arg_8]
.text:00000000000150D0                 add     rsp, 40h
.text:00000000000150D4                 pop     rdi
.text:00000000000150D5                 retn
.text:00000000000150D5 sub_15004       endp
.text:00000000000150D5
.text:00000000000150D5 ; ---------------------------------------------------------------------------
.text:00000000000150D6 byte_150D6      db 6 dup(0CCh)          ; DATA XREF: .pdata:00000000000200C0↓o
.text:00000000000150DC
.text:00000000000150DC ; =============== S U B R O U T I N E =======================================
.text:00000000000150DC
.text:00000000000150DC
.text:00000000000150DC ; void __fastcall sub_150DC(_QWORD *, _QWORD *, __int64)
.text:00000000000150DC sub_150DC       proc near               ; CODE XREF: sub_150DC+5D↓p
.text:00000000000150DC                                         ; sub_150DC+7F↓p ...
.text:00000000000150DC
.text:00000000000150DC var_28          = qword ptr -28h
.text:00000000000150DC var_20          = qword ptr -20h
.text:00000000000150DC var_18          = qword ptr -18h
.text:00000000000150DC arg_0           = qword ptr  8
.text:00000000000150DC arg_8           = qword ptr  10h
.text:00000000000150DC
.text:00000000000150DC                 mov     [rsp+arg_0], rbx
.text:00000000000150E1                 mov     [rsp+arg_8], rsi
.text:00000000000150E6                 push    rdi
.text:00000000000150E7                 sub     rsp, 40h
.text:00000000000150EB                 lea     rsi, [r8+1]
.text:00000000000150EF                 mov     rbx, rdx
.text:00000000000150F2                 mov     rdi, rcx
.text:00000000000150F5                 cmp     rsi, 200h
.text:00000000000150FC                 jbe     short loc_1511C
.text:00000000000150FE                 cmp     cs:dword_1F118, 0
.text:0000000000015105                 jz      loc_1519E
.text:000000000001510B                 lea     rcx, aAboutToRunOutK ; "About to run out kernel stack, STOP!!!"...
.text:0000000000015112                 call    DbgPrint
.text:0000000000015117                 jmp     loc_1519E
.text:000000000001511C ; ---------------------------------------------------------------------------
.text:000000000001511C
.text:000000000001511C loc_1511C:                              ; CODE XREF: sub_150DC+20↑j
.text:000000000001511C                 mov     rcx, [rcx+8]    ; VirtualAddress
.text:0000000000015120                 test    rcx, rcx
.text:0000000000015123                 jz      short loc_1513E
.text:0000000000015125                 call    cs:MmIsAddressValid ; ntoskrnl
.text:000000000001512B                 test    al, al
.text:000000000001512D                 jz      short loc_1513E
.text:000000000001512F                 mov     rcx, [rdi+8]
.text:0000000000015133                 mov     r8, rsi
.text:0000000000015136                 mov     rdx, rbx
.text:0000000000015139                 call    sub_150DC
.text:000000000001513E
.text:000000000001513E loc_1513E:                              ; CODE XREF: sub_150DC+47↑j
.text:000000000001513E                                         ; sub_150DC+51↑j
.text:000000000001513E                 mov     rcx, [rdi+10h]  ; VirtualAddress
.text:0000000000015142                 test    rcx, rcx
.text:0000000000015145                 jz      short loc_15160
.text:0000000000015147                 call    cs:MmIsAddressValid ; ntoskrnl
.text:000000000001514D                 test    al, al
.text:000000000001514F                 jz      short loc_15160
.text:0000000000015151                 mov     rcx, [rdi+10h]
.text:0000000000015155                 mov     r8, rsi
.text:0000000000015158                 mov     rdx, rbx
.text:000000000001515B                 call    sub_150DC
.text:0000000000015160
.text:0000000000015160 loc_15160:                              ; CODE XREF: sub_150DC+69↑j
.text:0000000000015160                                         ; sub_150DC+73↑j
.text:0000000000015160                 cmp     cs:dword_1F118, 0
.text:0000000000015167                 jz      short loc_1519A
.text:0000000000015169                 mov     rax, [rdi+10h]
.text:000000000001516D                 mov     r9, [rdi+20h]
.text:0000000000015171                 mov     r8, [rdi+18h]
.text:0000000000015175                 mov     [rsp+48h+var_18], rax
.text:000000000001517A                 mov     rax, [rdi+8]
.text:000000000001517E                 lea     rcx, a8x8x8x8x8x8x ; "%8x %8x %8x %8x %8x %8x\n"
.text:0000000000015185                 mov     [rsp+48h+var_20], rax
.text:000000000001518A                 mov     rax, [rdi]
.text:000000000001518D                 mov     rdx, rdi
.text:0000000000015190                 mov     [rsp+48h+var_28], rax
.text:0000000000015195                 call    DbgPrint
.text:000000000001519A
.text:000000000001519A loc_1519A:                              ; CODE XREF: sub_150DC+8B↑j
.text:000000000001519A                 add     qword ptr [rbx], 1
.text:000000000001519E
.text:000000000001519E loc_1519E:                              ; CODE XREF: sub_150DC+29↑j
.text:000000000001519E                                         ; sub_150DC+3B↑j
.text:000000000001519E                 mov     rbx, [rsp+48h+arg_0]
.text:00000000000151A3                 mov     rsi, [rsp+48h+arg_8]
.text:00000000000151A8                 add     rsp, 40h
.text:00000000000151AC                 pop     rdi
.text:00000000000151AD                 retn
.text:00000000000151AD sub_150DC       endp
.text:00000000000151AD
.text:00000000000151AD ; ---------------------------------------------------------------------------
.text:00000000000151AE byte_151AE      db 6 dup(0CCh)          ; DATA XREF: .pdata:00000000000200CC↓o
.text:00000000000151B4
.text:00000000000151B4 ; =============== S U B R O U T I N E =======================================
.text:00000000000151B4
.text:00000000000151B4
.text:00000000000151B4 ; void __fastcall sub_151B4(int, _QWORD *)
.text:00000000000151B4 sub_151B4       proc near               ; CODE XREF: sub_153BC+B6↓p
.text:00000000000151B4                                         ; DATA XREF: .pdata:00000000000200D8↓o
.text:00000000000151B4
.text:00000000000151B4 arg_0           = qword ptr  8
.text:00000000000151B4 arg_10          = qword ptr  18h
.text:00000000000151B4
.text:00000000000151B4                 mov     [rsp+arg_0], rbx
.text:00000000000151B9                 push    rdi
.text:00000000000151BA                 sub     rsp, 20h
.text:00000000000151BE                 and     [rsp+28h+arg_10], 0
.text:00000000000151C4                 cmp     cs:dword_1F118, 0
.text:00000000000151CB                 mov     rdi, rdx
.text:00000000000151CE                 mov     ebx, ecx
.text:00000000000151D0                 jz      short loc_151DE
.text:00000000000151D2                 lea     rcx, aVadStarvpnEndv ; "VAD      StarVpn  EndVPN   Parent   Lef"...
.text:00000000000151D9                 call    DbgPrint
.text:00000000000151DE
.text:00000000000151DE loc_151DE:                              ; CODE XREF: sub_151B4+1C↑j
.text:00000000000151DE                 cmp     ebx, 4
.text:00000000000151E1                 jz      short loc_151FF
.text:00000000000151E3                 cmp     ebx, 5
.text:00000000000151E6                 jz      short loc_151FF
.text:00000000000151E8                 cmp     ebx, 3
.text:00000000000151EB                 jz      short loc_151FF
.text:00000000000151ED                 lea     rdx, [rsp+28h+arg_10]
.text:00000000000151F2                 xor     r8d, r8d
.text:00000000000151F5                 mov     rcx, rdi
.text:00000000000151F8                 call    sub_15004
.text:00000000000151FD                 jmp     short loc_1520F
.text:00000000000151FF ; ---------------------------------------------------------------------------
.text:00000000000151FF
.text:00000000000151FF loc_151FF:                              ; CODE XREF: sub_151B4+2D↑j
.text:00000000000151FF                                         ; sub_151B4+32↑j ...
.text:00000000000151FF                 lea     rdx, [rsp+28h+arg_10]
.text:0000000000015204                 xor     r8d, r8d
.text:0000000000015207                 mov     rcx, rdi
.text:000000000001520A                 call    sub_150DC
.text:000000000001520F
.text:000000000001520F loc_1520F:                              ; CODE XREF: sub_151B4+49↑j
.text:000000000001520F                 cmp     cs:dword_1F118, 0
.text:0000000000015216                 jz      short loc_15229
.text:0000000000015218                 mov     rdx, [rsp+28h+arg_10]
.text:000000000001521D                 lea     rcx, aNumberOfVadEnt ; "\n\nNumber of VAD Entries = %d\n"
.text:0000000000015224                 call    DbgPrint
.text:0000000000015229
.text:0000000000015229 loc_15229:                              ; CODE XREF: sub_151B4+62↑j
.text:0000000000015229                 mov     rbx, [rsp+28h+arg_0]
.text:000000000001522E                 add     rsp, 20h
.text:0000000000015232                 pop     rdi
.text:0000000000015233                 retn
.text:0000000000015233 sub_151B4       endp
.text:0000000000015233
.text:0000000000015233 ; ---------------------------------------------------------------------------
.text:0000000000015234 byte_15234      db 8 dup(0CCh)          ; DATA XREF: .pdata:00000000000200D8↓o
.text:000000000001523C
.text:000000000001523C ; =============== S U B R O U T I N E =======================================
.text:000000000001523C
.text:000000000001523C
.text:000000000001523C ; void __fastcall sub_1523C(_QWORD *, _DWORD *, __int64)
.text:000000000001523C sub_1523C       proc near               ; CODE XREF: sub_1523C+56↓p
.text:000000000001523C                                         ; sub_1523C+78↓p ...
.text:000000000001523C
.text:000000000001523C arg_0           = qword ptr  8
.text:000000000001523C arg_8           = qword ptr  10h
.text:000000000001523C
.text:000000000001523C                 mov     [rsp+arg_0], rbx
.text:0000000000015241                 mov     [rsp+arg_8], rsi
.text:0000000000015246                 push    rdi
.text:0000000000015247                 sub     rsp, 20h
.text:000000000001524B                 lea     rsi, [r8+1]
.text:000000000001524F                 mov     rbx, rdx
.text:0000000000015252                 mov     rdi, rcx
.text:0000000000015255                 cmp     rsi, 200h
.text:000000000001525C                 jbe     short loc_15275
.text:000000000001525E                 cmp     cs:dword_1F118, 0
.text:0000000000015265                 jz      short loc_152E5
.text:0000000000015267                 lea     rcx, aAboutToRunOutK ; "About to run out kernel stack, STOP!!!"...
.text:000000000001526E                 call    DbgPrint
.text:0000000000015273                 jmp     short loc_152E5
.text:0000000000015275 ; ---------------------------------------------------------------------------
.text:0000000000015275
.text:0000000000015275 loc_15275:                              ; CODE XREF: sub_1523C+20↑j
.text:0000000000015275                 mov     rcx, [rcx+18h]  ; VirtualAddress
.text:0000000000015279                 test    rcx, rcx
.text:000000000001527C                 jz      short loc_15297
.text:000000000001527E                 call    cs:MmIsAddressValid ; ntoskrnl
.text:0000000000015284                 test    al, al
.text:0000000000015286                 jz      short loc_15297
.text:0000000000015288                 mov     rcx, [rdi+18h]
.text:000000000001528C                 mov     r8, rsi
.text:000000000001528F                 mov     rdx, rbx
.text:0000000000015292                 call    sub_1523C
.text:0000000000015297
.text:0000000000015297 loc_15297:                              ; CODE XREF: sub_1523C+40↑j
.text:0000000000015297                                         ; sub_1523C+4A↑j
.text:0000000000015297                 mov     rcx, [rdi+20h]  ; VirtualAddress
.text:000000000001529B                 test    rcx, rcx
.text:000000000001529E                 jz      short loc_152B9
.text:00000000000152A0                 call    cs:MmIsAddressValid ; ntoskrnl
.text:00000000000152A6                 test    al, al
.text:00000000000152A8                 jz      short loc_152B9
.text:00000000000152AA                 mov     rcx, [rdi+20h]
.text:00000000000152AE                 mov     r8, rsi
.text:00000000000152B1                 mov     rdx, rbx
.text:00000000000152B4                 call    sub_1523C
.text:00000000000152B9
.text:00000000000152B9 loc_152B9:                              ; CODE XREF: sub_1523C+62↑j
.text:00000000000152B9                                         ; sub_1523C+6C↑j
.text:00000000000152B9                 mov     eax, [rbx+4]
.text:00000000000152BC                 cmp     eax, [rbx+8]
.text:00000000000152BF                 jnb     short loc_152E2
.text:00000000000152C1                 mov     rcx, rax
.text:00000000000152C4                 mov     rax, [rdi]
.text:00000000000152C7                 add     rcx, rcx
.text:00000000000152CA                 mov     [rbx+rcx*8+0Ch], rax
.text:00000000000152CF                 mov     ecx, [rbx+4]
.text:00000000000152D2                 mov     rax, [rdi+8]
.text:00000000000152D6                 add     rcx, rcx
.text:00000000000152D9                 mov     [rbx+rcx*8+14h], rax
.text:00000000000152DE                 add     dword ptr [rbx+4], 1
.text:00000000000152E2
.text:00000000000152E2 loc_152E2:                              ; CODE XREF: sub_1523C+83↑j
.text:00000000000152E2                 add     dword ptr [rbx], 1
.text:00000000000152E5
.text:00000000000152E5 loc_152E5:                              ; CODE XREF: sub_1523C+29↑j
.text:00000000000152E5                                         ; sub_1523C+37↑j
.text:00000000000152E5                 mov     rbx, [rsp+28h+arg_0]
.text:00000000000152EA                 mov     rsi, [rsp+28h+arg_8]
.text:00000000000152EF                 add     rsp, 20h
.text:00000000000152F3                 pop     rdi
.text:00000000000152F4                 retn
.text:00000000000152F4 sub_1523C       endp
.text:00000000000152F4
.text:00000000000152F4 ; ---------------------------------------------------------------------------
.text:00000000000152F5 byte_152F5      db 7 dup(0CCh)          ; DATA XREF: .pdata:00000000000200E4↓o
.text:00000000000152FC
.text:00000000000152FC ; =============== S U B R O U T I N E =======================================
.text:00000000000152FC
.text:00000000000152FC
.text:00000000000152FC ; void __fastcall sub_152FC(_QWORD *, _DWORD *, __int64)
.text:00000000000152FC sub_152FC       proc near               ; CODE XREF: sub_152FC+56↓p
.text:00000000000152FC                                         ; sub_152FC+78↓p ...
.text:00000000000152FC
.text:00000000000152FC arg_0           = qword ptr  8
.text:00000000000152FC arg_8           = qword ptr  10h
.text:00000000000152FC
.text:00000000000152FC                 mov     [rsp+arg_0], rbx
.text:0000000000015301                 mov     [rsp+arg_8], rsi
.text:0000000000015306                 push    rdi
.text:0000000000015307                 sub     rsp, 20h
.text:000000000001530B                 lea     rsi, [r8+1]
.text:000000000001530F                 mov     rbx, rdx
.text:0000000000015312                 mov     rdi, rcx
.text:0000000000015315                 cmp     rsi, 200h
.text:000000000001531C                 jbe     short loc_15335
.text:000000000001531E                 cmp     cs:dword_1F118, 0
.text:0000000000015325                 jz      short loc_153A6
.text:0000000000015327                 lea     rcx, aAboutToRunOutK ; "About to run out kernel stack, STOP!!!"...
.text:000000000001532E                 call    DbgPrint
.text:0000000000015333                 jmp     short loc_153A6
.text:0000000000015335 ; ---------------------------------------------------------------------------
.text:0000000000015335
.text:0000000000015335 loc_15335:                              ; CODE XREF: sub_152FC+20↑j
.text:0000000000015335                 mov     rcx, [rcx+8]    ; VirtualAddress
.text:0000000000015339                 test    rcx, rcx
.text:000000000001533C                 jz      short loc_15357
.text:000000000001533E                 call    cs:MmIsAddressValid ; ntoskrnl
.text:0000000000015344                 test    al, al
.text:0000000000015346                 jz      short loc_15357
.text:0000000000015348                 mov     rcx, [rdi+8]
.text:000000000001534C                 mov     r8, rsi
.text:000000000001534F                 mov     rdx, rbx
.text:0000000000015352                 call    sub_152FC
.text:0000000000015357
.text:0000000000015357 loc_15357:                              ; CODE XREF: sub_152FC+40↑j
.text:0000000000015357                                         ; sub_152FC+4A↑j
.text:0000000000015357                 mov     rcx, [rdi+10h]  ; VirtualAddress
.text:000000000001535B                 test    rcx, rcx
.text:000000000001535E                 jz      short loc_15379
.text:0000000000015360                 call    cs:MmIsAddressValid ; ntoskrnl
.text:0000000000015366                 test    al, al
.text:0000000000015368                 jz      short loc_15379
.text:000000000001536A                 mov     rcx, [rdi+10h]
.text:000000000001536E                 mov     r8, rsi
.text:0000000000015371                 mov     rdx, rbx
.text:0000000000015374                 call    sub_152FC
.text:0000000000015379
.text:0000000000015379 loc_15379:                              ; CODE XREF: sub_152FC+62↑j
.text:0000000000015379                                         ; sub_152FC+6C↑j
.text:0000000000015379                 mov     eax, [rbx+4]
.text:000000000001537C                 cmp     eax, [rbx+8]
.text:000000000001537F                 jnb     short loc_153A3
.text:0000000000015381                 mov     rcx, rax
.text:0000000000015384                 mov     rax, [rdi+18h]
.text:0000000000015388                 add     rcx, rcx
.text:000000000001538B                 mov     [rbx+rcx*8+0Ch], rax
.text:0000000000015390                 mov     ecx, [rbx+4]
.text:0000000000015393                 mov     rax, [rdi+20h]
.text:0000000000015397                 add     rcx, rcx
.text:000000000001539A                 mov     [rbx+rcx*8+14h], rax
.text:000000000001539F                 add     dword ptr [rbx+4], 1
.text:00000000000153A3
.text:00000000000153A3 loc_153A3:                              ; CODE XREF: sub_152FC+83↑j
.text:00000000000153A3                 add     dword ptr [rbx], 1
.text:00000000000153A6
.text:00000000000153A6 loc_153A6:                              ; CODE XREF: sub_152FC+29↑j
.text:00000000000153A6                                         ; sub_152FC+37↑j
.text:00000000000153A6                 mov     rbx, [rsp+28h+arg_0]
.text:00000000000153AB                 mov     rsi, [rsp+28h+arg_8]
.text:00000000000153B0                 add     rsp, 20h
.text:00000000000153B4                 pop     rdi
.text:00000000000153B5                 retn
.text:00000000000153B5 sub_152FC       endp
.text:00000000000153B5
.text:00000000000153B5 ; ---------------------------------------------------------------------------
.text:00000000000153B6 byte_153B6      db 6 dup(0CCh)          ; DATA XREF: .pdata:00000000000200F0↓o
.text:00000000000153BC
.text:00000000000153BC ; =============== S U B R O U T I N E =======================================
.text:00000000000153BC
.text:00000000000153BC
.text:00000000000153BC ; __int64 __fastcall sub_153BC(__int64, _DWORD *)
.text:00000000000153BC sub_153BC       proc near               ; CODE XREF: sub_15864+E6↓p
.text:00000000000153BC                                         ; sub_15864+158↓p
.text:00000000000153BC                                         ; DATA XREF: ...
.text:00000000000153BC
.text:00000000000153BC arg_0           = qword ptr  8
.text:00000000000153BC arg_8           = qword ptr  10h
.text:00000000000153BC arg_10          = qword ptr  18h
.text:00000000000153BC arg_18          = qword ptr  20h
.text:00000000000153BC
.text:00000000000153BC                 mov     rax, rsp
.text:00000000000153BF                 mov     [rax+8], rbx
.text:00000000000153C3                 mov     [rax+10h], rbp
.text:00000000000153C7                 mov     [rax+18h], rsi
.text:00000000000153CB                 mov     [rax+20h], rdi
.text:00000000000153CF                 push    r12
.text:00000000000153D1                 sub     rsp, 20h
.text:00000000000153D5                 xor     edi, edi
.text:00000000000153D7                 mov     rbp, rdx
.text:00000000000153DA                 mov     ebx, edi
.text:00000000000153DC                 mov     r12, cr8
.text:00000000000153E0                 lea     r8d, [rdi+2]
.text:00000000000153E4                 mov     cr8, r8
.text:00000000000153E8                 mov     rdx, cs:qword_1F110
.text:00000000000153EF                 mov     rax, rdx
.text:00000000000153F2                 sub     rax, 11Ch
.text:00000000000153F8                 jz      short loc_15436
.text:00000000000153FA                 sub     rax, 78h ; 'x'
.text:00000000000153FE                 jz      short loc_1542F
.text:0000000000015400                 sub     rax, 0A4h
.text:0000000000015406                 jz      short loc_15428
.text:0000000000015408                 sub     rax, 20h ; ' '
.text:000000000001540C                 jz      short loc_15428
.text:000000000001540E                 sub     rax, 128h
.text:0000000000015414                 jz      short loc_15421
.text:0000000000015416                 cmp     rax, 18h
.text:000000000001541A                 jnz     short loc_15439
.text:000000000001541C                 lea     ebx, [rdi+4]
.text:000000000001541F                 jmp     short loc_15439
.text:0000000000015421 ; ---------------------------------------------------------------------------
.text:0000000000015421
.text:0000000000015421 loc_15421:                              ; CODE XREF: sub_153BC+58↑j
.text:0000000000015421                 mov     ebx, 5
.text:0000000000015426                 jmp     short loc_15439
.text:0000000000015428 ; ---------------------------------------------------------------------------
.text:0000000000015428
.text:0000000000015428 loc_15428:                              ; CODE XREF: sub_153BC+4A↑j
.text:0000000000015428                                         ; sub_153BC+50↑j
.text:0000000000015428                 mov     ebx, 3
.text:000000000001542D                 jmp     short loc_15439
.text:000000000001542F ; ---------------------------------------------------------------------------
.text:000000000001542F
.text:000000000001542F loc_1542F:                              ; CODE XREF: sub_153BC+42↑j
.text:000000000001542F                 mov     ebx, 1
.text:0000000000015434                 jmp     short loc_15439
.text:0000000000015436 ; ---------------------------------------------------------------------------
.text:0000000000015436
.text:0000000000015436 loc_15436:                              ; CODE XREF: sub_153BC+3C↑j
.text:0000000000015436                 mov     ebx, r8d
.text:0000000000015439
.text:0000000000015439 loc_15439:                              ; CODE XREF: sub_153BC+5E↑j
.text:0000000000015439                                         ; sub_153BC+63↑j ...
.text:0000000000015439                 lea     rsi, [rdx+rcx]
.text:000000000001543D                 mov     rcx, rsi        ; VirtualAddress
.text:0000000000015440                 call    cs:MmIsAddressValid ; ntoskrnl
.text:0000000000015446                 cmp     al, dil
.text:0000000000015449                 jz      short loc_154AC
.text:000000000001544B                 mov     rcx, [rsi]      ; VirtualAddress
.text:000000000001544E                 call    cs:MmIsAddressValid ; ntoskrnl
.text:0000000000015454                 cmp     al, dil
.text:0000000000015457                 jz      short loc_154AC
.text:0000000000015459                 cmp     [rsi], rdi
.text:000000000001545C                 jz      short loc_154AC
.text:000000000001545E                 cmp     ebx, 5
.text:0000000000015461                 jz      short loc_1546D
.text:0000000000015463                 cmp     ebx, 4
.text:0000000000015466                 jz      short loc_1546D
.text:0000000000015468                 mov     rdx, [rsi]
.text:000000000001546B                 jmp     short loc_15470
.text:000000000001546D ; ---------------------------------------------------------------------------
.text:000000000001546D
.text:000000000001546D loc_1546D:                              ; CODE XREF: sub_153BC+A5↑j
.text:000000000001546D                                         ; sub_153BC+AA↑j
.text:000000000001546D                 mov     rdx, rsi
.text:0000000000015470
.text:0000000000015470 loc_15470:                              ; CODE XREF: sub_153BC+AF↑j
.text:0000000000015470                 mov     ecx, ebx
.text:0000000000015472                 call    sub_151B4
.text:0000000000015477                 cmp     ebx, 5
.text:000000000001547A                 mov     [rbp+0], edi
.text:000000000001547D                 mov     [rbp+4], edi
.text:0000000000015480                 jz      short loc_1549C
.text:0000000000015482                 cmp     ebx, 4
.text:0000000000015485                 jz      short loc_1549C
.text:0000000000015487                 mov     rcx, [rsi]
.text:000000000001548A                 xor     r8d, r8d
.text:000000000001548D                 cmp     ebx, 3
.text:0000000000015490                 mov     rdx, rbp
.text:0000000000015493                 jz      short loc_154A5
.text:0000000000015495                 call    sub_1523C
.text:000000000001549A                 jmp     short loc_154B1
.text:000000000001549C ; ---------------------------------------------------------------------------
.text:000000000001549C
.text:000000000001549C loc_1549C:                              ; CODE XREF: sub_153BC+C4↑j
.text:000000000001549C                                         ; sub_153BC+C9↑j
.text:000000000001549C                 xor     r8d, r8d
.text:000000000001549F                 mov     rdx, rbp
.text:00000000000154A2                 mov     rcx, rsi
.text:00000000000154A5
.text:00000000000154A5 loc_154A5:                              ; CODE XREF: sub_153BC+D7↑j
.text:00000000000154A5                 call    sub_152FC
.text:00000000000154AA                 jmp     short loc_154B1
.text:00000000000154AC ; ---------------------------------------------------------------------------
.text:00000000000154AC
.text:00000000000154AC loc_154AC:                              ; CODE XREF: sub_153BC+8D↑j
.text:00000000000154AC                                         ; sub_153BC+9B↑j ...
.text:00000000000154AC                 mov     edi, 0C0000001h
.text:00000000000154B1
.text:00000000000154B1 loc_154B1:                              ; CODE XREF: sub_153BC+DE↑j
.text:00000000000154B1                                         ; sub_153BC+EE↑j
.text:00000000000154B1                 movzx   ecx, r12b
.text:00000000000154B5                 mov     cr8, rcx
.text:00000000000154B9                 mov     rbx, [rsp+28h+arg_0]
.text:00000000000154BE                 mov     rbp, [rsp+28h+arg_8]
.text:00000000000154C3                 mov     rsi, [rsp+28h+arg_10]
.text:00000000000154C8                 mov     eax, edi
.text:00000000000154CA                 mov     rdi, [rsp+28h+arg_18]
.text:00000000000154CF                 add     rsp, 20h
.text:00000000000154D3                 pop     r12
.text:00000000000154D5                 retn
.text:00000000000154D5 sub_153BC       endp
.text:00000000000154D5
.text:00000000000154D5 ; ---------------------------------------------------------------------------
.text:00000000000154D6 byte_154D6      db 6 dup(0CCh)          ; DATA XREF: .pdata:00000000000200FC↓o
.text:00000000000154DC
.text:00000000000154DC ; =============== S U B R O U T I N E =======================================
.text:00000000000154DC
.text:00000000000154DC
.text:00000000000154DC ; unsigned __int64 __fastcall sub_154DC(__int64, _DWORD *)
.text:00000000000154DC sub_154DC       proc near               ; CODE XREF: sub_15864+169↓p
.text:00000000000154DC                                         ; DATA XREF: .pdata:0000000000020108↓o
.text:00000000000154DC
.text:00000000000154DC var_68          = qword ptr -68h
.text:00000000000154DC var_60          = qword ptr -60h
.text:00000000000154DC var_58          = qword ptr -58h
.text:00000000000154DC var_50          = qword ptr -50h
.text:00000000000154DC var_48          = qword ptr -48h
.text:00000000000154DC var_40          = qword ptr -40h
.text:00000000000154DC arg_0           = qword ptr  8
.text:00000000000154DC arg_8           = qword ptr  10h
.text:00000000000154DC arg_10          = byte ptr  18h
.text:00000000000154DC arg_18          = qword ptr  20h
.text:00000000000154DC
.text:00000000000154DC ; __unwind { // __C_specific_handler
.text:00000000000154DC                 mov     [rsp+arg_8], rdx
.text:00000000000154E1                 mov     [rsp+arg_0], rcx
.text:00000000000154E6                 push    rsi
.text:00000000000154E7                 push    rdi
.text:00000000000154E8                 push    r12
.text:00000000000154EA                 push    r13
.text:00000000000154EC                 push    r14
.text:00000000000154EE                 push    r15
.text:00000000000154F0                 sub     rsp, 58h
.text:00000000000154F4                 mov     r12, rdx
.text:00000000000154F7                 xor     esi, esi
.text:00000000000154F9                 mov     [rsp+88h+var_50], rsi
.text:00000000000154FE
.text:00000000000154FE loc_154FE:                              ; CODE XREF: sub_154DC+263↓j
.text:00000000000154FE                 mov     eax, [rcx+4]
.text:0000000000015501                 cmp     rsi, rax
.text:0000000000015504                 jnb     loc_15744
.text:000000000001550A                 mov     rax, rsi
.text:000000000001550D                 add     rax, rax
.text:0000000000015510                 mov     rdi, [rcx+rax*8+0Ch]
.text:0000000000015515                 mov     r13, [rcx+rax*8+14h]
.text:000000000001551A                 mov     [rsp+88h+var_48], r13
.text:000000000001551F                 mov     [rsp+88h+var_68], rdi
.text:0000000000015524                 cmp     cs:dword_1F11C, 0
.text:000000000001552B                 jz      short loc_1553F
.text:000000000001552D                 mov     r8, r13
.text:0000000000015530                 mov     rdx, rdi
.text:0000000000015533                 lea     rcx, a8i64x8i64x ; "\t %8I64X - %-8I64X \n"
.text:000000000001553A                 call    DbgPrint
.text:000000000001553F
.text:000000000001553F loc_1553F:                              ; CODE XREF: sub_154DC+4F↑j
.text:000000000001553F                 mov     rax, r13
.text:0000000000015542                 sub     rax, rdi
.text:0000000000015545                 cmp     rax, 0FFFFh
.text:000000000001554B                 jbe     short loc_1556B
.text:000000000001554D                 cmp     cs:dword_1F11C, 0
.text:0000000000015554                 jz      loc_1572E
.text:000000000001555A                 lea     rcx, aUnexpectedLong ; "\t\t Unexpected long range for committe"...
.text:0000000000015561                 call    DbgPrint
.text:0000000000015566                 jmp     loc_1572E
.text:000000000001556B ; ---------------------------------------------------------------------------
.text:000000000001556B
.text:000000000001556B loc_1556B:                              ; CODE XREF: sub_154DC+6F↑j
.text:000000000001556B                                         ; sub_154DC+24D↓j
.text:000000000001556B                 cmp     rdi, r13
.text:000000000001556E                 ja      loc_1572E
.text:0000000000015574                 xor     r15d, r15d
.text:0000000000015577                 mov     [rsp+88h+var_60], r15
.text:000000000001557C                 xor     ecx, ecx
.text:000000000001557E                 mov     [rsp+88h+arg_18], rcx
.text:0000000000015586                 mov     [rsp+88h+var_58], rcx
.text:000000000001558B
.text:000000000001558B loc_1558B:                              ; CODE XREF: sub_154DC+150↓j
.text:000000000001558B                 cmp     rdi, r13
.text:000000000001558E                 ja      loc_15631
.text:0000000000015594                 mov     r14, rdi
.text:0000000000015597                 shl     r14, 0Ch
.text:000000000001559B                 mov     [rsp+88h+var_40], r14
.text:00000000000155A0
.text:00000000000155A0 loc_155A0:                              ; DATA XREF: .rdata:000000000001E328↓o
.text:00000000000155A0 ;   __try { // __except at loc_155CE    ; Length
.text:00000000000155A0                 mov     edx, 1
.text:00000000000155A5                 mov     r8d, edx        ; Alignment
.text:00000000000155A8                 mov     rcx, r14        ; Address
.text:00000000000155AB                 call    cs:ProbeForRead ; ntoskrnl
.text:00000000000155B1                 mov     r11b, [r14]
.text:00000000000155B4                 mov     [rsp+88h+arg_10], r11b
.text:00000000000155BC                 mov     r15, rdi
.text:00000000000155BF                 mov     [rsp+88h+var_60], rdi
.text:00000000000155C4                 mov     rcx, [rsp+88h+arg_18]
.text:00000000000155CC                 jmp     short loc_15631
.text:00000000000155CC ;   } // starts at 155A0
.text:00000000000155CE ; ---------------------------------------------------------------------------
.text:00000000000155CE
.text:00000000000155CE loc_155CE:                              ; DATA XREF: .rdata:000000000001E328↓o
.text:00000000000155CE ;   __except(1) // owned by 155A0
.text:00000000000155CE                 cmp     [rsp+88h+var_40], 0
.text:00000000000155D4                 jnz     short loc_155FA
.text:00000000000155D6                 cmp     cs:dword_1F128, 0
.text:00000000000155DD                 jz      short loc_155FA
.text:00000000000155DF                 lea     rcx, aFiltercommitte ; "FilterCommittedVadList(678):"
.text:00000000000155E6                 call    DbgPrint
.text:00000000000155EB                 xor     edx, edx
.text:00000000000155ED                 lea     rcx, aFilterc1Addres ; "FilterC1 Address[%16.16I64X] Exception!"...
.text:00000000000155F4                 call    DbgPrint
.text:00000000000155F9                 nop
.text:00000000000155FA
.text:00000000000155FA loc_155FA:                              ; CODE XREF: sub_154DC+F8↑j
.text:00000000000155FA                                         ; sub_154DC+101↑j
.text:00000000000155FA                 mov     rdi, [rsp+88h+var_68]
.text:00000000000155FF                 add     rdi, 1
.text:0000000000015603                 mov     [rsp+88h+var_68], rdi
.text:0000000000015608                 mov     r12, [rsp+88h+arg_8]
.text:0000000000015610                 mov     rsi, [rsp+88h+var_50]
.text:0000000000015615                 mov     r13, [rsp+88h+var_48]
.text:000000000001561A                 mov     r15, [rsp+88h+var_60]
.text:000000000001561F                 mov     rcx, [rsp+88h+var_58]
.text:0000000000015624                 mov     [rsp+88h+arg_18], rcx
.text:000000000001562C                 jmp     loc_1558B
.text:0000000000015631 ; ---------------------------------------------------------------------------
.text:0000000000015631
.text:0000000000015631 loc_15631:                              ; CODE XREF: sub_154DC+B2↑j
.text:0000000000015631                                         ; sub_154DC+F0↑j
.text:0000000000015631                 test    r15, r15
.text:0000000000015634                 jz      loc_1572E
.text:000000000001563A
.text:000000000001563A loc_1563A:                              ; CODE XREF: sub_154DC+1A8↓j
.text:000000000001563A                 cmp     rdi, r13
.text:000000000001563D                 ja      loc_156DA
.text:0000000000015643                 mov     r14, rdi
.text:0000000000015646                 shl     r14, 0Ch
.text:000000000001564A                 mov     [rsp+88h+var_40], r14
.text:000000000001564F
.text:000000000001564F loc_1564F:                              ; DATA XREF: .rdata:000000000001E338↓o
.text:000000000001564F ;   __try { // __except at loc_15686    ; Length
.text:000000000001564F                 mov     edx, 1
.text:0000000000015654                 mov     r8d, edx        ; Alignment
.text:0000000000015657                 mov     rcx, r14        ; Address
.text:000000000001565A                 call    cs:ProbeForRead ; ntoskrnl
.text:0000000000015660                 mov     r11b, [r14]
.text:0000000000015663                 mov     [rsp+88h+arg_10], r11b
.text:000000000001566B                 mov     rcx, rdi
.text:000000000001566E                 mov     [rsp+88h+arg_18], rcx
.text:0000000000015676                 mov     [rsp+88h+var_58], rcx
.text:0000000000015676 ;   } // starts at 1564F
.text:000000000001567B
.text:000000000001567B loc_1567B:                              ; DATA XREF: .rdata:000000000001E338↓o
.text:000000000001567B                 add     rdi, 1
.text:000000000001567F                 mov     [rsp+88h+var_68], rdi
.text:0000000000015684                 jmp     short loc_1563A
.text:0000000000015686 ; ---------------------------------------------------------------------------
.text:0000000000015686
.text:0000000000015686 loc_15686:                              ; DATA XREF: .rdata:000000000001E338↓o
.text:0000000000015686 ;   __except(1) // owned by 1564F
.text:0000000000015686                 cmp     [rsp+88h+var_40], 0
.text:000000000001568C                 jnz     short loc_156B1
.text:000000000001568E                 cmp     cs:dword_1F128, 0
.text:0000000000015695                 jz      short loc_156B1
.text:0000000000015697                 lea     rcx, aFiltercommitte_0 ; "FilterCommittedVadList(698):"
.text:000000000001569E                 call    DbgPrint
.text:00000000000156A3                 xor     edx, edx
.text:00000000000156A5                 lea     rcx, aFilterc2Addres ; "FilterC2 Address[%16.16I64X] VALID!\n"
.text:00000000000156AC                 call    DbgPrint
.text:00000000000156B1
.text:00000000000156B1 loc_156B1:                              ; CODE XREF: sub_154DC+1B0↑j
.text:00000000000156B1                                         ; sub_154DC+1B9↑j
.text:00000000000156B1                 mov     r12, [rsp+88h+arg_8]
.text:00000000000156B9                 mov     rsi, [rsp+88h+var_50]
.text:00000000000156BE                 mov     r13, [rsp+88h+var_48]
.text:00000000000156C3                 mov     rdi, [rsp+88h+var_68]
.text:00000000000156C8                 mov     r15, [rsp+88h+var_60]
.text:00000000000156CD                 mov     rcx, [rsp+88h+var_58]
.text:00000000000156D2                 mov     [rsp+88h+arg_18], rcx
.text:00000000000156DA
.text:00000000000156DA loc_156DA:                              ; CODE XREF: sub_154DC+161↑j
.text:00000000000156DA                 cmp     cs:dword_1F11C, 0
.text:00000000000156E1                 jz      short loc_156FD
.text:00000000000156E3                 mov     r8, rcx
.text:00000000000156E6                 mov     rdx, r15
.text:00000000000156E9                 lea     rcx, a8i64x8i64x_0 ; "\t\t %8I64X - %-8I64X \n"
.text:00000000000156F0                 call    DbgPrint
.text:00000000000156F5                 mov     rcx, [rsp+88h+arg_18]
.text:00000000000156FD
.text:00000000000156FD loc_156FD:                              ; CODE XREF: sub_154DC+205↑j
.text:00000000000156FD                 mov     eax, [r12+4]
.text:0000000000015702                 cmp     eax, [r12+8]
.text:0000000000015707                 jnb     short loc_15724
.text:0000000000015709                 add     rax, rax
.text:000000000001570C                 mov     [r12+rax*8+0Ch], r15
.text:0000000000015711                 mov     eax, [r12+4]
.text:0000000000015716                 add     rax, rax
.text:0000000000015719                 mov     [r12+rax*8+14h], rcx
.text:000000000001571E                 add     dword ptr [r12+4], 1
.text:0000000000015724
.text:0000000000015724 loc_15724:                              ; CODE XREF: sub_154DC+22B↑j
.text:0000000000015724                 add     dword ptr [r12], 1
.text:0000000000015729                 jmp     loc_1556B
.text:000000000001572E ; ---------------------------------------------------------------------------
.text:000000000001572E
.text:000000000001572E loc_1572E:                              ; CODE XREF: sub_154DC+78↑j
.text:000000000001572E                                         ; sub_154DC+8A↑j ...
.text:000000000001572E                 add     rsi, 1
.text:0000000000015732                 mov     [rsp+88h+var_50], rsi
.text:0000000000015737                 mov     rcx, [rsp+88h+arg_0]
.text:000000000001573F                 jmp     loc_154FE
.text:0000000000015744 ; ---------------------------------------------------------------------------
.text:0000000000015744
.text:0000000000015744 loc_15744:                              ; CODE XREF: sub_154DC+28↑j
.text:0000000000015744                 add     rsp, 58h
.text:0000000000015748                 pop     r15
.text:000000000001574A                 pop     r14
.text:000000000001574C                 pop     r13
.text:000000000001574E                 pop     r12
.text:0000000000015750                 pop     rdi
.text:0000000000015751                 pop     rsi
.text:0000000000015752                 retn
.text:0000000000015752 ; } // starts at 154DC
.text:0000000000015752 sub_154DC       endp
.text:0000000000015752
.text:0000000000015752 ; ---------------------------------------------------------------------------
.text:0000000000015753 byte_15753      db 9 dup(0CCh)          ; DATA XREF: .pdata:0000000000020108↓o
.text:000000000001575C
.text:000000000001575C ; =============== S U B R O U T I N E =======================================
.text:000000000001575C
.text:000000000001575C
.text:000000000001575C ; __int64 __fastcall sub_1575C(unsigned __int64, _QWORD *)
.text:000000000001575C sub_1575C       proc near               ; CODE XREF: sub_1191C+113↑p
.text:000000000001575C                                         ; sub_133F0+3D↑p ...
.text:000000000001575C
.text:000000000001575C ReturnLength    = qword ptr -88h
.text:000000000001575C var_78          = xmmword ptr -78h
.text:000000000001575C var_68          = byte ptr -68h
.text:000000000001575C ProcessInformation= dword ptr -38h
.text:000000000001575C ProcessHandle   = qword ptr  8
.text:000000000001575C arg_8           = qword ptr  10h
.text:000000000001575C arg_10          = qword ptr  18h
.text:000000000001575C
.text:000000000001575C                 mov     rax, rsp
.text:000000000001575F                 mov     [rax+18h], rbx
.text:0000000000015763                 push    rdi
.text:0000000000015764                 sub     rsp, 0A0h
.text:000000000001576B                 and     qword ptr [rdx], 0
.text:000000000001576F                 and     qword ptr [rax+10h], 0
.text:0000000000015774                 or      qword ptr [rax+8], 0FFFFFFFFFFFFFFFFh
.text:0000000000015779                 and     qword ptr [rax-70h], 0
.text:000000000001577E                 and     qword ptr [rax-60h], 0
.text:0000000000015783                 and     dword ptr [rax-50h], 0
.text:0000000000015787                 and     qword ptr [rax-58h], 0
.text:000000000001578C                 and     qword ptr [rax-48h], 0
.text:0000000000015791                 and     qword ptr [rax-40h], 0
.text:0000000000015796                 mov     [rax-78h], rcx
.text:000000000001579A                 mov     rdi, rdx
.text:000000000001579D                 lea     r9, [rax-78h]   ; ClientId
.text:00000000000157A1                 lea     rcx, [rax+8]    ; ProcessHandle
.text:00000000000157A5                 lea     r8, [rax-68h]   ; ObjectAttributes
.text:00000000000157A9                 mov     edx, 40h ; '@'  ; DesiredAccess
.text:00000000000157AE                 mov     dword ptr [rax-68h], 18h
.text:00000000000157B5                 call    cs:ZwOpenProcess ; ntoskrnl
.text:00000000000157BB                 test    eax, eax
.text:00000000000157BD                 mov     ebx, eax
.text:00000000000157BF                 jns     short loc_157DA
.text:00000000000157C1                 cmp     cs:dword_1F118, 0
.text:00000000000157C8                 jz      short loc_15849
.text:00000000000157CA                 mov     edx, eax
.text:00000000000157CC                 lea     rcx, aErrorGetprocex_0 ; "Error: GetProcExitStatus ZwOpenProcess "...
.text:00000000000157D3
.text:00000000000157D3 loc_157D3:                              ; CODE XREF: sub_1575C+DD↓j
.text:00000000000157D3                 call    DbgPrint
.text:00000000000157D8                 jmp     short loc_15849
.text:00000000000157DA ; ---------------------------------------------------------------------------
.text:00000000000157DA
.text:00000000000157DA loc_157DA:                              ; CODE XREF: sub_1575C+63↑j
.text:00000000000157DA                 mov     ebx, 30h ; '0'
.text:00000000000157DF                 lea     rcx, [rsp+0A8h+ProcessInformation] ; Dst
.text:00000000000157E4                 xor     edx, edx        ; Val
.text:00000000000157E6                 mov     r8, rbx         ; Size
.text:00000000000157E9                 call    memset
.text:00000000000157EE                 mov     rcx, [rsp+0A8h+ProcessHandle] ; ProcessHandle
.text:00000000000157F6                 lea     r11, [rsp+0A8h+arg_8]
.text:00000000000157FE                 lea     r8, [rsp+0A8h+ProcessInformation] ; ProcessInformation
.text:0000000000015803                 mov     r9, rbx         ; ProcessInformationLength
.text:0000000000015806                 xor     edx, edx        ; ProcessInformationClass
.text:0000000000015808                 mov     [rsp+0A8h+ReturnLength], r11 ; ReturnLength
.text:000000000001580D                 call    cs:ZwQueryInformationProcess ; ntoskrnl
.text:0000000000015813                 mov     rcx, [rsp+0A8h+ProcessHandle] ; Handle
.text:000000000001581B                 test    eax, eax
.text:000000000001581D                 mov     ebx, eax
.text:000000000001581F                 jns     short loc_1583B
.text:0000000000015821                 call    cs:ZwClose      ; ntoskrnl
.text:0000000000015827                 cmp     cs:dword_1F118, 0
.text:000000000001582E                 jz      short loc_15849
.text:0000000000015830                 mov     edx, ebx
.text:0000000000015832                 lea     rcx, aErrorGetprocex ; "Error: GetProcExitStatus ZwQueryInforma"...
.text:0000000000015839                 jmp     short loc_157D3
.text:000000000001583B ; ---------------------------------------------------------------------------
.text:000000000001583B
.text:000000000001583B loc_1583B:                              ; CODE XREF: sub_1575C+C3↑j
.text:000000000001583B                 call    cs:ZwClose      ; ntoskrnl
.text:0000000000015841                 movsxd  r11, [rsp+0A8h+ProcessInformation]
.text:0000000000015846                 mov     [rdi], r11
.text:0000000000015849
.text:0000000000015849 loc_15849:                              ; CODE XREF: sub_1575C+6C↑j
.text:0000000000015849                                         ; sub_1575C+7C↑j ...
.text:0000000000015849                 mov     eax, ebx
.text:000000000001584B                 mov     rbx, [rsp+0A8h+arg_10]
.text:0000000000015853                 add     rsp, 0A0h
.text:000000000001585A                 pop     rdi
.text:000000000001585B                 retn
.text:000000000001585B sub_1575C       endp
.text:000000000001585B
.text:000000000001585B ; ---------------------------------------------------------------------------
.text:000000000001585C byte_1585C      db 8 dup(0CCh)          ; DATA XREF: .pdata:0000000000020114↓o
.text:0000000000015864
.text:0000000000015864 ; =============== S U B R O U T I N E =======================================
.text:0000000000015864
.text:0000000000015864
.text:0000000000015864 ; __int64 __fastcall sub_15864(HANDLE ProcessId, _DWORD *)
.text:0000000000015864 sub_15864       proc near               ; CODE XREF: sub_13E80+FA4↑p
.text:0000000000015864                                         ; DATA XREF: .pdata:0000000000020120↓o
.text:0000000000015864
.text:0000000000015864 arg_0           = qword ptr  8
.text:0000000000015864 arg_8           = qword ptr  10h
.text:0000000000015864 Process         = qword ptr  18h
.text:0000000000015864 arg_18          = qword ptr  20h
.text:0000000000015864
.text:0000000000015864                 mov     rax, rsp
.text:0000000000015867                 mov     [rax+8], rbx
.text:000000000001586B                 mov     [rax+10h], rbp
.text:000000000001586F                 push    rsi
.text:0000000000015870                 push    rdi
.text:0000000000015871                 push    r12
.text:0000000000015873                 sub     rsp, 20h
.text:0000000000015877                 and     qword ptr [rax+18h], 0
.text:000000000001587C                 and     qword ptr [rax+20h], 0
.text:0000000000015881                 mov     r12, rdx
.text:0000000000015884                 mov     rsi, rcx
.text:0000000000015887                 xor     ebp, ebp
.text:0000000000015889                 mov     r8d, 76616432h  ; Tag
.text:000000000001588F                 lea     edx, [rbp+1Ch]  ; NumberOfBytes
.text:0000000000015892                 xor     ecx, ecx        ; PoolType
.text:0000000000015894                 call    cs:ExAllocatePoolWithTag ; ntoskrnl
.text:000000000001589A                 test    rax, rax
.text:000000000001589D                 mov     rdi, rax
.text:00000000000158A0                 jnz     short loc_158C0
.text:00000000000158A2                 cmp     cs:dword_1F11C, ebp
.text:00000000000158A8                 jz      short loc_158B6
.text:00000000000158AA                 lea     rcx, aErrorGetcommit ; "Error: (GetCommittedVadList) ExAllocate"...
.text:00000000000158B1                 call    DbgPrint
.text:00000000000158B6
.text:00000000000158B6 loc_158B6:                              ; CODE XREF: sub_15864+44↑j
.text:00000000000158B6                 mov     eax, 0C000009Ah
.text:00000000000158BB                 jmp     loc_15A19
.text:00000000000158C0 ; ---------------------------------------------------------------------------
.text:00000000000158C0
.text:00000000000158C0 loc_158C0:                              ; CODE XREF: sub_15864+3C↑j
.text:00000000000158C0                 lea     rdx, [rsp+38h+arg_18]
.text:00000000000158C5                 mov     rcx, rsi
.text:00000000000158C8                 call    sub_1575C
.text:00000000000158CD                 mov     r8, [rsp+38h+arg_18]
.text:00000000000158D2                 test    eax, eax
.text:00000000000158D4                 js      loc_159D6
.text:00000000000158DA                 cmp     r8, 103h
.text:00000000000158E1                 jnz     loc_159D6
.text:00000000000158E7                 and     [rdi+4], ebp
.text:00000000000158EA                 lea     rdx, [rsp+38h+Process] ; Process
.text:00000000000158EF                 mov     rcx, rsi        ; ProcessId
.text:00000000000158F2                 mov     dword ptr [rdi+8], 1
.text:00000000000158F9                 call    PsLookupProcessByProcessId
.text:00000000000158FE                 test    eax, eax
.text:0000000000015900                 jns     short loc_15921
.text:0000000000015902                 cmp     cs:dword_1F11C, ebp
.text:0000000000015908                 jz      loc_159EC
.text:000000000001590E                 lea     rcx, aErrorGetcommit_0 ; "Error: (GetCommittedVadList) PsLookupPr"...
.text:0000000000015915                 mov     edx, eax
.text:0000000000015917                 call    DbgPrint
.text:000000000001591C                 jmp     loc_159EC
.text:0000000000015921 ; ---------------------------------------------------------------------------
.text:0000000000015921
.text:0000000000015921 loc_15921:                              ; CODE XREF: sub_15864+9C↑j
.text:0000000000015921                 call    cs:IoGetCurrentProcess ; ntoskrnl
.text:0000000000015927                 mov     rcx, cs:qword_1F130
.text:000000000001592E                 mov     rbp, [rcx+rax]
.text:0000000000015932                 cmp     rbp, rsi
.text:0000000000015935                 jz      short loc_15942
.text:0000000000015937                 mov     rcx, [rsp+38h+Process] ; Process
.text:000000000001593C                 call    cs:KeAttachProcess ; ntoskrnl
.text:0000000000015942
.text:0000000000015942 loc_15942:                              ; CODE XREF: sub_15864+D1↑j
.text:0000000000015942                 mov     rcx, [rsp+38h+Process]
.text:0000000000015947                 mov     rdx, rdi
.text:000000000001594A                 call    sub_153BC
.text:000000000001594F                 test    eax, eax
.text:0000000000015951                 mov     ebx, eax
.text:0000000000015953                 js      loc_159F1
.text:0000000000015959                 mov     eax, [rdi]
.text:000000000001595B                 cmp     eax, 1
.text:000000000001595E                 jbe     short loc_159C7
.text:0000000000015960                 mov     edx, 76616432h  ; Tag
.text:0000000000015965                 mov     rcx, rdi        ; P
.text:0000000000015968                 lea     ebx, [rax+30h]
.text:000000000001596B                 call    cs:ExFreePoolWithTag ; ntoskrnl
.text:0000000000015971                 mov     rdx, rbx
.text:0000000000015974                 xor     ecx, ecx        ; PoolType
.text:0000000000015976                 shl     rdx, 4
.text:000000000001597A                 mov     r8d, 76616432h  ; Tag
.text:0000000000015980                 add     rdx, 0Ch        ; NumberOfBytes
.text:0000000000015984                 call    cs:ExAllocatePoolWithTag ; ntoskrnl
.text:000000000001598A                 test    rax, rax
.text:000000000001598D                 mov     rdi, rax
.text:0000000000015990                 jnz     short loc_159AD
.text:0000000000015992                 cmp     cs:dword_1F11C, eax
.text:0000000000015998                 jz      short loc_159A6
.text:000000000001599A                 lea     rcx, aErrorGetcommit_1 ; "Error: (GetCommittedVadList) ExAllocate"...
.text:00000000000159A1                 call    DbgPrint
.text:00000000000159A6
.text:00000000000159A6 loc_159A6:                              ; CODE XREF: sub_15864+134↑j
.text:00000000000159A6                 mov     ebx, 0C000009Ah
.text:00000000000159AB                 jmp     short loc_159F1
.text:00000000000159AD ; ---------------------------------------------------------------------------
.text:00000000000159AD
.text:00000000000159AD loc_159AD:                              ; CODE XREF: sub_15864+12C↑j
.text:00000000000159AD                 and     dword ptr [rax+4], 0
.text:00000000000159B1                 mov     [rax+8], ebx
.text:00000000000159B4                 mov     rcx, [rsp+38h+Process]
.text:00000000000159B9                 mov     rdx, rax
.text:00000000000159BC                 call    sub_153BC
.text:00000000000159C1                 test    eax, eax
.text:00000000000159C3                 mov     ebx, eax
.text:00000000000159C5                 js      short loc_159F1
.text:00000000000159C7
.text:00000000000159C7 loc_159C7:                              ; CODE XREF: sub_15864+FA↑j
.text:00000000000159C7                 mov     rdx, r12
.text:00000000000159CA                 mov     rcx, rdi
.text:00000000000159CD                 call    sub_154DC
.text:00000000000159D2                 xor     ebx, ebx
.text:00000000000159D4                 jmp     short loc_159F1
.text:00000000000159D6 ; ---------------------------------------------------------------------------
.text:00000000000159D6
.text:00000000000159D6 loc_159D6:                              ; CODE XREF: sub_15864+70↑j
.text:00000000000159D6                                         ; sub_15864+7D↑j
.text:00000000000159D6                 cmp     cs:dword_1F11C, ebp
.text:00000000000159DC                 jz      short loc_159EC
.text:00000000000159DE                 lea     rcx, aWarningGetcomm ; "Warning: (GetCommittedVadList) GetProcE"...
.text:00000000000159E5                 mov     edx, eax
.text:00000000000159E7                 call    DbgPrint
.text:00000000000159EC
.text:00000000000159EC loc_159EC:                              ; CODE XREF: sub_15864+A4↑j
.text:00000000000159EC                                         ; sub_15864+B8↑j ...
.text:00000000000159EC                 mov     ebx, 0C00000F0h
.text:00000000000159F1
.text:00000000000159F1 loc_159F1:                              ; CODE XREF: sub_15864+EF↑j
.text:00000000000159F1                                         ; sub_15864+147↑j ...
.text:00000000000159F1                 cmp     rbp, rsi
.text:00000000000159F4                 jz      short loc_15A04
.text:00000000000159F6                 cmp     [rsp+38h+Process], 0
.text:00000000000159FC                 jz      short loc_15A04
.text:00000000000159FE                 call    cs:KeDetachProcess ; ntoskrnl
.text:0000000000015A04
.text:0000000000015A04 loc_15A04:                              ; CODE XREF: sub_15864+190↑j
.text:0000000000015A04                                         ; sub_15864+198↑j
.text:0000000000015A04                 test    rdi, rdi
.text:0000000000015A07                 jz      short loc_15A17
.text:0000000000015A09                 mov     edx, 76616432h  ; Tag
.text:0000000000015A0E                 mov     rcx, rdi        ; P
.text:0000000000015A11                 call    cs:ExFreePoolWithTag ; ntoskrnl
.text:0000000000015A17
.text:0000000000015A17 loc_15A17:                              ; CODE XREF: sub_15864+1A3↑j
.text:0000000000015A17                 mov     eax, ebx
.text:0000000000015A19
.text:0000000000015A19 loc_15A19:                              ; CODE XREF: sub_15864+57↑j
.text:0000000000015A19                 mov     rbx, [rsp+38h+arg_0]
.text:0000000000015A1E                 mov     rbp, [rsp+38h+arg_8]
.text:0000000000015A23                 add     rsp, 20h
.text:0000000000015A27                 pop     r12
.text:0000000000015A29                 pop     rdi
.text:0000000000015A2A                 pop     rsi
.text:0000000000015A2B                 retn
.text:0000000000015A2B sub_15864       endp
.text:0000000000015A2B
.text:0000000000015A2B ; ---------------------------------------------------------------------------
.text:0000000000015A2C byte_15A2C      db 8 dup(0CCh)          ; DATA XREF: .pdata:0000000000020120↓o
.text:0000000000015A34
.text:0000000000015A34 ; =============== S U B R O U T I N E =======================================
.text:0000000000015A34
.text:0000000000015A34
.text:0000000000015A34 ; char __fastcall sub_15A34(char *VirtualAddress, __int64)
.text:0000000000015A34 sub_15A34       proc near               ; CODE XREF: sub_1191C+301↑p
.text:0000000000015A34                                         ; sub_16D48+149↓p
.text:0000000000015A34                                         ; DATA XREF: ...
.text:0000000000015A34
.text:0000000000015A34 arg_0           = qword ptr  8
.text:0000000000015A34 arg_8           = qword ptr  10h
.text:0000000000015A34
.text:0000000000015A34                 mov     [rsp+arg_0], rbx
.text:0000000000015A39                 mov     [rsp+arg_8], rsi
.text:0000000000015A3E                 push    rdi
.text:0000000000015A3F                 sub     rsp, 20h
.text:0000000000015A43                 lea     rsi, [rdx+7]
.text:0000000000015A47                 mov     rdi, rdx
.text:0000000000015A4A                 mov     rbx, rcx
.text:0000000000015A4D                 shr     rsi, 3
.text:0000000000015A51                 cmp     cs:dword_1F128, 0
.text:0000000000015A58                 jz      short loc_15A78
.text:0000000000015A5A                 lea     rcx, aMmisaddressran ; "MmIsAddressRangeValid(832):"
.text:0000000000015A61                 call    DbgPrint
.text:0000000000015A66                 lea     rcx, aMmisaddressran_0 ; "MmIsAddressRangeValid Addr[%8.8X] Size["...
.text:0000000000015A6D                 mov     r8, rdi
.text:0000000000015A70                 mov     rdx, rbx
.text:0000000000015A73                 call    DbgPrint
.text:0000000000015A78
.text:0000000000015A78 loc_15A78:                              ; CODE XREF: sub_15A34+24↑j
.text:0000000000015A78                 test    rbx, rbx
.text:0000000000015A7B                 jnz     short loc_15A81
.text:0000000000015A7D
.text:0000000000015A7D loc_15A7D:                              ; CODE XREF: sub_15A34+5F↓j
.text:0000000000015A7D                 xor     al, al
.text:0000000000015A7F                 jmp     short loc_15AA4
.text:0000000000015A81 ; ---------------------------------------------------------------------------
.text:0000000000015A81
.text:0000000000015A81 loc_15A81:                              ; CODE XREF: sub_15A34+47↑j
.text:0000000000015A81                 xor     edi, edi
.text:0000000000015A83                 test    rsi, rsi
.text:0000000000015A86                 jz      short loc_15AA2
.text:0000000000015A88
.text:0000000000015A88 loc_15A88:                              ; CODE XREF: sub_15A34+6C↓j
.text:0000000000015A88                 mov     rcx, rbx        ; VirtualAddress
.text:0000000000015A8B                 call    cs:MmIsAddressValid ; ntoskrnl
.text:0000000000015A91                 test    al, al
.text:0000000000015A93                 jz      short loc_15A7D
.text:0000000000015A95                 add     rdi, 1
.text:0000000000015A99                 add     rbx, 8
.text:0000000000015A9D                 cmp     rdi, rsi
.text:0000000000015AA0                 jb      short loc_15A88
.text:0000000000015AA2
.text:0000000000015AA2 loc_15AA2:                              ; CODE XREF: sub_15A34+52↑j
.text:0000000000015AA2                 mov     al, 1
.text:0000000000015AA4
.text:0000000000015AA4 loc_15AA4:                              ; CODE XREF: sub_15A34+4B↑j
.text:0000000000015AA4                 mov     rbx, [rsp+28h+arg_0]
.text:0000000000015AA9                 mov     rsi, [rsp+28h+arg_8]
.text:0000000000015AAE                 add     rsp, 20h
.text:0000000000015AB2                 pop     rdi
.text:0000000000015AB3                 retn
.text:0000000000015AB3 sub_15A34       endp
.text:0000000000015AB3
.text:0000000000015AB3 ; ---------------------------------------------------------------------------
.text:0000000000015AB4 byte_15AB4      db 8 dup(0CCh)          ; DATA XREF: .pdata:000000000002012C↓o
.text:0000000000015ABC
.text:0000000000015ABC ; =============== S U B R O U T I N E =======================================
.text:0000000000015ABC
.text:0000000000015ABC
.text:0000000000015ABC ; __int64 __fastcall sub_15ABC(__int64, void *, __m128i *)
.text:0000000000015ABC sub_15ABC       proc near               ; CODE XREF: sub_11794+80↑p
.text:0000000000015ABC                                         ; sub_13E80+314↑p
.text:0000000000015ABC                                         ; DATA XREF: ...
.text:0000000000015ABC
.text:0000000000015ABC var_38          = dword ptr -38h
.text:0000000000015ABC var_30          = qword ptr -30h
.text:0000000000015ABC var_28          = qword ptr -28h
.text:0000000000015ABC arg_0           = qword ptr  8
.text:0000000000015ABC arg_8           = qword ptr  10h
.text:0000000000015ABC arg_10          = qword ptr  18h
.text:0000000000015ABC Process         = qword ptr  20h
.text:0000000000015ABC
.text:0000000000015ABC ; __unwind { // __C_specific_handler
.text:0000000000015ABC                 mov     rax, rsp
.text:0000000000015ABF                 mov     [rax+8], rsi
.text:0000000000015AC3                 mov     [rax+18h], r8
.text:0000000000015AC7                 mov     [rax+10h], rdx
.text:0000000000015ACB                 push    rdi
.text:0000000000015ACC                 push    r12
.text:0000000000015ACE                 push    r13
.text:0000000000015AD0                 sub     rsp, 40h
.text:0000000000015AD4                 mov     rsi, r8
.text:0000000000015AD7                 mov     rdi, rdx
.text:0000000000015ADA                 and     qword ptr [rax-30h], 0
.text:0000000000015ADF                 xor     eax, eax
.text:0000000000015AE1                 mov     [r8], rax
.text:0000000000015AE4                 mov     [r8+8], rax
.text:0000000000015AE8                 cmp     cs:qword_1F130, rax
.text:0000000000015AEF                 jz      loc_15CB7
.text:0000000000015AF5                 cmp     cs:qword_1F120, rax
.text:0000000000015AFC                 jz      loc_15CB7
.text:0000000000015B02                 call    cs:IoGetCurrentProcess ; ntoskrnl
.text:0000000000015B08                 mov     rcx, cs:qword_1F130
.text:0000000000015B0F                 mov     r13, [rcx+rax]
.text:0000000000015B13                 mov     [rsp+58h+var_28], r13
.text:0000000000015B18                 cmp     r13, rdi
.text:0000000000015B1B                 jnz     short loc_15B2D
.text:0000000000015B1D                 xor     r12d, r12d
.text:0000000000015B20                 call    cs:IoGetCurrentProcess ; ntoskrnl
.text:0000000000015B26                 mov     [rsp+58h+Process], rax
.text:0000000000015B2B                 jmp     short loc_15B3D
.text:0000000000015B2D ; ---------------------------------------------------------------------------
.text:0000000000015B2D
.text:0000000000015B2D loc_15B2D:                              ; CODE XREF: sub_15ABC+5F↑j
.text:0000000000015B2D                 lea     rdx, [rsp+58h+Process] ; Process
.text:0000000000015B32                 mov     rcx, rdi        ; ProcessId
.text:0000000000015B35                 call    PsLookupProcessByProcessId
.text:0000000000015B3A                 mov     r12d, eax
.text:0000000000015B3D
.text:0000000000015B3D loc_15B3D:                              ; CODE XREF: sub_15ABC+6F↑j
.text:0000000000015B3D                 test    r12d, r12d
.text:0000000000015B40                 js      loc_15CB5
.text:0000000000015B46                 test    rsi, rsi
.text:0000000000015B49                 jz      loc_15CA9
.text:0000000000015B4F                 cmp     cs:dword_1F128, 0
.text:0000000000015B56                 jz      short loc_15B78
.text:0000000000015B58                 lea     rcx, aGetpidname871 ; "GetPidName(871):"
.text:0000000000015B5F                 call    DbgPrint
.text:0000000000015B64                 mov     r8, [rsp+58h+Process]
.text:0000000000015B69                 mov     rdx, rdi
.text:0000000000015B6C                 lea     rcx, aPid88i64xEproc ; "PID[%8.8I64X] eProcess[%8.8I64X]\n"
.text:0000000000015B73                 call    DbgPrint
.text:0000000000015B78
.text:0000000000015B78 loc_15B78:                              ; CODE XREF: sub_15ABC+9A↑j
.text:0000000000015B78                 mov     rcx, [rsp+58h+Process]
.text:0000000000015B7D                 mov     r12, cs:qword_1F130
.text:0000000000015B84                 add     r12, rcx
.text:0000000000015B87                 mov     rcx, r12        ; VirtualAddress
.text:0000000000015B8A                 call    cs:MmIsAddressValid ; ntoskrnl
.text:0000000000015B90                 test    al, al
.text:0000000000015B92                 jnz     short loc_15BBC
.text:0000000000015B94                 cmp     cs:dword_1F128, 0
.text:0000000000015B9B                 jz      short loc_15BB5
.text:0000000000015B9D                 lea     rcx, aGetpidname878 ; "GetPidName(878):"
.text:0000000000015BA4                 call    DbgPrint
.text:0000000000015BA9                 lea     rcx, aNotAValidAddre ; "Not a valid Address!!!\n"
.text:0000000000015BB0                 call    DbgPrint
.text:0000000000015BB5
.text:0000000000015BB5 loc_15BB5:                              ; CODE XREF: sub_15ABC+DF↑j
.text:0000000000015BB5                 xor     eax, eax
.text:0000000000015BB7                 jmp     loc_15CB7
.text:0000000000015BBC ; ---------------------------------------------------------------------------
.text:0000000000015BBC
.text:0000000000015BBC loc_15BBC:                              ; CODE XREF: sub_15ABC+D6↑j
.text:0000000000015BBC                                         ; DATA XREF: .rdata:000000000001E56C↓o
.text:0000000000015BBC ;   __try { // __except at loc_15C84
.text:0000000000015BBC                 cmp     [r12], rdi
.text:0000000000015BC0                 jz      short loc_15BC9
.text:0000000000015BC2                 xor     eax, eax
.text:0000000000015BC4                 jmp     loc_15CB7
.text:0000000000015BC4 ;   } // starts at 15BBC
.text:0000000000015BC9 ; ---------------------------------------------------------------------------
.text:0000000000015BC9
.text:0000000000015BC9 loc_15BC9:                              ; CODE XREF: sub_15ABC+104↑j
.text:0000000000015BC9                                         ; DATA XREF: .rdata:000000000001E56C↓o
.text:0000000000015BC9                 mov     rcx, [rsp+58h+Process]
.text:0000000000015BCE                 mov     r12, cs:qword_1F138
.text:0000000000015BD5                 add     r12, rcx
.text:0000000000015BD8                 mov     rcx, r12        ; VirtualAddress
.text:0000000000015BDB                 call    cs:MmIsAddressValid ; ntoskrnl
.text:0000000000015BE1                 test    al, al
.text:0000000000015BE3                 jnz     short loc_15BF3
.text:0000000000015BE5                 xor     eax, eax
.text:0000000000015BE7                 mov     [rsi], rax
.text:0000000000015BEA                 mov     [rsi+8], rax
.text:0000000000015BEE                 jmp     loc_15C80
.text:0000000000015BF3 ; ---------------------------------------------------------------------------
.text:0000000000015BF3
.text:0000000000015BF3 loc_15BF3:                              ; CODE XREF: sub_15ABC+127↑j
.text:0000000000015BF3                                         ; DATA XREF: .rdata:000000000001E57C↓o
.text:0000000000015BF3 ;   __try { // __except at loc_15C05
.text:0000000000015BF3                 movdqu  xmm0, xmmword ptr [r12]
.text:0000000000015BF9                 movdqu  xmmword ptr [rsi], xmm0
.text:0000000000015BFD                 xor     eax, eax
.text:0000000000015BFF                 mov     [rsp+58h+var_38], eax
.text:0000000000015C03                 jmp     short loc_15C26
.text:0000000000015C03 ;   } // starts at 15BF3
.text:0000000000015C05 ; ---------------------------------------------------------------------------
.text:0000000000015C05
.text:0000000000015C05 loc_15C05:                              ; DATA XREF: .rdata:000000000001E57C↓o
.text:0000000000015C05 ;   __except(1) // owned by 15BF3
.text:0000000000015C05                 xor     ecx, ecx
.text:0000000000015C07                 mov     rax, [rsp+58h+arg_10]
.text:0000000000015C0C                 mov     [rax], rcx
.text:0000000000015C0F                 mov     [rax+8], rcx
.text:0000000000015C13                 mov     eax, 0C0000001h
.text:0000000000015C18                 mov     [rsp+58h+var_38], eax
.text:0000000000015C1C                 mov     rdi, [rsp+58h+arg_8]
.text:0000000000015C21                 mov     r13, [rsp+58h+var_28]
.text:0000000000015C26
.text:0000000000015C26 loc_15C26:                              ; CODE XREF: sub_15ABC+147↑j
.text:0000000000015C26                 test    eax, eax
.text:0000000000015C28                 js      short loc_15C80
.text:0000000000015C2A                 cmp     r13, rdi
.text:0000000000015C2D                 jz      short loc_15CA9
.text:0000000000015C2F                 lea     rdx, [rsp+58h+var_30]
.text:0000000000015C34                 mov     rcx, rdi
.text:0000000000015C37                 call    sub_1575C
.text:0000000000015C3C                 test    eax, eax
.text:0000000000015C3E                 js      short loc_15C50
.text:0000000000015C40                 mov     rsi, [rsp+58h+var_30]
.text:0000000000015C45                 cmp     rsi, 103h
.text:0000000000015C4C                 jz      short loc_15CA9
.text:0000000000015C4E                 jmp     short loc_15C55
.text:0000000000015C50 ; ---------------------------------------------------------------------------
.text:0000000000015C50
.text:0000000000015C50 loc_15C50:                              ; CODE XREF: sub_15ABC+182↑j
.text:0000000000015C50                 mov     rsi, [rsp+58h+var_30]
.text:0000000000015C55
.text:0000000000015C55 loc_15C55:                              ; CODE XREF: sub_15ABC+192↑j
.text:0000000000015C55                 cmp     cs:dword_1F128, 0
.text:0000000000015C5C                 jz      short loc_15C7C
.text:0000000000015C5E                 lea     rcx, aGetpidname913 ; "GetPidName(913):"
.text:0000000000015C65                 call    DbgPrint
.text:0000000000015C6A                 mov     r8, rsi
.text:0000000000015C6D                 mov     rdx, rdi
.text:0000000000015C70                 lea     rcx, aPid88i64xIsNot ; "PID[%8.8I64X] is not in Normal State[%8"...
.text:0000000000015C77                 call    DbgPrint
.text:0000000000015C7C
.text:0000000000015C7C loc_15C7C:                              ; CODE XREF: sub_15ABC+1A0↑j
.text:0000000000015C7C                 xor     eax, eax
.text:0000000000015C7E                 jmp     short loc_15CB7
.text:0000000000015C80 ; ---------------------------------------------------------------------------
.text:0000000000015C80
.text:0000000000015C80 loc_15C80:                              ; CODE XREF: sub_15ABC+132↑j
.text:0000000000015C80                                         ; sub_15ABC+16C↑j
.text:0000000000015C80                 xor     eax, eax
.text:0000000000015C82                 jmp     short loc_15CB7
.text:0000000000015C84 ; ---------------------------------------------------------------------------
.text:0000000000015C84
.text:0000000000015C84 loc_15C84:                              ; DATA XREF: .rdata:000000000001E56C↓o
.text:0000000000015C84 ;   __except(1) // owned by 15BBC
.text:0000000000015C84                 cmp     cs:dword_1F128, 0
.text:0000000000015C8B                 jz      short loc_15CA5
.text:0000000000015C8D                 lea     rcx, aGetpidname888 ; "GetPidName(888):"
.text:0000000000015C94                 call    DbgPrint
.text:0000000000015C99                 lea     rcx, aNotAValidAddre ; "Not a valid Address!!!\n"
.text:0000000000015CA0                 call    DbgPrint
.text:0000000000015CA5
.text:0000000000015CA5 loc_15CA5:                              ; CODE XREF: sub_15ABC+1CF↑j
.text:0000000000015CA5                 xor     eax, eax
.text:0000000000015CA7                 jmp     short loc_15CB7
.text:0000000000015CA9 ; ---------------------------------------------------------------------------
.text:0000000000015CA9
.text:0000000000015CA9 loc_15CA9:                              ; CODE XREF: sub_15ABC+8D↑j
.text:0000000000015CA9                                         ; sub_15ABC+171↑j ...
.text:0000000000015CA9                 mov     rax, 1
.text:0000000000015CB3                 jmp     short loc_15CB7
.text:0000000000015CB5 ; ---------------------------------------------------------------------------
.text:0000000000015CB5
.text:0000000000015CB5 loc_15CB5:                              ; CODE XREF: sub_15ABC+84↑j
.text:0000000000015CB5                 xor     eax, eax
.text:0000000000015CB7
.text:0000000000015CB7 loc_15CB7:                              ; CODE XREF: sub_15ABC+33↑j
.text:0000000000015CB7                                         ; sub_15ABC+40↑j ...
.text:0000000000015CB7                 mov     rsi, [rsp+58h+arg_0]
.text:0000000000015CBC                 add     rsp, 40h
.text:0000000000015CC0                 pop     r13
.text:0000000000015CC2                 pop     r12
.text:0000000000015CC4                 pop     rdi
.text:0000000000015CC5                 retn
.text:0000000000015CC5 ; } // starts at 15ABC
.text:0000000000015CC5 sub_15ABC       endp
.text:0000000000015CC5
.text:0000000000015CC5 ; ---------------------------------------------------------------------------
.text:0000000000015CC6 byte_15CC6      db 6 dup(0CCh)          ; DATA XREF: .pdata:0000000000020138↓o
.text:0000000000015CCC
.text:0000000000015CCC ; =============== S U B R O U T I N E =======================================
.text:0000000000015CCC
.text:0000000000015CCC
.text:0000000000015CCC ; void *__fastcall sub_15CCC(void *)
.text:0000000000015CCC sub_15CCC       proc near               ; CODE XREF: sub_13E80+A16↑p
.text:0000000000015CCC                                         ; DATA XREF: .pdata:0000000000020144↓o
.text:0000000000015CCC
.text:0000000000015CCC ClientId        = _CLIENT_ID ptr -48h
.text:0000000000015CCC ObjectAttributes= _OBJECT_ATTRIBUTES ptr -38h
.text:0000000000015CCC ProcessHandle   = qword ptr  8
.text:0000000000015CCC
.text:0000000000015CCC                 push    rbx
.text:0000000000015CCE                 sub     rsp, 60h
.text:0000000000015CD2                 cmp     cs:dword_1F128, 0
.text:0000000000015CD9                 mov     rbx, rcx
.text:0000000000015CDC                 jz      short loc_15CF9
.text:0000000000015CDE                 lea     rcx, aGetduppidhandl ; "GetDupPidHandle(937):"
.text:0000000000015CE5                 call    DbgPrint
.text:0000000000015CEA                 lea     rcx, aGetduppidhandl_0 ; "GetDupPidHandle - Pid[%8.8X]\n"
.text:0000000000015CF1                 mov     rdx, rbx
.text:0000000000015CF4                 call    DbgPrint
.text:0000000000015CF9
.text:0000000000015CF9 loc_15CF9:                              ; CODE XREF: sub_15CCC+10↑j
.text:0000000000015CF9                 call    cs:IoGetCurrentProcess ; ntoskrnl
.text:0000000000015CFF                 mov     rcx, cs:qword_1F130
.text:0000000000015D06                 cmp     [rcx+rax], rbx
.text:0000000000015D0A                 jz      short loc_15D8A
.text:0000000000015D0C                 and     [rsp+68h+ClientId.UniqueThread], 0
.text:0000000000015D12                 and     [rsp+68h+ObjectAttributes.RootDirectory], 0
.text:0000000000015D18                 and     [rsp+68h+ObjectAttributes.Attributes], 0
.text:0000000000015D1D                 and     [rsp+68h+ObjectAttributes.ObjectName], 0
.text:0000000000015D23                 and     [rsp+68h+ObjectAttributes.SecurityDescriptor], 0
.text:0000000000015D29                 and     [rsp+68h+ObjectAttributes.SecurityQualityOfService], 0
.text:0000000000015D2F                 lea     r9, [rsp+68h+ClientId] ; ClientId
.text:0000000000015D34                 lea     r8, [rsp+68h+ObjectAttributes] ; ObjectAttributes
.text:0000000000015D39                 lea     rcx, [rsp+68h+ProcessHandle] ; ProcessHandle
.text:0000000000015D3E                 mov     edx, 40h ; '@'  ; DesiredAccess
.text:0000000000015D43                 mov     [rsp+68h+ClientId.UniqueProcess], rbx
.text:0000000000015D48                 mov     [rsp+68h+ObjectAttributes.Length], 18h
.text:0000000000015D50                 call    cs:ZwOpenProcess ; ntoskrnl
.text:0000000000015D56                 test    eax, eax
.text:0000000000015D58                 js      short loc_15D8A
.text:0000000000015D5A                 cmp     cs:dword_1F128, 0
.text:0000000000015D61                 jz      short loc_15D83
.text:0000000000015D63                 lea     rcx, aGetduppidhandl_1 ; "GetDupPidHandle(957):"
.text:0000000000015D6A                 call    DbgPrint
.text:0000000000015D6F                 mov     r8, [rsp+68h+ProcessHandle]
.text:0000000000015D74                 lea     rcx, aGetduppidhandl_2 ; "GetDupPidHandle - Pid[%8.8X] Handle[%d]"...
.text:0000000000015D7B                 mov     rdx, rbx
.text:0000000000015D7E                 call    DbgPrint
.text:0000000000015D83
.text:0000000000015D83 loc_15D83:                              ; CODE XREF: sub_15CCC+95↑j
.text:0000000000015D83                 mov     rax, [rsp+68h+ProcessHandle]
.text:0000000000015D88                 jmp     short loc_15D8C
.text:0000000000015D8A ; ---------------------------------------------------------------------------
.text:0000000000015D8A
.text:0000000000015D8A loc_15D8A:                              ; CODE XREF: sub_15CCC+3E↑j
.text:0000000000015D8A                                         ; sub_15CCC+8C↑j
.text:0000000000015D8A                 xor     eax, eax
.text:0000000000015D8C
.text:0000000000015D8C loc_15D8C:                              ; CODE XREF: sub_15CCC+BC↑j
.text:0000000000015D8C                 add     rsp, 60h
.text:0000000000015D90                 pop     rbx
.text:0000000000015D91                 retn
.text:0000000000015D91 sub_15CCC       endp
.text:0000000000015D91
.text:0000000000015D91 ; ---------------------------------------------------------------------------
.text:0000000000015D92 algn_15D92:                             ; DATA XREF: .pdata:0000000000020144↓o
.text:0000000000015D92                 align 8
.text:0000000000015D98
.text:0000000000015D98 ; =============== S U B R O U T I N E =======================================
.text:0000000000015D98
.text:0000000000015D98
.text:0000000000015D98 ; __int64 __fastcall sub_15D98(__int64, __int64, void *)
.text:0000000000015D98 sub_15D98       proc near               ; CODE XREF: sub_13E80+998↑p
.text:0000000000015D98                                         ; DATA XREF: .pdata:0000000000020150↓o
.text:0000000000015D98
.text:0000000000015D98 IoStatusBlock   = qword ptr -0C8h
.text:0000000000015D98 IoControlCode   = dword ptr -0C0h
.text:0000000000015D98 InputBuffer     = qword ptr -0B8h
.text:0000000000015D98 InputBufferLength= dword ptr -0B0h
.text:0000000000015D98 OutputBuffer    = qword ptr -0A8h
.text:0000000000015D98 OutputBufferLength= dword ptr -0A0h
.text:0000000000015D98 Event           = _KEVENT ptr -98h
.text:0000000000015D98 var_80          = dword ptr -80h
.text:0000000000015D98 var_74          = word ptr -74h
.text:0000000000015D98 var_48          = dword ptr -48h
.text:0000000000015D98 Dst             = byte ptr -40h
.text:0000000000015D98 var_28          = dword ptr -28h
.text:0000000000015D98 var_18          = _IO_STATUS_BLOCK ptr -18h
.text:0000000000015D98 var_8           = byte ptr -8
.text:0000000000015D98
.text:0000000000015D98                 mov     rax, rsp
.text:0000000000015D9B                 mov     [rax+8], rbx
.text:0000000000015D9F                 mov     [rax+10h], rbp
.text:0000000000015DA3                 mov     [rax+18h], rsi
.text:0000000000015DA7                 push    rdi
.text:0000000000015DA8                 sub     rsp, 0E0h
.text:0000000000015DAF                 and     dword ptr [rax-80h], 0
.text:0000000000015DB3                 mov     rsi, rdx
.text:0000000000015DB6                 xor     edx, edx        ; Val
.text:0000000000015DB8                 mov     rdi, r8
.text:0000000000015DBB                 lea     rcx, [rax-7Ch]  ; Dst
.text:0000000000015DBF                 lea     r8d, [rdx+34h]  ; Size
.text:0000000000015DC3                 call    memset
.text:0000000000015DC8                 and     [rsp+0E8h+var_48], 0
.text:0000000000015DD0                 xor     edx, edx        ; Val
.text:0000000000015DD2                 lea     r8d, [rdx+28h]  ; Size
.text:0000000000015DD6                 lea     rcx, [rsp+0E8h+Dst] ; Dst
.text:0000000000015DDE                 call    memset
.text:0000000000015DE3                 xor     bx, bx
.text:0000000000015DE6                 cmp     cs:dword_1F128, 0
.text:0000000000015DED                 jz      short loc_15E0D
.text:0000000000015DEF                 lea     rcx, aGetportnumber9 ; "GetPortNumber(983):"
.text:0000000000015DF6                 call    DbgPrint
.text:0000000000015DFB                 lea     rcx, aGetportnumberB ; "GetPortNumber Beg Pid[%8.8X] pH[%4.4X]"...
.text:0000000000015E02                 mov     r8, rdi
.text:0000000000015E05                 mov     rdx, rsi
.text:0000000000015E08                 call    DbgPrint
.text:0000000000015E0D
.text:0000000000015E0D loc_15E0D:                              ; CODE XREF: sub_15D98+55↑j
.text:0000000000015E0D                 lea     rcx, [rsp+0E8h+Event] ; Event
.text:0000000000015E12                 xor     r8d, r8d        ; State
.text:0000000000015E15                 xor     edx, edx        ; Type
.text:0000000000015E17                 call    cs:KeInitializeEvent ; ntoskrnl
.text:0000000000015E1D                 cmp     cs:dword_1F128, 0
.text:0000000000015E24                 mov     [rsp+0E8h+var_28], 3
.text:0000000000015E2F                 jz      short loc_15E49
.text:0000000000015E31                 lea     rcx, aGetportnumber9_0 ; "GetPortNumber(988):"
.text:0000000000015E38                 call    DbgPrint
.text:0000000000015E3D                 lea     rcx, aZwdeviceiocont ; "ZwDeviceIoControlFile1 Beg\n"
.text:0000000000015E44                 call    DbgPrint
.text:0000000000015E49
.text:0000000000015E49 loc_15E49:                              ; CODE XREF: sub_15D98+97↑j
.text:0000000000015E49                 mov     qword ptr [rsp+0E8h+OutputBufferLength], 38h ; '8' ; OutputBufferLength
.text:0000000000015E52                 lea     rax, [rsp+0E8h+var_80]
.text:0000000000015E57                 lea     rdx, [rsp+0E8h+Event] ; Event
.text:0000000000015E5C                 mov     [rsp+0E8h+OutputBuffer], rax ; OutputBuffer
.text:0000000000015E61                 mov     qword ptr [rsp+0E8h+InputBufferLength], 30h ; '0' ; InputBufferLength
.text:0000000000015E6A                 lea     rax, [rsp+0E8h+var_48]
.text:0000000000015E72                 mov     [rsp+0E8h+InputBuffer], rax ; InputBuffer
.text:0000000000015E77                 lea     rax, [rsp+0E8h+var_18]
.text:0000000000015E7F                 xor     r9d, r9d        ; ApcContext
.text:0000000000015E82                 xor     r8d, r8d        ; ApcRoutine
.text:0000000000015E85                 mov     rcx, rdi        ; FileHandle
.text:0000000000015E88                 mov     qword ptr [rsp+0E8h+IoControlCode], 210012h ; IoControlCode
.text:0000000000015E91                 mov     [rsp+0E8h+IoStatusBlock], rax ; IoStatusBlock
.text:0000000000015E96                 call    cs:ZwDeviceIoControlFile ; ntoskrnl
.text:0000000000015E9C                 mov     ecx, cs:dword_1F128
.text:0000000000015EA2                 test    ecx, ecx
.text:0000000000015EA4                 mov     ebp, eax
.text:0000000000015EA6                 jz      short loc_15EC8
.text:0000000000015EA8                 lea     rcx, aGetportnumber9_1 ; "GetPortNumber(999):"
.text:0000000000015EAF                 call    DbgPrint
.text:0000000000015EB4                 lea     rcx, aZwdeviceiocont_0 ; "ZwDeviceIoControlFile1 End[%8.8X]\n"
.text:0000000000015EBB                 mov     edx, ebp
.text:0000000000015EBD                 call    DbgPrint
.text:0000000000015EC2                 mov     ecx, cs:dword_1F128
.text:0000000000015EC8
.text:0000000000015EC8 loc_15EC8:                              ; CODE XREF: sub_15D98+10E↑j
.text:0000000000015EC8                 test    ebp, ebp
.text:0000000000015ECA                 js      short loc_15EF5
.text:0000000000015ECC                 movzx   ebx, [rsp+0E8h+var_74]
.text:0000000000015ED1                 rol     bx, 8
.text:0000000000015ED5                 test    ecx, ecx
.text:0000000000015ED7                 jz      loc_1600F
.text:0000000000015EDD                 lea     rcx, aGetportnumber1 ; "GetPortNumber(1003):"
.text:0000000000015EE4                 call    DbgPrint
.text:0000000000015EE9                 lea     rcx, aPid188xhHandle ; "Pid1[%8.8Xh] Handle[%8.8Xh] Port[%4d] S"...
.text:0000000000015EF0                 jmp     loc_15FD4
.text:0000000000015EF5 ; ---------------------------------------------------------------------------
.text:0000000000015EF5
.text:0000000000015EF5 loc_15EF5:                              ; CODE XREF: sub_15D98+132↑j
.text:0000000000015EF5                 lea     rcx, [rsp+0E8h+Event] ; Event
.text:0000000000015EFA                 xor     r8d, r8d        ; State
.text:0000000000015EFD                 xor     edx, edx        ; Type
.text:0000000000015EFF                 call    cs:KeInitializeEvent ; ntoskrnl
.text:0000000000015F05                 cmp     cs:dword_1F128, 0
.text:0000000000015F0C                 mov     [rsp+0E8h+var_28], 4
.text:0000000000015F17                 jz      short loc_15F31
.text:0000000000015F19                 lea     rcx, aGetportnumber1_0 ; "GetPortNumber(1009):"
.text:0000000000015F20                 call    DbgPrint
.text:0000000000015F25                 lea     rcx, aZwdeviceiocont_1 ; "ZwDeviceIoControlFile2 Beg\n"
.text:0000000000015F2C                 call    DbgPrint
.text:0000000000015F31
.text:0000000000015F31 loc_15F31:                              ; CODE XREF: sub_15D98+17F↑j
.text:0000000000015F31                 mov     qword ptr [rsp+0E8h+OutputBufferLength], 38h ; '8' ; OutputBufferLength
.text:0000000000015F3A                 lea     rax, [rsp+0E8h+var_80]
.text:0000000000015F3F                 lea     rdx, [rsp+0E8h+Event] ; Event
.text:0000000000015F44                 mov     [rsp+0E8h+OutputBuffer], rax ; OutputBuffer
.text:0000000000015F49                 mov     qword ptr [rsp+0E8h+InputBufferLength], 30h ; '0' ; InputBufferLength
.text:0000000000015F52                 lea     rax, [rsp+0E8h+var_48]
.text:0000000000015F5A                 mov     [rsp+0E8h+InputBuffer], rax ; InputBuffer
.text:0000000000015F5F                 lea     rax, [rsp+0E8h+var_18]
.text:0000000000015F67                 xor     r9d, r9d        ; ApcContext
.text:0000000000015F6A                 xor     r8d, r8d        ; ApcRoutine
.text:0000000000015F6D                 mov     rcx, rdi        ; FileHandle
.text:0000000000015F70                 mov     qword ptr [rsp+0E8h+IoControlCode], 210012h ; IoControlCode
.text:0000000000015F79                 mov     [rsp+0E8h+IoStatusBlock], rax ; IoStatusBlock
.text:0000000000015F7E                 call    cs:ZwDeviceIoControlFile ; ntoskrnl
.text:0000000000015F84                 mov     ecx, cs:dword_1F128
.text:0000000000015F8A                 test    ecx, ecx
.text:0000000000015F8C                 mov     ebp, eax
.text:0000000000015F8E                 jz      short loc_15FB0
.text:0000000000015F90                 lea     rcx, aGetportnumber1_1 ; "GetPortNumber(1016):"
.text:0000000000015F97                 call    DbgPrint
.text:0000000000015F9C                 lea     rcx, aZwdeviceiocont_2 ; "ZwDeviceIoControlFile2 End[%8.8X]\n"
.text:0000000000015FA3                 mov     edx, ebp
.text:0000000000015FA5                 call    DbgPrint
.text:0000000000015FAA                 mov     ecx, cs:dword_1F128
.text:0000000000015FB0
.text:0000000000015FB0 loc_15FB0:                              ; CODE XREF: sub_15D98+1F6↑j
.text:0000000000015FB0                 test    ebp, ebp
.text:0000000000015FB2                 js      short loc_15FED
.text:0000000000015FB4                 mov     bx, [rsp+0E8h+var_74]
.text:0000000000015FB9                 rol     bx, 8
.text:0000000000015FBD                 test    ecx, ecx
.text:0000000000015FBF                 jz      short loc_1600F
.text:0000000000015FC1                 lea     rcx, aGetportnumber1_2 ; "GetPortNumber(1019):"
.text:0000000000015FC8                 call    DbgPrint
.text:0000000000015FCD                 lea     rcx, aPid288xhHandle ; "Pid2[%8.8Xh] Handle[%8.8Xh] Port[%4d] S"...
.text:0000000000015FD4
.text:0000000000015FD4 loc_15FD4:                              ; CODE XREF: sub_15D98+158↑j
.text:0000000000015FD4                 mov     eax, [rsp+0E8h+var_80]
.text:0000000000015FD8                 mov     rdx, rsi
.text:0000000000015FDB                 mov     r8, rdi
.text:0000000000015FDE                 movzx   r9d, bx
.text:0000000000015FE2                 mov     dword ptr [rsp+0E8h+IoStatusBlock], eax
.text:0000000000015FE6                 call    DbgPrint
.text:0000000000015FEB                 jmp     short loc_1600F
.text:0000000000015FED ; ---------------------------------------------------------------------------
.text:0000000000015FED
.text:0000000000015FED loc_15FED:                              ; CODE XREF: sub_15D98+21A↑j
.text:0000000000015FED                 test    ecx, ecx
.text:0000000000015FEF                 jz      short loc_1600F
.text:0000000000015FF1                 lea     rcx, aGetportnumber1_3 ; "GetPortNumber(1022):"
.text:0000000000015FF8                 call    DbgPrint
.text:0000000000015FFD                 lea     rcx, aPid288xhHandle_0 ; "Pid2[%8.8Xh] Handle[%8.8X] Failed!!!\n"
.text:0000000000016004                 mov     r8, rdi
.text:0000000000016007                 mov     rdx, rsi
.text:000000000001600A                 call    DbgPrint
.text:000000000001600F
.text:000000000001600F loc_1600F:                              ; CODE XREF: sub_15D98+13F↑j
.text:000000000001600F                                         ; sub_15D98+227↑j ...
.text:000000000001600F                 lea     r11, [rsp+0E8h+var_8]
.text:0000000000016017                 movzx   eax, bx
.text:000000000001601A                 mov     rbx, [r11+10h]
.text:000000000001601E                 mov     rbp, [r11+18h]
.text:0000000000016022                 mov     rsi, [r11+20h]
.text:0000000000016026                 mov     rsp, r11
.text:0000000000016029                 pop     rdi
.text:000000000001602A                 retn
.text:000000000001602A sub_15D98       endp
.text:000000000001602A
.text:000000000001602A ; ---------------------------------------------------------------------------
.text:000000000001602B byte_1602B      db 9 dup(0CCh)          ; DATA XREF: .pdata:0000000000020150↓o
.text:0000000000016034
.text:0000000000016034 ; =============== S U B R O U T I N E =======================================
.text:0000000000016034
.text:0000000000016034
.text:0000000000016034 ; __int64 __fastcall sub_16034(__int64, struct _KPROCESS *)
.text:0000000000016034 sub_16034       proc near               ; CODE XREF: sub_13E80+6AA↑p
.text:0000000000016034                                         ; DATA XREF: .pdata:000000000002015C↓o
.text:0000000000016034
.text:0000000000016034 ReturnLength    = qword ptr -188h
.text:0000000000016034 var_180         = qword ptr -180h
.text:0000000000016034 VirtualAddress  = qword ptr -178h
.text:0000000000016034 var_170         = qword ptr -170h
.text:0000000000016034 var_168         = dword ptr -168h
.text:0000000000016034 var_160         = qword ptr -160h
.text:0000000000016034 Process         = qword ptr -158h
.text:0000000000016034 var_150         = qword ptr -150h
.text:0000000000016034 var_148         = qword ptr -148h
.text:0000000000016034 var_140         = qword ptr -140h
.text:0000000000016034 ObjectInformation= byte ptr -138h
.text:0000000000016034 var_38          = qword ptr -38h
.text:0000000000016034 var_28          = byte ptr -28h
.text:0000000000016034 arg_10          = qword ptr  18h
.text:0000000000016034 arg_18          = qword ptr  20h
.text:0000000000016034
.text:0000000000016034 ; __unwind { // __GSHandlerCheck_SEH
.text:0000000000016034                 mov     [rsp+arg_10], rbx
.text:0000000000016039                 mov     [rsp+arg_18], rsi
.text:000000000001603E                 push    rdi
.text:000000000001603F                 push    r12
.text:0000000000016041                 push    r13
.text:0000000000016043                 push    r14
.text:0000000000016045                 push    r15
.text:0000000000016047                 sub     rsp, 180h
.text:000000000001604E                 mov     rax, cs:BugCheckParameter2
.text:0000000000016055                 xor     rax, rsp
.text:0000000000016058                 mov     [rsp+1A8h+var_38], rax
.text:0000000000016060                 mov     rdi, rdx
.text:0000000000016063                 mov     [rsp+1A8h+var_140], rcx
.text:0000000000016068                 mov     [rsp+1A8h+var_148], rdx
.text:000000000001606D                 xor     ebx, ebx
.text:000000000001606F                 mov     r13, rbx
.text:0000000000016072                 mov     [rsp+1A8h+var_160], rbx
.text:0000000000016077                 cmp     cs:dword_1F128, ebx
.text:000000000001607D                 jz      short loc_1609A
.text:000000000001607F                 lea     rcx, aGetfilehandles_1 ; "GetFileHandlesCount2(1044):"
.text:0000000000016086                 call    DbgPrint
.text:000000000001608B                 mov     rdx, rdi
.text:000000000001608E                 lea     rcx, aGetfilehandles_2 ; "GetFilehandlesCount2- Pid[%8.8X]\n"
.text:0000000000016095                 call    DbgPrint
.text:000000000001609A
.text:000000000001609A loc_1609A:                              ; CODE XREF: sub_16034+49↑j
.text:000000000001609A                 call    cs:IoGetCurrentProcess ; ntoskrnl
.text:00000000000160A0                 mov     r11, rax
.text:00000000000160A3                 mov     rax, cs:qword_1F130
.text:00000000000160AA                 mov     r14, [rax+r11]
.text:00000000000160AE                 mov     [rsp+1A8h+var_150], r14
.text:00000000000160B3                 cmp     r14, rdi
.text:00000000000160B6                 jz      short loc_160DB
.text:00000000000160B8                 lea     rdx, [rsp+1A8h+var_170]
.text:00000000000160BD                 mov     rcx, rdi
.text:00000000000160C0                 call    sub_1575C
.text:00000000000160C5                 cmp     eax, ebx
.text:00000000000160C7                 jl      short loc_160D4
.text:00000000000160C9                 cmp     [rsp+1A8h+var_170], 103h
.text:00000000000160D2                 jz      short loc_160DB
.text:00000000000160D4
.text:00000000000160D4 loc_160D4:                              ; CODE XREF: sub_16034+93↑j
.text:00000000000160D4                 xor     eax, eax
.text:00000000000160D6                 jmp     loc_16699
.text:00000000000160DB ; ---------------------------------------------------------------------------
.text:00000000000160DB
.text:00000000000160DB loc_160DB:                              ; CODE XREF: sub_16034+82↑j
.text:00000000000160DB                                         ; sub_16034+9E↑j
.text:00000000000160DB                 cmp     r14, rdi
.text:00000000000160DE                 jnz     short loc_16117
.text:00000000000160E0                 mov     esi, ebx
.text:00000000000160E2                 call    cs:IoGetCurrentProcess ; ntoskrnl
.text:00000000000160E8                 mov     [rsp+1A8h+Process], rax
.text:00000000000160ED                 cmp     cs:dword_1F128, ebx
.text:00000000000160F3                 jz      short loc_16126
.text:00000000000160F5                 lea     rcx, aGetfilehandles_3 ; "GetFileHandlesCount2(1059):"
.text:00000000000160FC                 call    DbgPrint
.text:0000000000016101                 mov     r8, [rsp+1A8h+Process]
.text:0000000000016106                 mov     rdx, rdi
.text:0000000000016109                 lea     rcx, aGetfilehandles_4 ; "GetFileHandlesCount2==PID[%8.8X] eProce"...
.text:0000000000016110                 call    DbgPrint
.text:0000000000016115                 jmp     short loc_16126
.text:0000000000016117 ; ---------------------------------------------------------------------------
.text:0000000000016117
.text:0000000000016117 loc_16117:                              ; CODE XREF: sub_16034+AA↑j
.text:0000000000016117                 lea     rdx, [rsp+1A8h+Process] ; Process
.text:000000000001611C                 mov     rcx, rdi        ; ProcessId
.text:000000000001611F                 call    PsLookupProcessByProcessId
.text:0000000000016124                 mov     esi, eax
.text:0000000000016126
.text:0000000000016126 loc_16126:                              ; CODE XREF: sub_16034+BF↑j
.text:0000000000016126                                         ; sub_16034+E1↑j
.text:0000000000016126                 cmp     esi, ebx
.text:0000000000016128                 jl      loc_16651
.text:000000000001612E                 cmp     cs:dword_1F128, ebx
.text:0000000000016134                 jz      short loc_16156
.text:0000000000016136                 lea     rcx, aGetfilehandles_5 ; "GetFileHandlesCount2(1066):"
.text:000000000001613D                 call    DbgPrint
.text:0000000000016142                 mov     r8, [rsp+1A8h+Process]
.text:0000000000016147                 mov     rdx, rdi
.text:000000000001614A                 lea     rcx, aPid88xEprocess ; "PID[%8.8X] eProcess[%8.8X]\n"
.text:0000000000016151                 call    DbgPrint
.text:0000000000016156
.text:0000000000016156 loc_16156:                              ; CODE XREF: sub_16034+100↑j
.text:0000000000016156                 cmp     r14, rdi
.text:0000000000016159                 jz      short loc_16189
.text:000000000001615B                 mov     rcx, [rsp+1A8h+Process] ; Process
.text:0000000000016160                 call    cs:KeAttachProcess ; ntoskrnl
.text:0000000000016166                 cmp     cs:dword_1F128, ebx
.text:000000000001616C                 jz      short loc_16189
.text:000000000001616E                 lea     rcx, aGetfilehandles_6 ; "GetFileHandlesCount2(1069):"
.text:0000000000016175                 call    DbgPrint
.text:000000000001617A                 mov     rdx, rdi
.text:000000000001617D                 lea     rcx, aAttachedToPid8 ; "Attached to PID[%8.8X] Process!\n"
.text:0000000000016184                 call    DbgPrint
.text:0000000000016189
.text:0000000000016189 loc_16189:                              ; CODE XREF: sub_16034+125↑j
.text:0000000000016189                                         ; sub_16034+138↑j
.text:0000000000016189                 mov     r12d, 4
.text:000000000001618F                 mov     [rsp+1A8h+var_170], r12
.text:0000000000016194                 mov     r15, 0FFFFF00000000000h
.text:000000000001619E
.text:000000000001619E loc_1619E:                              ; CODE XREF: sub_16034+5E8↓j
.text:000000000001619E                 cmp     r12, 1000h
.text:00000000000161A5                 jnb     loc_16621
.text:00000000000161AB                 mov     rcx, [rsp+1A8h+var_140]
.text:00000000000161B0                 add     rcx, 1920B6h    ; Dst
.text:00000000000161B7                 xor     edx, edx        ; Val
.text:00000000000161B9                 mov     r8d, 20Ch       ; Size
.text:00000000000161BF                 call    memset
.text:00000000000161C4                 mov     esi, ebx
.text:00000000000161C6                 cmp     r14, rdi
.text:00000000000161C9                 jnz     short loc_161F0
.text:00000000000161CB                 mov     [rsp+1A8h+ReturnLength], rbx ; ReturnLength
.text:00000000000161D0                 mov     r9d, 100h       ; ObjectInformationLength
.text:00000000000161D6                 lea     r8, [rsp+1A8h+ObjectInformation] ; ObjectInformation
.text:00000000000161DB                 xor     edx, edx        ; ObjectInformationClass
.text:00000000000161DD                 mov     rcx, r12        ; Handle
.text:00000000000161E0                 call    cs:ZwQueryObject ; ntoskrnl
.text:00000000000161E6                 mov     esi, eax
.text:00000000000161E8                 cmp     eax, 0C0000008h
.text:00000000000161ED                 cmovnz  esi, ebx
.text:00000000000161F0
.text:00000000000161F0 loc_161F0:                              ; CODE XREF: sub_16034+195↑j
.text:00000000000161F0                 cmp     esi, ebx
.text:00000000000161F2                 jl      short loc_1621D
.text:00000000000161F4                 mov     [rsp+1A8h+var_180], rbx
.text:00000000000161F9                 lea     rax, [rsp+1A8h+VirtualAddress]
.text:00000000000161FE                 mov     [rsp+1A8h+ReturnLength], rax
.text:0000000000016203                 xor     r9d, r9d
.text:0000000000016206                 mov     r8, cs:IoFileObjectType ; ntoskrnl
.text:000000000001620D                 mov     r8, [r8]
.text:0000000000016210                 xor     edx, edx
.text:0000000000016212                 mov     rcx, r12
.text:0000000000016215                 call    cs:qword_1F560
.text:000000000001621B                 mov     esi, eax
.text:000000000001621D
.text:000000000001621D loc_1621D:                              ; CODE XREF: sub_16034+1BE↑j
.text:000000000001621D                 cmp     esi, ebx
.text:000000000001621F                 jl      loc_162D4
.text:0000000000016225
.text:0000000000016225 loc_16225:                              ; DATA XREF: .rdata:000000000001E530↓o
.text:0000000000016225 ;   __try { // __except at loc_162A0    ; VirtualAddress
.text:0000000000016225                 mov     rcx, [rsp+1A8h+VirtualAddress]
.text:000000000001622A                 call    cs:MmIsAddressValid ; ntoskrnl
.text:0000000000016230                 cmp     al, bl
.text:0000000000016232                 jz      short loc_1628A
.text:0000000000016234                 mov     rax, [rsp+1A8h+VirtualAddress]
.text:0000000000016239                 cmp     word ptr [rax+2], 28h ; '('
.text:000000000001623E                 jge     short loc_1629E
.text:0000000000016240                 cmp     cs:dword_1F128, ebx
.text:0000000000016246                 jz      short loc_16274
.text:0000000000016248                 lea     rcx, aGetfilehandles_7 ; "GetFileHandlesCount2(1096):"
.text:000000000001624F                 call    DbgPrint
.text:0000000000016254                 mov     r11, [rsp+1A8h+VirtualAddress]
.text:0000000000016259                 movsx   r8d, word ptr [r11+2]
.text:000000000001625E                 movsx   edx, word ptr [r11]
.text:0000000000016262                 mov     r9d, 0D8h
.text:0000000000016268                 lea     rcx, aFileobjTypeDSi ; "fileObj Type [%d] Size[%d]<[%d]\n"
.text:000000000001626F                 call    DbgPrint
.text:0000000000016274
.text:0000000000016274 loc_16274:                              ; CODE XREF: sub_16034+212↑j
.text:0000000000016274                 mov     rcx, [rsp+1A8h+VirtualAddress] ; Object
.text:0000000000016279                 call    cs:ObfDereferenceObject ; ntoskrnl
.text:000000000001627F                 mov     esi, 0C0000008h
.text:0000000000016284                 mov     [rsp+1A8h+var_168], esi
.text:0000000000016288                 jmp     short loc_1629E
.text:000000000001628A ; ---------------------------------------------------------------------------
.text:000000000001628A
.text:000000000001628A loc_1628A:                              ; CODE XREF: sub_16034+1FE↑j
.text:000000000001628A                 mov     rcx, [rsp+1A8h+VirtualAddress] ; Object
.text:000000000001628F                 call    cs:ObfDereferenceObject ; ntoskrnl
.text:0000000000016295                 mov     esi, 0C0000008h
.text:000000000001629A                 mov     [rsp+1A8h+var_168], esi
.text:000000000001629E
.text:000000000001629E loc_1629E:                              ; CODE XREF: sub_16034+20A↑j
.text:000000000001629E                                         ; sub_16034+254↑j
.text:000000000001629E                 jmp     short loc_162D4
.text:000000000001629E ;   } // starts at 16225
.text:00000000000162A0 ; ---------------------------------------------------------------------------
.text:00000000000162A0
.text:00000000000162A0 loc_162A0:                              ; DATA XREF: .rdata:000000000001E530↓o
.text:00000000000162A0 ;   __except(1) // owned by 16225       ; Object
.text:00000000000162A0                 mov     rcx, [rsp+1A8h+VirtualAddress]
.text:00000000000162A5                 call    cs:ObfDereferenceObject ; ntoskrnl
.text:00000000000162AB                 mov     esi, 0C0000008h
.text:00000000000162B0                 mov     [rsp+1A8h+var_168], esi
.text:00000000000162B4                 xor     ebx, ebx
.text:00000000000162B6                 mov     r15, 0FFFFF00000000000h
.text:00000000000162C0                 mov     r13, [rsp+1A8h+var_160]
.text:00000000000162C5                 mov     r14, [rsp+1A8h+var_150]
.text:00000000000162CA                 mov     r12, [rsp+1A8h+var_170]
.text:00000000000162CF                 mov     rdi, [rsp+1A8h+var_148]
.text:00000000000162D4
.text:00000000000162D4 loc_162D4:                              ; CODE XREF: sub_16034+1EB↑j
.text:00000000000162D4                                         ; sub_16034:loc_1629E↑j
.text:00000000000162D4                 cmp     esi, ebx
.text:00000000000162D6                 jl      loc_16613
.text:00000000000162DC
.text:00000000000162DC loc_162DC:                              ; DATA XREF: .rdata:000000000001E540↓o
.text:00000000000162DC ;   __try { // __except at loc_165BE    ; VirtualAddress
.text:00000000000162DC                 mov     rcx, [rsp+1A8h+VirtualAddress]
.text:00000000000162E1                 call    cs:MmIsAddressValid ; ntoskrnl
.text:00000000000162E7                 cmp     al, bl
.text:00000000000162E9                 jz      loc_165B1
.text:00000000000162EF                 mov     rcx, [rsp+1A8h+VirtualAddress]
.text:00000000000162F4                 mov     rcx, [rcx+8]    ; VirtualAddress
.text:00000000000162F8                 call    cs:MmIsAddressValid ; ntoskrnl
.text:00000000000162FE                 cmp     al, bl
.text:0000000000016300                 jz      loc_165B1
.text:0000000000016306                 mov     rcx, [rsp+1A8h+VirtualAddress]
.text:000000000001630B                 mov     rcx, [rcx+8]    ; VirtualAddress
.text:000000000001630F                 call    cs:MmIsAddressValid ; ntoskrnl
.text:0000000000016315                 cmp     al, bl
.text:0000000000016317                 jz      loc_1646C
.text:000000000001631D                 mov     rcx, [rsp+1A8h+VirtualAddress]
.text:0000000000016322                 add     rcx, 58h ; 'X'  ; VirtualAddress
.text:0000000000016326                 call    cs:MmIsAddressValid ; ntoskrnl
.text:000000000001632C                 cmp     al, bl
.text:000000000001632E                 jz      loc_1646C
.text:0000000000016334                 mov     rcx, [rsp+1A8h+VirtualAddress]
.text:0000000000016339                 add     rcx, 58h ; 'X'  ; VirtualAddress
.text:000000000001633D                 call    cs:MmIsAddressValid ; ntoskrnl
.text:0000000000016343                 cmp     al, bl
.text:0000000000016345                 jz      loc_1646C
.text:000000000001634B                 mov     rcx, [rsp+1A8h+VirtualAddress]
.text:0000000000016350                 cmp     [rcx+58h], bx
.text:0000000000016354                 jz      loc_16471
.text:000000000001635A                 cmp     word ptr [rcx+58h], 106h
.text:0000000000016360                 jnb     loc_16471
.text:0000000000016366                 test    byte ptr [rcx+58h], 1
.text:000000000001636A                 jnz     loc_16471
.text:0000000000016370                 mov     rcx, [rcx+60h]  ; VirtualAddress
.text:0000000000016374                 call    cs:MmIsAddressValid ; ntoskrnl
.text:000000000001637A                 cmp     al, bl
.text:000000000001637C                 jz      loc_1646C
.text:0000000000016382                 mov     rcx, [rsp+1A8h+VirtualAddress] ; VirtualAddress
.text:0000000000016387                 test    [rcx+60h], r15
.text:000000000001638B                 jz      loc_16471
.text:0000000000016391                 call    cs:MmIsAddressValid ; ntoskrnl
.text:0000000000016397                 cmp     al, bl
.text:0000000000016399                 jz      loc_1646C
.text:000000000001639F                 mov     rcx, [rsp+1A8h+VirtualAddress]
.text:00000000000163A4                 cmp     word ptr [rcx], 5
.text:00000000000163A8                 jnz     loc_16471
.text:00000000000163AE                 add     rcx, 2          ; VirtualAddress
.text:00000000000163B2                 call    cs:MmIsAddressValid ; ntoskrnl
.text:00000000000163B8                 cmp     al, bl
.text:00000000000163BA                 jz      loc_1646C
.text:00000000000163C0                 mov     rcx, [rsp+1A8h+VirtualAddress]
.text:00000000000163C5                 cmp     [rcx+2], bx
.text:00000000000163C9                 jz      loc_16471
.text:00000000000163CF                 mov     rcx, [rcx+10h]  ; VirtualAddress
.text:00000000000163D3                 call    cs:MmIsAddressValid ; ntoskrnl
.text:00000000000163D9                 cmp     al, bl
.text:00000000000163DB                 jz      short loc_16419
.text:00000000000163DD                 cmp     cs:dword_1F128, ebx
.text:00000000000163E3                 jz      short loc_16453
.text:00000000000163E5                 lea     rcx, aGetfilehandles_8 ; "GetFileHandlesCount2(1130):"
.text:00000000000163EC                 call    DbgPrint
.text:00000000000163F1                 mov     r11, [rsp+1A8h+VirtualAddress]
.text:00000000000163F6                 movzx   r9d, word ptr [r11+58h]
.text:00000000000163FB                 mov     rax, [r11+60h]
.text:00000000000163FF                 mov     [rsp+1A8h+ReturnLength], rax
.text:0000000000016404                 mov     r8d, [r11+50h]
.text:0000000000016408                 mov     rdx, r12
.text:000000000001640B                 lea     rcx, aFileHandle88xF_0 ; "File Handle[%8.8X]-Flags[%8.8X]Len[%d]["...
.text:0000000000016412                 call    DbgPrint
.text:0000000000016417                 jmp     short loc_16453
.text:0000000000016419 ; ---------------------------------------------------------------------------
.text:0000000000016419
.text:0000000000016419 loc_16419:                              ; CODE XREF: sub_16034+3A7↑j
.text:0000000000016419                 cmp     cs:dword_1F128, ebx
.text:000000000001641F                 jz      short loc_16453
.text:0000000000016421                 lea     rcx, aGetfilehandles_9 ; "GetFileHandlesCount2(1134):"
.text:0000000000016428                 call    DbgPrint
.text:000000000001642D                 mov     r11, [rsp+1A8h+VirtualAddress]
.text:0000000000016432                 movzx   r9d, word ptr [r11+58h]
.text:0000000000016437                 mov     rax, [r11+60h]
.text:000000000001643B                 mov     [rsp+1A8h+ReturnLength], rax
.text:0000000000016440                 mov     r8d, [r11+50h]
.text:0000000000016444                 mov     rdx, r12
.text:0000000000016447                 lea     rcx, aFileHandle88xF_1 ; "File Handle[%8.8X]-Flags[%8.8X] Len[%d]"...
.text:000000000001644E                 call    DbgPrint
.text:0000000000016453
.text:0000000000016453 loc_16453:                              ; CODE XREF: sub_16034+3AF↑j
.text:0000000000016453                                         ; sub_16034+3E3↑j ...
.text:0000000000016453                 add     r13, 1
.text:0000000000016457                 mov     [rsp+1A8h+var_160], r13
.text:000000000001645C                 mov     rcx, [rsp+1A8h+VirtualAddress] ; Object
.text:0000000000016461                 call    cs:ObfDereferenceObject ; ntoskrnl
.text:0000000000016467                 jmp     loc_165BC
.text:000000000001646C ; ---------------------------------------------------------------------------
.text:000000000001646C
.text:000000000001646C loc_1646C:                              ; CODE XREF: sub_16034+2E3↑j
.text:000000000001646C                                         ; sub_16034+2FA↑j ...
.text:000000000001646C                 mov     rcx, [rsp+1A8h+VirtualAddress]
.text:0000000000016471
.text:0000000000016471 loc_16471:                              ; CODE XREF: sub_16034+320↑j
.text:0000000000016471                                         ; sub_16034+32C↑j ...
.text:0000000000016471                 mov     rcx, [rcx+8]    ; VirtualAddress
.text:0000000000016475                 call    cs:MmIsAddressValid ; ntoskrnl
.text:000000000001647B                 cmp     al, bl
.text:000000000001647D                 jz      loc_165A4
.text:0000000000016483                 mov     rcx, [rsp+1A8h+VirtualAddress]
.text:0000000000016488                 add     rcx, 58h ; 'X'  ; VirtualAddress
.text:000000000001648C                 call    cs:MmIsAddressValid ; ntoskrnl
.text:0000000000016492                 cmp     al, bl
.text:0000000000016494                 jz      loc_165A4
.text:000000000001649A                 mov     rcx, [rsp+1A8h+VirtualAddress]
.text:000000000001649F                 add     rcx, 58h ; 'X'  ; VirtualAddress
.text:00000000000164A3                 call    cs:MmIsAddressValid ; ntoskrnl
.text:00000000000164A9                 cmp     al, bl
.text:00000000000164AB                 jz      loc_165A4
.text:00000000000164B1                 mov     rcx, [rsp+1A8h+VirtualAddress] ; VirtualAddress
.text:00000000000164B6                 cmp     [rcx+58h], bx
.text:00000000000164BA                 jnz     loc_165A9
.text:00000000000164C0                 cmp     [rcx+60h], rbx
.text:00000000000164C4                 jnz     loc_165A9
.text:00000000000164CA                 call    cs:MmIsAddressValid ; ntoskrnl
.text:00000000000164D0                 cmp     al, bl
.text:00000000000164D2                 jz      loc_165A4
.text:00000000000164D8                 mov     rcx, [rsp+1A8h+VirtualAddress]
.text:00000000000164DD                 cmp     word ptr [rcx], 5
.text:00000000000164E1                 jnz     loc_165A9
.text:00000000000164E7                 add     rcx, 2          ; VirtualAddress
.text:00000000000164EB                 call    cs:MmIsAddressValid ; ntoskrnl
.text:00000000000164F1                 cmp     al, bl
.text:00000000000164F3                 jz      loc_165A4
.text:00000000000164F9                 mov     rcx, [rsp+1A8h+VirtualAddress]
.text:00000000000164FE                 cmp     [rcx+2], bx
.text:0000000000016502                 jz      loc_165A9
.text:0000000000016508                 mov     rcx, [rcx+8]
.text:000000000001650C                 mov     rcx, [rcx+8]    ; VirtualAddress
.text:0000000000016510                 call    cs:MmIsAddressValid ; ntoskrnl
.text:0000000000016516                 cmp     al, bl
.text:0000000000016518                 jz      short loc_16597
.text:000000000001651A                 mov     rax, [rsp+1A8h+VirtualAddress]
.text:000000000001651F                 mov     rcx, [rax+8]
.text:0000000000016523                 mov     rcx, [rcx+8]
.text:0000000000016527                 test    r15, rcx
.text:000000000001652A                 jz      short loc_16597
.text:000000000001652C                 add     rcx, 38h ; '8'  ; VirtualAddress
.text:0000000000016530                 call    cs:MmIsAddressValid ; ntoskrnl
.text:0000000000016536                 cmp     al, bl
.text:0000000000016538                 jz      short loc_1654D
.text:000000000001653A                 mov     rax, [rsp+1A8h+VirtualAddress]
.text:000000000001653F                 mov     rcx, [rax+8]
.text:0000000000016543                 mov     rsi, [rcx+8]
.text:0000000000016547                 add     rsi, 38h ; '8'
.text:000000000001654B                 jmp     short loc_16550
.text:000000000001654D ; ---------------------------------------------------------------------------
.text:000000000001654D
.text:000000000001654D loc_1654D:                              ; CODE XREF: sub_16034+504↑j
.text:000000000001654D                 mov     rsi, rbx
.text:0000000000016550
.text:0000000000016550 loc_16550:                              ; CODE XREF: sub_16034+517↑j
.text:0000000000016550                 cmp     rsi, rbx
.text:0000000000016553                 jz      short loc_16597
.text:0000000000016555                 mov     rcx, rsi        ; VirtualAddress
.text:0000000000016558                 call    cs:MmIsAddressValid ; ntoskrnl
.text:000000000001655E                 cmp     al, bl
.text:0000000000016560                 jz      short loc_16597
.text:0000000000016562                 mov     rcx, rsi        ; VirtualAddress
.text:0000000000016565                 call    cs:MmIsAddressValid ; ntoskrnl
.text:000000000001656B                 cmp     al, bl
.text:000000000001656D                 jz      short loc_16597
.text:000000000001656F                 cmp     [rsi], bx
.text:0000000000016572                 jz      short loc_16597
.text:0000000000016574                 cmp     word ptr [rsi], 106h
.text:0000000000016579                 jnb     short loc_16597
.text:000000000001657B                 test    byte ptr [rsi], 1
.text:000000000001657E                 jnz     short loc_16597
.text:0000000000016580                 mov     rcx, [rsi+8]    ; VirtualAddress
.text:0000000000016584                 call    cs:MmIsAddressValid ; ntoskrnl
.text:000000000001658A                 cmp     al, bl
.text:000000000001658C                 jz      short loc_16597
.text:000000000001658E                 add     r13, 1
.text:0000000000016592                 mov     [rsp+1A8h+var_160], r13
.text:0000000000016597
.text:0000000000016597 loc_16597:                              ; CODE XREF: sub_16034+4E4↑j
.text:0000000000016597                                         ; sub_16034+4F6↑j ...
.text:0000000000016597                 mov     rcx, [rsp+1A8h+VirtualAddress] ; Object
.text:000000000001659C                 call    cs:ObfDereferenceObject ; ntoskrnl
.text:00000000000165A2                 jmp     short loc_165BC
.text:00000000000165A4 ; ---------------------------------------------------------------------------
.text:00000000000165A4
.text:00000000000165A4 loc_165A4:                              ; CODE XREF: sub_16034+449↑j
.text:00000000000165A4                                         ; sub_16034+460↑j ...
.text:00000000000165A4                 mov     rcx, [rsp+1A8h+VirtualAddress] ; Object
.text:00000000000165A9
.text:00000000000165A9 loc_165A9:                              ; CODE XREF: sub_16034+486↑j
.text:00000000000165A9                                         ; sub_16034+490↑j ...
.text:00000000000165A9                 call    cs:ObfDereferenceObject ; ntoskrnl
.text:00000000000165AF                 jmp     short loc_165BC
.text:00000000000165B1 ; ---------------------------------------------------------------------------
.text:00000000000165B1
.text:00000000000165B1 loc_165B1:                              ; CODE XREF: sub_16034+2B5↑j
.text:00000000000165B1                                         ; sub_16034+2CC↑j
.text:00000000000165B1                 mov     rcx, [rsp+1A8h+VirtualAddress] ; Object
.text:00000000000165B6                 call    cs:ObfDereferenceObject ; ntoskrnl
.text:00000000000165BC
.text:00000000000165BC loc_165BC:                              ; CODE XREF: sub_16034+433↑j
.text:00000000000165BC                                         ; sub_16034+56E↑j ...
.text:00000000000165BC                 jmp     short loc_16613
.text:00000000000165BC ;   } // starts at 162DC
.text:00000000000165BE ; ---------------------------------------------------------------------------
.text:00000000000165BE
.text:00000000000165BE loc_165BE:                              ; DATA XREF: .rdata:000000000001E540↓o
.text:00000000000165BE ;   __except(1) // owned by 162DC
.text:00000000000165BE                 xor     ebx, ebx
.text:00000000000165C0                 cmp     cs:dword_1F128, ebx
.text:00000000000165C6                 jz      short loc_165EA
.text:00000000000165C8                 lea     rcx, aGetfilehandles_13 ; "GetFileHandlesCount2(1170):"
.text:00000000000165CF                 call    DbgPrint
.text:00000000000165D4                 mov     r12, [rsp+1A8h+var_170]
.text:00000000000165D9                 mov     rdx, r12
.text:00000000000165DC                 lea     rcx, aHandle88xIsNot ; "Handle[%8.8X] is not a valid!\n"
.text:00000000000165E3                 call    DbgPrint
.text:00000000000165E8                 jmp     short loc_165EF
.text:00000000000165EA ; ---------------------------------------------------------------------------
.text:00000000000165EA
.text:00000000000165EA loc_165EA:                              ; CODE XREF: sub_16034+592↑j
.text:00000000000165EA                 mov     r12, [rsp+1A8h+var_170]
.text:00000000000165EF
.text:00000000000165EF loc_165EF:                              ; CODE XREF: sub_16034+5B4↑j
.text:00000000000165EF                 mov     rcx, [rsp+1A8h+VirtualAddress] ; Object
.text:00000000000165F4                 call    cs:ObfDereferenceObject ; ntoskrnl
.text:00000000000165FA                 mov     r15, 0FFFFF00000000000h
.text:0000000000016604                 mov     r13, [rsp+1A8h+var_160]
.text:0000000000016609                 mov     r14, [rsp+1A8h+var_150]
.text:000000000001660E                 mov     rdi, [rsp+1A8h+var_148]
.text:0000000000016613
.text:0000000000016613 loc_16613:                              ; CODE XREF: sub_16034+2A2↑j
.text:0000000000016613                                         ; sub_16034:loc_165BC↑j
.text:0000000000016613                 add     r12, 4
.text:0000000000016617                 mov     [rsp+1A8h+var_170], r12
.text:000000000001661C                 jmp     loc_1619E
.text:0000000000016621 ; ---------------------------------------------------------------------------
.text:0000000000016621
.text:0000000000016621 loc_16621:                              ; CODE XREF: sub_16034+171↑j
.text:0000000000016621                 cmp     r14, rdi
.text:0000000000016624                 jz      short loc_16673
.text:0000000000016626                 call    cs:KeDetachProcess ; ntoskrnl
.text:000000000001662C                 cmp     cs:dword_1F128, ebx
.text:0000000000016632                 jz      short loc_16673
.text:0000000000016634                 lea     rcx, aGetfilehandles_10 ; "GetFileHandlesCount2(1178):"
.text:000000000001663B                 call    DbgPrint
.text:0000000000016640                 mov     rdx, rdi
.text:0000000000016643                 lea     rcx, aDetachedFromPi ; "Detached from PID[%8.8X] Process!\n"
.text:000000000001664A                 call    DbgPrint
.text:000000000001664F                 jmp     short loc_16673
.text:0000000000016651 ; ---------------------------------------------------------------------------
.text:0000000000016651
.text:0000000000016651 loc_16651:                              ; CODE XREF: sub_16034+F4↑j
.text:0000000000016651                 cmp     cs:dword_1F128, ebx
.text:0000000000016657                 jz      short loc_16673
.text:0000000000016659                 lea     rcx, aGetfilehandles_11 ; "GetFileHandlesCount2(1182):"
.text:0000000000016660                 call    DbgPrint
.text:0000000000016665                 mov     edx, esi
.text:0000000000016667                 lea     rcx, aPslookupproces ; "PsLookupProcessByProcessId Failed[%8.8X"...
.text:000000000001666E                 call    DbgPrint
.text:0000000000016673
.text:0000000000016673 loc_16673:                              ; CODE XREF: sub_16034+5F0↑j
.text:0000000000016673                                         ; sub_16034+5FE↑j ...
.text:0000000000016673                 cmp     cs:dword_1F128, ebx
.text:0000000000016679                 jz      short loc_16696
.text:000000000001667B                 lea     rcx, aGetfilehandles_12 ; "GetFileHandlesCount2(1184):"
.text:0000000000016682                 call    DbgPrint
.text:0000000000016687                 mov     rdx, r13
.text:000000000001668A                 lea     rcx, aTotalHandleD ; "Total Handle[%d]\n"
.text:0000000000016691                 call    DbgPrint
.text:0000000000016696
.text:0000000000016696 loc_16696:                              ; CODE XREF: sub_16034+645↑j
.text:0000000000016696                 mov     rax, r13
.text:0000000000016699
.text:0000000000016699 loc_16699:                              ; CODE XREF: sub_16034+A2↑j
.text:0000000000016699                 mov     rcx, [rsp+1A8h+var_38]
.text:00000000000166A1                 xor     rcx, rsp        ; StackCookie
.text:00000000000166A4                 call    __security_check_cookie
.text:00000000000166A9                 lea     r11, [rsp+1A8h+var_28]
.text:00000000000166B1                 mov     rbx, [r11+40h]
.text:00000000000166B5                 mov     rsi, [r11+48h]
.text:00000000000166B9                 mov     rsp, r11
.text:00000000000166BC                 pop     r15
.text:00000000000166BE                 pop     r14
.text:00000000000166C0                 pop     r13
.text:00000000000166C2                 pop     r12
.text:00000000000166C4                 pop     rdi
.text:00000000000166C5                 retn
.text:00000000000166C5 ; } // starts at 16034
.text:00000000000166C5 sub_16034       endp
.text:00000000000166C5
.text:00000000000166C5 ; ---------------------------------------------------------------------------
.text:00000000000166C6 byte_166C6      db 6 dup(0CCh)          ; DATA XREF: .pdata:000000000002015C↓o
.text:00000000000166CC
.text:00000000000166CC ; =============== S U B R O U T I N E =======================================
.text:00000000000166CC
.text:00000000000166CC
.text:00000000000166CC ; char __fastcall sub_166CC(__int64)
.text:00000000000166CC sub_166CC       proc near               ; CODE XREF: sub_16798+5C↓p
.text:00000000000166CC                                         ; sub_16A20+54↓p
.text:00000000000166CC                                         ; DATA XREF: ...
.text:00000000000166CC
.text:00000000000166CC arg_0           = qword ptr  8
.text:00000000000166CC arg_8           = qword ptr  10h
.text:00000000000166CC arg_10          = qword ptr  18h
.text:00000000000166CC
.text:00000000000166CC                 mov     [rsp+arg_0], rbx
.text:00000000000166D1                 mov     [rsp+arg_8], rbp
.text:00000000000166D6                 mov     [rsp+arg_10], rsi
.text:00000000000166DB                 push    rdi
.text:00000000000166DC                 sub     rsp, 20h
.text:00000000000166E0                 xor     edi, edi
.text:00000000000166E2                 mov     rsi, rcx
.text:00000000000166E5                 cmp     cs:qword_1F130, rdi
.text:00000000000166EC                 jz      loc_1677A
.text:00000000000166F2                 cmp     cs:qword_1F120, rdi
.text:00000000000166F9                 jz      short loc_1677A
.text:00000000000166FB                 call    cs:IoGetCurrentProcess ; ntoskrnl
.text:0000000000016701                 mov     rdx, cs:qword_1F130
.text:0000000000016708                 mov     rbp, [rdx+rax]
.text:000000000001670C                 mov     rbx, rax
.text:000000000001670F                 mov     rax, rbp
.text:0000000000016712                 cmp     rsi, rbp
.text:0000000000016715
.text:0000000000016715 loc_16715:                              ; CODE XREF: sub_166CC+A8↓j
.text:0000000000016715                 jz      short loc_16776
.text:0000000000016717                 cmp     edi, 1
.text:000000000001671A                 jl      short loc_16721
.text:000000000001671C                 cmp     rbp, rax
.text:000000000001671F                 jz      short loc_1677A
.text:0000000000016721
.text:0000000000016721 loc_16721:                              ; CODE XREF: sub_166CC+4E↑j
.text:0000000000016721                 mov     rax, cs:qword_1F120
.text:0000000000016728                 add     rbx, rax
.text:000000000001672B                 mov     rcx, rbx        ; VirtualAddress
.text:000000000001672E                 call    cs:MmIsAddressValid ; ntoskrnl
.text:0000000000016734                 test    al, al
.text:0000000000016736                 jz      short loc_1677A
.text:0000000000016738                 mov     rbx, [rbx]
.text:000000000001673B                 sub     rbx, cs:qword_1F120
.text:0000000000016742                 mov     rcx, rbx        ; VirtualAddress
.text:0000000000016745                 call    cs:MmIsAddressValid ; ntoskrnl
.text:000000000001674B                 test    al, al
.text:000000000001674D                 jz      short loc_1677A
.text:000000000001674F                 mov     rcx, cs:qword_1F130
.text:0000000000016756                 add     rcx, rbx        ; VirtualAddress
.text:0000000000016759                 call    cs:MmIsAddressValid ; ntoskrnl
.text:000000000001675F                 test    al, al
.text:0000000000016761                 jz      short loc_1677A
.text:0000000000016763                 mov     rax, cs:qword_1F130
.text:000000000001676A                 add     edi, 1
.text:000000000001676D                 movsxd  rax, dword ptr [rax+rbx]
.text:0000000000016771                 cmp     rsi, rax
.text:0000000000016774                 jmp     short loc_16715
.text:0000000000016776 ; ---------------------------------------------------------------------------
.text:0000000000016776
.text:0000000000016776 loc_16776:                              ; CODE XREF: sub_166CC:loc_16715↑j
.text:0000000000016776                 mov     al, 1
.text:0000000000016778                 jmp     short loc_1677C
.text:000000000001677A ; ---------------------------------------------------------------------------
.text:000000000001677A
.text:000000000001677A loc_1677A:                              ; CODE XREF: sub_166CC+20↑j
.text:000000000001677A                                         ; sub_166CC+2D↑j ...
.text:000000000001677A                 xor     al, al
.text:000000000001677C
.text:000000000001677C loc_1677C:                              ; CODE XREF: sub_166CC+AC↑j
.text:000000000001677C                 mov     rbx, [rsp+28h+arg_0]
.text:0000000000016781                 mov     rbp, [rsp+28h+arg_8]
.text:0000000000016786                 mov     rsi, [rsp+28h+arg_10]
.text:000000000001678B                 add     rsp, 20h
.text:000000000001678F                 pop     rdi
.text:0000000000016790                 retn
.text:0000000000016790 sub_166CC       endp
.text:0000000000016790
.text:0000000000016790 ; ---------------------------------------------------------------------------
.text:0000000000016791 algn_16791:                             ; DATA XREF: .pdata:0000000000020168↓o
.text:0000000000016791                 align 8
.text:0000000000016798
.text:0000000000016798 ; =============== S U B R O U T I N E =======================================
.text:0000000000016798
.text:0000000000016798
.text:0000000000016798 ; __int64 __fastcall sub_16798(__int64, void *)
.text:0000000000016798 sub_16798       proc near               ; CODE XREF: sub_13E80+10E↑p
.text:0000000000016798                                         ; DATA XREF: .pdata:0000000000020174↓o
.text:0000000000016798
.text:0000000000016798 arg_0           = qword ptr  8
.text:0000000000016798 arg_8           = qword ptr  10h
.text:0000000000016798 Process         = qword ptr  18h
.text:0000000000016798
.text:0000000000016798                 mov     [rsp+arg_0], rbx
.text:000000000001679D                 mov     [rsp+arg_8], rbp
.text:00000000000167A2                 push    rsi
.text:00000000000167A3                 push    rdi
.text:00000000000167A4                 push    r12
.text:00000000000167A6                 sub     rsp, 20h
.text:00000000000167AA                 cmp     cs:qword_1F130, 0
.text:00000000000167B2                 mov     rbx, rdx
.text:00000000000167B5                 mov     rsi, rcx
.text:00000000000167B8                 jz      short loc_1681E
.text:00000000000167BA                 cmp     cs:qword_1F120, 0
.text:00000000000167C2                 jz      short loc_1681E
.text:00000000000167C4                 cmp     cs:dword_1F128, 0
.text:00000000000167CB                 jz      short loc_167EB
.text:00000000000167CD                 lea     rcx, aUnhideproc1237 ; "UnhideProc(1237):"
.text:00000000000167D4                 call    DbgPrint
.text:00000000000167D9                 lea     rcx, aUnhideprocBegD ; "UnhideProc Beg-devExt[%8.8X] Pid[%8.8X]"...
.text:00000000000167E0                 mov     r8, rbx
.text:00000000000167E3                 mov     rdx, rsi
.text:00000000000167E6                 call    DbgPrint
.text:00000000000167EB
.text:00000000000167EB loc_167EB:                              ; CODE XREF: sub_16798+33↑j
.text:00000000000167EB                 cmp     rbx, 0FFFFFFFFFFFFFFFFh
.text:00000000000167EF                 jz      short loc_16836
.text:00000000000167F1                 mov     rcx, rbx
.text:00000000000167F4                 call    sub_166CC
.text:00000000000167F9                 test    al, al
.text:00000000000167FB                 jz      short loc_16836
.text:00000000000167FD                 cmp     cs:dword_1F128, 0
.text:0000000000016804                 jz      short loc_1681E
.text:0000000000016806                 lea     rcx, aUnhideproc1239 ; "UnhideProc(1239):"
.text:000000000001680D                 call    DbgPrint
.text:0000000000016812                 lea     rcx, aUnhideprocEndI ; "UnhideProc End- In ProcList already\n"
.text:0000000000016819
.text:0000000000016819 loc_16819:                              ; CODE XREF: sub_16798+172↓j
.text:0000000000016819                                         ; sub_16798+1F8↓j
.text:0000000000016819                 call    DbgPrint
.text:000000000001681E
.text:000000000001681E loc_1681E:                              ; CODE XREF: sub_16798+20↑j
.text:000000000001681E                                         ; sub_16798+2A↑j ...
.text:000000000001681E                 mov     eax, 0C0000001h
.text:0000000000016823
.text:0000000000016823 loc_16823:                              ; CODE XREF: sub_16798+27B↓j
.text:0000000000016823                 mov     rbx, [rsp+38h+arg_0]
.text:0000000000016828                 mov     rbp, [rsp+38h+arg_8]
.text:000000000001682D                 add     rsp, 20h
.text:0000000000016831                 pop     r12
.text:0000000000016833                 pop     rdi
.text:0000000000016834                 pop     rsi
.text:0000000000016835                 retn
.text:0000000000016836 ; ---------------------------------------------------------------------------
.text:0000000000016836
.text:0000000000016836 loc_16836:                              ; CODE XREF: sub_16798+57↑j
.text:0000000000016836                                         ; sub_16798+63↑j
.text:0000000000016836                 xor     edi, edi
.text:0000000000016838                 cmp     rbx, 0FFFFFFFFFFFFFFFFh
.text:000000000001683C                 jnz     loc_168CA
.text:0000000000016842                 mov     rbp, [rsi+192918h]
.text:0000000000016849                 call    cs:IoGetCurrentProcess ; ntoskrnl
.text:000000000001684F                 mov     [rsp+38h+Process], rax
.text:0000000000016854
.text:0000000000016854 loc_16854:                              ; CODE XREF: sub_16798+14C↓j
.text:0000000000016854                 cmp     cs:dword_1F128, 0
.text:000000000001685B                 jz      short loc_16880
.text:000000000001685D                 lea     rcx, aUnhideproc1258 ; "UnhideProc(1258):"
.text:0000000000016864                 call    DbgPrint
.text:0000000000016869                 mov     r8, [rsp+38h+Process]
.text:000000000001686E                 lea     rcx, aPid88xEprocess_0 ; "PID[%8.8X] eProcess[%8.8X] Sts[%8.8X]\n"
.text:0000000000016875                 mov     r9d, edi
.text:0000000000016878                 mov     rdx, rbx
.text:000000000001687B                 call    DbgPrint
.text:0000000000016880
.text:0000000000016880 loc_16880:                              ; CODE XREF: sub_16798+C3↑j
.text:0000000000016880                 cmp     rbx, 0FFFFFFFFFFFFFFFFh
.text:0000000000016884                 jz      loc_1690F
.text:000000000001688A                 mov     rcx, [rsi+192918h] ; Process
.text:0000000000016891                 call    cs:KeAttachProcess ; ntoskrnl
.text:0000000000016897                 cmp     cs:dword_1F128, 0
.text:000000000001689E                 jz      short loc_168BB
.text:00000000000168A0                 lea     rcx, aUnhideproc1262 ; "UnhideProc(1262):"
.text:00000000000168A7                 call    DbgPrint
.text:00000000000168AC                 lea     rcx, aAttachedToPid8 ; "Attached to PID[%8.8X] Process!\n"
.text:00000000000168B3                 mov     rdx, rbx
.text:00000000000168B6                 call    DbgPrint
.text:00000000000168BB
.text:00000000000168BB loc_168BB:                              ; CODE XREF: sub_16798+106↑j
.text:00000000000168BB                 mov     rsi, cr8
.text:00000000000168BF                 mov     eax, 2
.text:00000000000168C4                 mov     cr8, rax
.text:00000000000168C8                 jmp     short loc_16914
.text:00000000000168CA ; ---------------------------------------------------------------------------
.text:00000000000168CA
.text:00000000000168CA loc_168CA:                              ; CODE XREF: sub_16798+A4↑j
.text:00000000000168CA                 call    cs:IoGetCurrentProcess ; ntoskrnl
.text:00000000000168D0                 lea     rdx, [rsp+38h+Process] ; Process
.text:00000000000168D5                 mov     rcx, rbx        ; ProcessId
.text:00000000000168D8                 mov     rbp, rax
.text:00000000000168DB                 call    PsLookupProcessByProcessId
.text:00000000000168E0                 test    eax, eax
.text:00000000000168E2                 mov     edi, eax
.text:00000000000168E4                 jns     loc_16854
.text:00000000000168EA                 cmp     cs:dword_1F128, 0
.text:00000000000168F1                 jz      loc_1681E
.text:00000000000168F7                 lea     rcx, aUnhideproc1254 ; "UnhideProc(1254):"
.text:00000000000168FE                 call    DbgPrint
.text:0000000000016903                 lea     rcx, aUnhideprocEndI_0 ; "UnhideProc End- Invalid PID\n"
.text:000000000001690A                 jmp     loc_16819
.text:000000000001690F ; ---------------------------------------------------------------------------
.text:000000000001690F
.text:000000000001690F loc_1690F:                              ; CODE XREF: sub_16798+EC↑j
.text:000000000001690F                 mov     sil, byte ptr [rsp+38h+Process]
.text:0000000000016914
.text:0000000000016914 loc_16914:                              ; CODE XREF: sub_16798+130↑j
.text:0000000000016914                 mov     rcx, cs:qword_1F120
.text:000000000001691B                 mov     rax, [rsp+38h+Process]
.text:0000000000016920                 add     rbp, rcx
.text:0000000000016923                 lea     r12, [rcx+rax]
.text:0000000000016927                 mov     rcx, rbp        ; VirtualAddress
.text:000000000001692A                 call    cs:MmIsAddressValid ; ntoskrnl
.text:0000000000016930                 test    al, al
.text:0000000000016932                 jnz     short loc_16995
.text:0000000000016934                 cmp     rbx, 0FFFFFFFFFFFFFFFFh
.text:0000000000016938                 jz      short loc_16970
.text:000000000001693A                 movzx   eax, sil
.text:000000000001693E                 mov     cr8, rax
.text:0000000000016942                 call    cs:KeDetachProcess ; ntoskrnl
.text:0000000000016948                 cmp     cs:dword_1F128, 0
.text:000000000001694F                 jz      loc_1681E
.text:0000000000016955                 lea     rcx, aUnhideproc1278 ; "UnhideProc(1278):"
.text:000000000001695C                 call    DbgPrint
.text:0000000000016961                 lea     rcx, aDetachedFromPi ; "Detached from PID[%8.8X] Process!\n"
.text:0000000000016968                 mov     rdx, rbx
.text:000000000001696B                 call    DbgPrint
.text:0000000000016970
.text:0000000000016970 loc_16970:                              ; CODE XREF: sub_16798+1A0↑j
.text:0000000000016970                 cmp     cs:dword_1F128, 0
.text:0000000000016977                 jz      loc_1681E
.text:000000000001697D                 lea     rcx, aUnhideproc1280 ; "UnhideProc(1280):"
.text:0000000000016984                 call    DbgPrint
.text:0000000000016989                 lea     rcx, aUnhideprocEndF ; "UnhideProc End-Failed!\n"
.text:0000000000016990                 jmp     loc_16819
.text:0000000000016995 ; ---------------------------------------------------------------------------
.text:0000000000016995
.text:0000000000016995 loc_16995:                              ; CODE XREF: sub_16798+19A↑j
.text:0000000000016995                 cmp     rbx, 0FFFFFFFFFFFFFFFFh
.text:0000000000016999                 mov     rax, [rbp+0]
.text:000000000001699D                 mov     [r12], rax
.text:00000000000169A1                 mov     rax, [rbp+0]
.text:00000000000169A5                 mov     rcx, [rax+8]
.text:00000000000169A9                 mov     [r12+8], rcx
.text:00000000000169AE                 mov     rax, [rbp+0]
.text:00000000000169B2                 mov     [rax+8], r12
.text:00000000000169B6                 mov     [rbp+0], r12
.text:00000000000169BA                 jz      short loc_169EE
.text:00000000000169BC                 movzx   eax, sil
.text:00000000000169C0                 mov     cr8, rax
.text:00000000000169C4                 call    cs:KeDetachProcess ; ntoskrnl
.text:00000000000169CA                 cmp     cs:dword_1F128, 0
.text:00000000000169D1                 jz      short loc_16A11
.text:00000000000169D3                 lea     rcx, aUnhideproc1291 ; "UnhideProc(1291):"
.text:00000000000169DA                 call    DbgPrint
.text:00000000000169DF                 lea     rcx, aDetachedFromPi ; "Detached from PID[%8.8X] Process!\n"
.text:00000000000169E6                 mov     rdx, rbx
.text:00000000000169E9                 call    DbgPrint
.text:00000000000169EE
.text:00000000000169EE loc_169EE:                              ; CODE XREF: sub_16798+222↑j
.text:00000000000169EE                 cmp     cs:dword_1F128, 0
.text:00000000000169F5                 jz      short loc_16A11
.text:00000000000169F7                 lea     rcx, aUnhideproc1293 ; "UnhideProc(1293):"
.text:00000000000169FE                 call    DbgPrint
.text:0000000000016A03                 lea     rcx, aUnhideprocEnd8 ; "UnhideProc End-[%8.8X]\n"
.text:0000000000016A0A                 mov     edx, edi
.text:0000000000016A0C                 call    DbgPrint
.text:0000000000016A11
.text:0000000000016A11 loc_16A11:                              ; CODE XREF: sub_16798+239↑j
.text:0000000000016A11                                         ; sub_16798+25D↑j
.text:0000000000016A11                 mov     eax, edi
.text:0000000000016A13                 jmp     loc_16823
.text:0000000000016A13 sub_16798       endp
.text:0000000000016A13
.text:0000000000016A13 ; ---------------------------------------------------------------------------
.text:0000000000016A18 algn_16A18:                             ; DATA XREF: .pdata:0000000000020174↓o
.text:0000000000016A18                 align 20h
.text:0000000000016A20
.text:0000000000016A20 ; =============== S U B R O U T I N E =======================================
.text:0000000000016A20
.text:0000000000016A20
.text:0000000000016A20 ; __int64 __fastcall sub_16A20(int, void *)
.text:0000000000016A20 sub_16A20       proc near               ; CODE XREF: sub_13E80+704↑p
.text:0000000000016A20                                         ; DATA XREF: .pdata:0000000000020180↓o
.text:0000000000016A20
.text:0000000000016A20 arg_0           = qword ptr  8
.text:0000000000016A20 Process         = qword ptr  18h
.text:0000000000016A20
.text:0000000000016A20                 mov     [rsp+arg_0], rbx
.text:0000000000016A25                 push    rdi
.text:0000000000016A26                 sub     rsp, 20h
.text:0000000000016A2A                 cmp     cs:dword_1F128, 0
.text:0000000000016A31                 mov     rbx, rdx
.text:0000000000016A34                 mov     rdi, rcx
.text:0000000000016A37                 jz      short loc_16A57
.text:0000000000016A39                 lea     rcx, aHideproc1305 ; "HideProc(1305):"
.text:0000000000016A40                 call    DbgPrint
.text:0000000000016A45                 lea     rcx, aHideprocBegDev ; "HideProc Beg-devExt[%8.8X] Pid[%8.8X]\n"
.text:0000000000016A4C                 mov     r8, rbx
.text:0000000000016A4F                 mov     rdx, rdi
.text:0000000000016A52                 call    DbgPrint
.text:0000000000016A57
.text:0000000000016A57 loc_16A57:                              ; CODE XREF: sub_16A20+17↑j
.text:0000000000016A57                 cmp     cs:qword_1F130, 0
.text:0000000000016A5F                 jz      short loc_16A9E
.text:0000000000016A61                 cmp     cs:qword_1F120, 0
.text:0000000000016A69                 jz      short loc_16A9E
.text:0000000000016A6B                 cmp     rbx, 0FFFFFFFFFFFFFFFFh
.text:0000000000016A6F                 jz      short loc_16AAE
.text:0000000000016A71                 mov     rcx, rbx
.text:0000000000016A74                 call    sub_166CC
.text:0000000000016A79                 test    al, al
.text:0000000000016A7B                 jnz     short loc_16AAE
.text:0000000000016A7D                 cmp     cs:dword_1F128, 0
.text:0000000000016A84                 jz      short loc_16A9E
.text:0000000000016A86                 lea     rcx, aHideproc1311 ; "HideProc(1311):"
.text:0000000000016A8D                 call    DbgPrint
.text:0000000000016A92                 lea     rcx, aHideprocEndNot ; "HideProc End- Not In ProcList yet!\n"
.text:0000000000016A99
.text:0000000000016A99 loc_16A99:                              ; CODE XREF: sub_16A20+105↓j
.text:0000000000016A99                                         ; sub_16A20+13D↓j
.text:0000000000016A99                 call    DbgPrint
.text:0000000000016A9E
.text:0000000000016A9E loc_16A9E:                              ; CODE XREF: sub_16A20+3F↑j
.text:0000000000016A9E                                         ; sub_16A20+49↑j ...
.text:0000000000016A9E                 mov     eax, 0C0000001h
.text:0000000000016AA3
.text:0000000000016AA3 loc_16AA3:                              ; CODE XREF: sub_16A20+17C↓j
.text:0000000000016AA3                 mov     rbx, [rsp+28h+arg_0]
.text:0000000000016AA8                 add     rsp, 20h
.text:0000000000016AAC                 pop     rdi
.text:0000000000016AAD                 retn
.text:0000000000016AAE ; ---------------------------------------------------------------------------
.text:0000000000016AAE
.text:0000000000016AAE loc_16AAE:                              ; CODE XREF: sub_16A20+4F↑j
.text:0000000000016AAE                                         ; sub_16A20+5B↑j
.text:0000000000016AAE                 xor     edi, edi
.text:0000000000016AB0                 cmp     rbx, 0FFFFFFFFFFFFFFFFh
.text:0000000000016AB4                 jnz     short loc_16B2A
.text:0000000000016AB6                 call    cs:IoGetCurrentProcess ; ntoskrnl
.text:0000000000016ABC                 mov     [rsp+28h+Process], rax
.text:0000000000016AC1
.text:0000000000016AC1 loc_16AC1:                              ; CODE XREF: sub_16A20+11B↓j
.text:0000000000016AC1                 cmp     cs:dword_1F128, 0
.text:0000000000016AC8                 jz      short loc_16AED
.text:0000000000016ACA                 lea     rcx, aHideproc1325 ; "HideProc(1325):"
.text:0000000000016AD1                 call    DbgPrint
.text:0000000000016AD6                 mov     r8, [rsp+28h+Process]
.text:0000000000016ADB                 lea     rcx, aPid88xEprocess_0 ; "PID[%8.8X] eProcess[%8.8X] Sts[%8.8X]\n"
.text:0000000000016AE2                 mov     r9d, edi
.text:0000000000016AE5                 mov     rdx, rbx
.text:0000000000016AE8                 call    DbgPrint
.text:0000000000016AED
.text:0000000000016AED loc_16AED:                              ; CODE XREF: sub_16A20+A8↑j
.text:0000000000016AED                 mov     rcx, [rsp+28h+Process]
.text:0000000000016AF2                 mov     rbx, cs:qword_1F120
.text:0000000000016AF9                 add     rbx, rcx
.text:0000000000016AFC                 mov     rcx, rbx        ; VirtualAddress
.text:0000000000016AFF                 call    cs:MmIsAddressValid ; ntoskrnl
.text:0000000000016B05                 test    al, al
.text:0000000000016B07                 jnz     short loc_16B62
.text:0000000000016B09                 cmp     cs:dword_1F128, 0
.text:0000000000016B10                 jz      short loc_16A9E
.text:0000000000016B12                 lea     rcx, aHideproc1332 ; "HideProc(1332):"
.text:0000000000016B19                 call    DbgPrint
.text:0000000000016B1E                 lea     rcx, aHideprocEndFai ; "HideProc End-Failed!\n"
.text:0000000000016B25                 jmp     loc_16A99
.text:0000000000016B2A ; ---------------------------------------------------------------------------
.text:0000000000016B2A
.text:0000000000016B2A loc_16B2A:                              ; CODE XREF: sub_16A20+94↑j
.text:0000000000016B2A                 lea     rdx, [rsp+28h+Process] ; Process
.text:0000000000016B2F                 mov     rcx, rbx        ; ProcessId
.text:0000000000016B32                 call    PsLookupProcessByProcessId
.text:0000000000016B37                 test    eax, eax
.text:0000000000016B39                 mov     edi, eax
.text:0000000000016B3B                 jns     short loc_16AC1
.text:0000000000016B3D                 cmp     cs:dword_1F128, 0
.text:0000000000016B44                 jz      loc_16A9E
.text:0000000000016B4A                 lea     rcx, aHideproc1322 ; "HideProc(1322):"
.text:0000000000016B51                 call    DbgPrint
.text:0000000000016B56                 lea     rcx, aHideprocEndInv ; "HideProc End- Invalid PID\n"
.text:0000000000016B5D                 jmp     loc_16A99
.text:0000000000016B62 ; ---------------------------------------------------------------------------
.text:0000000000016B62
.text:0000000000016B62 loc_16B62:                              ; CODE XREF: sub_16A20+E7↑j
.text:0000000000016B62                 mov     rcx, [rbx+8]
.text:0000000000016B66                 mov     rax, [rbx]
.text:0000000000016B69                 mov     [rcx], rax
.text:0000000000016B6C                 mov     rcx, [rbx]
.text:0000000000016B6F                 mov     rax, [rbx+8]
.text:0000000000016B73                 mov     [rcx+8], rax
.text:0000000000016B77                 cmp     cs:dword_1F128, 0
.text:0000000000016B7E                 jz      short loc_16B9A
.text:0000000000016B80                 lea     rcx, aHideproc1339 ; "HideProc(1339):"
.text:0000000000016B87                 call    DbgPrint
.text:0000000000016B8C                 lea     rcx, aHideprocEnd88x ; "HideProc End-[%8.8X]\n"
.text:0000000000016B93                 mov     edx, edi
.text:0000000000016B95                 call    DbgPrint
.text:0000000000016B9A
.text:0000000000016B9A loc_16B9A:                              ; CODE XREF: sub_16A20+15E↑j
.text:0000000000016B9A                 mov     eax, edi
.text:0000000000016B9C                 jmp     loc_16AA3
.text:0000000000016B9C sub_16A20       endp
.text:0000000000016B9C
.text:0000000000016B9C ; ---------------------------------------------------------------------------
.text:0000000000016BA1 algn_16BA1:                             ; DATA XREF: .pdata:0000000000020180↓o
.text:0000000000016BA1                 align 8
.text:0000000000016BA8
.text:0000000000016BA8 ; =============== S U B R O U T I N E =======================================
.text:0000000000016BA8
.text:0000000000016BA8
.text:0000000000016BA8 ; __int64 __fastcall sub_16BA8(__int64, void *)
.text:0000000000016BA8 sub_16BA8       proc near               ; CODE XREF: sub_13E80+4B0↑p
.text:0000000000016BA8                                         ; DATA XREF: .pdata:000000000002018C↓o
.text:0000000000016BA8
.text:0000000000016BA8 ClientId        = _CLIENT_ID ptr -48h
.text:0000000000016BA8 ObjectAttributes= _OBJECT_ATTRIBUTES ptr -38h
.text:0000000000016BA8 var_8           = byte ptr -8
.text:0000000000016BA8 ProcessHandle   = qword ptr  8
.text:0000000000016BA8 arg_8           = qword ptr  10h
.text:0000000000016BA8 arg_10          = qword ptr  18h
.text:0000000000016BA8
.text:0000000000016BA8                 mov     [rsp+arg_8], rbx
.text:0000000000016BAD                 mov     [rsp+arg_10], rsi
.text:0000000000016BB2                 push    rdi
.text:0000000000016BB3                 sub     rsp, 60h
.text:0000000000016BB7                 xor     esi, esi
.text:0000000000016BB9                 mov     rbx, rdx
.text:0000000000016BBC                 mov     rdi, rcx
.text:0000000000016BBF                 cmp     cs:dword_1F128, esi
.text:0000000000016BC5                 jz      short loc_16BE5
.text:0000000000016BC7                 lea     rcx, aKillproc1351 ; "KillProc(1351):"
.text:0000000000016BCE                 call    DbgPrint
.text:0000000000016BD3                 lea     rcx, aKillprocBegDev ; "KillProc Beg-devExt[%8.8X] Pid[%8.8X]\n"
.text:0000000000016BDA                 mov     r8, rbx
.text:0000000000016BDD                 mov     rdx, rdi
.text:0000000000016BE0                 call    DbgPrint
.text:0000000000016BE5
.text:0000000000016BE5 loc_16BE5:                              ; CODE XREF: sub_16BA8+1D↑j
.text:0000000000016BE5                 mov     rcx, [rdi+192918h] ; Process
.text:0000000000016BEC                 call    cs:KeAttachProcess ; ntoskrnl
.text:0000000000016BF2                 cmp     cs:dword_1F128, esi
.text:0000000000016BF8                 jz      short loc_16C15
.text:0000000000016BFA                 lea     rcx, aKillproc1353 ; "KillProc(1353):"
.text:0000000000016C01                 call    DbgPrint
.text:0000000000016C06                 lea     rcx, aAttachedToPid8 ; "Attached to PID[%8.8X] Process!\n"
.text:0000000000016C0D                 mov     rdx, rbx
.text:0000000000016C10                 call    DbgPrint
.text:0000000000016C15
.text:0000000000016C15 loc_16C15:                              ; CODE XREF: sub_16BA8+50↑j
.text:0000000000016C15                 lea     r9, [rsp+68h+ClientId] ; ClientId
.text:0000000000016C1A                 lea     r8, [rsp+68h+ObjectAttributes] ; ObjectAttributes
.text:0000000000016C1F                 lea     rcx, [rsp+68h+ProcessHandle] ; ProcessHandle
.text:0000000000016C24                 mov     edx, 40h ; '@'  ; DesiredAccess
.text:0000000000016C29                 mov     [rsp+68h+ClientId.UniqueProcess], rbx
.text:0000000000016C2E                 mov     [rsp+68h+ClientId.UniqueThread], rsi
.text:0000000000016C33                 mov     [rsp+68h+ObjectAttributes.Length], 18h
.text:0000000000016C3B                 mov     [rsp+68h+ObjectAttributes.RootDirectory], rsi
.text:0000000000016C40                 mov     [rsp+68h+ObjectAttributes.Attributes], esi
.text:0000000000016C44                 mov     [rsp+68h+ObjectAttributes.ObjectName], rsi
.text:0000000000016C49                 mov     [rsp+68h+ObjectAttributes.SecurityDescriptor], rsi
.text:0000000000016C4E                 mov     [rsp+68h+ObjectAttributes.SecurityQualityOfService], rsi
.text:0000000000016C53                 call    cs:ZwOpenProcess ; ntoskrnl
.text:0000000000016C59                 cmp     eax, esi
.text:0000000000016C5B                 mov     edi, eax
.text:0000000000016C5D                 jl      short loc_16CBF
.text:0000000000016C5F                 mov     rcx, [rsp+68h+ProcessHandle] ; ProcessHandle
.text:0000000000016C64                 xor     edx, edx        ; ExitStatus
.text:0000000000016C66                 call    cs:ZwTerminateProcess ; ntoskrnl
.text:0000000000016C6C                 cmp     eax, esi
.text:0000000000016C6E                 mov     edi, eax
.text:0000000000016C70                 jl      short loc_16C8F
.text:0000000000016C72                 cmp     cs:dword_1F128, esi
.text:0000000000016C78                 jz      short loc_16CB2
.text:0000000000016C7A                 lea     rcx, aKillproc1366 ; "KillProc(1366):"
.text:0000000000016C81                 call    DbgPrint
.text:0000000000016C86                 lea     rcx, aTerminateproce ; "TerminateProcess OK on Pid[%8.8X]\n"
.text:0000000000016C8D                 jmp     short loc_16CAA
.text:0000000000016C8F ; ---------------------------------------------------------------------------
.text:0000000000016C8F
.text:0000000000016C8F loc_16C8F:                              ; CODE XREF: sub_16BA8+C8↑j
.text:0000000000016C8F                 cmp     cs:dword_1F128, esi
.text:0000000000016C95                 jz      short loc_16CB2
.text:0000000000016C97                 lea     rcx, aKillproc1369 ; "KillProc(1369):"
.text:0000000000016C9E                 call    DbgPrint
.text:0000000000016CA3                 lea     rcx, aTerminateproce_0 ; "TerminateProcess Failed on Pid[%8.8X]\n"
.text:0000000000016CAA
.text:0000000000016CAA loc_16CAA:                              ; CODE XREF: sub_16BA8+E5↑j
.text:0000000000016CAA                 mov     rdx, rbx
.text:0000000000016CAD                 call    DbgPrint
.text:0000000000016CB2
.text:0000000000016CB2 loc_16CB2:                              ; CODE XREF: sub_16BA8+D0↑j
.text:0000000000016CB2                                         ; sub_16BA8+ED↑j
.text:0000000000016CB2                 mov     rcx, [rsp+68h+ProcessHandle] ; Handle
.text:0000000000016CB7                 call    cs:ZwClose      ; ntoskrnl
.text:0000000000016CBD                 jmp     short loc_16CE2
.text:0000000000016CBF ; ---------------------------------------------------------------------------
.text:0000000000016CBF
.text:0000000000016CBF loc_16CBF:                              ; CODE XREF: sub_16BA8+B5↑j
.text:0000000000016CBF                 cmp     cs:dword_1F128, esi
.text:0000000000016CC5                 jz      short loc_16CE2
.text:0000000000016CC7                 lea     rcx, aKillproc1374 ; "KillProc(1374):"
.text:0000000000016CCE                 call    DbgPrint
.text:0000000000016CD3                 lea     rcx, aOpenprocessFai ; "OpenProcess Failed on Pid[%8.8X]\n"
.text:0000000000016CDA                 mov     rdx, rbx
.text:0000000000016CDD                 call    DbgPrint
.text:0000000000016CE2
.text:0000000000016CE2 loc_16CE2:                              ; CODE XREF: sub_16BA8+115↑j
.text:0000000000016CE2                                         ; sub_16BA8+11D↑j
.text:0000000000016CE2                 call    cs:KeDetachProcess ; ntoskrnl
.text:0000000000016CE8                 cmp     cs:dword_1F128, esi
.text:0000000000016CEE                 jz      short loc_16D2D
.text:0000000000016CF0                 lea     rcx, aKillproc1377 ; "KillProc(1377):"
.text:0000000000016CF7                 call    DbgPrint
.text:0000000000016CFC                 lea     rcx, aDetachedFromPi ; "Detached from PID[%8.8X] Process!\n"
.text:0000000000016D03                 mov     rdx, rbx
.text:0000000000016D06                 call    DbgPrint
.text:0000000000016D0B                 cmp     cs:dword_1F128, esi
.text:0000000000016D11                 jz      short loc_16D2D
.text:0000000000016D13                 lea     rcx, aKillproc1379 ; "KillProc(1379):"
.text:0000000000016D1A                 call    DbgPrint
.text:0000000000016D1F                 lea     rcx, aKillprocEnd88x ; "KillProc End-[%8.8X]\n"
.text:0000000000016D26                 mov     edx, edi
.text:0000000000016D28                 call    DbgPrint
.text:0000000000016D2D
.text:0000000000016D2D loc_16D2D:                              ; CODE XREF: sub_16BA8+146↑j
.text:0000000000016D2D                                         ; sub_16BA8+169↑j
.text:0000000000016D2D                 lea     r11, [rsp+68h+var_8]
.text:0000000000016D32                 mov     eax, edi
.text:0000000000016D34                 mov     rbx, [r11+18h]
.text:0000000000016D38                 mov     rsi, [r11+20h]
.text:0000000000016D3C                 mov     rsp, r11
.text:0000000000016D3F                 pop     rdi
.text:0000000000016D40                 retn
.text:0000000000016D40 sub_16BA8       endp
.text:0000000000016D40
.text:0000000000016D40 ; ---------------------------------------------------------------------------
.text:0000000000016D41 algn_16D41:                             ; DATA XREF: .pdata:000000000002018C↓o
.text:0000000000016D41                 align 8
.text:0000000000016D48
.text:0000000000016D48 ; =============== S U B R O U T I N E =======================================
.text:0000000000016D48
.text:0000000000016D48
.text:0000000000016D48 ; char __fastcall sub_16D48(__int64, struct _KPROCESS *, void *, size_t, void *Dst)
.text:0000000000016D48 sub_16D48       proc near               ; CODE XREF: sub_13E80+620↑p
.text:0000000000016D48                                         ; DATA XREF: .pdata:0000000000020198↓o
.text:0000000000016D48
.text:0000000000016D48 var_48          = byte ptr -48h
.text:0000000000016D48 Process         = qword ptr -40h
.text:0000000000016D48 var_38          = qword ptr -38h
.text:0000000000016D48 arg_0           = qword ptr  8
.text:0000000000016D48 arg_8           = qword ptr  10h
.text:0000000000016D48 arg_10          = qword ptr  18h
.text:0000000000016D48 Dst             = qword ptr  28h
.text:0000000000016D48
.text:0000000000016D48 ; FUNCTION CHUNK AT .text:0000000000016F88 SIZE 00000018 BYTES
.text:0000000000016D48
.text:0000000000016D48 ; __unwind { // __C_specific_handler
.text:0000000000016D48                 mov     rax, rsp
.text:0000000000016D4B                 mov     [rax+8], rsi
.text:0000000000016D4F                 mov     [rax+18h], r8
.text:0000000000016D53                 mov     [rax+10h], rdx
.text:0000000000016D57                 push    rdi
.text:0000000000016D58                 push    r12
.text:0000000000016D5A                 push    r13
.text:0000000000016D5C                 push    r14
.text:0000000000016D5E                 push    r15
.text:0000000000016D60                 sub     rsp, 40h
.text:0000000000016D64                 mov     r15, r9
.text:0000000000016D67                 mov     r14, r8
.text:0000000000016D6A                 mov     rdi, rdx
.text:0000000000016D6D                 xor     sil, sil
.text:0000000000016D70                 mov     [rax-48h], sil
.text:0000000000016D74                 cmp     cs:dword_1F128, 0
.text:0000000000016D7B                 jz      short loc_16D95
.text:0000000000016D7D                 lea     rcx, aGetpidmemory13 ; "GetPidMemory(1393):"
.text:0000000000016D84                 call    DbgPrint
.text:0000000000016D89                 lea     rcx, aGetpidmemoryBe ; "GetPidMemory Beg\n"
.text:0000000000016D90                 call    DbgPrint
.text:0000000000016D95
.text:0000000000016D95 loc_16D95:                              ; CODE XREF: sub_16D48+33↑j
.text:0000000000016D95                 call    cs:IoGetCurrentProcess ; ntoskrnl
.text:0000000000016D9B                 mov     rcx, cs:qword_1F130
.text:0000000000016DA2                 mov     r12, [rcx+rax]
.text:0000000000016DA6                 mov     [rsp+68h+var_38], r12
.text:0000000000016DAB                 cmp     r12, rdi
.text:0000000000016DAE                 jnz     short loc_16DE9
.text:0000000000016DB0                 xor     r13d, r13d
.text:0000000000016DB3                 call    cs:IoGetCurrentProcess ; ntoskrnl
.text:0000000000016DB9                 mov     [rsp+68h+Process], rax
.text:0000000000016DBE                 cmp     cs:dword_1F128, r13d
.text:0000000000016DC5                 jz      short loc_16E25
.text:0000000000016DC7                 lea     rcx, aGetpidmemory14 ; "GetPidMemory(1402):"
.text:0000000000016DCE                 call    DbgPrint
.text:0000000000016DD3                 mov     r8, [rsp+68h+Process]
.text:0000000000016DD8                 mov     rdx, rdi
.text:0000000000016DDB                 lea     rcx, aGetpidmemoryPi ; "GetPidMemory==PID[%8.8X] eProcess[%8.8X"...
.text:0000000000016DE2                 call    DbgPrint
.text:0000000000016DE7                 jmp     short loc_16E25
.text:0000000000016DE9 ; ---------------------------------------------------------------------------
.text:0000000000016DE9
.text:0000000000016DE9 loc_16DE9:                              ; CODE XREF: sub_16D48+66↑j
.text:0000000000016DE9                 lea     rdx, [rsp+68h+Process] ; Process
.text:0000000000016DEE                 mov     rcx, rdi        ; ProcessId
.text:0000000000016DF1                 call    PsLookupProcessByProcessId
.text:0000000000016DF6                 mov     r13d, eax
.text:0000000000016DF9                 cmp     cs:dword_1F128, 0
.text:0000000000016E00                 jz      short loc_16E25
.text:0000000000016E02                 lea     rcx, aGetpidmemory14_0 ; "GetPidMemory(1406):"
.text:0000000000016E09                 call    DbgPrint
.text:0000000000016E0E                 mov     r9d, r13d
.text:0000000000016E11                 mov     r8, [rsp+68h+Process]
.text:0000000000016E16                 mov     rdx, rdi
.text:0000000000016E19                 lea     rcx, aGetpidmemoryPi_0 ; "GetPidMemory==PID[%8.8X] eProcess[%8.8X"...
.text:0000000000016E20                 call    DbgPrint
.text:0000000000016E25
.text:0000000000016E25 loc_16E25:                              ; CODE XREF: sub_16D48+7D↑j
.text:0000000000016E25                                         ; sub_16D48+9F↑j ...
.text:0000000000016E25                 test    r13d, r13d
.text:0000000000016E28                 js      loc_16F46
.text:0000000000016E2E                 cmp     cs:dword_1F128, 0
.text:0000000000016E35                 jz      short loc_16E57
.text:0000000000016E37                 lea     rcx, aGetpidmemory14_1 ; "GetPidMemory(1410):"
.text:0000000000016E3E                 call    DbgPrint
.text:0000000000016E43                 mov     r8, [rsp+68h+Process]
.text:0000000000016E48                 mov     rdx, rdi
.text:0000000000016E4B                 lea     rcx, aPid88xEprocess ; "PID[%8.8X] eProcess[%8.8X]\n"
.text:0000000000016E52                 call    DbgPrint
.text:0000000000016E57
.text:0000000000016E57 loc_16E57:                              ; CODE XREF: sub_16D48+ED↑j
.text:0000000000016E57                 cmp     r12, rdi
.text:0000000000016E5A                 jz      short loc_16E8B
.text:0000000000016E5C                 mov     rcx, [rsp+68h+Process] ; Process
.text:0000000000016E61                 call    cs:KeAttachProcess ; ntoskrnl
.text:0000000000016E67                 cmp     cs:dword_1F128, 0
.text:0000000000016E6E                 jz      short loc_16E8B
.text:0000000000016E70                 lea     rcx, aGetpidmemory14_2 ; "GetPidMemory(1413):"
.text:0000000000016E77                 call    DbgPrint
.text:0000000000016E7C                 mov     rdx, rdi
.text:0000000000016E7F                 lea     rcx, aAttachedToPid8 ; "Attached to PID[%8.8X] Process!\n"
.text:0000000000016E86                 call    DbgPrint
.text:0000000000016E8B
.text:0000000000016E8B loc_16E8B:                              ; CODE XREF: sub_16D48+112↑j
.text:0000000000016E8B                                         ; sub_16D48+126↑j
.text:0000000000016E8B                 mov     rdx, r15
.text:0000000000016E8E                 mov     rcx, r14        ; VirtualAddress
.text:0000000000016E91                 call    sub_15A34
.text:0000000000016E96                 test    al, al
.text:0000000000016E98                 jz      short loc_16EF3
.text:0000000000016E9A
.text:0000000000016E9A loc_16E9A:                              ; DATA XREF: .rdata:000000000001E4F0↓o
.text:0000000000016E9A ;   __try { // __except at loc_16EB9    ; MaxCount
.text:0000000000016E9A                 mov     r8, r15
.text:0000000000016E9D                 mov     rdx, r14        ; Src
.text:0000000000016EA0                 mov     rcx, [rsp+68h+Dst] ; Dst
.text:0000000000016EA8                 call    memmove
.text:0000000000016EAD                 mov     esi, 1
.text:0000000000016EB2                 mov     [rsp+68h+var_48], sil
.text:0000000000016EB7                 jmp     short loc_16EF1
.text:0000000000016EB7 ;   } // starts at 16E9A
.text:0000000000016EB9 ; ---------------------------------------------------------------------------
.text:0000000000016EB9
.text:0000000000016EB9 loc_16EB9:                              ; DATA XREF: .rdata:000000000001E4F0↓o
.text:0000000000016EB9 ;   __except(loc_16F88) // owned by 16E9A
.text:0000000000016EB9                 cmp     cs:dword_1F128, 0
.text:0000000000016EC0                 jz      short loc_16EE2
.text:0000000000016EC2                 lea     rcx, aGetpidmemory14_6 ; "GetPidMemory(1421):"
.text:0000000000016EC9                 call    DbgPrint
.text:0000000000016ECE                 mov     rdx, [rsp+68h+arg_10]
.text:0000000000016ED6                 lea     rcx, aProcmemory88xI_0 ; "ProcMemory[%8.8X] is Partial Invalid!\n"
.text:0000000000016EDD                 call    DbgPrint
.text:0000000000016EE2
.text:0000000000016EE2 loc_16EE2:                              ; CODE XREF: sub_16D48+178↑j
.text:0000000000016EE2                 mov     rdi, [rsp+68h+arg_8]
.text:0000000000016EE7                 mov     sil, [rsp+68h+var_48]
.text:0000000000016EEC                 mov     r12, [rsp+68h+var_38]
.text:0000000000016EF1
.text:0000000000016EF1 loc_16EF1:                              ; CODE XREF: sub_16D48+16F↑j
.text:0000000000016EF1                 jmp     short loc_16F17
.text:0000000000016EF3 ; ---------------------------------------------------------------------------
.text:0000000000016EF3
.text:0000000000016EF3 loc_16EF3:                              ; CODE XREF: sub_16D48+150↑j
.text:0000000000016EF3                 cmp     cs:dword_1F128, 0
.text:0000000000016EFA                 jz      short loc_16F17
.text:0000000000016EFC                 lea     rcx, aGetpidmemory14_3 ; "GetPidMemory(1425):"
.text:0000000000016F03                 call    DbgPrint
.text:0000000000016F08                 mov     rdx, r14
.text:0000000000016F0B                 lea     rcx, aProcmemory88xI ; "ProcMemory[%8.8X] is Invalid!\n"
.text:0000000000016F12                 call    DbgPrint
.text:0000000000016F17
.text:0000000000016F17 loc_16F17:                              ; CODE XREF: sub_16D48:loc_16EF1↑j
.text:0000000000016F17                                         ; sub_16D48+1B2↑j
.text:0000000000016F17                 cmp     r12, rdi
.text:0000000000016F1A                 jz      short loc_16F46
.text:0000000000016F1C                 call    cs:KeDetachProcess ; ntoskrnl
.text:0000000000016F22                 cmp     cs:dword_1F128, 0
.text:0000000000016F29                 jz      short loc_16F46
.text:0000000000016F2B                 lea     rcx, aGetpidmemory14_4 ; "GetPidMemory(1429):"
.text:0000000000016F32                 call    DbgPrint
.text:0000000000016F37                 mov     rdx, rdi
.text:0000000000016F3A                 lea     rcx, aDetachedFromPi ; "Detached from PID[%8.8X] Process!\n"
.text:0000000000016F41                 call    DbgPrint
.text:0000000000016F46
.text:0000000000016F46 loc_16F46:                              ; CODE XREF: sub_16D48+E0↑j
.text:0000000000016F46                                         ; sub_16D48+1D2↑j ...
.text:0000000000016F46                 cmp     cs:dword_1F128, 0
.text:0000000000016F4D                 jz      short loc_16F67
.text:0000000000016F4F                 lea     rcx, aGetpidmemory14_5 ; "GetPidMemory(1432):"
.text:0000000000016F56                 call    DbgPrint
.text:0000000000016F5B                 lea     rcx, aGetpidmemoryEn ; "GetPidMemory End\n"
.text:0000000000016F62                 call    DbgPrint
.text:0000000000016F67
.text:0000000000016F67 loc_16F67:                              ; CODE XREF: sub_16D48+205↑j
.text:0000000000016F67                 mov     al, sil
.text:0000000000016F6A                 mov     rsi, [rsp+68h+arg_0]
.text:0000000000016F6F                 add     rsp, 40h
.text:0000000000016F73                 pop     r15
.text:0000000000016F75                 pop     r14
.text:0000000000016F77                 pop     r13
.text:0000000000016F79                 pop     r12
.text:0000000000016F7B                 pop     rdi
.text:0000000000016F7C                 retn
.text:0000000000016F7C ; } // starts at 16D48
.text:0000000000016F7C sub_16D48       endp
.text:0000000000016F7C
.text:0000000000016F7C ; ---------------------------------------------------------------------------
.text:0000000000016F7D byte_16F7D      db 0Bh dup(0CCh)        ; DATA XREF: .pdata:0000000000020198↓o
.text:0000000000016F88 ; ---------------------------------------------------------------------------
.text:0000000000016F88 ; START OF FUNCTION CHUNK FOR sub_16D48
.text:0000000000016F88
.text:0000000000016F88 loc_16F88:                              ; DATA XREF: .rdata:000000000001E4F0↓o
.text:0000000000016F88                                         ; .pdata:00000000000201A4↓o
.text:0000000000016F88 ;   __except filter // owned by 16E9A
.text:0000000000016F88                 push    rbp
.text:0000000000016F8A                 push    rsi
.text:0000000000016F8B                 sub     rsp, 28h
.text:0000000000016F8F                 mov     rbp, rdx
.text:0000000000016F92                 mov     esi, 1
.text:0000000000016F97                 mov     eax, esi
.text:0000000000016F99                 add     rsp, 28h
.text:0000000000016F9D                 pop     rsi
.text:0000000000016F9E                 pop     rbp
.text:0000000000016F9F                 retn
.text:0000000000016F9F ; END OF FUNCTION CHUNK FOR sub_16D48
.text:0000000000016F9F ; ---------------------------------------------------------------------------
.text:0000000000016FA0 byte_16FA0      db 8 dup(0CCh)          ; DATA XREF: .pdata:00000000000201A4↓o
.text:0000000000016FA8
.text:0000000000016FA8 ; =============== S U B R O U T I N E =======================================
.text:0000000000016FA8
.text:0000000000016FA8
.text:0000000000016FA8 ; bool __fastcall sub_16FA8(void *Source1)
.text:0000000000016FA8 sub_16FA8       proc near               ; CODE XREF: sub_1704C+463↓p
.text:0000000000016FA8                                         ; DATA XREF: .pdata:00000000000201B0↓o
.text:0000000000016FA8                 push    rbx
.text:0000000000016FAA                 sub     rsp, 20h
.text:0000000000016FAE                 lea     rdx, aWin32k    ; "Win32k"
.text:0000000000016FB5                 mov     r8d, 6          ; Length
.text:0000000000016FBB                 mov     rbx, rcx
.text:0000000000016FBE                 call    cs:RtlCompareMemory ; ntoskrnl
.text:0000000000016FC4                 cmp     rax, 6
.text:0000000000016FC8                 jnz     short loc_16FCE
.text:0000000000016FCA
.text:0000000000016FCA loc_16FCA:                              ; CODE XREF: sub_16FA8+40↓j
.text:0000000000016FCA                                         ; sub_16FA8+5C↓j ...
.text:0000000000016FCA                 xor     al, al
.text:0000000000016FCC                 jmp     short loc_1703F
.text:0000000000016FCE ; ---------------------------------------------------------------------------
.text:0000000000016FCE
.text:0000000000016FCE loc_16FCE:                              ; CODE XREF: sub_16FA8+20↑j
.text:0000000000016FCE                 lea     rdx, aPnpmanager ; "PnpManager"
.text:0000000000016FD5                 mov     r8d, 0Ah        ; Length
.text:0000000000016FDB                 mov     rcx, rbx        ; Source1
.text:0000000000016FDE                 call    cs:RtlCompareMemory ; ntoskrnl
.text:0000000000016FE4                 cmp     rax, 0Ah
.text:0000000000016FE8                 jz      short loc_16FCA
.text:0000000000016FEA                 lea     rdx, aAcpiHal   ; "ACPI_HAL"
.text:0000000000016FF1                 mov     r8d, 8          ; Length
.text:0000000000016FF7                 mov     rcx, rbx        ; Source1
.text:0000000000016FFA                 call    cs:RtlCompareMemory ; ntoskrnl
.text:0000000000017000                 cmp     rax, 8
.text:0000000000017004                 jz      short loc_16FCA
.text:0000000000017006                 lea     rdx, aWmixwdm   ; "WMIxWDM"
.text:000000000001700D                 mov     r8d, 7          ; Length
.text:0000000000017013                 mov     rcx, rbx        ; Source1
.text:0000000000017016                 call    cs:RtlCompareMemory ; ntoskrnl
.text:000000000001701C                 cmp     rax, 7
.text:0000000000017020                 jz      short loc_16FCA
.text:0000000000017022                 lea     rdx, qword_1CC30 ; Source2
.text:0000000000017029                 mov     r8d, 3          ; Length
.text:000000000001702F                 mov     rcx, rbx        ; Source1
.text:0000000000017032                 call    cs:RtlCompareMemory ; ntoskrnl
.text:0000000000017038                 cmp     rax, 3
.text:000000000001703C                 setnz   al
.text:000000000001703F
.text:000000000001703F loc_1703F:                              ; CODE XREF: sub_16FA8+24↑j
.text:000000000001703F                 add     rsp, 20h
.text:0000000000017043                 pop     rbx
.text:0000000000017044                 retn
.text:0000000000017044 sub_16FA8       endp
.text:0000000000017044
.text:0000000000017044 ; ---------------------------------------------------------------------------
.text:0000000000017045 byte_17045      db 7 dup(0CCh)          ; DATA XREF: .pdata:00000000000201B0↓o
.text:000000000001704C
.text:000000000001704C ; =============== S U B R O U T I N E =======================================
.text:000000000001704C
.text:000000000001704C
.text:000000000001704C ; __int64 __fastcall sub_1704C(__int64, __int64, __int64, __int64)
.text:000000000001704C sub_1704C       proc near               ; CODE XREF: sub_13E80+AD4↑p
.text:000000000001704C                                         ; DATA XREF: .pdata:00000000000201BC↓o
.text:000000000001704C
.text:000000000001704C var_2A8         = qword ptr -2A8h
.text:000000000001704C var_2A0         = qword ptr -2A0h
.text:000000000001704C var_298         = qword ptr -298h
.text:000000000001704C Source          = UNICODE_STRING ptr -290h
.text:000000000001704C Destination     = _UNICODE_STRING ptr -280h
.text:000000000001704C KeyHandle       = qword ptr -270h
.text:000000000001704C Dst             = qword ptr -268h
.text:000000000001704C Object          = qword ptr -260h
.text:000000000001704C var_258         = qword ptr -258h
.text:000000000001704C var_250         = qword ptr -250h
.text:000000000001704C var_248         = _OBJECT_ATTRIBUTES ptr -248h
.text:000000000001704C ObjectAttributes= _OBJECT_ATTRIBUTES ptr -218h
.text:000000000001704C DestinationString= _UNICODE_STRING ptr -1E8h
.text:000000000001704C var_1D8         = UNICODE_STRING ptr -1D8h
.text:000000000001704C String1         = UNICODE_STRING ptr -1C8h
.text:000000000001704C SourceString    = word ptr -1B8h
.text:000000000001704C var_148         = byte ptr -148h
.text:000000000001704C var_48          = qword ptr -48h
.text:000000000001704C arg_10          = qword ptr  18h
.text:000000000001704C
.text:000000000001704C ; __unwind { // __GSHandlerCheck
.text:000000000001704C                 mov     [rsp+arg_10], rbx
.text:0000000000017051                 push    rbp
.text:0000000000017052                 push    rsi
.text:0000000000017053                 push    rdi
.text:0000000000017054                 push    r12
.text:0000000000017056                 push    r13
.text:0000000000017058                 push    r14
.text:000000000001705A                 push    r15
.text:000000000001705C                 sub     rsp, 290h
.text:0000000000017063                 mov     rax, cs:BugCheckParameter2
.text:000000000001706A                 xor     rax, rsp
.text:000000000001706D                 mov     [rsp+2C8h+var_48], rax
.text:0000000000017075                 mov     rbp, rdx
.text:0000000000017078                 mov     [rsp+2C8h+var_250], rdx
.text:000000000001707D                 mov     r15, rcx
.text:0000000000017080                 mov     rbx, r9
.text:0000000000017083                 lea     rdx, qword_1A8D0 ; SourceString
.text:000000000001708A                 lea     rcx, [rsp+2C8h+DestinationString] ; DestinationString
.text:0000000000017092                 mov     rsi, r9
.text:0000000000017095                 mov     [rsp+2C8h+var_298], rbx
.text:000000000001709A                 call    cs:RtlInitUnicodeString ; ntoskrnl
.text:00000000000170A0                 xor     r12d, r12d
.text:00000000000170A3                 lea     rdi, [r15+192920h]
.text:00000000000170AA                 lea     rax, [rsp+2C8h+DestinationString]
.text:00000000000170B2                 lea     r8, [rsp+2C8h+ObjectAttributes] ; ObjectAttributes
.text:00000000000170BA                 lea     edx, [r12+1]    ; DesiredAccess
.text:00000000000170BF                 mov     rcx, rdi        ; DirectoryHandle
.text:00000000000170C2                 mov     [rsp+2C8h+ObjectAttributes.Length], 30h ; '0'
.text:00000000000170CD                 mov     [rsp+2C8h+ObjectAttributes.RootDirectory], r12
.text:00000000000170D5                 mov     [rsp+2C8h+ObjectAttributes.Attributes], 40h ; '@'
.text:00000000000170E0                 mov     [rsp+2C8h+ObjectAttributes.ObjectName], rax
.text:00000000000170E8                 mov     [rsp+2C8h+ObjectAttributes.SecurityDescriptor], r12
.text:00000000000170F0                 mov     [rsp+2C8h+ObjectAttributes.SecurityQualityOfService], r12
.text:00000000000170F8                 mov     [rsp+2C8h+var_258], rdi
.text:00000000000170FD                 call    cs:ZwOpenDirectoryObject ; ntoskrnl
.text:0000000000017103                 cmp     eax, r12d
.text:0000000000017106                 jnz     loc_175AA
.text:000000000001710C                 mov     r8, cs:IoFileObjectType ; ntoskrnl
.text:0000000000017113                 mov     rcx, [rdi]
.text:0000000000017116                 lea     rax, [rsp+2C8h+Object]
.text:000000000001711B                 mov     r8, [r8]
.text:000000000001711E                 xor     r9d, r9d
.text:0000000000017121                 xor     edx, edx
.text:0000000000017123                 mov     [rsp+2C8h+var_2A0], r12
.text:0000000000017128                 mov     [rsp+2C8h+var_2A8], rax
.text:000000000001712D                 call    cs:qword_1F560
.text:0000000000017133                 cmp     eax, r12d
.text:0000000000017136                 jnz     loc_175A1
.text:000000000001713C                 lea     rdx, aDevice    ; "Device"
.text:0000000000017143                 lea     rcx, [rsp+2C8h+String1] ; DestinationString
.text:000000000001714B                 call    cs:RtlInitUnicodeString ; ntoskrnl
.text:0000000000017151                 xor     edi, edi
.text:0000000000017153
.text:0000000000017153 loc_17153:                              ; CODE XREF: sub_1704C+519↓j
.text:0000000000017153                 mov     rax, [rsp+2C8h+Object]
.text:0000000000017158                 lea     r13, [rax+r12*8]
.text:000000000001715C                 cmp     [r13+0], rdi
.text:0000000000017160                 jz      loc_1755D
.text:0000000000017166                 cmp     cs:dword_1F128, edi
.text:000000000001716C                 jz      short loc_17189
.text:000000000001716E                 lea     rcx, aGetobjdevicein ; "GetObjDeviceInfo(1616):"
.text:0000000000017175                 call    DbgPrint
.text:000000000001717A                 lea     rcx, aHashbucket02x ; "HashBucket[%02X]\n"
.text:0000000000017181                 mov     rdx, r12
.text:0000000000017184                 call    DbgPrint
.text:0000000000017189
.text:0000000000017189 loc_17189:                              ; CODE XREF: sub_1704C+120↑j
.text:0000000000017189                 mov     rax, rsi
.text:000000000001718C                 shl     rax, 9
.text:0000000000017190                 lea     rcx, [rax+rbp+100h]
.text:0000000000017198                 mov     [rsp+2C8h+Dst], rcx
.text:000000000001719D
.text:000000000001719D loc_1719D:                              ; CODE XREF: sub_1704C+506↓j
.text:000000000001719D                 mov     r13, [r13+0]
.text:00000000000171A1                 lea     rcx, [rsp+2C8h+String1] ; String1
.text:00000000000171A9                 xor     r8d, r8d        ; CaseInSensitive
.text:00000000000171AC                 mov     rdi, [r13+8]
.text:00000000000171B0                 mov     rdx, [rdi-20h]
.text:00000000000171B4                 lea     r14, [rdi-48h]
.text:00000000000171B8                 add     rdx, 78h ; 'x'  ; String2
.text:00000000000171BC                 call    cs:RtlCompareUnicodeString ; ntoskrnl
.text:00000000000171C2                 xor     ebp, ebp
.text:00000000000171C4                 cmp     eax, ebp
.text:00000000000171C6                 jnz     loc_1754C
.text:00000000000171CC                 cmp     cs:dword_1F128, ebp
.text:00000000000171D2                 jz      short loc_17212
.text:00000000000171D4                 lea     rcx, aGetobjdevicein_0 ; "GetObjDeviceInfo(1632):"
.text:00000000000171DB                 call    DbgPrint
.text:00000000000171E0                 lea     rcx, aObject08x ; "Object[%08X] "
.text:00000000000171E7                 mov     rdx, rdi
.text:00000000000171EA                 call    DbgPrint
.text:00000000000171EF                 cmp     cs:dword_1F128, ebp
.text:00000000000171F5                 jz      short loc_17212
.text:00000000000171F7                 lea     rcx, aGetobjdevicein_1 ; "GetObjDeviceInfo(1633):"
.text:00000000000171FE                 call    DbgPrint
.text:0000000000017203                 lea     rcx, aNameWz    ; "Name[%wZ]\n"
.text:000000000001720A                 mov     rdx, r14
.text:000000000001720D                 call    DbgPrint
.text:0000000000017212
.text:0000000000017212 loc_17212:                              ; CODE XREF: sub_1704C+186↑j
.text:0000000000017212                                         ; sub_1704C+1A9↑j
.text:0000000000017212                 lea     rcx, [rsp+2C8h+var_148] ; Dst
.text:000000000001721A                 xor     edx, edx        ; Val
.text:000000000001721C                 mov     r8d, 100h       ; Size
.text:0000000000017222                 call    memset
.text:0000000000017227                 mov     rax, [rdi+8]
.text:000000000001722B                 lea     rcx, [rsp+2C8h+var_148]
.text:0000000000017233                 movzx   edx, word ptr [rax+38h]
.text:0000000000017237                 mov     r8, [rax+40h]
.text:000000000001723B                 shr     rdx, 1
.text:000000000001723E                 jz      short loc_17253
.text:0000000000017240
.text:0000000000017240 loc_17240:                              ; CODE XREF: sub_1704C+205↓j
.text:0000000000017240                 mov     al, [r8]
.text:0000000000017243                 add     r8, 2
.text:0000000000017247                 mov     [rcx], al
.text:0000000000017249                 add     rcx, 1
.text:000000000001724D                 sub     rdx, 1
.text:0000000000017251                 jnz     short loc_17240
.text:0000000000017253
.text:0000000000017253 loc_17253:                              ; CODE XREF: sub_1704C+1F2↑j
.text:0000000000017253                 mov     rax, [rdi+8]
.text:0000000000017257                 mov     [rcx], bpl
.text:000000000001725A                 movzx   ebx, word ptr [rax+38h]
.text:000000000001725E                 shr     ebx, 1
.text:0000000000017260                 sub     ebx, 1
.text:0000000000017263                 movsxd  rax, ebx
.text:0000000000017266                 jmp     short loc_17279
.text:0000000000017268 ; ---------------------------------------------------------------------------
.text:0000000000017268
.text:0000000000017268 loc_17268:                              ; CODE XREF: sub_1704C+230↓j
.text:0000000000017268                 cmp     [rsp+rax+2C8h+var_148], 5Ch ; '\'
.text:0000000000017270                 jz      short loc_1727E
.text:0000000000017272                 sub     ebx, 1
.text:0000000000017275                 sub     rax, 1
.text:0000000000017279
.text:0000000000017279 loc_17279:                              ; CODE XREF: sub_1704C+21A↑j
.text:0000000000017279                 cmp     rax, rbp
.text:000000000001727C                 jg      short loc_17268
.text:000000000001727E
.text:000000000001727E loc_1727E:                              ; CODE XREF: sub_1704C+224↑j
.text:000000000001727E                 cmp     ebx, ebp
.text:0000000000017280                 jle     short loc_17285
.text:0000000000017282                 add     ebx, 1
.text:0000000000017285
.text:0000000000017285 loc_17285:                              ; CODE XREF: sub_1704C+234↑j
.text:0000000000017285                 lea     rcx, [r15+1920B6h] ; Dst
.text:000000000001728C                 xor     edx, edx        ; Val
.text:000000000001728E                 mov     r8d, 200h       ; Size
.text:0000000000017294                 call    memset
.text:0000000000017299                 mov     r11, [rdi+8]
.text:000000000001729D                 xor     edi, edi
.text:000000000001729F                 movzx   eax, word ptr [r11+38h]
.text:00000000000172A4                 lea     r8, [r15+1920B6h]
.text:00000000000172AB                 shr     eax, 1
.text:00000000000172AD                 sub     eax, ebx
.text:00000000000172AF                 movsxd  r9, eax
.text:00000000000172B2                 movsxd  rax, ebx
.text:00000000000172B5                 cmp     r9, rdi
.text:00000000000172B8                 lea     rcx, [rsp+rax+2C8h+var_148]
.text:00000000000172C0                 jbe     short loc_172D7
.text:00000000000172C2
.text:00000000000172C2 loc_172C2:                              ; CODE XREF: sub_1704C+289↓j
.text:00000000000172C2                 movzx   eax, byte ptr [rcx]
.text:00000000000172C5                 add     rcx, 1
.text:00000000000172C9                 mov     [r8], ax
.text:00000000000172CD                 add     r8, 2
.text:00000000000172D1                 sub     r9, 1
.text:00000000000172D5                 jnz     short loc_172C2
.text:00000000000172D7
.text:00000000000172D7 loc_172D7:                              ; CODE XREF: sub_1704C+274↑j
.text:00000000000172D7                 lea     rdx, [r15+1920B6h] ; SourceString
.text:00000000000172DE                 lea     rcx, [rsp+2C8h+Source] ; DestinationString
.text:00000000000172E3                 mov     [r8], di
.text:00000000000172E7                 call    cs:RtlInitUnicodeString ; ntoskrnl
.text:00000000000172ED                 lea     rcx, [rsp+2C8h+SourceString] ; Dst
.text:00000000000172F5                 lea     rdx, aRegistryMachin ; "\\REGISTRY\\Machine\\System\\CurrentCon"...
.text:00000000000172FC                 mov     r8d, 6Ah ; 'j'  ; MaxCount
.text:0000000000017302                 call    memmove
.text:0000000000017307                 lea     rdx, [rsp+2C8h+SourceString] ; SourceString
.text:000000000001730F                 lea     rcx, [rsp+2C8h+var_1D8] ; DestinationString
.text:0000000000017317                 mov     [rsp+2C8h+KeyHandle], rdi
.text:000000000001731C                 call    cs:RtlInitUnicodeString ; ntoskrnl
.text:0000000000017322                 lea     rax, [r15+191C8Eh]
.text:0000000000017329                 lea     rdx, [rsp+2C8h+var_1D8] ; SourceString
.text:0000000000017331                 lea     rcx, [rsp+2C8h+Destination] ; DestinationString
.text:0000000000017336                 mov     [rsp+2C8h+Destination.Buffer], rax
.text:000000000001733B                 mov     [rsp+2C8h+Destination.MaximumLength], 200h
.text:0000000000017342                 call    cs:RtlCopyUnicodeString ; ntoskrnl
.text:0000000000017348                 lea     rdx, [rsp+2C8h+Source] ; Source
.text:000000000001734D                 lea     rcx, [rsp+2C8h+Destination] ; Destination
.text:0000000000017352                 call    cs:RtlAppendUnicodeStringToString ; ntoskrnl
.text:0000000000017358                 cmp     cs:dword_1F128, edi
.text:000000000001735E                 jz      short loc_1737D
.text:0000000000017360                 lea     rcx, aGetobjdevicein_2 ; "GetObjDeviceInfo(1667):"
.text:0000000000017367                 call    DbgPrint
.text:000000000001736C                 lea     rdx, [rsp+2C8h+Destination]
.text:0000000000017371                 lea     rcx, aRegfullpathWz ; "RegFullPath[%wZ]\n"
.text:0000000000017378                 call    DbgPrint
.text:000000000001737D
.text:000000000001737D loc_1737D:                              ; CODE XREF: sub_1704C+312↑j
.text:000000000001737D                 lea     rax, [rsp+2C8h+Destination]
.text:0000000000017382                 lea     r8, [rsp+2C8h+var_248] ; ObjectAttributes
.text:000000000001738A                 lea     rcx, [rsp+2C8h+KeyHandle] ; KeyHandle
.text:000000000001738F                 mov     edx, 0F003Fh    ; DesiredAccess
.text:0000000000017394                 mov     [rsp+2C8h+var_248.Length], 30h ; '0'
.text:000000000001739F                 mov     [rsp+2C8h+var_248.RootDirectory], rdi
.text:00000000000173A7                 mov     [rsp+2C8h+var_248.ObjectName], rax
.text:00000000000173AF                 mov     [rsp+2C8h+var_248.Attributes], edi
.text:00000000000173B6                 mov     [rsp+2C8h+var_248.SecurityDescriptor], rdi
.text:00000000000173BE                 mov     [rsp+2C8h+var_248.SecurityQualityOfService], rdi
.text:00000000000173C6                 call    cs:ZwOpenKey    ; ntoskrnl
.text:00000000000173CC                 cmp     eax, edi
.text:00000000000173CE                 jl      short loc_1742F
.text:00000000000173D0                 mov     rcx, [rsp+2C8h+KeyHandle] ; Handle
.text:00000000000173D5                 call    cs:ZwClose      ; ntoskrnl
.text:00000000000173DB                 lea     rbx, [r15+191A79h]
.text:00000000000173E2                 xor     edx, edx        ; Val
.text:00000000000173E4                 mov     rcx, rbx        ; Dst
.text:00000000000173E7                 mov     r8d, 100h       ; Size
.text:00000000000173ED                 call    memset
.text:00000000000173F2                 movzx   r11d, [rsp+2C8h+Source.Length]
.text:00000000000173F8                 mov     rcx, [rsp+2C8h+Source.Buffer]
.text:00000000000173FD                 shr     r11, 1
.text:0000000000017400                 cmp     r11, rdi
.text:0000000000017403                 jbe     short loc_1741A
.text:0000000000017405                 mov     rdx, r11
.text:0000000000017408
.text:0000000000017408 loc_17408:                              ; CODE XREF: sub_1704C+3CC↓j
.text:0000000000017408                 mov     al, [rcx]
.text:000000000001740A                 add     rcx, 2
.text:000000000001740E                 mov     [rbx], al
.text:0000000000017410                 add     rbx, 1
.text:0000000000017414                 sub     rdx, 1
.text:0000000000017418                 jnz     short loc_17408
.text:000000000001741A
.text:000000000001741A loc_1741A:                              ; CODE XREF: sub_1704C+3B7↑j
.text:000000000001741A                 mov     [rbx], dil
.text:000000000001741D                 mov     [r11+r15+191A79h], dil
.text:0000000000017425
.text:0000000000017425 loc_17425:                              ; CODE XREF: sub_1704C+46B↓j
.text:0000000000017425                 mov     rbx, [rsp+2C8h+var_298]
.text:000000000001742A                 jmp     loc_1754E
.text:000000000001742F ; ---------------------------------------------------------------------------
.text:000000000001742F
.text:000000000001742F loc_1742F:                              ; CODE XREF: sub_1704C+382↑j
.text:000000000001742F                 lea     rcx, [r15+191A79h] ; Dst
.text:0000000000017436                 xor     edx, edx        ; Val
.text:0000000000017438                 mov     r8d, 100h       ; Size
.text:000000000001743E                 call    memset
.text:0000000000017443                 movzx   r11d, [rsp+2C8h+Source.Length]
.text:0000000000017449                 mov     r8, [rsp+2C8h+Source.Buffer]
.text:000000000001744E                 shr     r11, 1
.text:0000000000017451                 lea     rcx, [r15+191A79h]
.text:0000000000017458                 cmp     r11, rdi
.text:000000000001745B                 jbe     short loc_17473
.text:000000000001745D                 mov     r9, r11
.text:0000000000017460
.text:0000000000017460 loc_17460:                              ; CODE XREF: sub_1704C+425↓j
.text:0000000000017460                 mov     al, [r8]
.text:0000000000017463                 add     r8, 2
.text:0000000000017467                 mov     [rcx], al
.text:0000000000017469                 add     rcx, 1
.text:000000000001746D                 sub     r9, 1
.text:0000000000017471                 jnz     short loc_17460
.text:0000000000017473
.text:0000000000017473 loc_17473:                              ; CODE XREF: sub_1704C+40F↑j
.text:0000000000017473                 mov     [rcx], dil
.text:0000000000017476                 mov     [r11+r15+191A79h], dil
.text:000000000001747E                 cmp     cs:dword_1F128, edi
.text:0000000000017484                 jz      short loc_174A8
.text:0000000000017486                 lea     rcx, aGetobjdevicein_3 ; "GetObjDeviceInfo(1683):"
.text:000000000001748D                 call    DbgPrint
.text:0000000000017492                 lea     r8, [r15+191A79h]
.text:0000000000017499                 lea     rcx, aUnknownDeviceW ; "UnKnown Device[%wZ] Driver[%s]\n"
.text:00000000000174A0                 mov     rdx, r14
.text:00000000000174A3                 call    DbgPrint
.text:00000000000174A8
.text:00000000000174A8 loc_174A8:                              ; CODE XREF: sub_1704C+438↑j
.text:00000000000174A8                 lea     rcx, [r15+191A79h] ; Source1
.text:00000000000174AF                 call    sub_16FA8
.text:00000000000174B4                 cmp     al, dil
.text:00000000000174B7                 jz      loc_17425
.text:00000000000174BD                 cmp     cs:dword_1F128, edi
.text:00000000000174C3                 jz      short loc_174E4
.text:00000000000174C5                 lea     rcx, aGetobjdevicein_4 ; "GetObjDeviceInfo(1685):"
.text:00000000000174CC                 call    DbgPrint
.text:00000000000174D1                 lea     rdx, [r15+191A79h]
.text:00000000000174D8                 lea     rcx, aHiddenEntryNam ; "Hidden Entry Name[%s]!!!\n"
.text:00000000000174DF                 call    DbgPrint
.text:00000000000174E4
.text:00000000000174E4 loc_174E4:                              ; CODE XREF: sub_1704C+477↑j
.text:00000000000174E4                 mov     rbp, [rsp+2C8h+Dst]
.text:00000000000174E9                 xor     edx, edx        ; Val
.text:00000000000174EB                 mov     r8d, 0FFh       ; Size
.text:00000000000174F1                 mov     rcx, rbp        ; Dst
.text:00000000000174F4                 call    memset
.text:00000000000174F9                 lea     rcx, [rbp-100h] ; Dst
.text:0000000000017500                 xor     edx, edx        ; Val
.text:0000000000017502                 mov     r8d, 100h       ; Size
.text:0000000000017508                 call    memset
.text:000000000001750D                 movzx   r8d, [rsp+2C8h+Source.Length]
.text:0000000000017513                 lea     rdx, [r15+191A79h] ; Src
.text:000000000001751A                 shr     r8, 1           ; MaxCount
.text:000000000001751D                 mov     rcx, rbp        ; Dst
.text:0000000000017520                 call    memmove
.text:0000000000017525                 mov     rbx, [rsp+2C8h+var_298]
.text:000000000001752A                 add     rbp, 200h
.text:0000000000017531                 mov     byte ptr [rbp-101h], 1
.text:0000000000017538                 add     rsi, 1
.text:000000000001753C                 add     rbx, 1
.text:0000000000017540                 mov     [rsp+2C8h+var_298], rbx
.text:0000000000017545                 mov     [rsp+2C8h+Dst], rbp
.text:000000000001754A                 jmp     short loc_1754E
.text:000000000001754C ; ---------------------------------------------------------------------------
.text:000000000001754C
.text:000000000001754C loc_1754C:                              ; CODE XREF: sub_1704C+17A↑j
.text:000000000001754C                 xor     edi, edi
.text:000000000001754E
.text:000000000001754E loc_1754E:                              ; CODE XREF: sub_1704C+3DE↑j
.text:000000000001754E                                         ; sub_1704C+4FE↑j
.text:000000000001754E                 cmp     [r13+0], rdi
.text:0000000000017552                 jnz     loc_1719D
.text:0000000000017558                 mov     rbp, [rsp+2C8h+var_250]
.text:000000000001755D
.text:000000000001755D loc_1755D:                              ; CODE XREF: sub_1704C+114↑j
.text:000000000001755D                 add     r12, 1
.text:0000000000017561                 cmp     r12, 24h ; '$'
.text:0000000000017565                 jbe     loc_17153
.text:000000000001756B                 cmp     cs:dword_1F128, edi
.text:0000000000017571                 jz      short loc_1758E
.text:0000000000017573                 lea     rcx, aGetobjdevicein_5 ; "GetObjDeviceInfo(1698):"
.text:000000000001757A                 call    DbgPrint
.text:000000000001757F                 lea     rcx, aTotalEntryD ; "Total Entry[%d]\n"
.text:0000000000017586                 mov     rdx, rbx
.text:0000000000017589                 call    DbgPrint
.text:000000000001758E
.text:000000000001758E loc_1758E:                              ; CODE XREF: sub_1704C+525↑j
.text:000000000001758E                 mov     rcx, [rsp+2C8h+Object] ; Object
.text:0000000000017593                 call    cs:ObfDereferenceObject ; ntoskrnl
.text:0000000000017599                 mov     rdi, [rsp+2C8h+var_258]
.text:000000000001759E                 mov     rsi, rbx
.text:00000000000175A1
.text:00000000000175A1 loc_175A1:                              ; CODE XREF: sub_1704C+EA↑j
.text:00000000000175A1                 mov     rcx, [rdi]      ; Handle
.text:00000000000175A4                 call    cs:ZwClose      ; ntoskrnl
.text:00000000000175AA
.text:00000000000175AA loc_175AA:                              ; CODE XREF: sub_1704C+BA↑j
.text:00000000000175AA                 mov     rax, rsi
.text:00000000000175AD                 mov     rcx, [rsp+2C8h+var_48]
.text:00000000000175B5                 xor     rcx, rsp        ; StackCookie
.text:00000000000175B8                 call    __security_check_cookie
.text:00000000000175BD                 mov     rbx, [rsp+2C8h+arg_10]
.text:00000000000175C5                 add     rsp, 290h
.text:00000000000175CC                 pop     r15
.text:00000000000175CE                 pop     r14
.text:00000000000175D0                 pop     r13
.text:00000000000175D2                 pop     r12
.text:00000000000175D4                 pop     rdi
.text:00000000000175D5                 pop     rsi
.text:00000000000175D6                 pop     rbp
.text:00000000000175D7                 retn
.text:00000000000175D7 ; } // starts at 1704C
.text:00000000000175D7 sub_1704C       endp
.text:00000000000175D7
.text:00000000000175D7 ; ---------------------------------------------------------------------------
.text:00000000000175D8 algn_175D8:                             ; DATA XREF: .pdata:00000000000201BC↓o
.text:00000000000175D8                 align 20h
.text:00000000000175E0
.text:00000000000175E0 ; =============== S U B R O U T I N E =======================================
.text:00000000000175E0
.text:00000000000175E0
.text:00000000000175E0 ; __int64 __fastcall sub_175E0(const WCHAR *, _BYTE *, unsigned __int64)
.text:00000000000175E0 sub_175E0       proc near               ; CODE XREF: sub_13E80+596↑p
.text:00000000000175E0                                         ; sub_13E80+ABF↑p
.text:00000000000175E0                                         ; DATA XREF: ...
.text:00000000000175E0
.text:00000000000175E0 Length          = dword ptr -1F8h
.text:00000000000175E0 ResultLength    = qword ptr -1F0h
.text:00000000000175E0 var_1E8         = byte ptr -1E8h
.text:00000000000175E0 var_1E6         = word ptr -1E6h
.text:00000000000175E0 KeyHandle       = qword ptr -1E0h
.text:00000000000175E0 var_1D8         = dword ptr -1D8h
.text:00000000000175E0 var_1D0         = qword ptr -1D0h
.text:00000000000175E0 Handle          = qword ptr -1C8h
.text:00000000000175E0 var_1C0         = qword ptr -1C0h
.text:00000000000175E0 var_1B8         = qword ptr -1B8h
.text:00000000000175E0 ObjectAttributes= _OBJECT_ATTRIBUTES ptr -1B0h
.text:00000000000175E0 var_180         = qword ptr -180h
.text:00000000000175E0 ValueName       = _UNICODE_STRING ptr -178h
.text:00000000000175E0 DestinationString= _UNICODE_STRING ptr -168h
.text:00000000000175E0 Src             = qword ptr -158h
.text:00000000000175E0 var_150         = _UNICODE_STRING ptr -150h
.text:00000000000175E0 Dst             = word ptr -138h
.text:00000000000175E0 SourceString    = word ptr -0C8h
.text:00000000000175E0 var_48          = qword ptr -48h
.text:00000000000175E0 arg_10          = qword ptr  18h
.text:00000000000175E0
.text:00000000000175E0 ; __unwind { // __GSHandlerCheck
.text:00000000000175E0                 mov     [rsp+arg_10], rbx
.text:00000000000175E5                 push    rbp
.text:00000000000175E6                 push    rsi
.text:00000000000175E7                 push    rdi
.text:00000000000175E8                 push    r12
.text:00000000000175EA                 push    r13
.text:00000000000175EC                 push    r14
.text:00000000000175EE                 push    r15
.text:00000000000175F0                 sub     rsp, 1E0h
.text:00000000000175F7                 mov     rax, cs:BugCheckParameter2
.text:00000000000175FE                 xor     rax, rsp
.text:0000000000017601                 mov     [rsp+218h+var_48], rax
.text:0000000000017609                 mov     rbp, rdx
.text:000000000001760C                 mov     rbx, rcx
.text:000000000001760F                 mov     [rsp+218h+var_180], r8
.text:0000000000017617                 lea     rcx, [rsp+218h+SourceString] ; Dst
.text:000000000001761F                 lea     rdx, aRegistryMachin_0 ; "\\REGISTRY\\Machine\\System\\CurrentCon"...
.text:0000000000017626                 mov     r8d, 76h ; 'v'  ; MaxCount
.text:000000000001762C                 call    memmove
.text:0000000000017631                 xor     esi, esi
.text:0000000000017633                 lea     rcx, [rsp+218h+Dst] ; Dst
.text:000000000001763B                 lea     rdx, aRegistryMachin_1 ; "\\REGISTRY\\Machine\\System\\CurrentCon"...
.text:0000000000017642                 lea     r8d, [rsi+68h]  ; MaxCount
.text:0000000000017646                 mov     [rsp+218h+Handle], rsi
.text:000000000001764B                 mov     [rsp+218h+KeyHandle], rsi
.text:0000000000017650                 call    memmove
.text:0000000000017655                 cmp     cs:dword_1F128, esi
.text:000000000001765B                 mov     r12, rsi
.text:000000000001765E                 mov     [rsp+218h+var_1E8], sil
.text:0000000000017663                 jz      short loc_1767D
.text:0000000000017665                 lea     rcx, aGetregdriverin ; "GetRegDriverInfo(1723):"
.text:000000000001766C                 call    DbgPrint
.text:0000000000017671                 lea     rcx, aGetregdriverin_0 ; "GetRegDriverInfo Beg\n"
.text:0000000000017678                 call    DbgPrint
.text:000000000001767D
.text:000000000001767D loc_1767D:                              ; CODE XREF: sub_175E0+83↑j
.text:000000000001767D                 lea     rax, [rbx+191C8Eh]
.text:0000000000017684                 lea     r13, [rbx+1920B6h]
.text:000000000001768B                 lea     r14, [rbx+191A79h]
.text:0000000000017692                 lea     rdx, [rsp+218h+SourceString] ; SourceString
.text:000000000001769A                 lea     rcx, [rsp+218h+DestinationString] ; DestinationString
.text:00000000000176A2                 lea     r15, [rbx+1924DEh]
.text:00000000000176A9                 mov     [rsp+218h+Src], r13
.text:00000000000176B1                 mov     [rsp+218h+var_1B8], rax
.text:00000000000176B6                 mov     [rsp+218h+var_1C0], r14
.text:00000000000176BB                 call    cs:RtlInitUnicodeString ; ntoskrnl
.text:00000000000176C1                 lea     rax, [rsp+218h+DestinationString]
.text:00000000000176C9                 lea     r8, [rsp+218h+ObjectAttributes] ; ObjectAttributes
.text:00000000000176CE                 lea     rcx, [rsp+218h+KeyHandle] ; KeyHandle
.text:00000000000176D3                 mov     edx, 0F003Fh    ; DesiredAccess
.text:00000000000176D8                 mov     [rsp+218h+ObjectAttributes.ObjectName], rax
.text:00000000000176DD                 mov     [rsp+218h+ObjectAttributes.Length], 30h ; '0'
.text:00000000000176E5                 mov     [rsp+218h+ObjectAttributes.RootDirectory], rsi
.text:00000000000176EA                 mov     [rsp+218h+ObjectAttributes.Attributes], esi
.text:00000000000176F1                 mov     [rsp+218h+ObjectAttributes.SecurityDescriptor], rsi
.text:00000000000176F9                 mov     [rsp+218h+ObjectAttributes.SecurityQualityOfService], rsi
.text:0000000000017701                 call    cs:ZwOpenKey    ; ntoskrnl
.text:0000000000017707                 cmp     eax, esi
.text:0000000000017709                 mov     ebx, eax
.text:000000000001770B                 mov     edi, 1
.text:0000000000017710                 jge     short loc_1773D
.text:0000000000017712                 cmp     cs:dword_1F128, esi
.text:0000000000017718                 jz      loc_17957
.text:000000000001771E                 lea     rcx, aGetregdriverin_1 ; "GetRegDriverInfo(1734):"
.text:0000000000017725                 call    DbgPrint
.text:000000000001772A                 lea     rcx, aRegopenRootFai ; "RegOpen _root_ Failed! [%8.8X]\n"
.text:0000000000017731                 mov     edx, ebx
.text:0000000000017733                 call    DbgPrint
.text:0000000000017738                 jmp     loc_17957
.text:000000000001773D ; ---------------------------------------------------------------------------
.text:000000000001773D
.text:000000000001773D loc_1773D:                              ; CODE XREF: sub_175E0+130↑j
.text:000000000001773D                 cmp     cs:dword_1F128, esi
.text:0000000000017743                 jz      short loc_1775D
.text:0000000000017745                 lea     rcx, aGetregdriverin_2 ; "GetRegDriverInfo(1737):"
.text:000000000001774C                 call    DbgPrint
.text:0000000000017751                 lea     rcx, aRegopenRootOk ; "RegOpen _root_ OK!\n"
.text:0000000000017758                 call    DbgPrint
.text:000000000001775D
.text:000000000001775D loc_1775D:                              ; CODE XREF: sub_175E0+163↑j
.text:000000000001775D                 mov     edx, 1000h      ; NumberOfBytes
.text:0000000000017762                 xor     ecx, ecx        ; PoolType
.text:0000000000017764                 mov     r8d, 656E6431h  ; Tag
.text:000000000001776A                 call    cs:ExAllocatePoolWithTag ; ntoskrnl
.text:0000000000017770                 xor     ebx, ebx
.text:0000000000017772                 cmp     rax, rbx
.text:0000000000017775                 mov     rsi, rax
.text:0000000000017778                 jnz     short loc_177AD
.text:000000000001777A                 mov     rcx, [rsp+218h+KeyHandle] ; Handle
.text:000000000001777F                 call    cs:ZwClose      ; ntoskrnl
.text:0000000000017785                 cmp     cs:dword_1F128, ebx
.text:000000000001778B                 jz      short loc_177A5
.text:000000000001778D                 lea     rcx, aGetregdriverin_3 ; "GetRegDriverInfo(1742):"
.text:0000000000017794                 call    DbgPrint
.text:0000000000017799                 lea     rcx, aExallocatepool_0 ; "ExAllocatePool failed on GetRegDriverIn"...
.text:00000000000177A0
.text:00000000000177A0 loc_177A0:                              ; CODE XREF: sub_175E0+4AF↓j
.text:00000000000177A0                 call    DbgPrint
.text:00000000000177A5
.text:00000000000177A5 loc_177A5:                              ; CODE XREF: sub_175E0+1AB↑j
.text:00000000000177A5                                         ; sub_175E0+3EF↓j ...
.text:00000000000177A5                 mov     rax, rdi
.text:00000000000177A8                 jmp     loc_18082
.text:00000000000177AD ; ---------------------------------------------------------------------------
.text:00000000000177AD
.text:00000000000177AD loc_177AD:                              ; CODE XREF: sub_175E0+198↑j
.text:00000000000177AD                 lea     rdx, qword_1A700 ; SourceString
.text:00000000000177B4                 lea     rcx, [rsp+218h+ValueName] ; DestinationString
.text:00000000000177BC                 mov     [rsp+218h+var_1D8], ebx
.text:00000000000177C0                 call    cs:RtlInitUnicodeString ; ntoskrnl
.text:00000000000177C6                 mov     rcx, [rsp+218h+KeyHandle] ; KeyHandle
.text:00000000000177CB                 lea     r11, [rsp+218h+var_1D8]
.text:00000000000177D0                 mov     [rsp+218h+ResultLength], r11 ; ResultLength
.text:00000000000177D5                 lea     rdx, [rsp+218h+ValueName] ; ValueName
.text:00000000000177DD                 mov     r9, rsi         ; KeyValueInformation
.text:00000000000177E0                 mov     r8d, edi        ; KeyValueInformationClass
.text:00000000000177E3                 mov     [rsp+218h+Length], 200h ; Length
.text:00000000000177EB                 call    cs:ZwQueryValueKey ; ntoskrnl
.text:00000000000177F1                 cmp     eax, ebx
.text:00000000000177F3                 jl      loc_1792A
.text:00000000000177F9                 mov     ebx, [rsi+8]
.text:00000000000177FC                 mov     r12d, 200h
.text:0000000000017802                 xor     edx, edx        ; Val
.text:0000000000017804                 mov     r8, r12         ; Size
.text:0000000000017807                 mov     rcx, r15        ; Dst
.text:000000000001780A                 add     rbx, rsi
.text:000000000001780D                 call    memset
.text:0000000000017812                 mov     r8, r12         ; Size
.text:0000000000017815                 xor     edx, edx        ; Val
.text:0000000000017817                 mov     rcx, r13        ; Dst
.text:000000000001781A                 call    memset
.text:000000000001781F                 mov     rax, cs:qword_1D060
.text:0000000000017826                 mov     rdx, rbx        ; Src
.text:0000000000017829                 mov     [r13+0], rax
.text:000000000001782D                 mov     eax, cs:dword_1D068
.text:0000000000017833                 mov     rcx, r15        ; Dst
.text:0000000000017836                 mov     [r13+8], eax
.text:000000000001783A                 movzx   eax, cs:word_1D06C
.text:0000000000017841                 mov     [r13+0Ch], ax
.text:0000000000017846                 mov     r8d, [rsi+0Ch]  ; MaxCount
.text:000000000001784A                 call    memmove
.text:000000000001784F                 xor     ebx, ebx
.text:0000000000017851                 cmp     cs:dword_1F128, ebx
.text:0000000000017857                 jz      short loc_17897
.text:0000000000017859                 lea     rcx, aGetregdriverin_4 ; "GetRegDriverInfo(1757):"
.text:0000000000017860                 call    DbgPrint
.text:0000000000017865                 lea     rcx, aRegkeyWs  ; "=====RegKey[%ws]\n"
.text:000000000001786C                 mov     rdx, r13
.text:000000000001786F                 call    DbgPrint
.text:0000000000017874                 cmp     cs:dword_1F128, ebx
.text:000000000001787A                 jz      short loc_17897
.text:000000000001787C                 lea     rcx, aGetregdriverin_5 ; "GetRegDriverInfo(1758):"
.text:0000000000017883                 call    DbgPrint
.text:0000000000017888                 lea     rcx, aEntryWs   ; "=====Entry [%ws]\n"
.text:000000000001788F                 mov     rdx, r15
.text:0000000000017892                 call    DbgPrint
.text:0000000000017897
.text:0000000000017897 loc_17897:                              ; CODE XREF: sub_175E0+277↑j
.text:0000000000017897                                         ; sub_175E0+29A↑j
.text:0000000000017897                 mov     r12d, 100h
.text:000000000001789D                 xor     edx, edx        ; Val
.text:000000000001789F                 mov     rcx, rbp        ; Dst
.text:00000000000178A2                 mov     r8, r12         ; Size
.text:00000000000178A5                 call    memset
.text:00000000000178AA                 mov     r11d, [rsi+0Ch]
.text:00000000000178AE                 mov     rcx, r14
.text:00000000000178B1                 shr     r11, 1
.text:00000000000178B4                 mov     rdx, r15
.text:00000000000178B7                 jz      short loc_178C9
.text:00000000000178B9
.text:00000000000178B9 loc_178B9:                              ; CODE XREF: sub_175E0+2E7↓j
.text:00000000000178B9                 mov     al, [rdx]
.text:00000000000178BB                 add     rdx, 2
.text:00000000000178BF                 mov     [rcx], al
.text:00000000000178C1                 add     rcx, rdi
.text:00000000000178C4                 sub     r11, rdi
.text:00000000000178C7                 jnz     short loc_178B9
.text:00000000000178C9
.text:00000000000178C9 loc_178C9:                              ; CODE XREF: sub_175E0+2D7↑j
.text:00000000000178C9                 mov     [rcx], bl
.text:00000000000178CB                 mov     r8d, [rsi+0Ch]
.text:00000000000178CF                 mov     rdx, r14        ; Src
.text:00000000000178D2                 shr     r8, 1           ; MaxCount
.text:00000000000178D5                 mov     rcx, rbp        ; Dst
.text:00000000000178D8                 call    memmove
.text:00000000000178DD                 mov     r11, r14
.text:00000000000178E0                 mov     rcx, r13
.text:00000000000178E3                 mov     rdx, r12
.text:00000000000178E6
.text:00000000000178E6 loc_178E6:                              ; CODE XREF: sub_175E0+315↓j
.text:00000000000178E6                 mov     al, [rcx]
.text:00000000000178E8                 add     rcx, 2
.text:00000000000178EC                 mov     [r11], al
.text:00000000000178EF                 add     r11, rdi
.text:00000000000178F2                 sub     rdx, rdi
.text:00000000000178F5                 jnz     short loc_178E6
.text:00000000000178F7                 lea     rcx, [rbp+100h] ; Dst
.text:00000000000178FE                 mov     rdx, r14        ; Src
.text:0000000000017901                 mov     r8d, 0FFh       ; MaxCount
.text:0000000000017907                 mov     [r11], bl
.text:000000000001790A                 call    memmove
.text:000000000001790F                 mov     rcx, [rsp+218h+KeyHandle] ; Handle
.text:0000000000017914                 mov     [rbp+1FFh], bl
.text:000000000001791A                 mov     r12, rdi
.text:000000000001791D                 call    cs:ZwClose      ; ntoskrnl
.text:0000000000017923                 mov     [rsp+218h+KeyHandle], rbx
.text:0000000000017928                 jmp     short loc_1794A
.text:000000000001792A ; ---------------------------------------------------------------------------
.text:000000000001792A
.text:000000000001792A loc_1792A:                              ; CODE XREF: sub_175E0+213↑j
.text:000000000001792A                 cmp     cs:dword_1F128, ebx
.text:0000000000017930                 jz      short loc_1794A
.text:0000000000017932                 lea     rcx, aGetregdriverin_6 ; "GetRegDriverInfo(1770):"
.text:0000000000017939                 call    DbgPrint
.text:000000000001793E                 lea     rcx, aRegopenImagepa ; "RegOpen ImagePath Failed!\n"
.text:0000000000017945                 call    DbgPrint
.text:000000000001794A
.text:000000000001794A loc_1794A:                              ; CODE XREF: sub_175E0+348↑j
.text:000000000001794A                                         ; sub_175E0+350↑j
.text:000000000001794A                 xor     edx, edx        ; Tag
.text:000000000001794C                 mov     rcx, rsi        ; P
.text:000000000001794F                 call    cs:ExFreePoolWithTag ; ntoskrnl
.text:0000000000017955                 xor     esi, esi
.text:0000000000017957
.text:0000000000017957 loc_17957:                              ; CODE XREF: sub_175E0+138↑j
.text:0000000000017957                                         ; sub_175E0+158↑j
.text:0000000000017957                 lea     rdx, [rsp+218h+Dst] ; SourceString
.text:000000000001795F                 lea     rcx, [rsp+218h+DestinationString] ; DestinationString
.text:0000000000017967                 call    cs:RtlInitUnicodeString ; ntoskrnl
.text:000000000001796D                 lea     rax, [rsp+218h+DestinationString]
.text:0000000000017975                 lea     r8, [rsp+218h+ObjectAttributes] ; ObjectAttributes
.text:000000000001797A                 lea     rcx, [rsp+218h+Handle] ; KeyHandle
.text:000000000001797F                 mov     edx, 0F003Fh    ; DesiredAccess
.text:0000000000017984                 mov     [rsp+218h+ObjectAttributes.ObjectName], rax
.text:0000000000017989                 mov     [rsp+218h+ObjectAttributes.Length], 30h ; '0'
.text:0000000000017991                 mov     [rsp+218h+ObjectAttributes.RootDirectory], rsi
.text:0000000000017996                 mov     [rsp+218h+ObjectAttributes.Attributes], esi
.text:000000000001799D                 mov     [rsp+218h+ObjectAttributes.SecurityDescriptor], rsi
.text:00000000000179A5                 mov     [rsp+218h+ObjectAttributes.SecurityQualityOfService], rsi
.text:00000000000179AD                 call    cs:ZwOpenKey    ; ntoskrnl
.text:00000000000179B3                 cmp     eax, esi
.text:00000000000179B5                 mov     ebx, eax
.text:00000000000179B7                 jge     short loc_179F4
.text:00000000000179B9                 mov     rcx, [rsp+218h+KeyHandle] ; Handle
.text:00000000000179BE                 cmp     rcx, rsi
.text:00000000000179C1                 jz      short loc_179C9
.text:00000000000179C3                 call    cs:ZwClose      ; ntoskrnl
.text:00000000000179C9
.text:00000000000179C9 loc_179C9:                              ; CODE XREF: sub_175E0+3E1↑j
.text:00000000000179C9                 cmp     cs:dword_1F128, esi
.text:00000000000179CF                 jz      loc_177A5
.text:00000000000179D5                 lea     rcx, aGetregdriverin_7 ; "GetRegDriverInfo(1781):"
.text:00000000000179DC                 call    DbgPrint
.text:00000000000179E1                 lea     rcx, aRegopenFailedO ; "RegOpen Failed on GetDriverRegInfo! [%8"...
.text:00000000000179E8                 mov     edx, ebx
.text:00000000000179EA                 call    DbgPrint
.text:00000000000179EF                 jmp     loc_177A5
.text:00000000000179F4 ; ---------------------------------------------------------------------------
.text:00000000000179F4
.text:00000000000179F4 loc_179F4:                              ; CODE XREF: sub_175E0+3D7↑j
.text:00000000000179F4                 cmp     cs:dword_1F128, esi
.text:00000000000179FA                 jz      short loc_17A34
.text:00000000000179FC                 lea     rcx, aGetregdriverin_8 ; "GetRegDriverInfo(1784):"
.text:0000000000017A03                 call    DbgPrint
.text:0000000000017A08                 lea     rcx, aRegopenOkOnGet ; "RegOpen OK! on GetDriverRegInfo!\n"
.text:0000000000017A0F                 call    DbgPrint
.text:0000000000017A14                 cmp     cs:dword_1F128, esi
.text:0000000000017A1A                 jz      short loc_17A34
.text:0000000000017A1C                 lea     rcx, aGetregdriverin_9 ; "GetRegDriverInfo(1786):"
.text:0000000000017A23                 call    DbgPrint
.text:0000000000017A28                 lea     rcx, aEnumeratevalue ; "EnumerateValueKey Beg\n"
.text:0000000000017A2F                 call    DbgPrint
.text:0000000000017A34
.text:0000000000017A34 loc_17A34:                              ; CODE XREF: sub_175E0+41A↑j
.text:0000000000017A34                                         ; sub_175E0+43A↑j
.text:0000000000017A34                 mov     ebx, 656E6431h
.text:0000000000017A39                 mov     r13d, 1000h
.text:0000000000017A3F                 xor     ecx, ecx        ; PoolType
.text:0000000000017A41                 mov     r8d, ebx        ; Tag
.text:0000000000017A44                 mov     rdx, r13        ; NumberOfBytes
.text:0000000000017A47                 call    cs:ExAllocatePoolWithTag ; ntoskrnl
.text:0000000000017A4D                 cmp     rax, rsi
.text:0000000000017A50                 mov     r14, rax
.text:0000000000017A53                 jnz     short loc_17A94
.text:0000000000017A55                 mov     rcx, [rsp+218h+KeyHandle] ; Handle
.text:0000000000017A5A                 cmp     rcx, rsi
.text:0000000000017A5D                 jz      short loc_17A65
.text:0000000000017A5F                 call    cs:ZwClose      ; ntoskrnl
.text:0000000000017A65
.text:0000000000017A65 loc_17A65:                              ; CODE XREF: sub_175E0+47D↑j
.text:0000000000017A65                 mov     rcx, [rsp+218h+Handle] ; Handle
.text:0000000000017A6A                 call    cs:ZwClose      ; ntoskrnl
.text:0000000000017A70                 cmp     cs:dword_1F128, esi
.text:0000000000017A76                 jz      loc_177A5
.text:0000000000017A7C                 lea     rcx, aGetregdriverin_10 ; "GetRegDriverInfo(1793):"
.text:0000000000017A83
.text:0000000000017A83 loc_17A83:                              ; CODE XREF: sub_175E0+503↓j
.text:0000000000017A83                 call    DbgPrint
.text:0000000000017A88                 lea     rcx, aExallocatepool_1 ; "ExAllocatePool failed on GetDriverRegIn"...
.text:0000000000017A8F                 jmp     loc_177A0
.text:0000000000017A94 ; ---------------------------------------------------------------------------
.text:0000000000017A94
.text:0000000000017A94 loc_17A94:                              ; CODE XREF: sub_175E0+473↑j
.text:0000000000017A94                 mov     r8d, ebx        ; Tag
.text:0000000000017A97                 mov     rdx, r13        ; NumberOfBytes
.text:0000000000017A9A                 xor     ecx, ecx        ; PoolType
.text:0000000000017A9C                 call    cs:ExAllocatePoolWithTag ; ntoskrnl
.text:0000000000017AA2                 cmp     rax, rsi
.text:0000000000017AA5                 mov     r13, rax
.text:0000000000017AA8                 jnz     short loc_17AE5
.text:0000000000017AAA                 mov     rcx, [rsp+218h+KeyHandle] ; Handle
.text:0000000000017AAF                 cmp     rcx, rsi
.text:0000000000017AB2                 jz      short loc_17ABA
.text:0000000000017AB4                 call    cs:ZwClose      ; ntoskrnl
.text:0000000000017ABA
.text:0000000000017ABA loc_17ABA:                              ; CODE XREF: sub_175E0+4D2↑j
.text:0000000000017ABA                 mov     rcx, [rsp+218h+Handle] ; Handle
.text:0000000000017ABF                 call    cs:ZwClose      ; ntoskrnl
.text:0000000000017AC5                 xor     edx, edx        ; Tag
.text:0000000000017AC7                 mov     rcx, r14        ; P
.text:0000000000017ACA                 call    cs:ExFreePoolWithTag ; ntoskrnl
.text:0000000000017AD0                 cmp     cs:dword_1F128, esi
.text:0000000000017AD6                 jz      loc_177A5
.text:0000000000017ADC                 lea     rcx, aGetregdriverin_11 ; "GetRegDriverInfo(1803):"
.text:0000000000017AE3                 jmp     short loc_17A83
.text:0000000000017AE5 ; ---------------------------------------------------------------------------
.text:0000000000017AE5
.text:0000000000017AE5 loc_17AE5:                              ; CODE XREF: sub_175E0+4C8↑j
.text:0000000000017AE5                 movzx   ecx, si
.text:0000000000017AE8                 mov     rsi, r12
.text:0000000000017AEB                 shl     rsi, 9
.text:0000000000017AEF                 mov     [rsp+218h+var_1E6], cx
.text:0000000000017AF4                 add     rsi, rbp
.text:0000000000017AF7                 mov     rbp, [rsp+218h+Src]
.text:0000000000017AFF                 xor     ebx, ebx
.text:0000000000017B01                 lea     rax, [rsi+100h]
.text:0000000000017B08                 mov     [rsp+218h+var_1D0], rax
.text:0000000000017B0D
.text:0000000000017B0D loc_17B0D:                              ; CODE XREF: sub_175E0+A43↓j
.text:0000000000017B0D                 movzx   edx, cx         ; Index
.text:0000000000017B10                 mov     rcx, [rsp+218h+Handle] ; KeyHandle
.text:0000000000017B15                 lea     rax, [rsp+218h+var_1D8]
.text:0000000000017B1A                 mov     [rsp+218h+ResultLength], rax ; ResultLength
.text:0000000000017B1F                 mov     r9, r13         ; KeyInformation
.text:0000000000017B22                 xor     r8d, r8d        ; KeyInformationClass
.text:0000000000017B25                 mov     [rsp+218h+Length], 200h ; Length
.text:0000000000017B2D                 mov     [rsp+218h+var_1D8], ebx
.text:0000000000017B31                 call    cs:ZwEnumerateKey ; ntoskrnl
.text:0000000000017B37                 cmp     eax, ebx
.text:0000000000017B39                 jl      loc_18054
.text:0000000000017B3F                 xor     edx, edx        ; Val
.text:0000000000017B41                 mov     r8d, 200h       ; Size
.text:0000000000017B47                 mov     rcx, rbp        ; Dst
.text:0000000000017B4A                 call    memset
.text:0000000000017B4F                 cmp     dword ptr [r14+0Ch], 200h
.text:0000000000017B57                 jnb     short loc_17B69
.text:0000000000017B59                 mov     r8d, [r14+0Ch]  ; MaxCount
.text:0000000000017B5D                 lea     rdx, [r14+10h]  ; Src
.text:0000000000017B61                 mov     rcx, rbp        ; Dst
.text:0000000000017B64                 call    memmove
.text:0000000000017B69
.text:0000000000017B69 loc_17B69:                              ; CODE XREF: sub_175E0+577↑j
.text:0000000000017B69                 mov     rcx, [rsp+218h+var_1B8] ; Dst
.text:0000000000017B6E                 xor     edx, edx        ; Val
.text:0000000000017B70                 mov     r8d, 200h       ; Size
.text:0000000000017B76                 call    memset
.text:0000000000017B7B                 mov     r8, rbx
.text:0000000000017B7E                 movzx   ebx, [rsp+218h+Dst]
.text:0000000000017B86                 test    bx, bx
.text:0000000000017B89                 lea     r11, [rsp+218h+Dst]
.text:0000000000017B91                 jz      short loc_17BA1
.text:0000000000017B93
.text:0000000000017B93 loc_17B93:                              ; CODE XREF: sub_175E0+5BF↓j
.text:0000000000017B93                 add     r11, 2
.text:0000000000017B97                 add     r8, rdi
.text:0000000000017B9A                 cmp     word ptr [r11], 0
.text:0000000000017B9F                 jnz     short loc_17B93
.text:0000000000017BA1
.text:0000000000017BA1 loc_17BA1:                              ; CODE XREF: sub_175E0+5B1↑j
.text:0000000000017BA1                 mov     rcx, [rsp+218h+var_1B8] ; Dst
.text:0000000000017BA6                 lea     rdx, [rsp+218h+Dst] ; Src
.text:0000000000017BAE                 add     r8, r8          ; MaxCount
.text:0000000000017BB1                 call    memmove
.text:0000000000017BB6                 xor     edx, edx
.text:0000000000017BB8                 lea     r11, [rsp+218h+Dst]
.text:0000000000017BC0                 cmp     bx, dx
.text:0000000000017BC3                 mov     rax, rdx
.text:0000000000017BC6                 jz      short loc_17BD5
.text:0000000000017BC8
.text:0000000000017BC8 loc_17BC8:                              ; CODE XREF: sub_175E0+5F3↓j
.text:0000000000017BC8                 add     r11, 2
.text:0000000000017BCC                 add     rax, rdi
.text:0000000000017BCF                 cmp     [r11], dx
.text:0000000000017BD3                 jnz     short loc_17BC8
.text:0000000000017BD5
.text:0000000000017BD5 loc_17BD5:                              ; CODE XREF: sub_175E0+5E6↑j
.text:0000000000017BD5                 mov     rcx, [rsp+218h+var_1B8]
.text:0000000000017BDA                 mov     r8, rdx
.text:0000000000017BDD                 mov     word ptr [rcx+rax*2], 5Ch ; '\'
.text:0000000000017BE3                 cmp     [rbp+0], dx
.text:0000000000017BE7                 mov     rax, rbp
.text:0000000000017BEA                 jz      short loc_17BF8
.text:0000000000017BEC
.text:0000000000017BEC loc_17BEC:                              ; CODE XREF: sub_175E0+616↓j
.text:0000000000017BEC                 add     rax, 2
.text:0000000000017BF0                 add     r8, rdi
.text:0000000000017BF3                 cmp     [rax], dx
.text:0000000000017BF6                 jnz     short loc_17BEC
.text:0000000000017BF8
.text:0000000000017BF8 loc_17BF8:                              ; CODE XREF: sub_175E0+60A↑j
.text:0000000000017BF8                 cmp     bx, dx
.text:0000000000017BFB                 lea     rax, [rsp+218h+Dst]
.text:0000000000017C03                 mov     rcx, rdx
.text:0000000000017C06                 jz      short loc_17C14
.text:0000000000017C08
.text:0000000000017C08 loc_17C08:                              ; CODE XREF: sub_175E0+632↓j
.text:0000000000017C08                 add     rax, 2
.text:0000000000017C0C                 add     rcx, rdi
.text:0000000000017C0F                 cmp     [rax], dx
.text:0000000000017C12                 jnz     short loc_17C08
.text:0000000000017C14
.text:0000000000017C14 loc_17C14:                              ; CODE XREF: sub_175E0+626↑j
.text:0000000000017C14                 mov     rbx, [rsp+218h+var_1B8]
.text:0000000000017C19                 add     r8, r8          ; MaxCount
.text:0000000000017C1C                 mov     rdx, rbp        ; Src
.text:0000000000017C1F                 lea     rcx, [rbx+rcx*2+2] ; Dst
.text:0000000000017C24                 call    memmove
.text:0000000000017C29                 cmp     cs:dword_1F128, 0
.text:0000000000017C30                 jz      short loc_17C4D
.text:0000000000017C32                 lea     rcx, aGetregdriverin_12 ; "GetRegDriverInfo(1825):"
.text:0000000000017C39                 call    DbgPrint
.text:0000000000017C3E                 lea     rcx, aEnumerateDrive ; "Enumerate Driver[%-.128ws]\n"
.text:0000000000017C45                 mov     rdx, rbx
.text:0000000000017C48                 call    DbgPrint
.text:0000000000017C4D
.text:0000000000017C4D loc_17C4D:                              ; CODE XREF: sub_175E0+650↑j
.text:0000000000017C4D                 lea     rcx, [rsp+218h+var_150] ; DestinationString
.text:0000000000017C55                 mov     rdx, rbx        ; SourceString
.text:0000000000017C58                 call    cs:RtlInitUnicodeString ; ntoskrnl
.text:0000000000017C5E                 xor     ecx, ecx
.text:0000000000017C60                 lea     rax, [rsp+218h+var_150]
.text:0000000000017C68                 mov     [rsp+218h+ObjectAttributes.RootDirectory], rcx
.text:0000000000017C6D                 mov     [rsp+218h+ObjectAttributes.Attributes], ecx
.text:0000000000017C74                 mov     [rsp+218h+ObjectAttributes.SecurityDescriptor], rcx
.text:0000000000017C7C                 mov     [rsp+218h+ObjectAttributes.SecurityQualityOfService], rcx
.text:0000000000017C84                 lea     r8, [rsp+218h+ObjectAttributes] ; ObjectAttributes
.text:0000000000017C89                 lea     rcx, [rsp+218h+KeyHandle] ; KeyHandle
.text:0000000000017C8E                 mov     edx, 0F003Fh    ; DesiredAccess
.text:0000000000017C93                 mov     [rsp+218h+ObjectAttributes.Length], 30h ; '0'
.text:0000000000017C9B                 mov     [rsp+218h+ObjectAttributes.ObjectName], rax
.text:0000000000017CA0                 call    cs:ZwOpenKey    ; ntoskrnl
.text:0000000000017CA6                 test    eax, eax
.text:0000000000017CA8                 mov     ebx, eax
.text:0000000000017CAA                 js      loc_1802B
.text:0000000000017CB0                 lea     rdx, qword_1A700 ; SourceString
.text:0000000000017CB7                 lea     rcx, [rsp+218h+ValueName] ; DestinationString
.text:0000000000017CBF                 call    cs:RtlInitUnicodeString ; ntoskrnl
.text:0000000000017CC5                 mov     rcx, [rsp+218h+KeyHandle] ; KeyHandle
.text:0000000000017CCA                 lea     r11, [rsp+218h+var_1D8]
.text:0000000000017CCF                 mov     [rsp+218h+ResultLength], r11 ; ResultLength
.text:0000000000017CD4                 lea     rdx, [rsp+218h+ValueName] ; ValueName
.text:0000000000017CDC                 mov     r9, r13         ; KeyValueInformation
.text:0000000000017CDF                 mov     r8d, edi        ; KeyValueInformationClass
.text:0000000000017CE2                 mov     [rsp+218h+Length], 200h ; Length
.text:0000000000017CEA                 call    cs:ZwQueryValueKey ; ntoskrnl
.text:0000000000017CF0                 xor     ebx, ebx
.text:0000000000017CF2                 cmp     eax, ebx
.text:0000000000017CF4                 jl      loc_17FE6
.text:0000000000017CFA                 mov     ebx, [r13+8]
.text:0000000000017CFE                 xor     edx, edx        ; Val
.text:0000000000017D00                 mov     r8d, 200h       ; Size
.text:0000000000017D06                 mov     rcx, r15        ; Dst
.text:0000000000017D09                 add     rbx, r13
.text:0000000000017D0C                 call    memset
.text:0000000000017D11                 mov     r8d, [r13+0Ch]  ; MaxCount
.text:0000000000017D15                 mov     rdx, rbx        ; Src
.text:0000000000017D18                 mov     rcx, r15        ; Dst
.text:0000000000017D1B                 call    memmove
.text:0000000000017D20                 mov     r11d, cs:dword_1F128
.text:0000000000017D27                 xor     ebx, ebx
.text:0000000000017D29                 cmp     r11d, ebx
.text:0000000000017D2C                 jz      short loc_17D77
.text:0000000000017D2E                 lea     rcx, aGetregdriverin_13 ; "GetRegDriverInfo(1837):"
.text:0000000000017D35                 call    DbgPrint
.text:0000000000017D3A                 lea     rcx, aRegkeyWs  ; "=====RegKey[%ws]\n"
.text:0000000000017D41                 mov     rdx, rbp
.text:0000000000017D44                 call    DbgPrint
.text:0000000000017D49                 mov     r11d, cs:dword_1F128
.text:0000000000017D50                 cmp     r11d, ebx
.text:0000000000017D53                 jz      short loc_17D77
.text:0000000000017D55                 lea     rcx, aGetregdriverin_14 ; "GetRegDriverInfo(1838):"
.text:0000000000017D5C                 call    DbgPrint
.text:0000000000017D61                 lea     rcx, aEntryWs   ; "=====Entry [%ws]\n"
.text:0000000000017D68                 mov     rdx, r15
.text:0000000000017D6B                 call    DbgPrint
.text:0000000000017D70                 mov     r11d, cs:dword_1F128
.text:0000000000017D77
.text:0000000000017D77 loc_17D77:                              ; CODE XREF: sub_175E0+74C↑j
.text:0000000000017D77                                         ; sub_175E0+773↑j
.text:0000000000017D77                 mov     eax, [r13+0Ch]
.text:0000000000017D7B                 cmp     eax, 8
.text:0000000000017D7E                 jbe     loc_18006
.text:0000000000017D84                 shr     eax, 1
.text:0000000000017D86                 cmp     word ptr [r15], 22h ; '"'
.text:0000000000017D8B                 lea     ecx, [rax-5]
.text:0000000000017D8E                 jnz     short loc_17D93
.text:0000000000017D90                 sub     rcx, rdi
.text:0000000000017D93
.text:0000000000017D93 loc_17D93:                              ; CODE XREF: sub_175E0+7AE↑j
.text:0000000000017D93                 cmp     word ptr [r15+rcx*2], 2Eh ; '.'
.text:0000000000017D99                 jnz     loc_18006
.text:0000000000017D9F                 cmp     word ptr [r15+rcx*2+2], 53h ; 'S'
.text:0000000000017DA6                 jz      short loc_17DB5
.text:0000000000017DA8                 cmp     word ptr [r15+rcx*2+2], 73h ; 's'
.text:0000000000017DAF                 jnz     loc_17E9C
.text:0000000000017DB5
.text:0000000000017DB5 loc_17DB5:                              ; CODE XREF: sub_175E0+7C6↑j
.text:0000000000017DB5                 cmp     word ptr [r15+rcx*2+4], 59h ; 'Y'
.text:0000000000017DBC                 jz      short loc_17DCB
.text:0000000000017DBE                 cmp     word ptr [r15+rcx*2+4], 79h ; 'y'
.text:0000000000017DC5                 jnz     loc_17E9C
.text:0000000000017DCB
.text:0000000000017DCB loc_17DCB:                              ; CODE XREF: sub_175E0+7DC↑j
.text:0000000000017DCB                 cmp     word ptr [r15+rcx*2+6], 53h ; 'S'
.text:0000000000017DD2                 jz      short loc_17DE1
.text:0000000000017DD4                 cmp     word ptr [r15+rcx*2+6], 73h ; 's'
.text:0000000000017DDB                 jnz     loc_17E9C
.text:0000000000017DE1
.text:0000000000017DE1 loc_17DE1:                              ; CODE XREF: sub_175E0+7F2↑j
.text:0000000000017DE1                 cmp     r11d, ebx
.text:0000000000017DE4                 jz      short loc_17E24
.text:0000000000017DE6                 lea     rcx, aGetregdriverin_15 ; "GetRegDriverInfo(1848):"
.text:0000000000017DED                 call    DbgPrint
.text:0000000000017DF2                 lea     rcx, aRegkeyWs_0 ; "RegKey   [%ws]\n"
.text:0000000000017DF9                 mov     rdx, rbp
.text:0000000000017DFC                 call    DbgPrint
.text:0000000000017E01                 cmp     cs:dword_1F128, ebx
.text:0000000000017E07                 jz      short loc_17E24
.text:0000000000017E09                 lea     rcx, aGetregdriverin_16 ; "GetRegDriverInfo(1849):"
.text:0000000000017E10                 call    DbgPrint
.text:0000000000017E15                 lea     rcx, aDriverWs  ; "   Driver[%ws]\n"
.text:0000000000017E1C                 mov     rdx, r15
.text:0000000000017E1F                 call    DbgPrint
.text:0000000000017E24
.text:0000000000017E24 loc_17E24:                              ; CODE XREF: sub_175E0+804↑j
.text:0000000000017E24                                         ; sub_175E0+827↑j
.text:0000000000017E24                 cmp     r12, [rsp+218h+var_180]
.text:0000000000017E2C                 jnb     loc_17FC5
.text:0000000000017E32                 xor     edx, edx        ; Val
.text:0000000000017E34                 mov     r8d, 100h       ; Size
.text:0000000000017E3A                 mov     rcx, rsi        ; Dst
.text:0000000000017E3D                 call    memset
.text:0000000000017E42                 mov     r11d, [r13+0Ch]
.text:0000000000017E46                 mov     rbx, [rsp+218h+var_1C0]
.text:0000000000017E4B                 shr     r11, 1
.text:0000000000017E4E                 mov     rdx, rbx
.text:0000000000017E51                 mov     rcx, r15
.text:0000000000017E54                 jz      short loc_17E66
.text:0000000000017E56
.text:0000000000017E56 loc_17E56:                              ; CODE XREF: sub_175E0+884↓j
.text:0000000000017E56                 mov     al, [rcx]
.text:0000000000017E58                 add     rcx, 2
.text:0000000000017E5C                 mov     [rdx], al
.text:0000000000017E5E                 add     rdx, rdi
.text:0000000000017E61                 sub     r11, rdi
.text:0000000000017E64                 jnz     short loc_17E56
.text:0000000000017E66
.text:0000000000017E66 loc_17E66:                              ; CODE XREF: sub_175E0+874↑j
.text:0000000000017E66                 mov     byte ptr [rdx], 0
.text:0000000000017E69                 mov     r8d, [r13+0Ch]
.text:0000000000017E6D                 mov     rcx, rsi        ; Dst
.text:0000000000017E70                 shr     r8, 1           ; MaxCount
.text:0000000000017E73                 mov     rdx, rbx        ; Src
.text:0000000000017E76                 call    memmove
.text:0000000000017E7B                 mov     r11, rbx
.text:0000000000017E7E                 mov     rcx, rbp
.text:0000000000017E81                 mov     edx, 100h
.text:0000000000017E86
.text:0000000000017E86 loc_17E86:                              ; CODE XREF: sub_175E0+8B5↓j
.text:0000000000017E86                 mov     al, [rcx]
.text:0000000000017E88                 add     rcx, 2
.text:0000000000017E8C                 mov     [r11], al
.text:0000000000017E8F                 add     r11, rdi
.text:0000000000017E92                 sub     rdx, rdi
.text:0000000000017E95                 jnz     short loc_17E86
.text:0000000000017E97                 jmp     loc_17FA0
.text:0000000000017E9C ; ---------------------------------------------------------------------------
.text:0000000000017E9C
.text:0000000000017E9C loc_17E9C:                              ; CODE XREF: sub_175E0+7CF↑j
.text:0000000000017E9C                                         ; sub_175E0+7E5↑j ...
.text:0000000000017E9C                 cmp     word ptr [r15+rcx*2], 2Eh ; '.'
.text:0000000000017EA2                 jnz     loc_18006
.text:0000000000017EA8                 cmp     word ptr [r15+rcx*2+2], 45h ; 'E'
.text:0000000000017EAF                 jz      short loc_17EBE
.text:0000000000017EB1                 cmp     word ptr [r15+rcx*2+2], 65h ; 'e'
.text:0000000000017EB8                 jnz     loc_18006
.text:0000000000017EBE
.text:0000000000017EBE loc_17EBE:                              ; CODE XREF: sub_175E0+8CF↑j
.text:0000000000017EBE                 cmp     word ptr [r15+rcx*2+4], 58h ; 'X'
.text:0000000000017EC5                 jz      short loc_17ED4
.text:0000000000017EC7                 cmp     word ptr [r15+rcx*2+4], 78h ; 'x'
.text:0000000000017ECE                 jnz     loc_18006
.text:0000000000017ED4
.text:0000000000017ED4 loc_17ED4:                              ; CODE XREF: sub_175E0+8E5↑j
.text:0000000000017ED4                 cmp     word ptr [r15+rcx*2+6], 45h ; 'E'
.text:0000000000017EDB                 jz      short loc_17EEA
.text:0000000000017EDD                 cmp     word ptr [r15+rcx*2+6], 65h ; 'e'
.text:0000000000017EE4                 jnz     loc_18006
.text:0000000000017EEA
.text:0000000000017EEA loc_17EEA:                              ; CODE XREF: sub_175E0+8FB↑j
.text:0000000000017EEA                 cmp     r11d, ebx
.text:0000000000017EED                 jz      short loc_17F2D
.text:0000000000017EEF                 lea     rcx, aGetregdriverin_17 ; "GetRegDriverInfo(1864):"
.text:0000000000017EF6                 call    DbgPrint
.text:0000000000017EFB                 lea     rcx, aRegkeyWs_0 ; "RegKey   [%ws]\n"
.text:0000000000017F02                 mov     rdx, rbp
.text:0000000000017F05                 call    DbgPrint
.text:0000000000017F0A                 cmp     cs:dword_1F128, ebx
.text:0000000000017F10                 jz      short loc_17F2D
.text:0000000000017F12                 lea     rcx, aGetregdriverin_18 ; "GetRegDriverInfo(1865):"
.text:0000000000017F19                 call    DbgPrint
.text:0000000000017F1E                 lea     rcx, aExeWs     ; "   EXE   [%ws]\n"
.text:0000000000017F25                 mov     rdx, r15
.text:0000000000017F28                 call    DbgPrint
.text:0000000000017F2D
.text:0000000000017F2D loc_17F2D:                              ; CODE XREF: sub_175E0+90D↑j
.text:0000000000017F2D                                         ; sub_175E0+930↑j
.text:0000000000017F2D                 cmp     r12, [rsp+218h+var_180]
.text:0000000000017F35                 jnb     loc_17FC5
.text:0000000000017F3B                 xor     edx, edx        ; Val
.text:0000000000017F3D                 mov     r8d, 100h       ; Size
.text:0000000000017F43                 mov     rcx, rsi        ; Dst
.text:0000000000017F46                 call    memset
.text:0000000000017F4B                 mov     r11d, [r13+0Ch]
.text:0000000000017F4F                 mov     rbx, [rsp+218h+var_1C0]
.text:0000000000017F54                 shr     r11, 1
.text:0000000000017F57                 mov     rdx, rbx
.text:0000000000017F5A                 mov     rcx, r15
.text:0000000000017F5D                 jz      short loc_17F6F
.text:0000000000017F5F
.text:0000000000017F5F loc_17F5F:                              ; CODE XREF: sub_175E0+98D↓j
.text:0000000000017F5F                 mov     al, [rcx]
.text:0000000000017F61                 add     rcx, 2
.text:0000000000017F65                 mov     [rdx], al
.text:0000000000017F67                 add     rdx, rdi
.text:0000000000017F6A                 sub     r11, rdi
.text:0000000000017F6D                 jnz     short loc_17F5F
.text:0000000000017F6F
.text:0000000000017F6F loc_17F6F:                              ; CODE XREF: sub_175E0+97D↑j
.text:0000000000017F6F                 mov     byte ptr [rdx], 0
.text:0000000000017F72                 mov     r8d, [r13+0Ch]
.text:0000000000017F76                 mov     rcx, rsi        ; Dst
.text:0000000000017F79                 shr     r8, 1           ; MaxCount
.text:0000000000017F7C                 mov     rdx, rbx        ; Src
.text:0000000000017F7F                 call    memmove
.text:0000000000017F84                 mov     r11, rbx
.text:0000000000017F87                 mov     rcx, rbp
.text:0000000000017F8A                 mov     edx, 100h
.text:0000000000017F8F
.text:0000000000017F8F loc_17F8F:                              ; CODE XREF: sub_175E0+9BE↓j
.text:0000000000017F8F                 mov     al, [rcx]
.text:0000000000017F91                 add     rcx, 2
.text:0000000000017F95                 mov     [r11], al
.text:0000000000017F98                 add     r11, rdi
.text:0000000000017F9B                 sub     rdx, rdi
.text:0000000000017F9E                 jnz     short loc_17F8F
.text:0000000000017FA0
.text:0000000000017FA0 loc_17FA0:                              ; CODE XREF: sub_175E0+8B7↑j
.text:0000000000017FA0                 mov     rbx, [rsp+218h+var_1D0]
.text:0000000000017FA5                 mov     rdx, [rsp+218h+var_1C0] ; Src
.text:0000000000017FAA                 mov     r8d, 0FFh       ; MaxCount
.text:0000000000017FB0                 mov     rcx, rbx        ; Dst
.text:0000000000017FB3                 mov     byte ptr [r11], 0
.text:0000000000017FB7                 call    memmove
.text:0000000000017FBC                 mov     byte ptr [rsi+1FFh], 0
.text:0000000000017FC3                 jmp     short loc_17FCF
.text:0000000000017FC5 ; ---------------------------------------------------------------------------
.text:0000000000017FC5
.text:0000000000017FC5 loc_17FC5:                              ; CODE XREF: sub_175E0+84C↑j
.text:0000000000017FC5                                         ; sub_175E0+955↑j
.text:0000000000017FC5                 mov     rbx, [rsp+218h+var_1D0]
.text:0000000000017FCA                 mov     [rsp+218h+var_1E8], dil
.text:0000000000017FCF
.text:0000000000017FCF loc_17FCF:                              ; CODE XREF: sub_175E0+9E3↑j
.text:0000000000017FCF                 mov     eax, 200h
.text:0000000000017FD4                 add     r12, rdi
.text:0000000000017FD7                 add     rbx, rax
.text:0000000000017FDA                 add     rsi, rax
.text:0000000000017FDD                 mov     [rsp+218h+var_1D0], rbx
.text:0000000000017FE2                 xor     ebx, ebx
.text:0000000000017FE4                 jmp     short loc_18006
.text:0000000000017FE6 ; ---------------------------------------------------------------------------
.text:0000000000017FE6
.text:0000000000017FE6 loc_17FE6:                              ; CODE XREF: sub_175E0+714↑j
.text:0000000000017FE6                 cmp     cs:dword_1F128, ebx
.text:0000000000017FEC                 jz      short loc_18006
.text:0000000000017FEE                 lea     rcx, aGetregdriverin_19 ; "GetRegDriverInfo(1880):"
.text:0000000000017FF5                 call    DbgPrint
.text:0000000000017FFA                 lea     rcx, aImagepathInfoQ ; "ImagePath Info query Failed!\n"
.text:0000000000018001                 call    DbgPrint
.text:0000000000018006
.text:0000000000018006 loc_18006:                              ; CODE XREF: sub_175E0+79E↑j
.text:0000000000018006                                         ; sub_175E0+7B9↑j ...
.text:0000000000018006                 mov     rcx, [rsp+218h+KeyHandle] ; Handle
.text:000000000001800B                 call    cs:ZwClose      ; ntoskrnl
.text:0000000000018011                 mov     cx, [rsp+218h+var_1E6]
.text:0000000000018016                 add     cx, di
.text:0000000000018019                 cmp     cx, 400h
.text:000000000001801E                 mov     [rsp+218h+var_1E6], cx
.text:0000000000018023                 jb      loc_17B0D
.text:0000000000018029                 jmp     short loc_18054
.text:000000000001802B ; ---------------------------------------------------------------------------
.text:000000000001802B
.text:000000000001802B loc_1802B:                              ; CODE XREF: sub_175E0+6CA↑j
.text:000000000001802B                 cmp     cs:dword_1F128, 0
.text:0000000000018032                 jz      short loc_18052
.text:0000000000018034                 lea     rcx, aGetregdriverin_20 ; "GetRegDriverInfo(1885):"
.text:000000000001803B                 call    DbgPrint
.text:0000000000018040                 lea     rcx, aRegopenFailedO_0 ; "RegOpen Failed on [%ws]! [%8.8X]"
.text:0000000000018047                 mov     r8d, ebx
.text:000000000001804A                 mov     rdx, rbp
.text:000000000001804D                 call    DbgPrint
.text:0000000000018052
.text:0000000000018052 loc_18052:                              ; CODE XREF: sub_175E0+A52↑j
.text:0000000000018052                 xor     ebx, ebx
.text:0000000000018054
.text:0000000000018054 loc_18054:                              ; CODE XREF: sub_175E0+559↑j
.text:0000000000018054                                         ; sub_175E0+A49↑j
.text:0000000000018054                 mov     rcx, [rsp+218h+Handle] ; Handle
.text:0000000000018059                 call    cs:ZwClose      ; ntoskrnl
.text:000000000001805F                 xor     edx, edx        ; Tag
.text:0000000000018061                 mov     rcx, r13        ; P
.text:0000000000018064                 call    cs:ExFreePoolWithTag ; ntoskrnl
.text:000000000001806A                 xor     edx, edx        ; Tag
.text:000000000001806C                 mov     rcx, r14        ; P
.text:000000000001806F                 call    cs:ExFreePoolWithTag ; ntoskrnl
.text:0000000000018075                 mov     al, [rsp+218h+var_1E8]
.text:0000000000018079                 cmp     al, bl
.text:000000000001807B                 cmovnz  r12, rbx
.text:000000000001807F                 mov     rax, r12
.text:0000000000018082
.text:0000000000018082 loc_18082:                              ; CODE XREF: sub_175E0+1C8↑j
.text:0000000000018082                 mov     rcx, [rsp+218h+var_48]
.text:000000000001808A                 xor     rcx, rsp        ; StackCookie
.text:000000000001808D                 call    __security_check_cookie
.text:0000000000018092                 mov     rbx, [rsp+218h+arg_10]
.text:000000000001809A                 add     rsp, 1E0h
.text:00000000000180A1                 pop     r15
.text:00000000000180A3                 pop     r14
.text:00000000000180A5                 pop     r13
.text:00000000000180A7                 pop     r12
.text:00000000000180A9                 pop     rdi
.text:00000000000180AA                 pop     rsi
.text:00000000000180AB                 pop     rbp
.text:00000000000180AC                 retn
.text:00000000000180AC ; } // starts at 175E0
.text:00000000000180AC sub_175E0       endp
.text:00000000000180AC
.text:00000000000180AC ; ---------------------------------------------------------------------------
.text:00000000000180AD byte_180AD      db 7 dup(0CCh)          ; DATA XREF: .pdata:00000000000201C8↓o
.text:00000000000180B4
.text:00000000000180B4 ; =============== S U B R O U T I N E =======================================
.text:00000000000180B4
.text:00000000000180B4
.text:00000000000180B4 ; __int64 __fastcall sub_180B4(__int64, _QWORD *)
.text:00000000000180B4 sub_180B4       proc near               ; CODE XREF: sub_182C0+4C↓p
.text:00000000000180B4                                         ; DATA XREF: .pdata:00000000000201D4↓o
.text:00000000000180B4
.text:00000000000180B4 var_28          = qword ptr -28h
.text:00000000000180B4 arg_0           = qword ptr  8
.text:00000000000180B4 arg_8           = qword ptr  10h
.text:00000000000180B4 arg_10          = qword ptr  18h
.text:00000000000180B4
.text:00000000000180B4 ; __unwind { // __C_specific_handler
.text:00000000000180B4                 mov     [rsp+arg_0], rbx
.text:00000000000180B9                 mov     [rsp+arg_8], rsi
.text:00000000000180BE                 mov     [rsp+arg_10], rdi
.text:00000000000180C3                 push    r12
.text:00000000000180C5                 push    r13
.text:00000000000180C7                 push    r15
.text:00000000000180C9                 sub     rsp, 30h
.text:00000000000180CD                 mov     rsi, rdx
.text:00000000000180D0                 mov     r13, rcx
.text:00000000000180D3                 xor     edi, edi
.text:00000000000180D5                 mov     [rdx], rdi
.text:00000000000180D8
.text:00000000000180D8 loc_180D8:                              ; DATA XREF: .rdata:000000000001E2A8↓o
.text:00000000000180D8 ;   __try { // __except at loc_181FD
.text:00000000000180D8                 mov     rax, cs:qword_1F5A0
.text:00000000000180DF                 mov     r12, [rax+28h]
.text:00000000000180E3                 mov     rbx, r12
.text:00000000000180E6                 mov     [rsp+48h+var_28], rbx
.text:00000000000180EB                 mov     r15d, 1FEh
.text:00000000000180F1
.text:00000000000180F1 loc_180F1:                              ; CODE XREF: sub_180B4+141↓j
.text:00000000000180F1                 mov     rcx, [rsi]
.text:00000000000180F4                 imul    rcx, 630h
.text:00000000000180FB                 mov     rax, [rbx+30h]
.text:00000000000180FF                 mov     [rcx+r13], rax
.text:0000000000018103                 mov     rdx, [rbx+60h]  ; Source
.text:0000000000018107                 cmp     rdx, rdi
.text:000000000001810A                 jz      short loc_18161
.text:000000000001810C                 movzx   r8d, word ptr [rbx+58h]
.text:0000000000018111                 mov     eax, 1FCh
.text:0000000000018116                 cmp     r8, r15
.text:0000000000018119                 cmovnb  r8, rax
.text:000000000001811D                 shr     r8, 1           ; Count
.text:0000000000018120                 mov     rax, [rsi]
.text:0000000000018123                 imul    rax, 630h
.text:000000000001812A                 lea     rcx, [rax+r13+214h] ; Dest
.text:0000000000018132                 call    cs:wcsncpy      ; ntoskrnl
.text:0000000000018138                 mov     r11, [rsi]
.text:000000000001813B                 imul    r11, 630h
.text:0000000000018142                 lea     r9, [r11+r13+214h]
.text:000000000001814A                 lea     rcx, [r11+r13+8] ; Dest
.text:000000000001814F                 lea     r8, aS          ; "%S"
.text:0000000000018156                 mov     edx, 0FFh       ; Count
.text:000000000001815B                 call    cs:_snprintf    ; ntoskrnl
.text:0000000000018161
.text:0000000000018161 loc_18161:                              ; CODE XREF: sub_180B4+56↑j
.text:0000000000018161                 mov     rdx, [rbx+50h]  ; Source
.text:0000000000018165                 cmp     rdx, rdi
.text:0000000000018168                 jz      short loc_181C1
.text:000000000001816A                 movzx   r8d, word ptr [rbx+48h]
.text:000000000001816F                 cmp     r8, 200h
.text:0000000000018176                 cmovnb  r8, r15
.text:000000000001817A                 shr     r8, 1           ; Count
.text:000000000001817D                 mov     rax, [rsi]
.text:0000000000018180                 imul    rax, 630h
.text:0000000000018187                 lea     rcx, [rax+r13+420h] ; Dest
.text:000000000001818F                 call    cs:wcsncpy      ; ntoskrnl
.text:0000000000018195                 mov     r11, [rsi]
.text:0000000000018198                 imul    r11, 630h
.text:000000000001819F                 lea     r9, [r11+r13+420h]
.text:00000000000181A7                 lea     rcx, [r11+r13+10Eh] ; Dest
.text:00000000000181AF                 lea     r8, aS          ; "%S"
.text:00000000000181B6                 mov     edx, 100h       ; Count
.text:00000000000181BB                 call    cs:_snprintf    ; ntoskrnl
.text:00000000000181C1
.text:00000000000181C1 loc_181C1:                              ; CODE XREF: sub_180B4+B4↑j
.text:00000000000181C1                 add     qword ptr [rsi], 1
.text:00000000000181C5                 mov     rdx, [rsi]
.text:00000000000181C8                 cmp     rdx, 400h
.text:00000000000181CF                 jb      short loc_181E5
.text:00000000000181D1                 mov     r8d, 400h
.text:00000000000181D7                 lea     rcx, aErrorGetdrvinf ; "Error: (GetDrvInfoFromDrvObj) sInfoCoun"...
.text:00000000000181DE                 call    DbgPrint
.text:00000000000181E3                 jmp     short loc_181FB
.text:00000000000181E5 ; ---------------------------------------------------------------------------
.text:00000000000181E5
.text:00000000000181E5 loc_181E5:                              ; CODE XREF: sub_180B4+11B↑j
.text:00000000000181E5                 mov     rbx, [rbx]
.text:00000000000181E8                 mov     [rsp+48h+var_28], rbx
.text:00000000000181ED                 cmp     rbx, rdi
.text:00000000000181F0                 jz      short loc_181FB
.text:00000000000181F2                 cmp     rbx, r12
.text:00000000000181F5                 jnz     loc_180F1
.text:00000000000181FB
.text:00000000000181FB loc_181FB:                              ; CODE XREF: sub_180B4+12F↑j
.text:00000000000181FB                                         ; sub_180B4+13C↑j
.text:00000000000181FB                 jmp     short loc_181FF
.text:00000000000181FB ;   } // starts at 180D8
.text:00000000000181FD ; ---------------------------------------------------------------------------
.text:00000000000181FD
.text:00000000000181FD loc_181FD:                              ; DATA XREF: .rdata:000000000001E2A8↓o
.text:00000000000181FD ;   __except(1) // owned by 180D8
.text:00000000000181FD                 mov     edi, eax
.text:00000000000181FF
.text:00000000000181FF loc_181FF:                              ; CODE XREF: sub_180B4:loc_181FB↑j
.text:00000000000181FF                 mov     eax, edi
.text:0000000000018201                 mov     rbx, [rsp+48h+arg_0]
.text:0000000000018206                 mov     rsi, [rsp+48h+arg_8]
.text:000000000001820B                 mov     rdi, [rsp+48h+arg_10]
.text:0000000000018210                 add     rsp, 30h
.text:0000000000018214                 pop     r15
.text:0000000000018216                 pop     r13
.text:0000000000018218                 pop     r12
.text:000000000001821A                 retn
.text:000000000001821A ; } // starts at 180B4
.text:000000000001821A sub_180B4       endp
.text:000000000001821A
.text:000000000001821A ; ---------------------------------------------------------------------------
.text:000000000001821B byte_1821B      db 9 dup(0CCh)          ; DATA XREF: .pdata:00000000000201D4↓o
.text:0000000000018224
.text:0000000000018224 ; =============== S U B R O U T I N E =======================================
.text:0000000000018224
.text:0000000000018224
.text:0000000000018224 ; bool __fastcall sub_18224(char *Str1, char *Str2)
.text:0000000000018224 sub_18224       proc near               ; CODE XREF: sub_182C0+99↓p
.text:0000000000018224                                         ; DATA XREF: .pdata:00000000000201E0↓o
.text:0000000000018224
.text:0000000000018224 arg_0           = qword ptr  8
.text:0000000000018224 arg_8           = qword ptr  10h
.text:0000000000018224 arg_10          = qword ptr  18h
.text:0000000000018224 arg_18          = qword ptr  20h
.text:0000000000018224
.text:0000000000018224 ; __unwind { // __C_specific_handler
.text:0000000000018224                 mov     rax, rsp
.text:0000000000018227                 mov     [rax+18h], rbx
.text:000000000001822B                 mov     [rax+20h], rsi
.text:000000000001822F                 mov     [rax+10h], rdx
.text:0000000000018233                 mov     [rax+8], rcx
.text:0000000000018237                 push    rdi
.text:0000000000018238                 sub     rsp, 20h
.text:000000000001823C                 mov     rsi, rdx
.text:000000000001823F                 mov     rdi, rcx
.text:0000000000018242
.text:0000000000018242 loc_18242:                              ; DATA XREF: .rdata:000000000001E278↓o
.text:0000000000018242 ;   __try { // __except at loc_18290    ; Ch
.text:0000000000018242                 mov     edx, 5Ch ; '\'
.text:0000000000018247                 call    cs:strrchr      ; ntoskrnl
.text:000000000001824D                 mov     rbx, rax
.text:0000000000018250                 test    rax, rax
.text:0000000000018253                 jnz     short loc_1825A
.text:0000000000018255                 mov     rbx, rdi
.text:0000000000018258                 jmp     short loc_1825E
.text:000000000001825A ; ---------------------------------------------------------------------------
.text:000000000001825A
.text:000000000001825A loc_1825A:                              ; CODE XREF: sub_18224+2F↑j
.text:000000000001825A                 add     rbx, 1
.text:000000000001825E
.text:000000000001825E loc_1825E:                              ; CODE XREF: sub_18224+34↑j
.text:000000000001825E                 mov     edx, 5Ch ; '\'  ; Ch
.text:0000000000018263                 mov     rcx, rsi        ; Str
.text:0000000000018266                 call    cs:strrchr      ; ntoskrnl
.text:000000000001826C                 test    rax, rax
.text:000000000001826F                 jnz     short loc_18276
.text:0000000000018271                 mov     rax, rsi
.text:0000000000018274                 jmp     short loc_1827A
.text:0000000000018276 ; ---------------------------------------------------------------------------
.text:0000000000018276
.text:0000000000018276 loc_18276:                              ; CODE XREF: sub_18224+4B↑j
.text:0000000000018276                 add     rax, 1
.text:000000000001827A
.text:000000000001827A loc_1827A:                              ; CODE XREF: sub_18224+50↑j
.text:000000000001827A                 mov     rdx, rax        ; Str2
.text:000000000001827D                 mov     rcx, rbx        ; Str1
.text:0000000000018280                 call    cs:_stricmp     ; ntoskrnl
.text:0000000000018286                 test    eax, eax
.text:0000000000018288                 jnz     short loc_1828E
.text:000000000001828A                 mov     al, 1
.text:000000000001828C                 jmp     short loc_182A9
.text:000000000001828E ; ---------------------------------------------------------------------------
.text:000000000001828E
.text:000000000001828E loc_1828E:                              ; CODE XREF: sub_18224+64↑j
.text:000000000001828E                 jmp     short loc_182A7
.text:000000000001828E ;   } // starts at 18242
.text:0000000000018290 ; ---------------------------------------------------------------------------
.text:0000000000018290
.text:0000000000018290 loc_18290:                              ; DATA XREF: .rdata:000000000001E278↓o
.text:0000000000018290 ;   __except(1) // owned by 18242
.text:0000000000018290                 mov     r8, [rsp+28h+arg_8]
.text:0000000000018295                 mov     rdx, [rsp+28h+arg_0]
.text:000000000001829A                 lea     rcx, aExceptionFilep ; "Exception: (FilePathMatch) Path1:%s Pat"...
.text:00000000000182A1                 call    DbgPrint
.text:00000000000182A6                 nop
.text:00000000000182A7
.text:00000000000182A7 loc_182A7:                              ; CODE XREF: sub_18224:loc_1828E↑j
.text:00000000000182A7                 xor     al, al
.text:00000000000182A9
.text:00000000000182A9 loc_182A9:                              ; CODE XREF: sub_18224+68↑j
.text:00000000000182A9                 mov     rbx, [rsp+28h+arg_10]
.text:00000000000182AE                 mov     rsi, [rsp+28h+arg_18]
.text:00000000000182B3                 add     rsp, 20h
.text:00000000000182B7                 pop     rdi
.text:00000000000182B8                 retn
.text:00000000000182B8 ; } // starts at 18224
.text:00000000000182B8 sub_18224       endp
.text:00000000000182B8
.text:00000000000182B8 ; ---------------------------------------------------------------------------
.text:00000000000182B9 algn_182B9:                             ; DATA XREF: .pdata:00000000000201E0↓o
.text:00000000000182B9                 align 20h
.text:00000000000182C0
.text:00000000000182C0 ; =============== S U B R O U T I N E =======================================
.text:00000000000182C0
.text:00000000000182C0
.text:00000000000182C0 ; unsigned __int64 __fastcall sub_182C0(__int64, __int64, char *, unsigned __int64, unsigned __int64)
.text:00000000000182C0 sub_182C0       proc near               ; CODE XREF: sub_13E80+5AB↑p
.text:00000000000182C0                                         ; sub_13E80+AE9↑p
.text:00000000000182C0                                         ; DATA XREF: ...
.text:00000000000182C0
.text:00000000000182C0 var_38          = qword ptr -38h
.text:00000000000182C0 arg_0           = qword ptr  8
.text:00000000000182C0 arg_8           = qword ptr  10h
.text:00000000000182C0 arg_10          = qword ptr  18h
.text:00000000000182C0 arg_18          = qword ptr  20h
.text:00000000000182C0 arg_20          = qword ptr  28h
.text:00000000000182C0
.text:00000000000182C0                 mov     [rsp+arg_8], rbx
.text:00000000000182C5                 mov     [rsp+arg_10], rsi
.text:00000000000182CA                 mov     [rsp+arg_18], r9
.text:00000000000182CF                 push    rdi
.text:00000000000182D0                 push    r12
.text:00000000000182D2                 push    r13
.text:00000000000182D4                 push    r14
.text:00000000000182D6                 push    r15
.text:00000000000182D8                 sub     rsp, 30h
.text:00000000000182DC                 mov     r15, r8
.text:00000000000182DF                 mov     rdi, rcx
.text:00000000000182E2                 xor     edx, edx        ; Val
.text:00000000000182E4                 mov     r8d, 18C000h    ; Size
.text:00000000000182EA                 add     rcx, 108h       ; Dst
.text:00000000000182F1                 call    memset
.text:00000000000182F6                 lea     rsi, [rdi+18C108h]
.text:00000000000182FD                 lea     rcx, [rdi+108h]
.text:0000000000018304                 mov     rdx, rsi
.text:0000000000018307                 mov     [rsp+58h+var_38], rsi
.text:000000000001830C                 call    sub_180B4
.text:0000000000018311                 mov     r13, [rsp+58h+arg_20]
.text:0000000000018319                 xor     r12d, r12d
.text:000000000001831C                 cmp     [rsi], r12
.text:000000000001831F                 jbe     loc_183FE
.text:0000000000018325                 mov     rax, r13
.text:0000000000018328                 lea     rbx, [rdi+528h]
.text:000000000001832F                 shl     rax, 9
.text:0000000000018333                 lea     r14, [rax+r15+1FFh]
.text:000000000001833B                 mov     [rsp+58h+arg_0], r14
.text:0000000000018340
.text:0000000000018340 loc_18340:                              ; CODE XREF: sub_182C0+138↓j
.text:0000000000018340                 xor     edi, edi
.text:0000000000018342                 cmp     [rsp+58h+arg_20], rdi
.text:000000000001834A                 jbe     short loc_18381
.text:000000000001834C                 mov     rsi, r15
.text:000000000001834F
.text:000000000001834F loc_1834F:                              ; CODE XREF: sub_182C0+B5↓j
.text:000000000001834F                 lea     rcx, [rbx-312h] ; Str1
.text:0000000000018356                 mov     rdx, rsi        ; Str2
.text:0000000000018359                 call    sub_18224
.text:000000000001835E                 test    al, al
.text:0000000000018360                 jnz     short loc_183E0
.text:0000000000018362                 add     rdi, 1
.text:0000000000018366                 add     rsi, 200h
.text:000000000001836D                 cmp     rdi, [rsp+58h+arg_20]
.text:0000000000018375                 jb      short loc_1834F
.text:0000000000018377                 mov     rsi, [rsp+58h+var_38]
.text:000000000001837C                 mov     r14, [rsp+58h+arg_0]
.text:0000000000018381
.text:0000000000018381 loc_18381:                              ; CODE XREF: sub_182C0+8A↑j
.text:0000000000018381                 cmp     word ptr [rbx], 0
.text:0000000000018385                 jz      short loc_183E5
.text:0000000000018387                 lea     r9, [rbx-20Ch]
.text:000000000001838E                 lea     rcx, [r14-0FFh] ; Dest
.text:0000000000018395                 lea     r8, aS          ; "%S"
.text:000000000001839C                 mov     edx, 0FFh       ; Count
.text:00000000000183A1                 call    cs:_snprintf    ; ntoskrnl
.text:00000000000183A7                 lea     rcx, [r14-1FFh] ; Dest
.text:00000000000183AE                 lea     r8, aS          ; "%S"
.text:00000000000183B5                 mov     r9, rbx
.text:00000000000183B8                 mov     edx, 100h       ; Count
.text:00000000000183BD                 call    cs:_snprintf    ; ntoskrnl
.text:00000000000183C3                 mov     byte ptr [r14], 0
.text:00000000000183C7                 add     r14, 200h
.text:00000000000183CE                 add     r13, 1
.text:00000000000183D2                 mov     [rsp+58h+arg_0], r14
.text:00000000000183D7                 cmp     r13, [rsp+58h+arg_18]
.text:00000000000183DC                 jnb     short loc_183FE
.text:00000000000183DE                 jmp     short loc_183E5
.text:00000000000183E0 ; ---------------------------------------------------------------------------
.text:00000000000183E0
.text:00000000000183E0 loc_183E0:                              ; CODE XREF: sub_182C0+A0↑j
.text:00000000000183E0                 mov     rsi, [rsp+58h+var_38]
.text:00000000000183E5
.text:00000000000183E5 loc_183E5:                              ; CODE XREF: sub_182C0+C5↑j
.text:00000000000183E5                                         ; sub_182C0+11E↑j
.text:00000000000183E5                 mov     r14, [rsp+58h+arg_0]
.text:00000000000183EA                 add     r12, 1
.text:00000000000183EE                 add     rbx, 630h
.text:00000000000183F5                 cmp     r12, [rsi]
.text:00000000000183F8                 jb      loc_18340
.text:00000000000183FE
.text:00000000000183FE loc_183FE:                              ; CODE XREF: sub_182C0+5F↑j
.text:00000000000183FE                                         ; sub_182C0+11C↑j
.text:00000000000183FE                 mov     rbx, [rsp+58h+arg_8]
.text:0000000000018403                 mov     rsi, [rsp+58h+arg_10]
.text:0000000000018408                 mov     rax, r13
.text:000000000001840B                 add     rsp, 30h
.text:000000000001840F                 pop     r15
.text:0000000000018411                 pop     r14
.text:0000000000018413                 pop     r13
.text:0000000000018415                 pop     r12
.text:0000000000018417                 pop     rdi
.text:0000000000018418                 retn
.text:0000000000018418 sub_182C0       endp
.text:0000000000018418
.text:0000000000018418 ; ---------------------------------------------------------------------------
.text:0000000000018419 algn_18419:                             ; DATA XREF: .pdata:00000000000201EC↓o
.text:0000000000018419                 align 20h
.text:0000000000018420
.text:0000000000018420 ; =============== S U B R O U T I N E =======================================
.text:0000000000018420
.text:0000000000018420
.text:0000000000018420 ; char __fastcall sub_18420(__int64, const char *)
.text:0000000000018420 sub_18420       proc near               ; CODE XREF: sub_13E80+4FE↑p
.text:0000000000018420                                         ; DATA XREF: .pdata:00000000000201F8↓o
.text:0000000000018420
.text:0000000000018420 KeyHandle       = qword ptr -0E8h
.text:0000000000018420 ObjectAttributes= _OBJECT_ATTRIBUTES ptr -0E0h
.text:0000000000018420 DestinationString= _UNICODE_STRING ptr -0B0h
.text:0000000000018420 Dst             = word ptr -98h
.text:0000000000018420 var_28          = qword ptr -28h
.text:0000000000018420 arg_10          = qword ptr  18h
.text:0000000000018420
.text:0000000000018420 ; __unwind { // __GSHandlerCheck
.text:0000000000018420                 mov     [rsp+arg_10], rbx
.text:0000000000018425                 push    rbp
.text:0000000000018426                 push    rsi
.text:0000000000018427                 push    rdi
.text:0000000000018428                 sub     rsp, 0F0h
.text:000000000001842F                 mov     rax, cs:BugCheckParameter2
.text:0000000000018436                 xor     rax, rsp
.text:0000000000018439                 mov     [rsp+108h+var_28], rax
.text:0000000000018441                 mov     rbx, rdx
.text:0000000000018444                 mov     rdi, rcx
.text:0000000000018447                 lea     rcx, [rsp+108h+Dst] ; Dst
.text:000000000001844C                 lea     rdx, aRegistryMachin_1 ; "\\REGISTRY\\Machine\\System\\CurrentCon"...
.text:0000000000018453                 mov     r8d, 68h ; 'h'  ; MaxCount
.text:0000000000018459                 call    memmove
.text:000000000001845E                 xor     ebp, ebp
.text:0000000000018460                 cmp     cs:dword_1F128, ebp
.text:0000000000018466                 mov     [rsp+108h+KeyHandle], rbp
.text:000000000001846B                 jz      short loc_18488
.text:000000000001846D                 lea     rcx, aDeleteservice2 ; "DeleteService(2084):"
.text:0000000000018474                 call    DbgPrint
.text:0000000000018479                 lea     rcx, aDeleteserviceB ; "DeleteService Beg Key[%s]\n"
.text:0000000000018480                 mov     rdx, rbx
.text:0000000000018483                 call    DbgPrint
.text:0000000000018488
.text:0000000000018488 loc_18488:                              ; CODE XREF: sub_18420+4B↑j
.text:0000000000018488                 lea     rsi, [rdi+1920B6h]
.text:000000000001848F                 add     rdi, 1924DEh
.text:0000000000018496                 cmp     [rbx], bpl
.text:0000000000018499                 mov     rcx, rbp
.text:000000000001849C                 jz      short loc_184A8
.text:000000000001849E
.text:000000000001849E loc_1849E:                              ; CODE XREF: sub_18420+86↓j
.text:000000000001849E                 add     rcx, 1
.text:00000000000184A2                 cmp     [rbx+rcx], bpl
.text:00000000000184A6                 jnz     short loc_1849E
.text:00000000000184A8
.text:00000000000184A8 loc_184A8:                              ; CODE XREF: sub_18420+7C↑j
.text:00000000000184A8                 cmp     rcx, rbp
.text:00000000000184AB                 mov     rdx, rsi
.text:00000000000184AE                 jbe     short loc_184C4
.text:00000000000184B0
.text:00000000000184B0 loc_184B0:                              ; CODE XREF: sub_18420+A2↓j
.text:00000000000184B0                 movzx   eax, byte ptr [rbx]
.text:00000000000184B3                 add     rbx, 1
.text:00000000000184B7                 mov     [rdx], ax
.text:00000000000184BA                 add     rdx, 2
.text:00000000000184BE                 sub     rcx, 1
.text:00000000000184C2                 jnz     short loc_184B0
.text:00000000000184C4
.text:00000000000184C4 loc_184C4:                              ; CODE XREF: sub_18420+8E↑j
.text:00000000000184C4                 mov     [rdx], bp
.text:00000000000184C7                 mov     r8d, 200h       ; Size
.text:00000000000184CD                 mov     rcx, rdi        ; Dst
.text:00000000000184D0                 xor     edx, edx        ; Val
.text:00000000000184D2                 call    memset
.text:00000000000184D7                 movzx   ebx, [rsp+108h+Dst]
.text:00000000000184DC                 lea     r11, [rsp+108h+Dst]
.text:00000000000184E1                 cmp     bx, bp
.text:00000000000184E4                 mov     r8, rbp
.text:00000000000184E7                 jz      short loc_184F7
.text:00000000000184E9
.text:00000000000184E9 loc_184E9:                              ; CODE XREF: sub_18420+D5↓j
.text:00000000000184E9                 add     r11, 2
.text:00000000000184ED                 add     r8, 1
.text:00000000000184F1                 cmp     [r11], bp
.text:00000000000184F5                 jnz     short loc_184E9
.text:00000000000184F7
.text:00000000000184F7 loc_184F7:                              ; CODE XREF: sub_18420+C7↑j
.text:00000000000184F7                 lea     rdx, [rsp+108h+Dst] ; Src
.text:00000000000184FC                 add     r8, r8          ; MaxCount
.text:00000000000184FF                 mov     rcx, rdi        ; Dst
.text:0000000000018502                 call    memmove
.text:0000000000018507                 cmp     bx, bp
.text:000000000001850A                 lea     r11, [rsp+108h+Dst]
.text:000000000001850F                 mov     rax, rbp
.text:0000000000018512                 jz      short loc_18522
.text:0000000000018514
.text:0000000000018514 loc_18514:                              ; CODE XREF: sub_18420+100↓j
.text:0000000000018514                 add     r11, 2
.text:0000000000018518                 add     rax, 1
.text:000000000001851C                 cmp     [r11], bp
.text:0000000000018520                 jnz     short loc_18514
.text:0000000000018522
.text:0000000000018522 loc_18522:                              ; CODE XREF: sub_18420+F2↑j
.text:0000000000018522                 mov     word ptr [rdi+rax*2], 5Ch ; '\'
.text:0000000000018528                 cmp     [rsi], bp
.text:000000000001852B                 mov     r8, rbp
.text:000000000001852E                 mov     rax, rsi
.text:0000000000018531                 jz      short loc_18540
.text:0000000000018533
.text:0000000000018533 loc_18533:                              ; CODE XREF: sub_18420+11E↓j
.text:0000000000018533                 add     rax, 2
.text:0000000000018537                 add     r8, 1
.text:000000000001853B                 cmp     [rax], bp
.text:000000000001853E                 jnz     short loc_18533
.text:0000000000018540
.text:0000000000018540 loc_18540:                              ; CODE XREF: sub_18420+111↑j
.text:0000000000018540                 cmp     bx, bp
.text:0000000000018543                 lea     rax, [rsp+108h+Dst]
.text:0000000000018548                 mov     rcx, rbp
.text:000000000001854B                 jz      short loc_1855A
.text:000000000001854D
.text:000000000001854D loc_1854D:                              ; CODE XREF: sub_18420+138↓j
.text:000000000001854D                 add     rax, 2
.text:0000000000018551                 add     rcx, 1
.text:0000000000018555                 cmp     [rax], bp
.text:0000000000018558                 jnz     short loc_1854D
.text:000000000001855A
.text:000000000001855A loc_1855A:                              ; CODE XREF: sub_18420+12B↑j
.text:000000000001855A                 lea     rcx, [rdi+rcx*2+2] ; Dst
.text:000000000001855F                 add     r8, r8          ; MaxCount
.text:0000000000018562                 mov     rdx, rsi        ; Src
.text:0000000000018565                 call    memmove
.text:000000000001856A                 cmp     cs:dword_1F128, ebp
.text:0000000000018570                 jz      short loc_18590
.text:0000000000018572                 lea     rcx, aDeleteservice2_0 ; "DeleteService(2093):"
.text:0000000000018579                 call    DbgPrint
.text:000000000001857E                 lea     rcx, aKeyWsPathWs ; "Key[%ws] Path[%ws]\n"
.text:0000000000018585                 mov     r8, rdi
.text:0000000000018588                 mov     rdx, rsi
.text:000000000001858B                 call    DbgPrint
.text:0000000000018590
.text:0000000000018590 loc_18590:                              ; CODE XREF: sub_18420+150↑j
.text:0000000000018590                 lea     rcx, [rsp+108h+DestinationString] ; DestinationString
.text:0000000000018595                 mov     rdx, rdi        ; SourceString
.text:0000000000018598                 call    cs:RtlInitUnicodeString ; ntoskrnl
.text:000000000001859E                 lea     rax, [rsp+108h+DestinationString]
.text:00000000000185A3                 lea     r8, [rsp+108h+ObjectAttributes] ; ObjectAttributes
.text:00000000000185A8                 lea     rcx, [rsp+108h+KeyHandle] ; KeyHandle
.text:00000000000185AD                 mov     edx, 10000h     ; DesiredAccess
.text:00000000000185B2                 mov     [rsp+108h+ObjectAttributes.ObjectName], rax
.text:00000000000185B7                 mov     [rsp+108h+ObjectAttributes.Length], 30h ; '0'
.text:00000000000185BF                 mov     [rsp+108h+ObjectAttributes.RootDirectory], rbp
.text:00000000000185C4                 mov     [rsp+108h+ObjectAttributes.Attributes], ebp
.text:00000000000185C8                 mov     [rsp+108h+ObjectAttributes.SecurityDescriptor], rbp
.text:00000000000185CD                 mov     [rsp+108h+ObjectAttributes.SecurityQualityOfService], rbp
.text:00000000000185D2                 call    cs:ZwOpenKey    ; ntoskrnl
.text:00000000000185D8                 cmp     eax, ebp
.text:00000000000185DA                 mov     ebx, eax
.text:00000000000185DC                 jge     short loc_18604
.text:00000000000185DE                 cmp     cs:dword_1F128, ebp
.text:00000000000185E4                 jz      short loc_18600
.text:00000000000185E6                 lea     rcx, aDeleteservice2_1 ; "DeleteService(2098):"
.text:00000000000185ED                 call    DbgPrint
.text:00000000000185F2                 lea     rcx, aRegopenFailed8 ; "RegOpen Failed! [%8.8X]\n"
.text:00000000000185F9                 mov     edx, ebx
.text:00000000000185FB                 call    DbgPrint
.text:0000000000018600
.text:0000000000018600 loc_18600:                              ; CODE XREF: sub_18420+1C4↑j
.text:0000000000018600                                         ; sub_18420+222↓j
.text:0000000000018600                 xor     al, al
.text:0000000000018602                 jmp     short loc_18674
.text:0000000000018604 ; ---------------------------------------------------------------------------
.text:0000000000018604
.text:0000000000018604 loc_18604:                              ; CODE XREF: sub_18420+1BC↑j
.text:0000000000018604                 mov     rcx, [rsp+108h+KeyHandle] ; KeyHandle
.text:0000000000018609                 call    cs:ZwDeleteKey  ; ntoskrnl
.text:000000000001860F                 cmp     eax, ebp
.text:0000000000018611                 mov     ebx, eax
.text:0000000000018613                 jge     short loc_18644
.text:0000000000018615                 cmp     cs:dword_1F128, ebp
.text:000000000001861B                 jz      short loc_18637
.text:000000000001861D                 lea     rcx, aDeleteservice2_2 ; "DeleteService(2104):"
.text:0000000000018624                 call    DbgPrint
.text:0000000000018629                 lea     rcx, aRegsetFailed88 ; "RegSet Failed! [%8.8X]\n"
.text:0000000000018630                 mov     edx, ebx
.text:0000000000018632                 call    DbgPrint
.text:0000000000018637
.text:0000000000018637 loc_18637:                              ; CODE XREF: sub_18420+1FB↑j
.text:0000000000018637                 mov     rcx, [rsp+108h+KeyHandle] ; Handle
.text:000000000001863C                 call    cs:ZwClose      ; ntoskrnl
.text:0000000000018642                 jmp     short loc_18600
.text:0000000000018644 ; ---------------------------------------------------------------------------
.text:0000000000018644
.text:0000000000018644 loc_18644:                              ; CODE XREF: sub_18420+1F3↑j
.text:0000000000018644                 mov     rcx, [rsp+108h+KeyHandle] ; Handle
.text:0000000000018649                 call    cs:ZwClose      ; ntoskrnl
.text:000000000001864F                 cmp     cs:dword_1F128, ebp
.text:0000000000018655                 jz      short loc_18672
.text:0000000000018657                 lea     rcx, aDeleteservice2_3 ; "DeleteService(2110):"
.text:000000000001865E                 call    DbgPrint
.text:0000000000018663                 lea     rcx, aDeleteserviceE ; "DeleteService End Key[%ws]\n"
.text:000000000001866A                 mov     rdx, rsi
.text:000000000001866D                 call    DbgPrint
.text:0000000000018672
.text:0000000000018672 loc_18672:                              ; CODE XREF: sub_18420+235↑j
.text:0000000000018672                 mov     al, 1
.text:0000000000018674
.text:0000000000018674 loc_18674:                              ; CODE XREF: sub_18420+1E2↑j
.text:0000000000018674                 mov     rcx, [rsp+108h+var_28]
.text:000000000001867C                 xor     rcx, rsp        ; StackCookie
.text:000000000001867F                 call    __security_check_cookie
.text:0000000000018684                 mov     rbx, [rsp+108h+arg_10]
.text:000000000001868C                 add     rsp, 0F0h
.text:0000000000018693                 pop     rdi
.text:0000000000018694                 pop     rsi
.text:0000000000018695                 pop     rbp
.text:0000000000018696                 retn
.text:0000000000018696 ; } // starts at 18420
.text:0000000000018696 sub_18420       endp
.text:0000000000018696
.text:0000000000018696 ; ---------------------------------------------------------------------------
.text:0000000000018697 algn_18697:                             ; DATA XREF: .pdata:00000000000201F8↓o
.text:0000000000018697                 align 20h
.text:00000000000186A0
.text:00000000000186A0 ; =============== S U B R O U T I N E =======================================
.text:00000000000186A0
.text:00000000000186A0
.text:00000000000186A0 ; char __fastcall sub_186A0(__int64, const char *)
.text:00000000000186A0 sub_186A0       proc near               ; CODE XREF: sub_13E80+558↑p
.text:00000000000186A0                                         ; DATA XREF: .pdata:0000000000020204↓o
.text:00000000000186A0
.text:00000000000186A0 AllocationSize  = qword ptr -0D8h
.text:00000000000186A0 FileAttributes  = dword ptr -0D0h
.text:00000000000186A0 ShareAccess     = dword ptr -0C8h
.text:00000000000186A0 CreateDisposition= dword ptr -0C0h
.text:00000000000186A0 CreateOptions   = dword ptr -0B8h
.text:00000000000186A0 EaBuffer        = qword ptr -0B0h
.text:00000000000186A0 EaLength        = dword ptr -0A8h
.text:00000000000186A0 IoStatusBlock   = _IO_STATUS_BLOCK ptr -98h
.text:00000000000186A0 DestinationString= _UNICODE_STRING ptr -88h
.text:00000000000186A0 FileInformation = byte ptr -78h
.text:00000000000186A0 var_58          = dword ptr -58h
.text:00000000000186A0 ObjectAttributes= _OBJECT_ATTRIBUTES ptr -50h
.text:00000000000186A0 arg_0           = byte ptr  8
.text:00000000000186A0 FileHandle      = qword ptr  10h
.text:00000000000186A0 arg_10          = qword ptr  18h
.text:00000000000186A0
.text:00000000000186A0                 mov     rax, rsp
.text:00000000000186A3                 mov     [rax+18h], rbx
.text:00000000000186A7                 push    rbp
.text:00000000000186A8                 push    rsi
.text:00000000000186A9                 push    rdi
.text:00000000000186AA                 sub     rsp, 0E0h
.text:00000000000186B1                 xor     ebp, ebp
.text:00000000000186B3                 mov     rbx, rdx
.text:00000000000186B6                 mov     rdi, rcx
.text:00000000000186B9                 cmp     cs:dword_1F128, ebp
.text:00000000000186BF                 mov     [rax+10h], rbp
.text:00000000000186C3                 jz      short loc_186E0
.text:00000000000186C5                 lea     rcx, aDeletefile2124 ; "DeleteFile(2124):"
.text:00000000000186CC                 call    DbgPrint
.text:00000000000186D1                 lea     rcx, aDeletefileBegK ; "DeleteFile Beg Key[%s]\n"
.text:00000000000186D8                 mov     rdx, rbx
.text:00000000000186DB                 call    DbgPrint
.text:00000000000186E0
.text:00000000000186E0 loc_186E0:                              ; CODE XREF: sub_186A0+23↑j
.text:00000000000186E0                 lea     rsi, [rdi+1920B6h]
.text:00000000000186E7                 add     rdi, 1924DEh
.text:00000000000186EE                 cmp     [rbx], bpl
.text:00000000000186F1                 mov     rcx, rbp
.text:00000000000186F4                 jz      short loc_18700
.text:00000000000186F6
.text:00000000000186F6 loc_186F6:                              ; CODE XREF: sub_186A0+5E↓j
.text:00000000000186F6                 add     rcx, 1
.text:00000000000186FA                 cmp     [rcx+rbx], bpl
.text:00000000000186FE                 jnz     short loc_186F6
.text:0000000000018700
.text:0000000000018700 loc_18700:                              ; CODE XREF: sub_186A0+54↑j
.text:0000000000018700                 cmp     rcx, rbp
.text:0000000000018703                 mov     rdx, rsi
.text:0000000000018706                 jbe     short loc_1871C
.text:0000000000018708
.text:0000000000018708 loc_18708:                              ; CODE XREF: sub_186A0+7A↓j
.text:0000000000018708                 movzx   eax, byte ptr [rbx]
.text:000000000001870B                 add     rbx, 1
.text:000000000001870F                 mov     [rdx], ax
.text:0000000000018712                 add     rdx, 2
.text:0000000000018716                 sub     rcx, 1
.text:000000000001871A                 jnz     short loc_18708
.text:000000000001871C
.text:000000000001871C loc_1871C:                              ; CODE XREF: sub_186A0+66↑j
.text:000000000001871C                 mov     [rdx], bp
.text:000000000001871F                 mov     r8d, 200h       ; Size
.text:0000000000018725                 mov     rcx, rdi        ; Dst
.text:0000000000018728                 xor     edx, edx        ; Val
.text:000000000001872A                 call    memset
.text:000000000001872F                 cmp     [rsi], bp
.text:0000000000018732                 mov     r11, rsi
.text:0000000000018735                 mov     r8, rbp
.text:0000000000018738                 jz      short loc_18748
.text:000000000001873A
.text:000000000001873A loc_1873A:                              ; CODE XREF: sub_186A0+A6↓j
.text:000000000001873A                 add     r11, 2
.text:000000000001873E                 add     r8, 1
.text:0000000000018742                 cmp     [r11], bp
.text:0000000000018746                 jnz     short loc_1873A
.text:0000000000018748
.text:0000000000018748 loc_18748:                              ; CODE XREF: sub_186A0+98↑j
.text:0000000000018748                 add     r8, r8          ; MaxCount
.text:000000000001874B                 mov     rdx, rsi        ; Src
.text:000000000001874E                 mov     rcx, rdi        ; Dst
.text:0000000000018751                 call    memmove
.text:0000000000018756                 cmp     cs:dword_1F128, ebp
.text:000000000001875C                 jz      short loc_18779
.text:000000000001875E                 lea     rcx, aDeletefile2131 ; "DeleteFile(2131):"
.text:0000000000018765                 call    DbgPrint
.text:000000000001876A                 lea     rcx, aFullPathWs ; "Full Path[%ws]\n"
.text:0000000000018771                 mov     rdx, rdi
.text:0000000000018774                 call    DbgPrint
.text:0000000000018779
.text:0000000000018779 loc_18779:                              ; CODE XREF: sub_186A0+BC↑j
.text:0000000000018779                 lea     rcx, [rsp+0F8h+DestinationString] ; DestinationString
.text:000000000001877E                 mov     rdx, rdi        ; SourceString
.text:0000000000018781                 call    cs:RtlInitUnicodeString ; ntoskrnl
.text:0000000000018787                 mov     [rsp+0F8h+EaLength], ebp ; EaLength
.text:000000000001878B                 mov     [rsp+0F8h+EaBuffer], rbp ; EaBuffer
.text:0000000000018790                 mov     [rsp+0F8h+CreateOptions], 1000h ; CreateOptions
.text:0000000000018798                 mov     [rsp+0F8h+CreateDisposition], 1 ; CreateDisposition
.text:00000000000187A0                 lea     rax, [rsp+0F8h+DestinationString]
.text:00000000000187A5                 mov     [rsp+0F8h+ShareAccess], 7 ; ShareAccess
.text:00000000000187AD                 lea     r9, [rsp+0F8h+IoStatusBlock] ; IoStatusBlock
.text:00000000000187B2                 lea     r8, [rsp+0F8h+ObjectAttributes] ; ObjectAttributes
.text:00000000000187BA                 lea     rcx, [rsp+0F8h+FileHandle] ; FileHandle
.text:00000000000187C2                 mov     edx, 10180h     ; DesiredAccess
.text:00000000000187C7                 mov     [rsp+0F8h+FileAttributes], ebp ; FileAttributes
.text:00000000000187CB                 mov     [rsp+0F8h+AllocationSize], rbp ; AllocationSize
.text:00000000000187D0                 mov     [rsp+0F8h+ObjectAttributes.Length], 30h ; '0'
.text:00000000000187DB                 mov     [rsp+0F8h+ObjectAttributes.RootDirectory], rbp
.text:00000000000187E3                 mov     [rsp+0F8h+ObjectAttributes.Attributes], ebp
.text:00000000000187EA                 mov     [rsp+0F8h+ObjectAttributes.ObjectName], rax
.text:00000000000187F2                 mov     [rsp+0F8h+ObjectAttributes.SecurityDescriptor], rbp
.text:00000000000187FA                 mov     [rsp+0F8h+ObjectAttributes.SecurityQualityOfService], rbp
.text:0000000000018802                 call    cs:ZwCreateFile ; ntoskrnl
.text:0000000000018808                 cmp     eax, ebp
.text:000000000001880A                 mov     ebx, eax
.text:000000000001880C                 jge     short loc_18837
.text:000000000001880E                 cmp     cs:dword_1F128, ebp
.text:0000000000018814                 jz      short loc_18830
.text:0000000000018816                 lea     rcx, aDeletefile2141 ; "DeleteFile(2141):"
.text:000000000001881D                 call    DbgPrint
.text:0000000000018822                 lea     rcx, aZwcreatefileFa ; "ZwCreateFile Failed! [%8.8X]\n"
.text:0000000000018829                 mov     edx, ebx
.text:000000000001882B                 call    DbgPrint
.text:0000000000018830
.text:0000000000018830 loc_18830:                              ; CODE XREF: sub_186A0+174↑j
.text:0000000000018830                                         ; sub_186A0+1F5↓j
.text:0000000000018830                 xor     al, al
.text:0000000000018832                 jmp     loc_18978
.text:0000000000018837 ; ---------------------------------------------------------------------------
.text:0000000000018837
.text:0000000000018837 loc_18837:                              ; CODE XREF: sub_186A0+16C↑j
.text:0000000000018837                 mov     rcx, [rsp+0F8h+FileHandle] ; FileHandle
.text:000000000001883F                 mov     edi, 4
.text:0000000000018844                 lea     r8, [rsp+0F8h+FileInformation] ; FileInformation
.text:000000000001884C                 lea     rdx, [rsp+0F8h+IoStatusBlock] ; IoStatusBlock
.text:0000000000018851                 lea     r9d, [rdi+24h]  ; Length
.text:0000000000018855                 mov     dword ptr [rsp+0F8h+AllocationSize], edi ; FileInformationClass
.text:0000000000018859                 call    cs:ZwQueryInformationFile ; ntoskrnl
.text:000000000001885F                 cmp     eax, ebp
.text:0000000000018861                 mov     ebx, eax
.text:0000000000018863                 jge     short loc_18897
.text:0000000000018865                 cmp     cs:dword_1F128, ebp
.text:000000000001886B                 jz      short loc_18887
.text:000000000001886D                 lea     rcx, aDeletefile2147 ; "DeleteFile(2147):"
.text:0000000000018874                 call    DbgPrint
.text:0000000000018879                 lea     rcx, aZwgetfileinfor ; "ZwGetFileInformation Basic Failed! [%8."...
.text:0000000000018880
.text:0000000000018880 loc_18880:                              ; CODE XREF: sub_186A0+248↓j
.text:0000000000018880                                         ; sub_186A0+2A0↓j
.text:0000000000018880                 mov     edx, ebx
.text:0000000000018882                 call    DbgPrint
.text:0000000000018887
.text:0000000000018887 loc_18887:                              ; CODE XREF: sub_186A0+1CB↑j
.text:0000000000018887                                         ; sub_186A0+233↓j ...
.text:0000000000018887                 mov     rcx, [rsp+0F8h+FileHandle] ; Handle
.text:000000000001888F                 call    cs:ZwClose      ; ntoskrnl
.text:0000000000018895                 jmp     short loc_18830
.text:0000000000018897 ; ---------------------------------------------------------------------------
.text:0000000000018897
.text:0000000000018897 loc_18897:                              ; CODE XREF: sub_186A0+1C3↑j
.text:0000000000018897                 mov     rcx, [rsp+0F8h+FileHandle] ; FileHandle
.text:000000000001889F                 lea     r8, [rsp+0F8h+FileInformation] ; FileInformation
.text:00000000000188A7                 lea     rdx, [rsp+0F8h+IoStatusBlock] ; IoStatusBlock
.text:00000000000188AC                 mov     r9d, 28h ; '('  ; Length
.text:00000000000188B2                 mov     [rsp+0F8h+var_58], 80h
.text:00000000000188BD                 mov     dword ptr [rsp+0F8h+AllocationSize], edi ; FileInformationClass
.text:00000000000188C1                 call    cs:ZwSetInformationFile ; ntoskrnl
.text:00000000000188C7                 cmp     eax, ebp
.text:00000000000188C9                 mov     ebx, eax
.text:00000000000188CB                 jge     short loc_188EA
.text:00000000000188CD                 cmp     cs:dword_1F128, ebp
.text:00000000000188D3                 jz      short loc_18887
.text:00000000000188D5                 lea     rcx, aDeletefile2154 ; "DeleteFile(2154):"
.text:00000000000188DC                 call    DbgPrint
.text:00000000000188E1                 lea     rcx, aZwsetfileinfor ; "ZwSetFileInformation Basic Failed! [%8."...
.text:00000000000188E8                 jmp     short loc_18880
.text:00000000000188EA ; ---------------------------------------------------------------------------
.text:00000000000188EA
.text:00000000000188EA loc_188EA:                              ; CODE XREF: sub_186A0+22B↑j
.text:00000000000188EA                 mov     rcx, [rsp+0F8h+FileHandle] ; FileHandle
.text:00000000000188F2                 lea     r8, [rsp+0F8h+arg_0] ; FileInformation
.text:00000000000188FA                 lea     rdx, [rsp+0F8h+IoStatusBlock] ; IoStatusBlock
.text:00000000000188FF                 mov     r9d, 1          ; Length
.text:0000000000018905                 mov     [rsp+0F8h+arg_0], 1
.text:000000000001890D                 mov     dword ptr [rsp+0F8h+AllocationSize], 0Dh ; FileInformationClass
.text:0000000000018915                 call    cs:ZwSetInformationFile ; ntoskrnl
.text:000000000001891B                 cmp     eax, ebp
.text:000000000001891D                 mov     ebx, eax
.text:000000000001891F                 jge     short loc_18945
.text:0000000000018921                 cmp     cs:dword_1F128, ebp
.text:0000000000018927                 jz      loc_18887
.text:000000000001892D                 lea     rcx, aDeletefile2162 ; "DeleteFile(2162):"
.text:0000000000018934                 call    DbgPrint
.text:0000000000018939                 lea     rcx, aZwsetfileinfor_0 ; "ZwSetFileInformation Failed! [%8.8X]\n"
.text:0000000000018940                 jmp     loc_18880
.text:0000000000018945 ; ---------------------------------------------------------------------------
.text:0000000000018945
.text:0000000000018945 loc_18945:                              ; CODE XREF: sub_186A0+27F↑j
.text:0000000000018945                 mov     rcx, [rsp+0F8h+FileHandle] ; Handle
.text:000000000001894D                 call    cs:ZwClose      ; ntoskrnl
.text:0000000000018953                 cmp     cs:dword_1F128, ebp
.text:0000000000018959                 jz      short loc_18976
.text:000000000001895B                 lea     rcx, aDeletefile2168 ; "DeleteFile(2168):"
.text:0000000000018962                 call    DbgPrint
.text:0000000000018967                 lea     rcx, aDeletefileEndK ; "DeleteFile End Key[%ws]\n"
.text:000000000001896E                 mov     rdx, rsi
.text:0000000000018971                 call    DbgPrint
.text:0000000000018976
.text:0000000000018976 loc_18976:                              ; CODE XREF: sub_186A0+2B9↑j
.text:0000000000018976                 mov     al, 1
.text:0000000000018978
.text:0000000000018978 loc_18978:                              ; CODE XREF: sub_186A0+192↑j
.text:0000000000018978                 mov     rbx, [rsp+0F8h+arg_10]
.text:0000000000018980                 add     rsp, 0E0h
.text:0000000000018987                 pop     rdi
.text:0000000000018988                 pop     rsi
.text:0000000000018989                 pop     rbp
.text:000000000001898A                 retn
.text:000000000001898A sub_186A0       endp
.text:000000000001898A
.text:000000000001898A ; ---------------------------------------------------------------------------
.text:000000000001898B byte_1898B      db 9 dup(0CCh)          ; DATA XREF: .pdata:0000000000020204↓o
.text:0000000000018994
.text:0000000000018994 ; =============== S U B R O U T I N E =======================================
.text:0000000000018994
.text:0000000000018994
.text:0000000000018994 ; __int64 __fastcall sub_18994(__int64, void *, PEPROCESS *)
.text:0000000000018994 sub_18994       proc near               ; CODE XREF: sub_13E80+BAF↑p
.text:0000000000018994                                         ; DATA XREF: .pdata:0000000000020210↓o
.text:0000000000018994
.text:0000000000018994 arg_0           = qword ptr  8
.text:0000000000018994 Process         = qword ptr  18h
.text:0000000000018994 arg_18          = qword ptr  20h
.text:0000000000018994
.text:0000000000018994 ; __unwind { // __C_specific_handler
.text:0000000000018994                 mov     [rsp+arg_0], rsi
.text:0000000000018999                 push    rdi
.text:000000000001899A                 push    r12
.text:000000000001899C                 push    r13
.text:000000000001899E                 sub     rsp, 20h
.text:00000000000189A2                 mov     r12, r8
.text:00000000000189A5                 mov     rdi, rdx
.text:00000000000189A8                 and     [rsp+38h+arg_18], 0
.text:00000000000189AE                 and     qword ptr [r8], 0
.text:00000000000189B2                 cmp     cs:qword_1F130, 0
.text:00000000000189BA                 jnz     short loc_189C3
.text:00000000000189BC                 xor     eax, eax
.text:00000000000189BE                 jmp     loc_18B2C
.text:00000000000189C3 ; ---------------------------------------------------------------------------
.text:00000000000189C3
.text:00000000000189C3 loc_189C3:                              ; CODE XREF: sub_18994+26↑j
.text:00000000000189C3                 call    cs:IoGetCurrentProcess ; ntoskrnl
.text:00000000000189C9                 mov     rcx, cs:qword_1F130
.text:00000000000189D0                 mov     r13, [rcx+rax]
.text:00000000000189D4                 cmp     r13, rdi
.text:00000000000189D7                 jnz     short loc_189E8
.text:00000000000189D9                 xor     esi, esi
.text:00000000000189DB                 call    cs:IoGetCurrentProcess ; ntoskrnl
.text:00000000000189E1                 mov     [rsp+38h+Process], rax
.text:00000000000189E6                 jmp     short loc_189F7
.text:00000000000189E8 ; ---------------------------------------------------------------------------
.text:00000000000189E8
.text:00000000000189E8 loc_189E8:                              ; CODE XREF: sub_18994+43↑j
.text:00000000000189E8                 lea     rdx, [rsp+38h+Process] ; Process
.text:00000000000189ED                 mov     rcx, rdi        ; ProcessId
.text:00000000000189F0                 call    PsLookupProcessByProcessId
.text:00000000000189F5                 mov     esi, eax
.text:00000000000189F7
.text:00000000000189F7 loc_189F7:                              ; CODE XREF: sub_18994+52↑j
.text:00000000000189F7                 test    esi, esi
.text:00000000000189F9                 js      loc_18B2A
.text:00000000000189FF                 cmp     cs:dword_1F128, 0
.text:0000000000018A06                 jz      short loc_18A28
.text:0000000000018A08                 lea     rcx, aGetpideproc219 ; "GetPidEproc(2197):"
.text:0000000000018A0F                 call    DbgPrint
.text:0000000000018A14                 mov     r8, [rsp+38h+Process]
.text:0000000000018A19                 mov     rdx, rdi
.text:0000000000018A1C                 lea     rcx, aPid88i64xEproc ; "PID[%8.8I64X] eProcess[%8.8I64X]\n"
.text:0000000000018A23                 call    DbgPrint
.text:0000000000018A28
.text:0000000000018A28 loc_18A28:                              ; CODE XREF: sub_18994+72↑j
.text:0000000000018A28                 mov     rcx, [rsp+38h+Process]
.text:0000000000018A2D                 mov     rsi, cs:qword_1F130
.text:0000000000018A34                 add     rsi, rcx
.text:0000000000018A37                 mov     rcx, rsi        ; VirtualAddress
.text:0000000000018A3A                 call    cs:MmIsAddressValid ; ntoskrnl
.text:0000000000018A40                 test    al, al
.text:0000000000018A42                 jnz     short loc_18A6C
.text:0000000000018A44                 cmp     cs:dword_1F128, 0
.text:0000000000018A4B                 jz      short loc_18A65
.text:0000000000018A4D                 lea     rcx, aGetpideproc220 ; "GetPidEproc(2204):"
.text:0000000000018A54                 call    DbgPrint
.text:0000000000018A59                 lea     rcx, aNotAValidAddre ; "Not a valid Address!!!\n"
.text:0000000000018A60                 call    DbgPrint
.text:0000000000018A65
.text:0000000000018A65 loc_18A65:                              ; CODE XREF: sub_18994+B7↑j
.text:0000000000018A65                 xor     eax, eax
.text:0000000000018A67                 jmp     loc_18B2C
.text:0000000000018A6C ; ---------------------------------------------------------------------------
.text:0000000000018A6C
.text:0000000000018A6C loc_18A6C:                              ; CODE XREF: sub_18994+AE↑j
.text:0000000000018A6C                                         ; DATA XREF: .rdata:000000000001E440↓o
.text:0000000000018A6C ;   __try { // __except at loc_18B05
.text:0000000000018A6C                 cmp     [rsi], rdi
.text:0000000000018A6F                 jz      short loc_18A78
.text:0000000000018A71                 xor     eax, eax
.text:0000000000018A73                 jmp     loc_18B2C
.text:0000000000018A73 ;   } // starts at 18A6C
.text:0000000000018A78 ; ---------------------------------------------------------------------------
.text:0000000000018A78
.text:0000000000018A78 loc_18A78:                              ; CODE XREF: sub_18994+DB↑j
.text:0000000000018A78                                         ; DATA XREF: .rdata:000000000001E440↓o
.text:0000000000018A78                 mov     rcx, [rsp+38h+Process]
.text:0000000000018A7D                 mov     rax, cs:qword_1F138
.text:0000000000018A84                 add     rcx, rax        ; VirtualAddress
.text:0000000000018A87                 call    cs:MmIsAddressValid ; ntoskrnl
.text:0000000000018A8D                 test    al, al
.text:0000000000018A8F                 jz      short loc_18B01
.text:0000000000018A91                 mov     rax, [rsp+38h+Process]
.text:0000000000018A96                 mov     [r12], rax
.text:0000000000018A9A                 cmp     r13, rdi
.text:0000000000018A9D                 jz      short loc_18AF5
.text:0000000000018A9F                 lea     rdx, [rsp+38h+arg_18]
.text:0000000000018AA4                 mov     rcx, rdi
.text:0000000000018AA7                 call    sub_1575C
.text:0000000000018AAC                 test    eax, eax
.text:0000000000018AAE                 js      short loc_18AC0
.text:0000000000018AB0                 mov     rsi, [rsp+38h+arg_18]
.text:0000000000018AB5                 cmp     rsi, 103h
.text:0000000000018ABC                 jz      short loc_18AF5
.text:0000000000018ABE                 jmp     short loc_18AC5
.text:0000000000018AC0 ; ---------------------------------------------------------------------------
.text:0000000000018AC0
.text:0000000000018AC0 loc_18AC0:                              ; CODE XREF: sub_18994+11A↑j
.text:0000000000018AC0                 mov     rsi, [rsp+38h+arg_18]
.text:0000000000018AC5
.text:0000000000018AC5 loc_18AC5:                              ; CODE XREF: sub_18994+12A↑j
.text:0000000000018AC5                 cmp     cs:dword_1F128, 0
.text:0000000000018ACC                 jz      short loc_18AEC
.text:0000000000018ACE                 lea     rcx, aGetpideproc222 ; "GetPidEproc(2229):"
.text:0000000000018AD5                 call    DbgPrint
.text:0000000000018ADA                 mov     r8, rsi
.text:0000000000018ADD                 mov     rdx, rdi
.text:0000000000018AE0                 lea     rcx, aPid88i64xIsNot ; "PID[%8.8I64X] is not in Normal State[%8"...
.text:0000000000018AE7                 call    DbgPrint
.text:0000000000018AEC
.text:0000000000018AEC loc_18AEC:                              ; CODE XREF: sub_18994+138↑j
.text:0000000000018AEC                 and     qword ptr [r12], 0
.text:0000000000018AF1                 xor     eax, eax
.text:0000000000018AF3                 jmp     short loc_18B2C
.text:0000000000018AF5 ; ---------------------------------------------------------------------------
.text:0000000000018AF5
.text:0000000000018AF5 loc_18AF5:                              ; CODE XREF: sub_18994+109↑j
.text:0000000000018AF5                                         ; sub_18994+128↑j
.text:0000000000018AF5                 mov     rax, 1
.text:0000000000018AFF                 jmp     short loc_18B2C
.text:0000000000018B01 ; ---------------------------------------------------------------------------
.text:0000000000018B01
.text:0000000000018B01 loc_18B01:                              ; CODE XREF: sub_18994+FB↑j
.text:0000000000018B01                 xor     eax, eax
.text:0000000000018B03                 jmp     short loc_18B2C
.text:0000000000018B05 ; ---------------------------------------------------------------------------
.text:0000000000018B05
.text:0000000000018B05 loc_18B05:                              ; DATA XREF: .rdata:000000000001E440↓o
.text:0000000000018B05 ;   __except(1) // owned by 18A6C
.text:0000000000018B05                 cmp     cs:dword_1F128, 0
.text:0000000000018B0C                 jz      short loc_18B26
.text:0000000000018B0E                 lea     rcx, aGetpideproc221 ; "GetPidEproc(2212):"
.text:0000000000018B15                 call    DbgPrint
.text:0000000000018B1A                 lea     rcx, aNotAValidAddre ; "Not a valid Address!!!\n"
.text:0000000000018B21                 call    DbgPrint
.text:0000000000018B26
.text:0000000000018B26 loc_18B26:                              ; CODE XREF: sub_18994+178↑j
.text:0000000000018B26                 xor     eax, eax
.text:0000000000018B28                 jmp     short loc_18B2C
.text:0000000000018B2A ; ---------------------------------------------------------------------------
.text:0000000000018B2A
.text:0000000000018B2A loc_18B2A:                              ; CODE XREF: sub_18994+65↑j
.text:0000000000018B2A                 xor     eax, eax
.text:0000000000018B2C
.text:0000000000018B2C loc_18B2C:                              ; CODE XREF: sub_18994+2A↑j
.text:0000000000018B2C                                         ; sub_18994+D3↑j ...
.text:0000000000018B2C                 mov     rsi, [rsp+38h+arg_0]
.text:0000000000018B31                 add     rsp, 20h
.text:0000000000018B35                 pop     r13
.text:0000000000018B37                 pop     r12
.text:0000000000018B39                 pop     rdi
.text:0000000000018B3A                 retn
.text:0000000000018B3A ; } // starts at 18994
.text:0000000000018B3A sub_18994       endp
.text:0000000000018B3A
.text:0000000000018B3A ; ---------------------------------------------------------------------------
.text:0000000000018B3B byte_18B3B      db 9 dup(0CCh)          ; DATA XREF: .pdata:0000000000020210↓o
.text:0000000000018B44
.text:0000000000018B44 ; =============== S U B R O U T I N E =======================================
.text:0000000000018B44
.text:0000000000018B44
.text:0000000000018B44 ; __int64 __fastcall sub_18B44(void **)
.text:0000000000018B44 sub_18B44       proc near               ; CODE XREF: sub_13E80+E06↑p
.text:0000000000018B44                                         ; DATA XREF: .pdata:000000000002021C↓o
.text:0000000000018B44
.text:0000000000018B44 SectionHandle   = qword ptr -88h
.text:0000000000018B44 ObjectAttributes= _OBJECT_ATTRIBUTES ptr -80h
.text:0000000000018B44 DestinationString= _UNICODE_STRING ptr -50h
.text:0000000000018B44 SourceString    = word ptr -40h
.text:0000000000018B44 var_10          = qword ptr -10h
.text:0000000000018B44 arg_8           = qword ptr  10h
.text:0000000000018B44
.text:0000000000018B44 ; __unwind { // __GSHandlerCheck
.text:0000000000018B44                 mov     [rsp+arg_8], rbx
.text:0000000000018B49                 push    rdi
.text:0000000000018B4A                 sub     rsp, 0A0h
.text:0000000000018B51                 mov     rax, cs:BugCheckParameter2
.text:0000000000018B58                 xor     rax, rsp
.text:0000000000018B5B                 mov     [rsp+0A8h+var_10], rax
.text:0000000000018B63                 and     [rsp+0A8h+SectionHandle], 0
.text:0000000000018B69                 mov     rdi, rcx
.text:0000000000018B6C                 lea     rdx, aDevicePhysical ; "\\device\\physicalmemory"
.text:0000000000018B73                 lea     rcx, [rsp+0A8h+SourceString] ; Dst
.text:0000000000018B78                 mov     r8d, 2Eh ; '.'  ; MaxCount
.text:0000000000018B7E                 call    memmove
.text:0000000000018B83                 lea     rdx, [rsp+0A8h+SourceString] ; SourceString
.text:0000000000018B88                 lea     rcx, [rsp+0A8h+DestinationString] ; DestinationString
.text:0000000000018B8D                 call    cs:RtlInitUnicodeString ; ntoskrnl
.text:0000000000018B93                 and     [rsp+0A8h+ObjectAttributes.RootDirectory], 0
.text:0000000000018B99                 and     [rsp+0A8h+ObjectAttributes.SecurityDescriptor], 0
.text:0000000000018B9F                 and     [rsp+0A8h+ObjectAttributes.SecurityQualityOfService], 0
.text:0000000000018BA5                 lea     rax, [rsp+0A8h+DestinationString]
.text:0000000000018BAA                 lea     r8, [rsp+0A8h+ObjectAttributes] ; ObjectAttributes
.text:0000000000018BAF                 lea     rcx, [rsp+0A8h+SectionHandle] ; SectionHandle
.text:0000000000018BB4                 mov     edx, 4          ; DesiredAccess
.text:0000000000018BB9                 mov     [rsp+0A8h+ObjectAttributes.ObjectName], rax
.text:0000000000018BBE                 mov     [rsp+0A8h+ObjectAttributes.Length], 30h ; '0'
.text:0000000000018BC6                 mov     [rsp+0A8h+ObjectAttributes.Attributes], 40h ; '@'
.text:0000000000018BCE                 call    cs:ZwOpenSection ; ntoskrnl
.text:0000000000018BD4                 test    eax, eax
.text:0000000000018BD6                 mov     ebx, eax
.text:0000000000018BD8                 jns     short loc_18BEA
.text:0000000000018BDA                 lea     rcx, aErrorOpenphysi ; "Error: (OpenPhysicalMemory)Could not op"...
.text:0000000000018BE1                 mov     edx, eax
.text:0000000000018BE3                 call    DbgPrint
.text:0000000000018BE8                 jmp     short loc_18BF2
.text:0000000000018BEA ; ---------------------------------------------------------------------------
.text:0000000000018BEA
.text:0000000000018BEA loc_18BEA:                              ; CODE XREF: sub_18B44+94↑j
.text:0000000000018BEA                 mov     rax, [rsp+0A8h+SectionHandle]
.text:0000000000018BEF                 mov     [rdi], rax
.text:0000000000018BF2
.text:0000000000018BF2 loc_18BF2:                              ; CODE XREF: sub_18B44+A4↑j
.text:0000000000018BF2                 mov     eax, ebx
.text:0000000000018BF4                 mov     rcx, [rsp+0A8h+var_10]
.text:0000000000018BFC                 xor     rcx, rsp        ; StackCookie
.text:0000000000018BFF                 call    __security_check_cookie
.text:0000000000018C04                 mov     rbx, [rsp+0A8h+arg_8]
.text:0000000000018C0C                 add     rsp, 0A0h
.text:0000000000018C13                 pop     rdi
.text:0000000000018C14                 retn
.text:0000000000018C14 ; } // starts at 18B44
.text:0000000000018C14 sub_18B44       endp
.text:0000000000018C14
.text:0000000000018C14 ; ---------------------------------------------------------------------------
.text:0000000000018C15 byte_18C15      db 7 dup(0CCh)          ; DATA XREF: .pdata:000000000002021C↓o
.text:0000000000018C1C
.text:0000000000018C1C ; =============== S U B R O U T I N E =======================================
.text:0000000000018C1C
.text:0000000000018C1C
.text:0000000000018C1C ; __int64 __fastcall sub_18C1C(HANDLE KeyHandle, PCWSTR SourceString, __int64, void *, _DWORD *ResultLength)
.text:0000000000018C1C sub_18C1C       proc near               ; CODE XREF: sub_18CF0+B2↓p
.text:0000000000018C1C                                         ; DATA XREF: .pdata:0000000000020228↓o
.text:0000000000018C1C
.text:0000000000018C1C Length          = dword ptr -38h
.text:0000000000018C1C ResultLength    = qword ptr -30h
.text:0000000000018C1C DestinationString= _UNICODE_STRING ptr -28h
.text:0000000000018C1C arg_0           = qword ptr  8
.text:0000000000018C1C arg_8           = qword ptr  10h
.text:0000000000018C1C arg_10          = qword ptr  18h
.text:0000000000018C1C arg_20          = qword ptr  28h
.text:0000000000018C1C
.text:0000000000018C1C                 mov     [rsp+arg_0], rbx
.text:0000000000018C21                 mov     [rsp+arg_8], rbp
.text:0000000000018C26                 mov     [rsp+arg_10], rsi
.text:0000000000018C2B                 push    rdi
.text:0000000000018C2C                 push    r12
.text:0000000000018C2E                 push    r13
.text:0000000000018C30                 sub     rsp, 40h
.text:0000000000018C34                 mov     rsi, [rsp+58h+arg_20]
.text:0000000000018C3C                 mov     r12, rdx
.text:0000000000018C3F                 mov     r13, rcx
.text:0000000000018C42                 mov     edi, [rsi]
.text:0000000000018C44                 mov     ecx, 1          ; PoolType
.text:0000000000018C49                 mov     r8d, 61636E65h  ; Tag
.text:0000000000018C4F                 add     edi, 10h
.text:0000000000018C52                 mov     rbp, r9
.text:0000000000018C55                 mov     edx, edi        ; NumberOfBytes
.text:0000000000018C57                 call    cs:ExAllocatePoolWithTag ; ntoskrnl
.text:0000000000018C5D                 test    rax, rax
.text:0000000000018C60                 mov     rbx, rax
.text:0000000000018C63                 jnz     short loc_18C6C
.text:0000000000018C65                 mov     eax, 0C000009Ah
.text:0000000000018C6A                 jmp     short loc_18CCF
.text:0000000000018C6C ; ---------------------------------------------------------------------------
.text:0000000000018C6C
.text:0000000000018C6C loc_18C6C:                              ; CODE XREF: sub_18C1C+47↑j
.text:0000000000018C6C                 lea     rcx, [rsp+58h+DestinationString] ; DestinationString
.text:0000000000018C71                 mov     rdx, r12        ; SourceString
.text:0000000000018C74                 call    cs:RtlInitUnicodeString ; ntoskrnl
.text:0000000000018C7A                 lea     r11, [rsp+58h+arg_20]
.text:0000000000018C82                 lea     rdx, [rsp+58h+DestinationString] ; ValueName
.text:0000000000018C87                 mov     [rsp+58h+ResultLength], r11 ; ResultLength
.text:0000000000018C8C                 mov     r9, rbx         ; KeyValueInformation
.text:0000000000018C8F                 mov     r8d, 2          ; KeyValueInformationClass
.text:0000000000018C95                 mov     rcx, r13        ; KeyHandle
.text:0000000000018C98                 mov     [rsp+58h+Length], edi ; Length
.text:0000000000018C9C                 call    cs:ZwQueryValueKey ; ntoskrnl
.text:0000000000018CA2                 test    eax, eax
.text:0000000000018CA4                 mov     edi, eax
.text:0000000000018CA6                 js      short loc_18CBF
.text:0000000000018CA8                 mov     r8d, [rbx+8]    ; MaxCount
.text:0000000000018CAC                 lea     rdx, [rbx+0Ch]  ; Src
.text:0000000000018CB0                 mov     rcx, rbp        ; Dst
.text:0000000000018CB3                 call    memmove
.text:0000000000018CB8                 mov     r11d, [rbx+8]
.text:0000000000018CBC                 mov     [rsi], r11d
.text:0000000000018CBF
.text:0000000000018CBF loc_18CBF:                              ; CODE XREF: sub_18C1C+8A↑j
.text:0000000000018CBF                 mov     edx, 61636E65h  ; Tag
.text:0000000000018CC4                 mov     rcx, rbx        ; P
.text:0000000000018CC7                 call    cs:ExFreePoolWithTag ; ntoskrnl
.text:0000000000018CCD                 mov     eax, edi
.text:0000000000018CCF
.text:0000000000018CCF loc_18CCF:                              ; CODE XREF: sub_18C1C+4E↑j
.text:0000000000018CCF                 mov     rbx, [rsp+58h+arg_0]
.text:0000000000018CD4                 mov     rbp, [rsp+58h+arg_8]
.text:0000000000018CD9                 mov     rsi, [rsp+58h+arg_10]
.text:0000000000018CDE                 add     rsp, 40h
.text:0000000000018CE2                 pop     r13
.text:0000000000018CE4                 pop     r12
.text:0000000000018CE6                 pop     rdi
.text:0000000000018CE7                 retn
.text:0000000000018CE7 sub_18C1C       endp
.text:0000000000018CE7
.text:0000000000018CE7 ; ---------------------------------------------------------------------------
.text:0000000000018CE8 algn_18CE8:                             ; DATA XREF: .pdata:0000000000020228↓o
.text:0000000000018CE8                 align 10h
.text:0000000000018CF0
.text:0000000000018CF0 ; =============== S U B R O U T I N E =======================================
.text:0000000000018CF0
.text:0000000000018CF0
.text:0000000000018CF0 ; __int64 __fastcall sub_18CF0(PCWSTR SourceString, PCWSTR, __int64, void *, _DWORD *)
.text:0000000000018CF0 sub_18CF0       proc near               ; CODE XREF: sub_139E4+FF↑p
.text:0000000000018CF0                                         ; sub_139E4+12D↑p ...
.text:0000000000018CF0
.text:0000000000018CF0 var_68          = dword ptr -68h
.text:0000000000018CF0 KeyHandle       = qword ptr -58h
.text:0000000000018CF0 DestinationString= _UNICODE_STRING ptr -50h
.text:0000000000018CF0 ObjectAttributes= _OBJECT_ATTRIBUTES ptr -40h
.text:0000000000018CF0 var_8           = byte ptr -8
.text:0000000000018CF0 arg_0           = qword ptr  8
.text:0000000000018CF0 arg_8           = qword ptr  10h
.text:0000000000018CF0 arg_20          = dword ptr  28h
.text:0000000000018CF0
.text:0000000000018CF0                 mov     [rsp+arg_0], rbx
.text:0000000000018CF5                 mov     [rsp+arg_8], rsi
.text:0000000000018CFA                 push    rdi
.text:0000000000018CFB                 sub     rsp, 80h
.text:0000000000018D02                 mov     rbx, rcx
.text:0000000000018D05                 lea     rcx, aDDepotTrunkDri ; "d:\\depot\\trunk\\drivers\\endata\\reg."...
.text:0000000000018D0C                 mov     rsi, r9
.text:0000000000018D0F                 mov     rdi, rdx
.text:0000000000018D12                 call    DbgPrint
.text:0000000000018D17                 lea     rcx, aRegkeynameWsRe ; "regKeyName %ws regValueName %ws regType"...
.text:0000000000018D1E                 mov     r9d, 4
.text:0000000000018D24                 mov     r8, rdi
.text:0000000000018D27                 mov     rdx, rbx
.text:0000000000018D2A                 call    DbgPrint
.text:0000000000018D2F                 lea     rcx, [rsp+88h+DestinationString] ; DestinationString
.text:0000000000018D34                 mov     rdx, rbx        ; SourceString
.text:0000000000018D37                 call    cs:RtlInitUnicodeString ; ntoskrnl
.text:0000000000018D3D                 and     [rsp+88h+ObjectAttributes.RootDirectory], 0
.text:0000000000018D43                 and     [rsp+88h+ObjectAttributes.SecurityDescriptor], 0
.text:0000000000018D49                 and     [rsp+88h+ObjectAttributes.SecurityQualityOfService], 0
.text:0000000000018D4F                 lea     rax, [rsp+88h+DestinationString]
.text:0000000000018D54                 lea     r8, [rsp+88h+ObjectAttributes] ; ObjectAttributes
.text:0000000000018D59                 lea     rcx, [rsp+88h+KeyHandle] ; KeyHandle
.text:0000000000018D5E                 mov     edx, 20019h     ; DesiredAccess
.text:0000000000018D63                 mov     [rsp+88h+ObjectAttributes.ObjectName], rax
.text:0000000000018D68                 mov     [rsp+88h+ObjectAttributes.Length], 30h ; '0'
.text:0000000000018D70                 mov     [rsp+88h+ObjectAttributes.Attributes], 40h ; '@'
.text:0000000000018D78                 call    cs:ZwOpenKey    ; ntoskrnl
.text:0000000000018D7E                 test    eax, eax
.text:0000000000018D80                 mov     ebx, eax
.text:0000000000018D82                 js      short loc_18DB4
.text:0000000000018D84                 mov     rax, qword ptr [rsp+88h+arg_20]
.text:0000000000018D8C                 mov     rcx, [rsp+88h+KeyHandle] ; KeyHandle
.text:0000000000018D91                 mov     r9, rsi
.text:0000000000018D94                 mov     r8d, 4
.text:0000000000018D9A                 mov     rdx, rdi        ; SourceString
.text:0000000000018D9D                 mov     qword ptr [rsp+88h+var_68], rax ; ULONG
.text:0000000000018DA2                 call    sub_18C1C
.text:0000000000018DA7                 mov     rcx, [rsp+88h+KeyHandle] ; Handle
.text:0000000000018DAC                 mov     ebx, eax
.text:0000000000018DAE                 call    cs:ZwClose      ; ntoskrnl
.text:0000000000018DB4
.text:0000000000018DB4 loc_18DB4:                              ; CODE XREF: sub_18CF0+92↑j
.text:0000000000018DB4                 lea     r11, [rsp+88h+var_8]
.text:0000000000018DBC                 mov     eax, ebx
.text:0000000000018DBE                 mov     rbx, [r11+10h]
.text:0000000000018DC2                 mov     rsi, [r11+18h]
.text:0000000000018DC6                 mov     rsp, r11
.text:0000000000018DC9                 pop     rdi
.text:0000000000018DCA                 retn
.text:0000000000018DCA sub_18CF0       endp
.text:0000000000018DCA
.text:0000000000018DCA ; ---------------------------------------------------------------------------
.text:0000000000018DCB algn_18DCB:                             ; DATA XREF: .pdata:0000000000020234↓o
.text:0000000000018DCB                 align 20h
.text:0000000000018DE0 ; [0000001F BYTES: COLLAPSED FUNCTION __security_check_cookie]
.text:0000000000018DFF                 db 9 dup(0CCh)
.text:0000000000018E08 ; [00000027 BYTES: COLLAPSED FUNCTION __report_gsfailure]
.text:0000000000018E2F byte_18E2F      db 7 dup(0CCh)          ; DATA XREF: .pdata:0000000000020240↓o
.text:0000000000018E36 ; [00000006 BYTES: COLLAPSED FUNCTION PsLookupProcessByProcessId]
.text:0000000000018E3C                 db 6 dup(0CCh)
.text:0000000000018E42 ; [00000006 BYTES: COLLAPSED FUNCTION DbgPrint]
.text:0000000000018E48                 align 20h
.text:0000000000018E60 ; [00000334 BYTES: COLLAPSED FUNCTION memmove]
.text:0000000000019194                 db 6 dup(0CCh)
.text:000000000001919A ; [00000006 BYTES: COLLAPSED FUNCTION __C_specific_handler]
.text:00000000000191A0                 db 6 dup(0CCh)
.text:00000000000191A6                 align 10h
.text:00000000000191B0 ; [000000EA BYTES: COLLAPSED FUNCTION memset]
.text:000000000001929A                 db 0Ch dup(0CCh)
.text:00000000000192A6                 align 10h
.text:00000000000192B0 ; [000000C7 BYTES: COLLAPSED FUNCTION memcmp]
.text:0000000000019377                 align 20h
.text:0000000000019380 ; [00000063 BYTES: COLLAPSED FUNCTION __GSHandlerCheckCommon]
.text:00000000000193E3 byte_193E3      db 9 dup(0CCh)          ; DATA XREF: .pdata:000000000002024C↓o
.text:00000000000193EC ; [0000001D BYTES: COLLAPSED FUNCTION __GSHandlerCheck]
.text:0000000000019409 algn_19409:                             ; DATA XREF: .pdata:0000000000020258↓o
.text:0000000000019409                 align 10h
.text:0000000000019410 ; [00000094 BYTES: COLLAPSED FUNCTION __GSHandlerCheck_SEH]
.text:00000000000194A4 algn_194A4:                             ; DATA XREF: .pdata:0000000000020264↓o
.text:00000000000194A4                 align 10h
.text:00000000000194B0 ; const CHAR aIsfileexistEnd_1[]
.text:00000000000194B0 aIsfileexistEnd_1 db 'IsFileExist End Zero,Exceed Max length',0Ah,0
.text:00000000000194B0                                         ; DATA XREF: sub_11008+1F1↑o
.text:00000000000194D8                 align 20h
.text:00000000000194E0 ; const CHAR aIsfileexistD12[]
.text:00000000000194E0 aIsfileexistD12 db 'IsFileExist [%d][%.128ws]',0Ah,0
.text:00000000000194E0                                         ; DATA XREF: sub_11008+5E↑o
.text:00000000000194FB                 align 20h
.text:0000000000019500 aIsfileexistNoC db 'IsFileExist No Colon!',0Ah,0
.text:0000000000019500                                         ; DATA XREF: sub_11008+8F↑o
.text:0000000000019517                 align 20h
.text:0000000000019520 ; const CHAR aFullPath128ws[]
.text:0000000000019520 aFullPath128ws  db 'Full Path [%.128ws]',0Ah,0
.text:0000000000019520                                         ; DATA XREF: sub_11008+E7↑o
.text:0000000000019535                 align 20h
.text:0000000000019540 ; const CHAR aIsfileexistEnd_0[]
.text:0000000000019540 aIsfileexistEnd_0 db 'IsFileExist End NO [%8.8X]',0Ah,0
.text:0000000000019540                                         ; DATA XREF: sub_11008+19A↑o
.text:000000000001955C                 align 20h
.text:0000000000019560 ; const CHAR aIsfileexistEnd[]
.text:0000000000019560 aIsfileexistEnd db 'IsFileExist End YES',0Ah,0
.text:0000000000019560                                         ; DATA XREF: sub_11008+1CC↑o
.text:0000000000019575                 align 20h
.text:0000000000019580 ; const CHAR aFindingWsVolum[]
.text:0000000000019580 aFindingWsVolum db 'Finding [%ws] Volume',0Ah,0
.text:0000000000019580                                         ; DATA XREF: sub_11224+B6↑o
.text:0000000000019596                 align 20h
.text:00000000000195A0 qword_195A0     dq 73006F0044005Ch      ; DATA XREF: sub_11224+CA↑r
.text:00000000000195A0                                         ; sub_11224+1DB↑r
.text:00000000000195A8 qword_195A8     dq 69007600650044h      ; DATA XREF: sub_11224+D8↑r
.text:00000000000195A8                                         ; sub_11224+1E9↑r
.text:00000000000195B0 qword_195B0     dq 5C007300650063h      ; DATA XREF: sub_11224+E6↑r
.text:00000000000195B0                                         ; sub_11224+1F7↑r
.text:00000000000195B8                 align 20h
.text:00000000000195C0 ; const CHAR aWs88x[]
.text:00000000000195C0 aWs88x          db '[%ws] [%8.8X]',0Ah,0
.text:00000000000195C0                                         ; DATA XREF: sub_11224+1B0↑o
.text:00000000000195CF                 align 10h
.text:00000000000195D0 ; const CHAR aFileobjTypeDSi[]
.text:00000000000195D0 aFileobjTypeDSi db 'fileObj Type [%d] Size[%d]<[%d]',0Ah,0
.text:00000000000195D0                                         ; DATA XREF: sub_11224+330↑o
.text:00000000000195D0                                         ; sub_16034+234↑o
.text:00000000000195F1                 align 20h
.text:0000000000019600 ; const CHAR aFileobjTypeDSi_0[]
.text:0000000000019600 aFileobjTypeDSi_0 db 'fileObj Type [%d] Size[%d]',0Ah,0
.text:0000000000019600                                         ; DATA XREF: sub_11224+3CC↑o
.text:000000000001961C                 align 20h
.text:0000000000019620 ; const CHAR aWs3dWsUpdated[]
.text:0000000000019620 aWs3dWsUpdated  db '[%ws] [%3d][%ws] Updated',0Ah,0
.text:0000000000019620                                         ; DATA XREF: sub_11224+48F↑o
.text:000000000001963A                 align 20h
.text:0000000000019640 ; const CHAR aObquerynamestr[]
.text:0000000000019640 aObquerynamestr db 'ObQueryNameString Failed![%8.8X]',0Ah,0
.text:0000000000019640                                         ; DATA XREF: sub_11224+4EB↑o
.text:0000000000019662                 align 10h
.text:0000000000019670 ; const CHAR aObreferenceobj[]
.text:0000000000019670 aObreferenceobj db 'ObReferenceObjectByHandle Failed![%8.8X]',0Ah,0
.text:0000000000019670                                         ; DATA XREF: sub_11224+51D↑o
.text:000000000001969A                 align 20h
.text:00000000000196A0 ; const CHAR aMaxpid88i64x[]
.text:00000000000196A0 aMaxpid88i64x   db 'maxPid[%8.8I64X]',0Ah,0
.text:00000000000196A0                                         ; DATA XREF: sub_11794+3E↑o
.text:00000000000196B2                 align 20h
.text:00000000000196C0 ; const CHAR aSyspid88x[]
.text:00000000000196C0 aSyspid88x      db 'SysPid[%8.8X]',0Ah,0
.text:00000000000196C0                                         ; DATA XREF: sub_11794+A7↑o
.text:00000000000196CF                 align 10h
.text:00000000000196D0 ; const CHAR aNpid88i64x[]
.text:00000000000196D0 aNpid88i64x     db 'nPid[%8.8I64X]',0Ah,0
.text:00000000000196D0                                         ; DATA XREF: sub_11794+DD↑o
.text:00000000000196E0 aYes            db 'Yes',0              ; DATA XREF: sub_1191C+7B↑o
.text:00000000000196E0                                         ; sub_129B0+5F↑o
.text:00000000000196E4                 align 10h
.text:00000000000196F0 qword_196F0     dq 0CCCCCCCCCC006F4Eh, 0CCCCCCCCCCCCCCCCh
.text:00000000000196F0                                         ; DATA XREF: sub_1191C+82↑o
.text:00000000000196F0                                         ; sub_129B0+66↑o
.text:0000000000019700 ; const CHAR aGetfilehandles[]
.text:0000000000019700 aGetfilehandles db 'GetFileHandles2- Pid[%8.8X] Name[%s]',0Ah,0
.text:0000000000019700                                         ; DATA XREF: sub_1191C+93↑o
.text:0000000000019726                 align 10h
.text:0000000000019730 ; const CHAR aGetfilehandles_0[]
.text:0000000000019730 aGetfilehandles_0 db 'GetFileHandles2==PID[%8.8X] eProcess[%8.8X] is Current Process==='
.text:0000000000019730                                         ; DATA XREF: sub_1191C+15C↑o
.text:0000000000019771                 db '=======',0Ah,0
.text:000000000001977A                 align 20h
.text:0000000000019780 ; const CHAR aPid88xEprocess[]
.text:0000000000019780 aPid88xEprocess db 'PID[%8.8X] eProcess[%8.8X]',0Ah,0
.text:0000000000019780                                         ; DATA XREF: sub_1191C+19D↑o
.text:0000000000019780                                         ; sub_129B0+2AF↑o ...
.text:000000000001979C                 align 20h
.text:00000000000197A0 ; const CHAR aAttachedToPid8[]
.text:00000000000197A0 aAttachedToPid8 db 'Attached to PID[%8.8X] Process!',0Ah,0
.text:00000000000197A0                                         ; DATA XREF: sub_1191C+1D0↑o
.text:00000000000197A0                                         ; sub_129B0+2E2↑o ...
.text:00000000000197C1                 align 10h
.text:00000000000197D0 ; const CHAR aExceedMaxStora[]
.text:00000000000197D0 aExceedMaxStora db 'Exceed Max Storage...Stopped[%d]!',0Ah,0
.text:00000000000197D0                                         ; DATA XREF: sub_1191C+22D↑o
.text:00000000000197F3                 align 20h
.text:0000000000019800 ; const CHAR aFileobjTypeDSi_1[]
.text:0000000000019800 aFileobjTypeDSi_1 db 'fileObj Type [%d] Size[%d]==[%d]',0Ah,0
.text:0000000000019800                                         ; DATA XREF: sub_1191C+2EB↑o
.text:0000000000019822                 align 10h
.text:0000000000019830 ; const CHAR aFileVpbHandle8[]
.text:0000000000019830 aFileVpbHandle8 db 'File(vpb)Handle[%8.8X]-Flags[%8.8X][%3.3X] Len[%d][%.128ws]',0Ah,0
.text:0000000000019830                                         ; DATA XREF: sub_1191C+485↑o
.text:000000000001986D                 align 10h
.text:0000000000019870 ; const CHAR aDWs[]
.text:0000000000019870 aDWs            db '[%d] [%ws]',0Ah,0   ; DATA XREF: sub_1191C+4BC↑o
.text:000000000001987C                 align 20h
.text:0000000000019880 ; const CHAR aFileHandle88xF[]
.text:0000000000019880 aFileHandle88xF db 'File(   )Handle[%8.8X]-Flags[%8.8X][%3.3X] Len[%d][%.128ws]',0Ah,0
.text:0000000000019880                                         ; DATA XREF: sub_1191C+50C↑o
.text:00000000000198BD                 align 20h
.text:00000000000198C0 ; const CHAR aFileHandle1188[]
.text:00000000000198C0 aFileHandle1188 db 'File Handle11[%8.8X]-Len[%d] [%.128ws]',0Ah,0
.text:00000000000198C0                                         ; DATA XREF: sub_1191C+72C↑o
.text:00000000000198E8                 align 10h
.text:00000000000198F0 ; const CHAR aFileHandle288x[]
.text:00000000000198F0 aFileHandle288x db 'File Handle2[%8.8X]-OF[%8.8X] Len[%d] [%.128ws]',0Ah,0
.text:00000000000198F0                                         ; DATA XREF: sub_1191C+782↑o
.text:0000000000019921                 align 10h
.text:0000000000019930 ; const CHAR aObjecttype33s[]
.text:0000000000019930 aObjecttype33s  db 'ObjectType=[%3.3s]',0Ah,0
.text:0000000000019930                                         ; DATA XREF: sub_1191C+7D8↑o
.text:0000000000019944                 align 10h
.text:0000000000019950 aDeviceNamedpip:                        ; DATA XREF: sub_1191C+88A↑o
.text:0000000000019950                 text "UTF-16LE", '\Device\NamedPipe',0
.text:0000000000019974                 align 20h
.text:0000000000019980 ; const CHAR aFilehanleObjec[]
.text:0000000000019980 aFilehanleObjec db 'FileHanle Objectname [%wZ]',0Ah,0
.text:0000000000019980                                         ; DATA XREF: sub_1191C+9AB↑o
.text:000000000001999C                 align 20h
.text:00000000000199A0 ; const CHAR aFileHandle388x[]
.text:00000000000199A0 aFileHandle388x db 'File Handle3[%8.8X]-Len[%d] [%.128ws]',0Ah,0
.text:00000000000199A0                                         ; DATA XREF: sub_1191C+DC6↑o
.text:00000000000199C7                 align 10h
.text:00000000000199D0 ; const CHAR aFileHandle488x[]
.text:00000000000199D0 aFileHandle488x db 'File Handle4[%8.8X]-OF[%8.8X][%3.3X] FsContext[%8.8X] 2[%8.8X] Le'
.text:00000000000199D0                                         ; DATA XREF: sub_1191C+E46↑o
.text:0000000000019A11                 db 'n[%d] [%.128ws]',0Ah,0
.text:0000000000019A22                 align 10h
.text:0000000000019A30 ; const CHAR aPhantomHandle7[]
.text:0000000000019A30 aPhantomHandle7 db 'Phantom Handle7[%8.8X]!!!',0Ah,0
.text:0000000000019A30                                         ; DATA XREF: sub_1191C+EDA↑o
.text:0000000000019A4B                 align 10h
.text:0000000000019A50 ; const CHAR aPhantomHandle6[]
.text:0000000000019A50 aPhantomHandle6 db 'Phantom Handle6[%8.8X]!!!',0Ah,0
.text:0000000000019A50                                         ; DATA XREF: sub_1191C+EFF↑o
.text:0000000000019A6B                 align 10h
.text:0000000000019A70 ; const CHAR aPhantomHandle5[]
.text:0000000000019A70 aPhantomHandle5 db 'Phantom Handle5[%8.8X]!!!',0Ah,0
.text:0000000000019A70                                         ; DATA XREF: sub_1191C+F24↑o
.text:0000000000019A8B                 align 10h
.text:0000000000019A90 ; const CHAR aHandle88xIsNot[]
.text:0000000000019A90 aHandle88xIsNot db 'Handle[%8.8X] is not a valid!',0Ah,0
.text:0000000000019A90                                         ; DATA XREF: sub_1191C+F88↑o
.text:0000000000019A90                                         ; sub_16034+5A8↑o
.text:0000000000019AAF                 align 10h
.text:0000000000019AB0 ; const CHAR aDetachedFromPi[]
.text:0000000000019AB0 aDetachedFromPi db 'Detached from PID[%8.8X] Process!',0Ah,0
.text:0000000000019AB0                                         ; DATA XREF: sub_1191C+1015↑o
.text:0000000000019AB0                                         ; sub_129B0+652↑o ...
.text:0000000000019AD3                 align 20h
.text:0000000000019AE0 ; const CHAR aPslookupproces[]
.text:0000000000019AE0 aPslookupproces db 'PsLookupProcessByProcessId Failed[%8.8X]!',0Ah,0
.text:0000000000019AE0                                         ; DATA XREF: sub_1191C+1039↑o
.text:0000000000019AE0                                         ; sub_129B0+676↑o ...
.text:0000000000019B0B                 align 10h
.text:0000000000019B10 ; const CHAR aTotalHandleD[]
.text:0000000000019B10 aTotalHandleD   db 'Total Handle[%d]',0Ah,0
.text:0000000000019B10                                         ; DATA XREF: sub_1191C+105C↑o
.text:0000000000019B10                                         ; sub_129B0+699↑o ...
.text:0000000000019B22                 align 10h
.text:0000000000019B30 ; const CHAR aGetpiddllsPid8[]
.text:0000000000019B30 aGetpiddllsPid8 db 'GetPidDlls- Pid[%8.8X] CountOnly[%s]',0Ah,0
.text:0000000000019B30                                         ; DATA XREF: sub_129B0+77↑o
.text:0000000000019B56                 align 20h
.text:0000000000019B60 ; const CHAR aPid88xExitstat[]
.text:0000000000019B60 aPid88xExitstat db 'PID[%8.8X] ExitStatus[%8.8X] PEB[%8.8X]',0Ah,0
.text:0000000000019B60                                         ; DATA XREF: sub_129B0+198↑o
.text:0000000000019B89                 align 10h
.text:0000000000019B90 ; const CHAR aOpenprocessPeb[]
.text:0000000000019B90 aOpenprocessPeb db 'OpenProcess PebBaseAddress[%8.8X] ParentPid[%5X]',0Ah,0
.text:0000000000019B90                                         ; DATA XREF: sub_129B0+1FC↑o
.text:0000000000019BC2                 align 10h
.text:0000000000019BD0 ; const CHAR aZwqueryinforma[]
.text:0000000000019BD0 aZwqueryinforma db 'ZwQueryInformationProcess Failed[%8.8X]',0Ah,0
.text:0000000000019BD0                                         ; DATA XREF: sub_129B0+220↑o
.text:0000000000019BF9                 align 20h
.text:0000000000019C00 ; const CHAR aGetpiddllsPid8_0[]
.text:0000000000019C00 aGetpiddllsPid8_0 db 'GetPidDlls==PID[%8.8X] eProcess[%8.8X] is Current Process========'
.text:0000000000019C00                                         ; DATA XREF: sub_129B0+26E↑o
.text:0000000000019C41                 db '==',0Ah,0
.text:0000000000019C45                 align 10h
.text:0000000000019C50 ; const CHAR aProcessD128ws[]
.text:0000000000019C50 aProcessD128ws  db 'Process[%d] [%.128ws]',0Ah,0
.text:0000000000019C50                                         ; DATA XREF: sub_129B0+357↑o
.text:0000000000019C67                 align 10h
.text:0000000000019C70 ; const CHAR aProcess128s[]
.text:0000000000019C70 aProcess128s    db 'Process [%.128s]',0Ah,0
.text:0000000000019C70                                         ; DATA XREF: sub_129B0+42F↑o
.text:0000000000019C82                 align 10h
.text:0000000000019C90 ; const CHAR a2dModule128ws[]
.text:0000000000019C90 a2dModule128ws  db '[%2d] Module[%.128ws]',0Ah,0
.text:0000000000019C90                                         ; DATA XREF: sub_129B0+467↑o
.text:0000000000019CA7                 align 10h
.text:0000000000019CB0 ; const CHAR aB88xS88xEp88xF[]
.text:0000000000019CB0 aB88xS88xEp88xF db '     B[%8.8X] S[%8.8X] eP[%8.8X] F[%8.8X] lC[%3d] I[%8.8X]',0Ah,0
.text:0000000000019CB0                                         ; DATA XREF: sub_129B0+4AE↑o
.text:0000000000019CEC                 align 10h
.text:0000000000019CF0 ; const CHAR aBufferOverrunC[]
.text:0000000000019CF0 aBufferOverrunC db 'Buffer Overrun condition',0Ah,0
.text:0000000000019CF0                                         ; DATA XREF: sub_129B0+50A↑o
.text:0000000000019D0A                 align 10h
.text:0000000000019D10 ; const CHAR aProcmodule88xI[]
.text:0000000000019D10 aProcmodule88xI db 'ProcModule[%8.8X] is Partial Invalid!',0Ah,0
.text:0000000000019D10                                         ; DATA XREF: sub_129B0+607↑o
.text:0000000000019D37                 align 20h
.text:0000000000019D40 ; const CHAR aGetpidtokensid[]
.text:0000000000019D40 aGetpidtokensid db 'GetPidTokenSid Pid[%8.8X] Beg',0Ah,0
.text:0000000000019D40                                         ; DATA XREF: sub_1309C+40↑o
.text:0000000000019D5F                 align 20h
.text:0000000000019D60 ; const CHAR aPid88x[]
.text:0000000000019D60 aPid88x         db 'PID[%8.8X]',0Ah,0   ; DATA XREF: sub_1309C+B2↑o
.text:0000000000019D6C                 align 10h
.text:0000000000019D70 ; const CHAR aTbuf88xReqlen8[]
.text:0000000000019D70 aTbuf88xReqlen8 db 'tBuf[%8.8X] reqLen[%8.8X]',0Ah,0
.text:0000000000019D70                                         ; DATA XREF: sub_1309C+13C↑o
.text:0000000000019D8B                 align 10h
.text:0000000000019D90 ; const CHAR aUsersid88x[]
.text:0000000000019D90 aUsersid88x     db 'UserSid[%8.8X]!',0Ah,0
.text:0000000000019D90                                         ; DATA XREF: sub_1309C+197↑o
.text:0000000000019DA1                 align 10h
.text:0000000000019DB0 ; const CHAR aZwqueryinforma_0[]
.text:0000000000019DB0 aZwqueryinforma_0 db 'ZwQueryInformationToken is Failed!',0Ah,0
.text:0000000000019DB0                                         ; DATA XREF: sub_1309C+1BD↑o
.text:0000000000019DD4                 align 20h
.text:0000000000019DE0 ; const CHAR aAllocateTokenb[]
.text:0000000000019DE0 aAllocateTokenb db 'Allocate TokenBuffer is Failed!!',0Ah,0
.text:0000000000019DE0                                         ; DATA XREF: sub_1309C+1EE↑o
.text:0000000000019E02                 align 10h
.text:0000000000019E10 ; const CHAR aZwopenprocesst[]
.text:0000000000019E10 aZwopenprocesst db 'ZwOpenProcessToken is Failed!',0Ah,0
.text:0000000000019E10                                         ; DATA XREF: sub_1309C+211↑o
.text:0000000000019E2F                 align 10h
.text:0000000000019E30 ; const CHAR aGetpidtokensid_0[]
.text:0000000000019E30 aGetpidtokensid_0 db 'GetPidTokenSid hToken[%8.8X] Sid[%8.8X]End',0Ah,0
.text:0000000000019E30                                         ; DATA XREF: sub_1309C+252↑o
.text:0000000000019E5C                 align 20h
.text:0000000000019E60 ; const CHAR aValidVpns[]
.text:0000000000019E60 aValidVpns      db 'Valid VPNs:',0Ah,0  ; DATA XREF: sub_133F0+E8↑o
.text:0000000000019E6D                 align 10h
.text:0000000000019E70 ; const CHAR a8x[]
.text:0000000000019E70 a8x             db '%-8x ',0            ; DATA XREF: sub_133F0+10A↑o
.text:0000000000019E76                 align 20h
.text:0000000000019E80 ; const CHAR asc_19E80[2]
.text:0000000000019E80 asc_19E80       db 0Ah,0                ; DATA XREF: sub_133F0+12A↑o
.text:0000000000019E82                 align 10h
.text:0000000000019E90 ; const CHAR asc_19E90[3]
.text:0000000000019E90 asc_19E90       db 0Ah                  ; DATA XREF: sub_133F0+14E↑o
.text:0000000000019E91                 db 0Ah,0
.text:0000000000019E93                 align 20h
.text:0000000000019EA0 ; const CHAR aEnd64Isfileexi_4[]
.text:0000000000019EA0 aEnd64Isfileexi_4 db 'END64::IsFileExist(211):',0
.text:0000000000019EA0                                         ; DATA XREF: sub_11008+1E5↑o
.text:0000000000019EB9                 align 20h
.text:0000000000019EC0 ; const CHAR Format[]
.text:0000000000019EC0 Format          db 'END64::IsFileExist(215):',0
.text:0000000000019EC0                                         ; DATA XREF: sub_11008+4B↑o
.text:0000000000019ED9                 align 20h
.text:0000000000019EE0 ; const CHAR aEnd64Isfileexi_0[]
.text:0000000000019EE0 aEnd64Isfileexi_0 db 'END64::IsFileExist(217):',0
.text:0000000000019EE0                                         ; DATA XREF: sub_11008+83↑o
.text:0000000000019EF9                 align 20h
.text:0000000000019F00 ; const CHAR aEnd64Isfileexi_1[]
.text:0000000000019F00 aEnd64Isfileexi_1 db 'END64::IsFileExist(227):',0
.text:0000000000019F00                                         ; DATA XREF: sub_11008+DB↑o
.text:0000000000019F19                 align 20h
.text:0000000000019F20 ; const CHAR aEnd64Isfileexi_2[]
.text:0000000000019F20 aEnd64Isfileexi_2 db 'END64::IsFileExist(234):',0
.text:0000000000019F20                                         ; DATA XREF: sub_11008+18E↑o
.text:0000000000019F39                 align 20h
.text:0000000000019F40 ; const CHAR aEnd64Isfileexi_3[]
.text:0000000000019F40 aEnd64Isfileexi_3 db 'END64::IsFileExist(238):',0
.text:0000000000019F40                                         ; DATA XREF: sub_11008+1C0↑o
.text:0000000000019F59                 align 20h
.text:0000000000019F60 ; const CHAR aEnd64Initdrvol[]
.text:0000000000019F60 aEnd64Initdrvol db 'END64::InitDrVolume(258):',0
.text:0000000000019F60                                         ; DATA XREF: sub_11224+A7↑o
.text:0000000000019F7A                 align 20h
.text:0000000000019F80 ; const CHAR aEnd64Initdrvol_0[]
.text:0000000000019F80 aEnd64Initdrvol_0 db 'END64::InitDrVolume(272):',0
.text:0000000000019F80                                         ; DATA XREF: sub_11224+19A↑o
.text:0000000000019F9A                 align 20h
.text:0000000000019FA0 ; const CHAR aEnd64Initdrvol_1[]
.text:0000000000019FA0 aEnd64Initdrvol_1 db 'END64::InitDrVolume(295):',0
.text:0000000000019FA0                                         ; DATA XREF: sub_11224+30D↑o
.text:0000000000019FBA                 align 20h
.text:0000000000019FC0 ; const CHAR aEnd64Initdrvol_2[]
.text:0000000000019FC0 aEnd64Initdrvol_2 db 'END64::InitDrVolume(312):',0
.text:0000000000019FC0                                         ; DATA XREF: sub_11224+3AF↑o
.text:0000000000019FDA                 align 20h
.text:0000000000019FE0 ; const CHAR aEnd64Initdrvol_3[]
.text:0000000000019FE0 aEnd64Initdrvol_3 db 'END64::InitDrVolume(324):',0
.text:0000000000019FE0                                         ; DATA XREF: sub_11224+46C↑o
.text:0000000000019FFA                 align 20h
.text:000000000001A000 ; const CHAR aEnd64Initdrvol_4[]
.text:000000000001A000 aEnd64Initdrvol_4 db 'END64::InitDrVolume(328):',0
.text:000000000001A000                                         ; DATA XREF: sub_11224+4DC↑o
.text:000000000001A01A                 align 20h
.text:000000000001A020 ; const CHAR aEnd64Initdrvol_5[]
.text:000000000001A020 aEnd64Initdrvol_5 db 'END64::InitDrVolume(333):',0
.text:000000000001A020                                         ; DATA XREF: sub_11224+50F↑o
.text:000000000001A03A                 align 20h
.text:000000000001A040 ; const CHAR aEnd64Enumsyspi[]
.text:000000000001A040 aEnd64Enumsyspi db 'END64::EnumSysPids(349):',0
.text:000000000001A040                                         ; DATA XREF: sub_11794+32↑o
.text:000000000001A059                 align 20h
.text:000000000001A060 ; const CHAR aEnd64Enumsyspi_0[]
.text:000000000001A060 aEnd64Enumsyspi_0 db 'END64::EnumSysPids(357):',0
.text:000000000001A060                                         ; DATA XREF: sub_11794+9B↑o
.text:000000000001A079                 align 20h
.text:000000000001A080 ; const CHAR aEnd64Enumsyspi_1[]
.text:000000000001A080 aEnd64Enumsyspi_1 db 'END64::EnumSysPids(362):',0
.text:000000000001A080                                         ; DATA XREF: sub_11794+D1↑o
.text:000000000001A099                 align 20h
.text:000000000001A0A0 ; const CHAR aEnd64Getfileha[]
.text:000000000001A0A0 aEnd64Getfileha db 'END64::GetFileHandles2(396):',0
.text:000000000001A0A0                                         ; DATA XREF: sub_1191C+6F↑o
.text:000000000001A0BD                 align 20h
.text:000000000001A0C0 ; const CHAR aEnd64Getfileha_0[]
.text:000000000001A0C0 aEnd64Getfileha_0 db 'END64::GetFileHandles2(420):',0
.text:000000000001A0C0                                         ; DATA XREF: sub_1191C+148↑o
.text:000000000001A0DD                 align 20h
.text:000000000001A0E0 ; const CHAR aEnd64Getfileha_1[]
.text:000000000001A0E0 aEnd64Getfileha_1 db 'END64::GetFileHandles2(427):',0
.text:000000000001A0E0                                         ; DATA XREF: sub_1191C+189↑o
.text:000000000001A0FD                 align 20h
.text:000000000001A100 ; const CHAR aEnd64Getfileha_2[]
.text:000000000001A100 aEnd64Getfileha_2 db 'END64::GetFileHandles2(430):',0
.text:000000000001A100                                         ; DATA XREF: sub_1191C+1C1↑o
.text:000000000001A11D                 align 20h
.text:000000000001A120 ; const CHAR aEnd64Getfileha_3[]
.text:000000000001A120 aEnd64Getfileha_3 db 'END64::GetFileHandles2(436):',0
.text:000000000001A120                                         ; DATA XREF: sub_1191C+21E↑o
.text:000000000001A13D                 align 20h
.text:000000000001A140 ; const CHAR aEnd64Getfileha_4[]
.text:000000000001A140 aEnd64Getfileha_4 db 'END64::GetFileHandles2(460):',0
.text:000000000001A140                                         ; DATA XREF: sub_1191C+2CB↑o
.text:000000000001A15D                 align 20h
.text:000000000001A160 ; const CHAR aEnd64Getfileha_5[]
.text:000000000001A160 aEnd64Getfileha_5 db 'END64::GetFileHandles2(485):',0
.text:000000000001A160                                         ; DATA XREF: sub_1191C+452↑o
.text:000000000001A17D                 align 20h
.text:000000000001A180 ; const CHAR aEnd64Getfileha_6[]
.text:000000000001A180 aEnd64Getfileha_6 db 'END64::GetFileHandles2(487):',0
.text:000000000001A180                                         ; DATA XREF: sub_1191C+49F↑o
.text:000000000001A19D                 align 20h
.text:000000000001A1A0 ; const CHAR aEnd64Getfileha_7[]
.text:000000000001A1A0 aEnd64Getfileha_7 db 'END64::GetFileHandles2(492):',0
.text:000000000001A1A0                                         ; DATA XREF: sub_1191C+4D9↑o
.text:000000000001A1BD                 align 20h
.text:000000000001A1C0 ; const CHAR aEnd64Getfileha_8[]
.text:000000000001A1C0 aEnd64Getfileha_8 db 'END64::GetFileHandles2(540):',0
.text:000000000001A1C0                                         ; DATA XREF: sub_1191C+713↑o
.text:000000000001A1DD                 align 20h
.text:000000000001A1E0 ; const CHAR aEnd64Getfileha_9[]
.text:000000000001A1E0 aEnd64Getfileha_9 db 'END64::GetFileHandles2(548):',0
.text:000000000001A1E0                                         ; DATA XREF: sub_1191C+75B↑o
.text:000000000001A1FD                 align 20h
.text:000000000001A200 ; const CHAR aEnd64Getfileha_10[]
.text:000000000001A200 aEnd64Getfileha_10 db 'END64::GetFileHandles2(555):',0
.text:000000000001A200                                         ; DATA XREF: sub_1191C+7C8↑o
.text:000000000001A21D                 align 20h
.text:000000000001A220 ; const CHAR aEnd64Getfileha_11[]
.text:000000000001A220 aEnd64Getfileha_11 db 'END64::GetFileHandles2(588):',0
.text:000000000001A220                                         ; DATA XREF: sub_1191C+998↑o
.text:000000000001A23D                 align 20h
.text:000000000001A240 ; const CHAR aEnd64Getfileha_12[]
.text:000000000001A240 aEnd64Getfileha_12 db 'END64::GetFileHandles2(668):',0
.text:000000000001A240                                         ; DATA XREF: sub_1191C+DAD↑o
.text:000000000001A25D                 align 20h
.text:000000000001A260 ; const CHAR aEnd64Getfileha_13[]
.text:000000000001A260 aEnd64Getfileha_13 db 'END64::GetFileHandles2(681):',0
.text:000000000001A260                                         ; DATA XREF: sub_1191C+DFF↑o
.text:000000000001A27D                 align 20h
.text:000000000001A280 ; const CHAR aEnd64Getfileha_14[]
.text:000000000001A280 aEnd64Getfileha_14 db 'END64::GetFileHandles2(692):',0
.text:000000000001A280                                         ; DATA XREF: sub_1191C+ECB↑o
.text:000000000001A29D                 align 20h
.text:000000000001A2A0 ; const CHAR aEnd64Getfileha_15[]
.text:000000000001A2A0 aEnd64Getfileha_15 db 'END64::GetFileHandles2(694):',0
.text:000000000001A2A0                                         ; DATA XREF: sub_1191C+EF0↑o
.text:000000000001A2BD                 align 20h
.text:000000000001A2C0 ; const CHAR aEnd64Getfileha_16[]
.text:000000000001A2C0 aEnd64Getfileha_16 db 'END64::GetFileHandles2(696):',0
.text:000000000001A2C0                                         ; DATA XREF: sub_1191C+F15↑o
.text:000000000001A2DD                 align 20h
.text:000000000001A2E0 ; const CHAR aEnd64Getfileha_20[]
.text:000000000001A2E0 aEnd64Getfileha_20 db 'END64::GetFileHandles2(709):',0
.text:000000000001A2E0                                         ; DATA XREF: sub_1191C+F74↑o
.text:000000000001A2FD                 align 20h
.text:000000000001A300 ; const CHAR aEnd64Getfileha_17[]
.text:000000000001A300 aEnd64Getfileha_17 db 'END64::GetFileHandles2(717):',0
.text:000000000001A300                                         ; DATA XREF: sub_1191C+1006↑o
.text:000000000001A31D                 align 20h
.text:000000000001A320 ; const CHAR aEnd64Getfileha_18[]
.text:000000000001A320 aEnd64Getfileha_18 db 'END64::GetFileHandles2(721):',0
.text:000000000001A320                                         ; DATA XREF: sub_1191C+102B↑o
.text:000000000001A33D                 align 20h
.text:000000000001A340 ; const CHAR aEnd64Getfileha_19[]
.text:000000000001A340 aEnd64Getfileha_19 db 'END64::GetFileHandles2(723):',0
.text:000000000001A340                                         ; DATA XREF: sub_1191C+104D↑o
.text:000000000001A35D                 align 20h
.text:000000000001A360 ; const CHAR aEnd64Getpiddll[]
.text:000000000001A360 aEnd64Getpiddll db 'END64::GetPidDlls(741):',0
.text:000000000001A360                                         ; DATA XREF: sub_129B0+53↑o
.text:000000000001A378                 align 20h
.text:000000000001A380 ; const CHAR aEnd64Getpiddll_0[]
.text:000000000001A380 aEnd64Getpiddll_0 db 'END64::GetPidDlls(768):',0
.text:000000000001A380                                         ; DATA XREF: sub_129B0+174↑o
.text:000000000001A398                 align 20h
.text:000000000001A3A0 ; const CHAR aEnd64Getpiddll_1[]
.text:000000000001A3A0 aEnd64Getpiddll_1 db 'END64::GetPidDlls(775):',0
.text:000000000001A3A0                                         ; DATA XREF: sub_129B0+1E5↑o
.text:000000000001A3B8                 align 20h
.text:000000000001A3C0 ; const CHAR aEnd64Getpiddll_2[]
.text:000000000001A3C0 aEnd64Getpiddll_2 db 'END64::GetPidDlls(778):',0
.text:000000000001A3C0                                         ; DATA XREF: sub_129B0+212↑o
.text:000000000001A3D8                 align 20h
.text:000000000001A3E0 ; const CHAR aEnd64Getpiddll_3[]
.text:000000000001A3E0 aEnd64Getpiddll_3 db 'END64::GetPidDlls(789):',0
.text:000000000001A3E0                                         ; DATA XREF: sub_129B0+25A↑o
.text:000000000001A3F8                 align 20h
.text:000000000001A400 ; const CHAR aEnd64Getpiddll_4[]
.text:000000000001A400 aEnd64Getpiddll_4 db 'END64::GetPidDlls(796):',0
.text:000000000001A400                                         ; DATA XREF: sub_129B0+29B↑o
.text:000000000001A418                 align 20h
.text:000000000001A420 ; const CHAR aEnd64Getpiddll_5[]
.text:000000000001A420 aEnd64Getpiddll_5 db 'END64::GetPidDlls(799):',0
.text:000000000001A420                                         ; DATA XREF: sub_129B0+2D3↑o
.text:000000000001A438                 align 20h
.text:000000000001A440 ; const CHAR aEnd64Getpiddll_6[]
.text:000000000001A440 aEnd64Getpiddll_6 db 'END64::GetPidDlls(808):',0
.text:000000000001A440                                         ; DATA XREF: sub_129B0+342↑o
.text:000000000001A458                 align 20h
.text:000000000001A460 ; const CHAR aEnd64Getpiddll_7[]
.text:000000000001A460 aEnd64Getpiddll_7 db 'END64::GetPidDlls(814):',0
.text:000000000001A460                                         ; DATA XREF: sub_129B0+417↑o
.text:000000000001A478                 align 20h
.text:000000000001A480 ; const CHAR aEnd64Getpiddll_8[]
.text:000000000001A480 aEnd64Getpiddll_8 db 'END64::GetPidDlls(864):',0
.text:000000000001A480                                         ; DATA XREF: sub_129B0+454↑o
.text:000000000001A498                 align 20h
.text:000000000001A4A0 ; const CHAR aEnd64Getpiddll_9[]
.text:000000000001A4A0 aEnd64Getpiddll_9 db 'END64::GetPidDlls(866):',0
.text:000000000001A4A0                                         ; DATA XREF: sub_129B0+47B↑o
.text:000000000001A4B8                 align 20h
.text:000000000001A4C0 ; const CHAR aEnd64Getpiddll_10[]
.text:000000000001A4C0 aEnd64Getpiddll_10 db 'END64::GetPidDlls(873):',0
.text:000000000001A4C0                                         ; DATA XREF: sub_129B0:loc_12EAE↑o
.text:000000000001A4D8                 align 20h
.text:000000000001A4E0 ; const CHAR aEnd64Getpiddll_14[]
.text:000000000001A4E0 aEnd64Getpiddll_14 db 'END64::GetPidDlls(910):',0
.text:000000000001A4E0                                         ; DATA XREF: sub_129B0+5F3↑o
.text:000000000001A4F8                 align 20h
.text:000000000001A500 ; const CHAR aEnd64Getpiddll_11[]
.text:000000000001A500 aEnd64Getpiddll_11 db 'END64::GetPidDlls(916):',0
.text:000000000001A500                                         ; DATA XREF: sub_129B0+643↑o
.text:000000000001A518                 align 20h
.text:000000000001A520 ; const CHAR aEnd64Getpiddll_12[]
.text:000000000001A520 aEnd64Getpiddll_12 db 'END64::GetPidDlls(920):',0
.text:000000000001A520                                         ; DATA XREF: sub_129B0+668↑o
.text:000000000001A538                 align 20h
.text:000000000001A540 ; const CHAR aEnd64Getpiddll_13[]
.text:000000000001A540 aEnd64Getpiddll_13 db 'END64::GetPidDlls(922):',0
.text:000000000001A540                                         ; DATA XREF: sub_129B0+68A↑o
.text:000000000001A558                 align 20h
.text:000000000001A560 ; const CHAR aEnd64Getpidtok[]
.text:000000000001A560 aEnd64Getpidtok db 'END64::GetPidTokenSid(940):',0
.text:000000000001A560                                         ; DATA XREF: sub_1309C+34↑o
.text:000000000001A57C                 align 20h
.text:000000000001A580 ; const CHAR aEnd64Getpidtok_0[]
.text:000000000001A580 aEnd64Getpidtok_0 db 'END64::GetPidTokenSid(952):',0
.text:000000000001A580                                         ; DATA XREF: sub_1309C+A6↑o
.text:000000000001A59C                 align 20h
.text:000000000001A5A0 ; const CHAR aEnd64Getpidtok_1[]
.text:000000000001A5A0 aEnd64Getpidtok_1 db 'END64::GetPidTokenSid(956):',0
.text:000000000001A5A0                                         ; DATA XREF: sub_1309C+128↑o
.text:000000000001A5BC                 align 20h
.text:000000000001A5C0 ; const CHAR aEnd64Getpidtok_2[]
.text:000000000001A5C0 aEnd64Getpidtok_2 db 'END64::GetPidTokenSid(960):',0
.text:000000000001A5C0                                         ; DATA XREF: sub_1309C+18B↑o
.text:000000000001A5DC                 align 20h
.text:000000000001A5E0 ; const CHAR aEnd64Getpidtok_3[]
.text:000000000001A5E0 aEnd64Getpidtok_3 db 'END64::GetPidTokenSid(963):',0
.text:000000000001A5E0                                         ; DATA XREF: sub_1309C+1B1↑o
.text:000000000001A5FC                 align 20h
.text:000000000001A600 ; const CHAR aEnd64Getpidtok_4[]
.text:000000000001A600 aEnd64Getpidtok_4 db 'END64::GetPidTokenSid(969):',0
.text:000000000001A600                                         ; DATA XREF: sub_1309C+1E2↑o
.text:000000000001A61C                 align 20h
.text:000000000001A620 ; const CHAR aEnd64Getpidtok_5[]
.text:000000000001A620 aEnd64Getpidtok_5 db 'END64::GetPidTokenSid(974):',0
.text:000000000001A620                                         ; DATA XREF: sub_1309C+205↑o
.text:000000000001A63C                 align 20h
.text:000000000001A640 ; const CHAR aEnd64Getpidtok_6[]
.text:000000000001A640 aEnd64Getpidtok_6 db 'END64::GetPidTokenSid(983):',0
.text:000000000001A640                                         ; DATA XREF: sub_1309C+23E↑o
.text:000000000001A65C                 align 20h
.text:000000000001A660 ; const CHAR aWarningEnd64Ge_0[]
.text:000000000001A660 aWarningEnd64Ge_0 db 'Warning: (END64::GetPageDataList) GetProcExitStatus (%X) or exitc'
.text:000000000001A660                                         ; DATA XREF: sub_133F0+171↑o
.text:000000000001A6A1                 db 'ode (%X).',0Ah,0
.text:000000000001A6AC                 align 10h
.text:000000000001A6B0 ; const CHAR aWarningEnd64Ge[]
.text:000000000001A6B0 aWarningEnd64Ge db 'Warning: (END64::GetPageDataList) PsLookupProcessByProcessId fail'
.text:000000000001A6B0                                         ; DATA XREF: sub_133F0+79↑o
.text:000000000001A6F1                 db 'ed 0x%x',0Ah,0
.text:000000000001A6FA                 align 20h
.text:000000000001A700 ; const WCHAR qword_1A700
.text:000000000001A700 qword_1A700     dq 670061006D0049h      ; DATA XREF: sub_13590+3B↑r
.text:000000000001A700                                         ; sub_175E0:loc_177AD↑o ...
.text:000000000001A708 qword_1A708     dq 74006100500065h      ; DATA XREF: sub_13590+50↑r
.text:000000000001A710 dword_1A710     dd 68h                  ; DATA XREF: sub_13590+5B↑r
.text:000000000001A714                 align 20h
.text:000000000001A720 ; const CHAR aGetdrivername1[]
.text:000000000001A720 aGetdrivername1 db 'GetDriverName(152):',0
.text:000000000001A720                                         ; DATA XREF: sub_13590+67↑o
.text:000000000001A734                 align 20h
.text:000000000001A740 ; const CHAR aGetdrivernameB[]
.text:000000000001A740 aGetdrivernameB db 'GetDriverName Beg [%ws]',0Ah,0
.text:000000000001A740                                         ; DATA XREF: sub_13590+73↑o
.text:000000000001A759                 align 20h
.text:000000000001A760 ; const CHAR aGetdrivername1_0[]
.text:000000000001A760 aGetdrivername1_0 db 'GetDriverName(156):',0
.text:000000000001A760                                         ; DATA XREF: sub_13590+DF↑o
.text:000000000001A774                 align 20h
.text:000000000001A780 ; const CHAR aRegpathWs[]
.text:000000000001A780 aRegpathWs      db 'RegPath[%ws]',0Ah,0 ; DATA XREF: sub_13590+F0↑o
.text:000000000001A78E                 align 10h
.text:000000000001A790 ; const CHAR aGetdrivername1_1[]
.text:000000000001A790 aGetdrivername1_1 db 'GetDriverName(158):',0
.text:000000000001A790                                         ; DATA XREF: sub_13590+10A↑o
.text:000000000001A7A4                 align 10h
.text:000000000001A7B0 ; const CHAR aRegopenFailed8[]
.text:000000000001A7B0 aRegopenFailed8 db 'RegOpen Failed! [%8.8X]',0Ah,0
.text:000000000001A7B0                                         ; DATA XREF: sub_13590+116↑o
.text:000000000001A7B0                                         ; sub_18420+1D2↑o
.text:000000000001A7C9                 align 10h
.text:000000000001A7D0 ; const CHAR aGetdrivername1_2[]
.text:000000000001A7D0 aGetdrivername1_2 db 'GetDriverName(161):',0
.text:000000000001A7D0                                         ; DATA XREF: sub_13590+132↑o
.text:000000000001A7E4                 align 10h
.text:000000000001A7F0 ; const CHAR aRegopenOk[]
.text:000000000001A7F0 aRegopenOk      db 'RegOpen OK!',0Ah,0  ; DATA XREF: sub_13590+13E↑o
.text:000000000001A7FD                 align 20h
.text:000000000001A800 ; const CHAR aGetdrivername1_3[]
.text:000000000001A800 aGetdrivername1_3 db 'GetDriverName(166):',0
.text:000000000001A800                                         ; DATA XREF: sub_13590+178↑o
.text:000000000001A814                 align 20h
.text:000000000001A820 ; const CHAR aExallocatepool[]
.text:000000000001A820 aExallocatepool db 'ExAllocatePool failed on GetDriverName',0Ah,0
.text:000000000001A820                                         ; DATA XREF: sub_13590+184↑o
.text:000000000001A848                 align 10h
.text:000000000001A850 ; const CHAR aGetdrivername1_4[]
.text:000000000001A850 aGetdrivername1_4 db 'GetDriverName(175):',0
.text:000000000001A850                                         ; DATA XREF: sub_13590+1E7↑o
.text:000000000001A864                 align 10h
.text:000000000001A870 ; const CHAR aRegqueryFailed[]
.text:000000000001A870 aRegqueryFailed db 'RegQuery Failed on Open! [%8.8X]',0Ah,0
.text:000000000001A870                                         ; DATA XREF: sub_13590+1F3↑o
.text:000000000001A892                 align 20h
.text:000000000001A8A0 ; const CHAR aGetdrivername1_5[]
.text:000000000001A8A0 aGetdrivername1_5 db 'GetDriverName(186):',0
.text:000000000001A8A0                                         ; DATA XREF: sub_13590+26A↑o
.text:000000000001A8B4                 align 20h
.text:000000000001A8C0 ; const CHAR aWnameWs[]
.text:000000000001A8C0 aWnameWs        db 'wName[%ws]',0Ah,0   ; DATA XREF: sub_13590+27E↑o
.text:000000000001A8CC                 align 10h
.text:000000000001A8D0 ; const WCHAR qword_1A8D0
.text:000000000001A8D0 qword_1A8D0     dq 7600650044005Ch      ; DATA XREF: sub_13590+302↑r
.text:000000000001A8D0                                         ; sub_1704C+37↑o
.text:000000000001A8D8 dword_1A8D8     dd 630069h              ; DATA XREF: sub_13590+313↑r
.text:000000000001A8DC word_1A8DC      dw 65h                  ; DATA XREF: sub_13590+320↑r
.text:000000000001A8DE                 align 20h
.text:000000000001A8E0 qword_1A8E0     dq 73006F0044005Ch      ; DATA XREF: sub_13590+357↑r
.text:000000000001A8E8 qword_1A8E8     dq 69007600650044h      ; DATA XREF: sub_13590+36C↑r
.text:000000000001A8F0 dword_1A8F0     dd 650063h              ; DATA XREF: sub_13590+37D↑r
.text:000000000001A8F4 word_1A8F4      dw 73h                  ; DATA XREF: sub_13590+38D↑r
.text:000000000001A8F6                 align 20h
.text:000000000001A900 ; const CHAR aGetdrivername2[]
.text:000000000001A900 aGetdrivername2 db 'GetDriverName(207):',0
.text:000000000001A900                                         ; DATA XREF: sub_13590+3A5↑o
.text:000000000001A914                 align 20h
.text:000000000001A920 ; const CHAR aNtdevicenameWs[]
.text:000000000001A920 aNtdevicenameWs db 'ntDeviceName [%ws]',0Ah,0
.text:000000000001A920                                         ; DATA XREF: sub_13590+3B8↑o
.text:000000000001A934                 align 20h
.text:000000000001A940 ; const CHAR aGetdrivername2_0[]
.text:000000000001A940 aGetdrivername2_0 db 'GetDriverName(208):',0
.text:000000000001A940                                         ; DATA XREF: sub_13590+3CD↑o
.text:000000000001A954                 align 20h
.text:000000000001A960 ; const CHAR aDosdevicenameW[]
.text:000000000001A960 aDosdevicenameW db 'dosDeviceName[%ws]',0Ah,0
.text:000000000001A960                                         ; DATA XREF: sub_13590+3E0↑o
.text:000000000001A974                 align 20h
.text:000000000001A980 ; const CHAR aGetdrivername2_1[]
.text:000000000001A980 aGetdrivername2_1 db 'GetDriverName(212):',0
.text:000000000001A980                                         ; DATA XREF: sub_13590+40B↑o
.text:000000000001A994                 align 20h
.text:000000000001A9A0 ; const CHAR aGetdrivernameE[]
.text:000000000001A9A0 aGetdrivernameE db 'GetDriverName End',0Ah,0
.text:000000000001A9A0                                         ; DATA XREF: sub_13590+417↑o
.text:000000000001A9B3                 align 20h
.text:000000000001A9C0 ; const CHAR aDriverentry231[]
.text:000000000001A9C0 aDriverentry231 db 'DriverEntry(231):',0
.text:000000000001A9C0                                         ; DATA XREF: sub_139E4+22↑o
.text:000000000001A9D2                 align 20h
.text:000000000001A9E0 a170946         db '17:09:46',0         ; DATA XREF: sub_139E4+2E↑o
.text:000000000001A9E9                 align 10h
.text:000000000001A9F0 aNov62008       db 'Nov  6 2008',0      ; DATA XREF: sub_139E4+35↑o
.text:000000000001A9FC                 align 20h
.text:000000000001AA00 ; const CHAR aEndata2008Comp[]
.text:000000000001AA00 aEndata2008Comp db 'EnData2008 Compiled on %s at %s',0Ah,0
.text:000000000001AA00                                         ; DATA XREF: sub_139E4+3C↑o
.text:000000000001AA21                 align 10h
.text:000000000001AA30 ; const CHAR aDriverentry232[]
.text:000000000001AA30 aDriverentry232 db 'DriverEntry(232):',0
.text:000000000001AA30                                         ; DATA XREF: sub_139E4+50↑o
.text:000000000001AA42                 align 10h
.text:000000000001AA50 ; const CHAR aDriverentryBeg[]
.text:000000000001AA50 aDriverentryBeg db 'DriverEntry Beg',0Ah,0
.text:000000000001AA50                                         ; DATA XREF: sub_139E4+5C↑o
.text:000000000001AA61                 align 10h
.text:000000000001AA70 ; const CHAR aDriverentry234[]
.text:000000000001AA70 aDriverentry234 db 'DriverEntry(234):',0
.text:000000000001AA70                                         ; DATA XREF: sub_139E4+70↑o
.text:000000000001AA82                 align 10h
.text:000000000001AA90 ; const CHAR aDriverpathWs[]
.text:000000000001AA90 aDriverpathWs   db 'DriverPath[%ws]',0Ah,0
.text:000000000001AA90                                         ; DATA XREF: sub_139E4+80↑o
.text:000000000001AAA1                 align 10h
.text:000000000001AAB0 ; const CHAR aDriverentry237[]
.text:000000000001AAB0 aDriverentry237 db 'DriverEntry(237):',0
.text:000000000001AAB0                                         ; DATA XREF: sub_139E4+AF↑o
.text:000000000001AAC2                 align 10h
.text:000000000001AAD0 ; const CHAR aGetdrivernameF[]
.text:000000000001AAD0 aGetdrivernameF db 'GetDriverName Failed!!!',0Ah,0
.text:000000000001AAD0                                         ; DATA XREF: sub_139E4+BB↑o
.text:000000000001AAE9                 align 10h
.text:000000000001AAF0 ; const WCHAR aEndtrace
.text:000000000001AAF0 aEndtrace:                              ; DATA XREF: sub_139E4+E9↑o
.text:000000000001AAF0                 text "UTF-16LE", 'ENDTRACE',0
.text:000000000001AB02                 align 10h
.text:000000000001AB10 ; const WCHAR aVadtrace
.text:000000000001AB10 aVadtrace:                              ; DATA XREF: sub_139E4+117↑o
.text:000000000001AB10                 text "UTF-16LE", 'VADTRACE',0
.text:000000000001AB22                 align 10h
.text:000000000001AB30 ; const WCHAR aVadprint
.text:000000000001AB30 aVadprint:                              ; DATA XREF: sub_139E4+145↑o
.text:000000000001AB30                 text "UTF-16LE", 'VADPRINT',0
.text:000000000001AB42                 align 10h
.text:000000000001AB50 ; const WCHAR aObreferenceobj_0
.text:000000000001AB50 aObreferenceobj_0:                      ; DATA XREF: sub_139E4+172↑o
.text:000000000001AB50                 text "UTF-16LE", 'ObReferenceObjectByHandle',0
.text:000000000001AB84                 align 10h
.text:000000000001AB90 ; const CHAR aDriverentry258[]
.text:000000000001AB90 aDriverentry258 db 'DriverEntry(258):',0
.text:000000000001AB90                                         ; DATA XREF: sub_139E4+1A7↑o
.text:000000000001ABA2                 align 10h
.text:000000000001ABB0 aMmgetsystemrou db 'MmGetSystemRoutineAddress failed getting ObReferenceObjectByHandl'
.text:000000000001ABB0                                         ; DATA XREF: sub_139E4+1B3↑o
.text:000000000001ABF1                 db 'e on DriverEntry',0Ah,0
.text:000000000001AC03                 align 10h
.text:000000000001AC10 ; const CHAR aDriverentry264[]
.text:000000000001AC10 aDriverentry264 db 'DriverEntry(264):',0
.text:000000000001AC10                                         ; DATA XREF: sub_139E4+1FC↑o
.text:000000000001AC22                 align 10h
.text:000000000001AC30 ; const CHAR aCouldnTCreateT[]
.text:000000000001AC30 aCouldnTCreateT db 'Couldn',27h,'t create the device object',0Ah,0
.text:000000000001AC30                                         ; DATA XREF: sub_139E4+208↑o
.text:000000000001AC53                 align 20h
.text:000000000001AC60 ; const CHAR aDriverentry283[]
.text:000000000001AC60 aDriverentry283 db 'DriverEntry(283):',0
.text:000000000001AC60                                         ; DATA XREF: sub_139E4+2AD↑o
.text:000000000001AC72                 align 20h
.text:000000000001AC80 ; const CHAR aCouldnTCreateS[]
.text:000000000001AC80 aCouldnTCreateS db 'Couldn',27h,'t create symbolic link',0Ah,0
.text:000000000001AC80                                         ; DATA XREF: sub_139E4+2B9↑o
.text:000000000001AC9F                 align 20h
.text:000000000001ACA0 ; const CHAR aDriverentry293[]
.text:000000000001ACA0 aDriverentry293 db 'DriverEntry(293):',0
.text:000000000001ACA0                                         ; DATA XREF: sub_139E4+306↑o
.text:000000000001ACB2                 align 20h
.text:000000000001ACC0 ; const CHAR aDriverentryEnd[]
.text:000000000001ACC0 aDriverentryEnd db 'DriverEntry End[%8.8X]',0Ah,0
.text:000000000001ACC0                                         ; DATA XREF: sub_139E4+312↑o
.text:000000000001ACD8                 align 20h
.text:000000000001ACE0 ; const CHAR aGsicreate299[]
.text:000000000001ACE0 aGsicreate299   db 'GSICreate(299):',0  ; DATA XREF: sub_13D1C+12↑o
.text:000000000001ACF0 ; const CHAR aCreateBeg[]
.text:000000000001ACF0 aCreateBeg      db 'Create Beg',0Ah,0   ; DATA XREF: sub_13D1C+1E↑o
.text:000000000001ACFC                 align 20h
.text:000000000001AD00 ; const CHAR aGsicreate303[]
.text:000000000001AD00 aGsicreate303   db 'GSICreate(303):',0  ; DATA XREF: sub_13D1C+47↑o
.text:000000000001AD10 ; const CHAR aCreateEnd[]
.text:000000000001AD10 aCreateEnd      db 'Create End',0Ah,0   ; DATA XREF: sub_13D1C+53↑o
.text:000000000001AD1C                 align 20h
.text:000000000001AD20 ; const CHAR aGsiclose308[]
.text:000000000001AD20 aGsiclose308    db 'GSIClose(308):',0   ; DATA XREF: sub_13D8C+12↑o
.text:000000000001AD2F                 align 10h
.text:000000000001AD30 ; const CHAR aCloseBeg[]
.text:000000000001AD30 aCloseBeg       db 'Close Beg',0Ah,0    ; DATA XREF: sub_13D8C+1E↑o
.text:000000000001AD3B                 align 20h
.text:000000000001AD40 ; const CHAR aGsiclose312[]
.text:000000000001AD40 aGsiclose312    db 'GSIClose(312):',0   ; DATA XREF: sub_13D8C+47↑o
.text:000000000001AD4F                 align 10h
.text:000000000001AD50 ; const CHAR aCloseEnd[]
.text:000000000001AD50 aCloseEnd       db 'Close End',0Ah,0    ; DATA XREF: sub_13D8C+53↑o
.text:000000000001AD5B                 align 20h
.text:000000000001AD60 ; const CHAR aGsiunloaddrive[]
.text:000000000001AD60 aGsiunloaddrive db 'GSIUnloadDriver(323):',0
.text:000000000001AD60                                         ; DATA XREF: sub_13DFC+13↑o
.text:000000000001AD76                 align 20h
.text:000000000001AD80 ; const CHAR aUnloadBeg[]
.text:000000000001AD80 aUnloadBeg      db 'Unload Beg',0Ah,0   ; DATA XREF: sub_13DFC+1F↑o
.text:000000000001AD8C                 align 10h
.text:000000000001AD90 ; const CHAR aGsiunloaddrive_0[]
.text:000000000001AD90 aGsiunloaddrive_0 db 'GSIUnloadDriver(329):',0
.text:000000000001AD90                                         ; DATA XREF: sub_13DFC+5F↑o
.text:000000000001ADA6                 align 10h
.text:000000000001ADB0 ; const CHAR aUnloadEnd[]
.text:000000000001ADB0 aUnloadEnd      db 'Unload End',0Ah,0   ; DATA XREF: sub_13DFC+6B↑o
.text:000000000001ADBC                 align 20h
.text:000000000001ADC0 ; const CHAR aGsiioctl64357[]
.text:000000000001ADC0 aGsiioctl64357  db 'GSIIoctl64(357):',0 ; DATA XREF: sub_13E80+3F↑o
.text:000000000001ADD1                 align 20h
.text:000000000001ADE0 ; const CHAR aIoctl6464bitSt[]
.text:000000000001ADE0 aIoctl6464bitSt db 'IOCTL64-64Bit Struc Only',0Ah,0
.text:000000000001ADE0                                         ; DATA XREF: sub_13E80+4B↑o
.text:000000000001ADFA                 align 20h
.text:000000000001AE00 ; const CHAR aGsiioctl64360[]
.text:000000000001AE00 aGsiioctl64360  db 'GSIIoctl64(360):',0 ; DATA XREF: sub_13E80+123↑o
.text:000000000001AE11                 align 20h
.text:000000000001AE20 ; const CHAR aDevicecontrolV[]
.text:000000000001AE20 aDevicecontrolV db 'DeviceControl-Version',0Ah,0
.text:000000000001AE20                                         ; DATA XREF: sub_13E80+12F↑o
.text:000000000001AE20                                         ; sub_14E64+D1↑o
.text:000000000001AE37                 align 20h
.text:000000000001AE40 aGsiioctl64362  db 'GSIIoctl64(362):',0 ; DATA XREF: sub_13E80+14C↑o
.text:000000000001AE51                 align 20h
.text:000000000001AE60 ; const CHAR aInputBufferToo[]
.text:000000000001AE60 aInputBufferToo db 'Input Buffer too Small!',0Ah,0
.text:000000000001AE60                                         ; DATA XREF: sub_13E80+F5↑o
.text:000000000001AE60                                         ; sub_14E64+F8↑o
.text:000000000001AE79                 align 20h
.text:000000000001AE80 ; const CHAR aGsiioctl64375[]
.text:000000000001AE80 aGsiioctl64375  db 'GSIIoctl64(375):',0 ; DATA XREF: sub_13E80+75E↑o
.text:000000000001AE91                 align 20h
.text:000000000001AEA0 ; const CHAR aDevicecontrolS_1[]
.text:000000000001AEA0 aDevicecontrolS_1 db 'DeviceControl-Set Eproc Off',0Ah,0
.text:000000000001AEA0                                         ; DATA XREF: sub_13E80+76A↑o
.text:000000000001AEBD                 align 20h
.text:000000000001AEC0 aGsiioctl64377  db 'GSIIoctl64(377):',0 ; DATA XREF: sub_13E80+78B↑o
.text:000000000001AED1                 align 20h
.text:000000000001AEE0 ; const CHAR aGsiioctl64391[]
.text:000000000001AEE0 aGsiioctl64391  db 'GSIIoctl64(391):',0 ; DATA XREF: sub_13E80+7D8↑o
.text:000000000001AEF1                 align 20h
.text:000000000001AF00 ; const CHAR aPidoff88xFlink[]
.text:000000000001AF00 aPidoff88xFlink db 'pidOff[%8.8X] flinkOff[%8.8X] imagenameOff[%8.8X] vadRootOff[%8.8'
.text:000000000001AF00                                         ; DATA XREF: sub_13E80+800↑o
.text:000000000001AF41                 db 'X]',0Ah,0
.text:000000000001AF45                 align 10h
.text:000000000001AF50 ; const CHAR aGsiioctl64399[]
.text:000000000001AF50 aGsiioctl64399  db 'GSIIoctl64(399):',0 ; DATA XREF: sub_13E80+2B3↑o
.text:000000000001AF61                 align 10h
.text:000000000001AF70 ; const CHAR aDevicecontrolP[]
.text:000000000001AF70 aDevicecontrolP db 'DeviceControl-PidName',0Ah,0
.text:000000000001AF70                                         ; DATA XREF: sub_13E80+2BF↑o
.text:000000000001AF87                 align 10h
.text:000000000001AF90 aGsiioctl64401  db 'GSIIoctl64(401):',0 ; DATA XREF: sub_13E80+2E0↑o
.text:000000000001AFA1                 align 10h
.text:000000000001AFB0 aGsiioctl64406  db 'GSIIoctl64(406):',0 ; DATA XREF: sub_13E80+2FB↑o
.text:000000000001AFC1                 align 10h
.text:000000000001AFD0 ; const CHAR aOutputBufferTo[]
.text:000000000001AFD0 aOutputBufferTo db 'Output Buffer too Small!',0Ah,0
.text:000000000001AFD0                                         ; DATA XREF: sub_13E80+19B↑o
.text:000000000001AFD0                                         ; sub_13E80+1CF↑o ...
.text:000000000001AFEA                 align 10h
.text:000000000001AFF0 ; const CHAR aGsiioctl64423[]
.text:000000000001AFF0 aGsiioctl64423  db 'GSIIoctl64(423):',0 ; DATA XREF: sub_13E80+345↑o
.text:000000000001B001                 align 10h
.text:000000000001B010 ; const CHAR aDevicecontrolS[]
.text:000000000001B010 aDevicecontrolS db 'DeviceControl-SysProcInfo Beg',0Ah,0
.text:000000000001B010                                         ; DATA XREF: sub_13E80+351↑o
.text:000000000001B02F                 align 10h
.text:000000000001B030 ; const CHAR aGsiioctl64425[]
.text:000000000001B030 aGsiioctl64425  db 'GSIIoctl64(425):',0 ; DATA XREF: sub_13E80+36E↑o
.text:000000000001B041                 align 10h
.text:000000000001B050 ; const CHAR aOutputBufferTo_0[]
.text:000000000001B050 aOutputBufferTo_0 db 'Output Buffer too Small! [%8.8X]',0Ah,0
.text:000000000001B050                                         ; DATA XREF: sub_13E80+37A↑o
.text:000000000001B072                 align 20h
.text:000000000001B080 ; const CHAR aGsiioctl64430[]
.text:000000000001B080 aGsiioctl64430  db 'GSIIoctl64(430):',0 ; DATA XREF: sub_13E80+3B3↑o
.text:000000000001B091                 align 20h
.text:000000000001B0A0 ; const CHAR aNumberOfPidsD[]
.text:000000000001B0A0 aNumberOfPidsD  db 'Number of Pids [%d]',0Ah,0
.text:000000000001B0A0                                         ; DATA XREF: sub_13E80+3C2↑o
.text:000000000001B0B5                 align 20h
.text:000000000001B0C0 ; const CHAR aGsiioctl64439[]
.text:000000000001B0C0 aGsiioctl64439  db 'GSIIoctl64(439):',0 ; DATA XREF: sub_13E80+3F1↑o
.text:000000000001B0D1                 align 20h
.text:000000000001B0E0 ; const CHAR aDevicecontrolS_0[]
.text:000000000001B0E0 aDevicecontrolS_0 db 'DeviceControl-SysProcInfo End',0Ah,0
.text:000000000001B0E0                                         ; DATA XREF: sub_13E80+3FD↑o
.text:000000000001B0FF                 align 20h
.text:000000000001B100 ; const CHAR aGsiioctl64443[]
.text:000000000001B100 aGsiioctl64443  db 'GSIIoctl64(443):',0 ; DATA XREF: sub_13E80+9BF↑o
.text:000000000001B111                 align 20h
.text:000000000001B120 ; const CHAR aDevicecontrolG_2[]
.text:000000000001B120 aDevicecontrolG_2 db 'DeviceControl-GetDupPidHandle',0Ah,0
.text:000000000001B120                                         ; DATA XREF: sub_13E80+9CB↑o
.text:000000000001B13F                 align 20h
.text:000000000001B140 aGsiioctl64445  db 'GSIIoctl64(445):',0 ; DATA XREF: sub_13E80+9EC↑o
.text:000000000001B151                 align 20h
.text:000000000001B160 aGsiioctl64450  db 'GSIIoctl64(450):',0 ; DATA XREF: sub_13E80+A07↑o
.text:000000000001B171                 align 20h
.text:000000000001B180 ; const CHAR aGsiioctl64467[]
.text:000000000001B180 aGsiioctl64467  db 'GSIIoctl64(467):',0 ; DATA XREF: sub_13E80+93A↑o
.text:000000000001B191                 align 20h
.text:000000000001B1A0 ; const CHAR aDevicecontrolG_1[]
.text:000000000001B1A0 aDevicecontrolG_1 db 'DeviceControl-GetPortNumber',0Ah,0
.text:000000000001B1A0                                         ; DATA XREF: sub_13E80+946↑o
.text:000000000001B1BD                 align 20h
.text:000000000001B1C0 aGsiioctl64471  db 'GSIIoctl64(471):',0 ; DATA XREF: sub_13E80+967↑o
.text:000000000001B1D1                 align 20h
.text:000000000001B1E0 aGsiioctl64476  db 'GSIIoctl64(476):',0 ; DATA XREF: sub_13E80+982↑o
.text:000000000001B1F1                 align 20h
.text:000000000001B200 ; const CHAR aGsiioctl64493[]
.text:000000000001B200 aGsiioctl64493  db 'GSIIoctl64(493):',0 ; DATA XREF: sub_13E80+63E↑o
.text:000000000001B211                 align 20h
.text:000000000001B220 ; const CHAR aDevicecontrolF_1[]
.text:000000000001B220 aDevicecontrolF_1 db 'DeviceControl-FileHandleCount',0Ah,0
.text:000000000001B220                                         ; DATA XREF: sub_13E80+64A↑o
.text:000000000001B23F                 align 20h
.text:000000000001B240 ; const CHAR aGsiioctl64495[]
.text:000000000001B240 aGsiioctl64495  db 'GSIIoctl64(495):',0 ; DATA XREF: sub_13E80+667↑o
.text:000000000001B251                 align 20h
.text:000000000001B260 aGsiioctl64500  db 'GSIIoctl64(500):',0 ; DATA XREF: sub_13E80+698↑o
.text:000000000001B271                 align 20h
.text:000000000001B280 ; const CHAR aGsiioctl64517[]
.text:000000000001B280 aGsiioctl64517  db 'GSIIoctl64(517):',0 ; DATA XREF: sub_13E80+21C↑o
.text:000000000001B291                 align 20h
.text:000000000001B2A0 ; const CHAR aDevicecontrolF_0[]
.text:000000000001B2A0 aDevicecontrolF_0 db 'DeviceControl-FileHandle',0Ah,0
.text:000000000001B2A0                                         ; DATA XREF: sub_13E80+228↑o
.text:000000000001B2BA                 align 20h
.text:000000000001B2C0 ; const CHAR aGsiioctl64519[]
.text:000000000001B2C0 aGsiioctl64519  db 'GSIIoctl64(519):',0 ; DATA XREF: sub_13E80+245↑o
.text:000000000001B2D1                 align 20h
.text:000000000001B2E0 aGsiioctl64524  db 'GSIIoctl64(524):',0 ; DATA XREF: sub_13E80+276↑o
.text:000000000001B2F1                 align 20h
.text:000000000001B300 ; const CHAR aGsiioctl64540[]
.text:000000000001B300 aGsiioctl64540  db 'GSIIoctl64(540):',0 ; DATA XREF: sub_13E80+166↑o
.text:000000000001B311                 align 20h
.text:000000000001B320 ; const CHAR aDevicecontrolF[]
.text:000000000001B320 aDevicecontrolF db 'DeviceControl-FileHandleName',0Ah,0
.text:000000000001B320                                         ; DATA XREF: sub_13E80+172↑o
.text:000000000001B33E                 align 20h
.text:000000000001B340 ; const CHAR aGsiioctl64542[]
.text:000000000001B340 aGsiioctl64542  db 'GSIIoctl64(542):',0 ; DATA XREF: sub_13E80+18F↑o
.text:000000000001B351                 align 20h
.text:000000000001B360 ; const CHAR aGsiioctl64547[]
.text:000000000001B360 aGsiioctl64547  db 'GSIIoctl64(547):',0 ; DATA XREF: sub_13E80+1C3↑o
.text:000000000001B371                 align 20h
.text:000000000001B380 ; const CHAR aGsiioctl64565[]
.text:000000000001B380 aGsiioctl64565  db 'GSIIoctl64(565):',0 ; DATA XREF: sub_13E80+81B↑o
.text:000000000001B391                 align 20h
.text:000000000001B3A0 ; const CHAR aDevicecontrolG[]
.text:000000000001B3A0 aDevicecontrolG db 'DeviceControl-Get Pid Dll Count',0Ah,0
.text:000000000001B3A0                                         ; DATA XREF: sub_13E80+827↑o
.text:000000000001B3C1                 align 10h
.text:000000000001B3D0 ; const CHAR aGsiioctl64567[]
.text:000000000001B3D0 aGsiioctl64567  db 'GSIIoctl64(567):',0 ; DATA XREF: sub_13E80+844↑o
.text:000000000001B3E1                 align 10h
.text:000000000001B3F0 aGsiioctl64572  db 'GSIIoctl64(572):',0 ; DATA XREF: sub_13E80+875↑o
.text:000000000001B401                 align 10h
.text:000000000001B410 ; const CHAR aGsiioctl64590[]
.text:000000000001B410 aGsiioctl64590  db 'GSIIoctl64(590):',0 ; DATA XREF: sub_13E80+B40↑o
.text:000000000001B421                 align 10h
.text:000000000001B430 ; const CHAR aDevicecontrolG_3[]
.text:000000000001B430 aDevicecontrolG_3 db 'DeviceControl-Get EPROCESS',0Ah,0
.text:000000000001B430                                         ; DATA XREF: sub_13E80+B4C↑o
.text:000000000001B44C                 align 10h
.text:000000000001B450 ; const CHAR aGsiioctl64592[]
.text:000000000001B450 aGsiioctl64592  db 'GSIIoctl64(592):',0 ; DATA XREF: sub_13E80+B69↑o
.text:000000000001B461                 align 10h
.text:000000000001B470 aGsiioctl64597  db 'GSIIoctl64(597):',0 ; DATA XREF: sub_13E80+B9A↑o
.text:000000000001B481                 align 10h
.text:000000000001B490 ; const CHAR aGsiioctl64615[]
.text:000000000001B490 aGsiioctl64615  db 'GSIIoctl64(615):',0 ; DATA XREF: sub_13E80+8A5↑o
.text:000000000001B4A1                 align 10h
.text:000000000001B4B0 ; const CHAR aDevicecontrolG_0[]
.text:000000000001B4B0 aDevicecontrolG_0 db 'DeviceControl-Get Pid Dlls',0Ah,0
.text:000000000001B4B0                                         ; DATA XREF: sub_13E80+8B1↑o
.text:000000000001B4CC                 align 10h
.text:000000000001B4D0 ; const CHAR aGsiioctl64617[]
.text:000000000001B4D0 aGsiioctl64617  db 'GSIIoctl64(617):',0 ; DATA XREF: sub_13E80+8CE↑o
.text:000000000001B4E1                 align 10h
.text:000000000001B4F0 aGsiioctl64622  db 'GSIIoctl64(622):',0 ; DATA XREF: sub_13E80+902↑o
.text:000000000001B501                 align 10h
.text:000000000001B510 ; const CHAR aGsiioctl64640[]
.text:000000000001B510 aGsiioctl64640  db 'GSIIoctl64(640):',0 ; DATA XREF: sub_13E80+5D1↑o
.text:000000000001B521                 align 10h
.text:000000000001B530 ; const CHAR aDevicecontrolP_0[]
.text:000000000001B530 aDevicecontrolP_0 db 'DeviceControl-PidMemory',0Ah,0
.text:000000000001B530                                         ; DATA XREF: sub_13E80+5DD↑o
.text:000000000001B549                 align 10h
.text:000000000001B550 aGsiioctl64642  db 'GSIIoctl64(642):',0 ; DATA XREF: sub_13E80+5FE↑o
.text:000000000001B561                 align 10h
.text:000000000001B570 ; const CHAR aGsiioctl64665[]
.text:000000000001B570 aGsiioctl64665  db 'GSIIoctl64(665):',0 ; DATA XREF: sub_13E80+C0↑o
.text:000000000001B581                 align 10h
.text:000000000001B590 ; const CHAR aDevicecontrolU[]
.text:000000000001B590 aDevicecontrolU db 'DeviceControl-UnhideProc',0Ah,0
.text:000000000001B590                                         ; DATA XREF: sub_13E80+CC↑o
.text:000000000001B5AA                 align 10h
.text:000000000001B5B0 ; const CHAR aGsiioctl64667[]
.text:000000000001B5B0 aGsiioctl64667  db 'GSIIoctl64(667):',0 ; DATA XREF: sub_13E80+E9↑o
.text:000000000001B5C1                 align 10h
.text:000000000001B5D0 ; const CHAR aGsiioctl64678[]
.text:000000000001B5D0 aGsiioctl64678  db 'GSIIoctl64(678):',0 ; DATA XREF: sub_13E80+6C5↑o
.text:000000000001B5E1                 align 10h
.text:000000000001B5F0 ; const CHAR aDevicecontrolH[]
.text:000000000001B5F0 aDevicecontrolH db 'DeviceControl-HideProc',0Ah,0
.text:000000000001B5F0                                         ; DATA XREF: sub_13E80+6D1↑o
.text:000000000001B608                 align 10h
.text:000000000001B610 aGsiioctl64680  db 'GSIIoctl64(680):',0 ; DATA XREF: sub_13E80+6F2↑o
.text:000000000001B621                 align 10h
.text:000000000001B630 ; const CHAR aGsiioctl64691[]
.text:000000000001B630 aGsiioctl64691  db 'GSIIoctl64(691):',0 ; DATA XREF: sub_13E80+471↑o
.text:000000000001B641                 align 10h
.text:000000000001B650 ; const CHAR aDevicecontrolK[]
.text:000000000001B650 aDevicecontrolK db 'DeviceControl-KillProc',0Ah,0
.text:000000000001B650                                         ; DATA XREF: sub_13E80+47D↑o
.text:000000000001B668                 align 10h
.text:000000000001B670 aGsiioctl64693  db 'GSIIoctl64(693):',0 ; DATA XREF: sub_13E80+49E↑o
.text:000000000001B681                 align 10h
.text:000000000001B690 ; const CHAR aGsiioctl64705[]
.text:000000000001B690 aGsiioctl64705  db 'GSIIoctl64(705):',0 ; DATA XREF: sub_13E80+413↑o
.text:000000000001B6A1                 align 10h
.text:000000000001B6B0 ; const CHAR aDevicecontrolD[]
.text:000000000001B6B0 aDevicecontrolD db 'DeviceControl-DriverInfo',0Ah,0
.text:000000000001B6B0                                         ; DATA XREF: sub_13E80+41F↑o
.text:000000000001B6CA                 align 10h
.text:000000000001B6D0 ; const CHAR aGsiioctl64713[]
.text:000000000001B6D0 aGsiioctl64713  db 'GSIIoctl64(713):',0 ; DATA XREF: sub_13E80+519↑o
.text:000000000001B6E1                 align 10h
.text:000000000001B6F0 ; const CHAR aDevicecontrolD_1[]
.text:000000000001B6F0 aDevicecontrolD_1 db 'DeviceControl-DeleteFile',0Ah,0
.text:000000000001B6F0                                         ; DATA XREF: sub_13E80+525↑o
.text:000000000001B70A                 align 10h
.text:000000000001B710 aGsiioctl64715  db 'GSIIoctl64(715):',0 ; DATA XREF: sub_13E80+546↑o
.text:000000000001B721                 align 10h
.text:000000000001B730 ; const CHAR aGsiioctl64729[]
.text:000000000001B730 aGsiioctl64729  db 'GSIIoctl64(729):',0 ; DATA XREF: sub_13E80+4BF↑o
.text:000000000001B741                 align 10h
.text:000000000001B750 ; const CHAR aDevicecontrolD_0[]
.text:000000000001B750 aDevicecontrolD_0 db 'DeviceControl-DeleteService',0Ah,0
.text:000000000001B750                                         ; DATA XREF: sub_13E80+4CB↑o
.text:000000000001B76D                 align 10h
.text:000000000001B770 aGsiioctl64731  db 'GSIIoctl64(731):',0 ; DATA XREF: sub_13E80+4EC↑o
.text:000000000001B781                 align 10h
.text:000000000001B790 ; const CHAR aGsiioctl64745[]
.text:000000000001B790 aGsiioctl64745  db 'GSIIoctl64(745):',0 ; DATA XREF: sub_13E80+A22↑o
.text:000000000001B7A1                 align 10h
.text:000000000001B7B0 ; const CHAR aDevicecontrolP_1[]
.text:000000000001B7B0 aDevicecontrolP_1 db 'DeviceControl-PidTokenSid',0Ah,0
.text:000000000001B7B0                                         ; DATA XREF: sub_13E80+A2E↑o
.text:000000000001B7CB                 align 10h
.text:000000000001B7D0 aGsiioctl64747  db 'GSIIoctl64(747):',0 ; DATA XREF: sub_13E80+A4F↑o
.text:000000000001B7E1                 align 10h
.text:000000000001B7F0 ; const CHAR aGsiioctl64770[]
.text:000000000001B7F0 aGsiioctl64770  db 'GSIIoctl64(770):',0 ; DATA XREF: sub_13E80+564↑o
.text:000000000001B801                 align 10h
.text:000000000001B810 ; const CHAR aDevicecontrolD_2[]
.text:000000000001B810 aDevicecontrolD_2 db 'DeviceControl-DriverName',0Ah,0
.text:000000000001B810                                         ; DATA XREF: sub_13E80+570↑o
.text:000000000001B82A                 align 10h
.text:000000000001B830 ; const CHAR aGsiioctl64797[]
.text:000000000001B830 aGsiioctl64797  db 'GSIIoctl64(797):',0 ; DATA XREF: sub_13E80+A97↑o
.text:000000000001B841                 align 10h
.text:000000000001B850 ; const CHAR aDevicecontrolS_2[]
.text:000000000001B850 aDevicecontrolS_2 db 'DeviceControl-SCAN-KMEM',0Ah,0
.text:000000000001B850                                         ; DATA XREF: sub_13E80+AA3↑o
.text:000000000001B869                 align 10h
.text:000000000001B870 ; const CHAR aDevicecontrolO[]
.text:000000000001B870 aDevicecontrolO db 'DeviceControl-OpenPhysicalMemory',0Ah,0
.text:000000000001B870                                         ; DATA XREF: sub_13E80+DE4↑o
.text:000000000001B892                 align 20h
.text:000000000001B8A0 ; const CHAR aErrorGsiioctl6_0[]
.text:000000000001B8A0 aErrorGsiioctl6_0 db 'Error: (GSIIoctl64) Input Buffer too Small! 0x%x',0Ah,0
.text:000000000001B8A0                                         ; DATA XREF: sub_13E80+BE5↑o
.text:000000000001B8A0                                         ; sub_13E80+D8B↑o ...
.text:000000000001B8D2                 align 20h
.text:000000000001B8E0 ; const CHAR aDevicecontrolC[]
.text:000000000001B8E0 aDevicecontrolC db 'DeviceControl-ClosePhysicalMemory',0Ah,0
.text:000000000001B8E0                                         ; DATA XREF: sub_13E80+D70↑o
.text:000000000001B903                 align 10h
.text:000000000001B910 ; const CHAR aErrorGsiioctl6_2[]
.text:000000000001B910 aErrorGsiioctl6_2 db 'Error: (GSIIoctl64) PhysicalMemory never opened first.',0Ah,0
.text:000000000001B910                                         ; DATA XREF: sub_13E80:loc_14BD1↑o
.text:000000000001B910                                         ; sub_13E80:loc_14C45↑o
.text:000000000001B948                 align 10h
.text:000000000001B950 ; const CHAR aDevicecontrolR[]
.text:000000000001B950 aDevicecontrolR db 'DeviceControl-ReadPhyicalMemory',0Ah,0
.text:000000000001B950                                         ; DATA XREF: sub_13E80+BC4↑o
.text:000000000001B971                 align 20h
.text:000000000001B980 ; const CHAR aErrorGsiioctl6_1[]
.text:000000000001B980 aErrorGsiioctl6_1 db 'Error: (GSIIoctl64) Output Buffer too Small! 0x%x',0Ah,0
.text:000000000001B980                                         ; DATA XREF: sub_13E80+C18↑o
.text:000000000001B980                                         ; sub_13E80+E6E↑o ...
.text:000000000001B9B3                 align 20h
.text:000000000001B9C0 ; const CHAR aAddr8i64xLen8i[]
.text:000000000001B9C0 aAddr8i64xLen8i db 'Addr[%8I64X] Len[%8I64X]',0Ah,0
.text:000000000001B9C0                                         ; DATA XREF: sub_13E80+C63↑o
.text:000000000001B9DA                 align 20h
.text:000000000001B9E0 ; const CHAR aDevicecontrolG_5[]
.text:000000000001B9E0 aDevicecontrolG_5 db 'DeviceControl-GetVadList',0Ah,0
.text:000000000001B9E0                                         ; DATA XREF: sub_13E80+F2B↑o
.text:000000000001B9FA                 align 20h
.text:000000000001BA00 ; const CHAR aDevicecontrolG_4[]
.text:000000000001BA00 aDevicecontrolG_4 db 'DeviceControl-GetPageDataList',0Ah,0
.text:000000000001BA00                                         ; DATA XREF: sub_13E80+E2C↑o
.text:000000000001BA1F                 align 20h
.text:000000000001BA20 ; const CHAR aErrorGsiioctl6[]
.text:000000000001BA20 aErrorGsiioctl6 db 'Error: (GSIIoctl64) Insufficient Buffer ',0Ah,0
.text:000000000001BA20                                         ; DATA XREF: sub_13E80+EB3↑o
.text:000000000001BA4A                 align 10h
.text:000000000001BA50 ; const CHAR aGsiioctlKewait[]
.text:000000000001BA50 aGsiioctlKewait db 'GSIIoctl KeWaitForSingleObject returned %X ',0Ah,0
.text:000000000001BA50                                         ; DATA XREF: sub_14E64+3C↑o
.text:000000000001BA7D                 align 20h
.text:000000000001BA80 ; const CHAR aGsiioctl995[]
.text:000000000001BA80 aGsiioctl995    db 'GSIIoctl(995):',0   ; DATA XREF: sub_14E64+65↑o
.text:000000000001BA8F                 align 10h
.text:000000000001BA90 ; const CHAR aIoctl88x[]
.text:000000000001BA90 aIoctl88x       db 'IOCTL[%8.8X]!',0Ah,0
.text:000000000001BA90                                         ; DATA XREF: sub_14E64+74↑o
.text:000000000001BA9F                 align 20h
.text:000000000001BAA0 ; const CHAR aGsiioctl1010[]
.text:000000000001BAA0 aGsiioctl1010   db 'GSIIoctl(1010):',0  ; DATA XREF: sub_14E64+C5↑o
.text:000000000001BAB0 ; const CHAR aGsiioctl1012[]
.text:000000000001BAB0 aGsiioctl1012   db 'GSIIoctl(1012):',0  ; DATA XREF: sub_14E64+EC↑o
.text:000000000001BAC0 ; const CHAR aGsiioctl1619[]
.text:000000000001BAC0 aGsiioctl1619   db 'GSIIoctl(1619):',0  ; DATA XREF: sub_14E64+14A↑o
.text:000000000001BAD0 ; const CHAR aDevicecontrolE[]
.text:000000000001BAD0 aDevicecontrolE db '========::DeviceControl End====[%8.8X]==/\',0Ah,0
.text:000000000001BAD0                                         ; DATA XREF: sub_14E64+156↑o
.text:000000000001BAFC                 align 20h
.text:000000000001BB00 ; const CHAR aAboutToRunOutK[]
.text:000000000001BB00 aAboutToRunOutK db 'About to run out kernel stack, STOP!!!',0Ah,0
.text:000000000001BB00                                         ; DATA XREF: sub_15004+2F↑o
.text:000000000001BB00                                         ; sub_150DC+2F↑o ...
.text:000000000001BB28                 align 10h
.text:000000000001BB30 ; const CHAR a8x8x8x8x8x8x[]
.text:000000000001BB30 a8x8x8x8x8x8x   db '%8x %8x %8x %8x %8x %8x',0Ah,0
.text:000000000001BB30                                         ; DATA XREF: sub_15004+A1↑o
.text:000000000001BB30                                         ; sub_150DC+A2↑o
.text:000000000001BB49                 align 10h
.text:000000000001BB50 ; const CHAR aVadStarvpnEndv[]
.text:000000000001BB50 aVadStarvpnEndv db 'VAD      StarVpn  EndVPN   Parent   LeftChild RightChild',0Ah,0
.text:000000000001BB50                                         ; DATA XREF: sub_151B4+1E↑o
.text:000000000001BB8A                 align 10h
.text:000000000001BB90 ; const CHAR aNumberOfVadEnt[]
.text:000000000001BB90 aNumberOfVadEnt db 0Ah                  ; DATA XREF: sub_151B4+69↑o
.text:000000000001BB91                 db 0Ah
.text:000000000001BB92                 db 'Number of VAD Entries = %d',0Ah,0
.text:000000000001BBAE                 align 10h
.text:000000000001BBB0 ; const CHAR a8i64x8i64x[]
.text:000000000001BBB0 a8i64x8i64x     db 9,' %8I64X - %-8I64X ',0Ah,0
.text:000000000001BBB0                                         ; DATA XREF: sub_154DC+57↑o
.text:000000000001BBC5                 align 10h
.text:000000000001BBD0 ; const CHAR aUnexpectedLong[]
.text:000000000001BBD0 aUnexpectedLong db 9,9,' Unexpected long range for committed lists.',0Ah,0
.text:000000000001BBD0                                         ; DATA XREF: sub_154DC+7E↑o
.text:000000000001BBFF                 align 20h
.text:000000000001BC00 ; const CHAR aFiltercommitte[]
.text:000000000001BC00 aFiltercommitte db 'FilterCommittedVadList(678):',0
.text:000000000001BC00                                         ; DATA XREF: sub_154DC+103↑o
.text:000000000001BC1D                 align 20h
.text:000000000001BC20 ; const CHAR aFilterc1Addres[]
.text:000000000001BC20 aFilterc1Addres db 'FilterC1 Address[%16.16I64X] Exception!',0Ah,0
.text:000000000001BC20                                         ; DATA XREF: sub_154DC+111↑o
.text:000000000001BC49                 align 10h
.text:000000000001BC50 ; const CHAR aFilterc2Addres[]
.text:000000000001BC50 aFilterc2Addres db 'FilterC2 Address[%16.16I64X] VALID!',0Ah,0
.text:000000000001BC50                                         ; DATA XREF: sub_154DC+1C9↑o
.text:000000000001BC75                 align 20h
.text:000000000001BC80 ; const CHAR aFiltercommitte_0[]
.text:000000000001BC80 aFiltercommitte_0 db 'FilterCommittedVadList(698):',0
.text:000000000001BC80                                         ; DATA XREF: sub_154DC+1BB↑o
.text:000000000001BC9D                 align 20h
.text:000000000001BCA0 ; const CHAR a8i64x8i64x_0[]
.text:000000000001BCA0 a8i64x8i64x_0   db 9,9,' %8I64X - %-8I64X ',0Ah,0
.text:000000000001BCA0                                         ; DATA XREF: sub_154DC+20D↑o
.text:000000000001BCB6                 align 20h
.text:000000000001BCC0 ; const CHAR aErrorGetprocex_0[]
.text:000000000001BCC0 aErrorGetprocex_0 db 'Error: GetProcExitStatus ZwOpenProcess [%8.8X]',0Ah,0
.text:000000000001BCC0                                         ; DATA XREF: sub_1575C+70↑o
.text:000000000001BCF0 aErrorGetprocex db 'Error: GetProcExitStatus ZwQueryInformationProcess [%8.8X]',0Ah,0
.text:000000000001BCF0                                         ; DATA XREF: sub_1575C+D6↑o
.text:000000000001BD2C                 align 10h
.text:000000000001BD30 ; const CHAR aErrorGetcommit[]
.text:000000000001BD30 aErrorGetcommit db 'Error: (GetCommittedVadList) ExAllocatePoolWithTag1 failed.',0Ah,0
.text:000000000001BD30                                         ; DATA XREF: sub_15864+46↑o
.text:000000000001BD6D                 align 10h
.text:000000000001BD70 ; const CHAR aWarningGetcomm[]
.text:000000000001BD70 aWarningGetcomm db 'Warning: (GetCommittedVadList) GetProcExitStatus (%X) or exitcode'
.text:000000000001BD70                                         ; DATA XREF: sub_15864+17A↑o
.text:000000000001BDB1                 db ' (%X).',0Ah,0
.text:000000000001BDB9                 align 20h
.text:000000000001BDC0 ; const CHAR aErrorGetcommit_0[]
.text:000000000001BDC0 aErrorGetcommit_0 db 'Error: (GetCommittedVadList) PsLookupProcessByProcessId failed 0x'
.text:000000000001BDC0                                         ; DATA XREF: sub_15864+AA↑o
.text:000000000001BE01                 db '%x',0Ah,0
.text:000000000001BE05                 align 10h
.text:000000000001BE10 ; const CHAR aErrorGetcommit_1[]
.text:000000000001BE10 aErrorGetcommit_1 db 'Error: (GetCommittedVadList) ExAllocatePoolWithTag2 failed.',0Ah,0
.text:000000000001BE10                                         ; DATA XREF: sub_15864+136↑o
.text:000000000001BE4D                 align 10h
.text:000000000001BE50 ; const CHAR aMmisaddressran[]
.text:000000000001BE50 aMmisaddressran db 'MmIsAddressRangeValid(832):',0
.text:000000000001BE50                                         ; DATA XREF: sub_15A34+26↑o
.text:000000000001BE6C                 align 10h
.text:000000000001BE70 ; const CHAR aMmisaddressran_0[]
.text:000000000001BE70 aMmisaddressran_0 db 'MmIsAddressRangeValid Addr[%8.8X] Size[%8.8X]',0Ah,0
.text:000000000001BE70                                         ; DATA XREF: sub_15A34+32↑o
.text:000000000001BE9F                 align 20h
.text:000000000001BEA0 ; const CHAR aGetpidname871[]
.text:000000000001BEA0 aGetpidname871  db 'GetPidName(871):',0 ; DATA XREF: sub_15ABC+9C↑o
.text:000000000001BEB1                 align 20h
.text:000000000001BEC0 ; const CHAR aPid88i64xEproc[]
.text:000000000001BEC0 aPid88i64xEproc db 'PID[%8.8I64X] eProcess[%8.8I64X]',0Ah,0
.text:000000000001BEC0                                         ; DATA XREF: sub_15ABC+B0↑o
.text:000000000001BEC0                                         ; sub_18994+88↑o
.text:000000000001BEE2                 align 10h
.text:000000000001BEF0 ; const CHAR aGetpidname878[]
.text:000000000001BEF0 aGetpidname878  db 'GetPidName(878):',0 ; DATA XREF: sub_15ABC+E1↑o
.text:000000000001BF01                 align 10h
.text:000000000001BF10 ; const CHAR aNotAValidAddre[]
.text:000000000001BF10 aNotAValidAddre db 'Not a valid Address!!!',0Ah,0
.text:000000000001BF10                                         ; DATA XREF: sub_15ABC+ED↑o
.text:000000000001BF10                                         ; sub_15ABC+1DD↑o ...
.text:000000000001BF28                 align 10h
.text:000000000001BF30 ; const CHAR aGetpidname888[]
.text:000000000001BF30 aGetpidname888  db 'GetPidName(888):',0 ; DATA XREF: sub_15ABC+1D1↑o
.text:000000000001BF41                 align 10h
.text:000000000001BF50 ; const CHAR aGetpidname913[]
.text:000000000001BF50 aGetpidname913  db 'GetPidName(913):',0 ; DATA XREF: sub_15ABC+1A2↑o
.text:000000000001BF61                 align 10h
.text:000000000001BF70 ; const CHAR aPid88i64xIsNot[]
.text:000000000001BF70 aPid88i64xIsNot db 'PID[%8.8I64X] is not in Normal State[%8.8I64X]',0Ah,0
.text:000000000001BF70                                         ; DATA XREF: sub_15ABC+1B4↑o
.text:000000000001BF70                                         ; sub_18994+14C↑o
.text:000000000001BFA0 ; const CHAR aGetduppidhandl[]
.text:000000000001BFA0 aGetduppidhandl db 'GetDupPidHandle(937):',0
.text:000000000001BFA0                                         ; DATA XREF: sub_15CCC+12↑o
.text:000000000001BFB6                 align 20h
.text:000000000001BFC0 ; const CHAR aGetduppidhandl_0[]
.text:000000000001BFC0 aGetduppidhandl_0 db 'GetDupPidHandle - Pid[%8.8X]',0Ah,0
.text:000000000001BFC0                                         ; DATA XREF: sub_15CCC+1E↑o
.text:000000000001BFDE                 align 20h
.text:000000000001BFE0 ; const CHAR aGetduppidhandl_1[]
.text:000000000001BFE0 aGetduppidhandl_1 db 'GetDupPidHandle(957):',0
.text:000000000001BFE0                                         ; DATA XREF: sub_15CCC+97↑o
.text:000000000001BFF6                 align 20h
.text:000000000001C000 ; const CHAR aGetduppidhandl_2[]
.text:000000000001C000 aGetduppidhandl_2 db 'GetDupPidHandle - Pid[%8.8X] Handle[%d]',0Ah,0
.text:000000000001C000                                         ; DATA XREF: sub_15CCC+A8↑o
.text:000000000001C029                 align 10h
.text:000000000001C030 ; const CHAR aGetportnumber9[]
.text:000000000001C030 aGetportnumber9 db 'GetPortNumber(983):',0
.text:000000000001C030                                         ; DATA XREF: sub_15D98+57↑o
.text:000000000001C044                 align 10h
.text:000000000001C050 ; const CHAR aGetportnumberB[]
.text:000000000001C050 aGetportnumberB db 'GetPortNumber Beg Pid[%8.8X] pH[%4.4X]',0Ah,0
.text:000000000001C050                                         ; DATA XREF: sub_15D98+63↑o
.text:000000000001C078                 align 20h
.text:000000000001C080 ; const CHAR aGetportnumber9_0[]
.text:000000000001C080 aGetportnumber9_0 db 'GetPortNumber(988):',0
.text:000000000001C080                                         ; DATA XREF: sub_15D98+99↑o
.text:000000000001C094                 align 20h
.text:000000000001C0A0 ; const CHAR aZwdeviceiocont[]
.text:000000000001C0A0 aZwdeviceiocont db 'ZwDeviceIoControlFile1 Beg',0Ah,0
.text:000000000001C0A0                                         ; DATA XREF: sub_15D98+A5↑o
.text:000000000001C0BC                 align 20h
.text:000000000001C0C0 ; const CHAR aGetportnumber9_1[]
.text:000000000001C0C0 aGetportnumber9_1 db 'GetPortNumber(999):',0
.text:000000000001C0C0                                         ; DATA XREF: sub_15D98+110↑o
.text:000000000001C0D4                 align 20h
.text:000000000001C0E0 ; const CHAR aZwdeviceiocont_0[]
.text:000000000001C0E0 aZwdeviceiocont_0 db 'ZwDeviceIoControlFile1 End[%8.8X]',0Ah,0
.text:000000000001C0E0                                         ; DATA XREF: sub_15D98+11C↑o
.text:000000000001C103                 align 10h
.text:000000000001C110 ; const CHAR aGetportnumber1[]
.text:000000000001C110 aGetportnumber1 db 'GetPortNumber(1003):',0
.text:000000000001C110                                         ; DATA XREF: sub_15D98+145↑o
.text:000000000001C125                 align 10h
.text:000000000001C130 aPid188xhHandle db 'Pid1[%8.8Xh] Handle[%8.8Xh] Port[%4d] State[%d]',0Ah,0
.text:000000000001C130                                         ; DATA XREF: sub_15D98+151↑o
.text:000000000001C161                 align 10h
.text:000000000001C170 ; const CHAR aGetportnumber1_0[]
.text:000000000001C170 aGetportnumber1_0 db 'GetPortNumber(1009):',0
.text:000000000001C170                                         ; DATA XREF: sub_15D98+181↑o
.text:000000000001C185                 align 10h
.text:000000000001C190 ; const CHAR aZwdeviceiocont_1[]
.text:000000000001C190 aZwdeviceiocont_1 db 'ZwDeviceIoControlFile2 Beg',0Ah,0
.text:000000000001C190                                         ; DATA XREF: sub_15D98+18D↑o
.text:000000000001C1AC                 align 10h
.text:000000000001C1B0 ; const CHAR aGetportnumber1_1[]
.text:000000000001C1B0 aGetportnumber1_1 db 'GetPortNumber(1016):',0
.text:000000000001C1B0                                         ; DATA XREF: sub_15D98+1F8↑o
.text:000000000001C1C5                 align 10h
.text:000000000001C1D0 ; const CHAR aZwdeviceiocont_2[]
.text:000000000001C1D0 aZwdeviceiocont_2 db 'ZwDeviceIoControlFile2 End[%8.8X]',0Ah,0
.text:000000000001C1D0                                         ; DATA XREF: sub_15D98+204↑o
.text:000000000001C1F3                 align 20h
.text:000000000001C200 ; const CHAR aGetportnumber1_2[]
.text:000000000001C200 aGetportnumber1_2 db 'GetPortNumber(1019):',0
.text:000000000001C200                                         ; DATA XREF: sub_15D98+229↑o
.text:000000000001C215                 align 20h
.text:000000000001C220 ; const CHAR aPid288xhHandle[]
.text:000000000001C220 aPid288xhHandle db 'Pid2[%8.8Xh] Handle[%8.8Xh] Port[%4d] State[%d]',0Ah,0
.text:000000000001C220                                         ; DATA XREF: sub_15D98+235↑o
.text:000000000001C251                 align 20h
.text:000000000001C260 ; const CHAR aGetportnumber1_3[]
.text:000000000001C260 aGetportnumber1_3 db 'GetPortNumber(1022):',0
.text:000000000001C260                                         ; DATA XREF: sub_15D98+259↑o
.text:000000000001C275                 align 20h
.text:000000000001C280 ; const CHAR aPid288xhHandle_0[]
.text:000000000001C280 aPid288xhHandle_0 db 'Pid2[%8.8Xh] Handle[%8.8X] Failed!!!',0Ah,0
.text:000000000001C280                                         ; DATA XREF: sub_15D98+265↑o
.text:000000000001C2A6                 align 10h
.text:000000000001C2B0 ; const CHAR aGetfilehandles_1[]
.text:000000000001C2B0 aGetfilehandles_1 db 'GetFileHandlesCount2(1044):',0
.text:000000000001C2B0                                         ; DATA XREF: sub_16034+4B↑o
.text:000000000001C2CC                 align 10h
.text:000000000001C2D0 ; const CHAR aGetfilehandles_2[]
.text:000000000001C2D0 aGetfilehandles_2 db 'GetFilehandlesCount2- Pid[%8.8X]',0Ah,0
.text:000000000001C2D0                                         ; DATA XREF: sub_16034+5A↑o
.text:000000000001C2F2                 align 20h
.text:000000000001C300 ; const CHAR aGetfilehandles_3[]
.text:000000000001C300 aGetfilehandles_3 db 'GetFileHandlesCount2(1059):',0
.text:000000000001C300                                         ; DATA XREF: sub_16034+C1↑o
.text:000000000001C31C                 align 20h
.text:000000000001C320 ; const CHAR aGetfilehandles_4[]
.text:000000000001C320 aGetfilehandles_4 db 'GetFileHandlesCount2==PID[%8.8X] eProcess[%8.8X] is Current Proce'
.text:000000000001C320                                         ; DATA XREF: sub_16034+D5↑o
.text:000000000001C361                 db 'ss==========',0Ah,0
.text:000000000001C36F                 align 10h
.text:000000000001C370 ; const CHAR aGetfilehandles_5[]
.text:000000000001C370 aGetfilehandles_5 db 'GetFileHandlesCount2(1066):',0
.text:000000000001C370                                         ; DATA XREF: sub_16034+102↑o
.text:000000000001C38C                 align 10h
.text:000000000001C390 ; const CHAR aGetfilehandles_6[]
.text:000000000001C390 aGetfilehandles_6 db 'GetFileHandlesCount2(1069):',0
.text:000000000001C390                                         ; DATA XREF: sub_16034+13A↑o
.text:000000000001C3AC                 align 10h
.text:000000000001C3B0 ; const CHAR aGetfilehandles_7[]
.text:000000000001C3B0 aGetfilehandles_7 db 'GetFileHandlesCount2(1096):',0
.text:000000000001C3B0                                         ; DATA XREF: sub_16034+214↑o
.text:000000000001C3CC                 align 10h
.text:000000000001C3D0 ; const CHAR aGetfilehandles_8[]
.text:000000000001C3D0 aGetfilehandles_8 db 'GetFileHandlesCount2(1130):',0
.text:000000000001C3D0                                         ; DATA XREF: sub_16034+3B1↑o
.text:000000000001C3EC                 align 10h
.text:000000000001C3F0 ; const CHAR aFileHandle88xF_0[]
.text:000000000001C3F0 aFileHandle88xF_0 db 'File Handle[%8.8X]-Flags[%8.8X]Len[%d][%.128ws]',0Ah,0
.text:000000000001C3F0                                         ; DATA XREF: sub_16034+3D7↑o
.text:000000000001C421                 align 10h
.text:000000000001C430 ; const CHAR aGetfilehandles_9[]
.text:000000000001C430 aGetfilehandles_9 db 'GetFileHandlesCount2(1134):',0
.text:000000000001C430                                         ; DATA XREF: sub_16034+3ED↑o
.text:000000000001C44C                 align 10h
.text:000000000001C450 ; const CHAR aFileHandle88xF_1[]
.text:000000000001C450 aFileHandle88xF_1 db 'File Handle[%8.8X]-Flags[%8.8X] Len[%d][%.128ws]',0Ah,0
.text:000000000001C450                                         ; DATA XREF: sub_16034+413↑o
.text:000000000001C482                 align 10h
.text:000000000001C490 ; const CHAR aGetfilehandles_13[]
.text:000000000001C490 aGetfilehandles_13 db 'GetFileHandlesCount2(1170):',0
.text:000000000001C490                                         ; DATA XREF: sub_16034+594↑o
.text:000000000001C4AC                 align 10h
.text:000000000001C4B0 ; const CHAR aGetfilehandles_10[]
.text:000000000001C4B0 aGetfilehandles_10 db 'GetFileHandlesCount2(1178):',0
.text:000000000001C4B0                                         ; DATA XREF: sub_16034+600↑o
.text:000000000001C4CC                 align 10h
.text:000000000001C4D0 ; const CHAR aGetfilehandles_11[]
.text:000000000001C4D0 aGetfilehandles_11 db 'GetFileHandlesCount2(1182):',0
.text:000000000001C4D0                                         ; DATA XREF: sub_16034+625↑o
.text:000000000001C4EC                 align 10h
.text:000000000001C4F0 ; const CHAR aGetfilehandles_12[]
.text:000000000001C4F0 aGetfilehandles_12 db 'GetFileHandlesCount2(1184):',0
.text:000000000001C4F0                                         ; DATA XREF: sub_16034+647↑o
.text:000000000001C50C                 align 10h
.text:000000000001C510 ; const CHAR aUnhideproc1237[]
.text:000000000001C510 aUnhideproc1237 db 'UnhideProc(1237):',0
.text:000000000001C510                                         ; DATA XREF: sub_16798+35↑o
.text:000000000001C522                 align 10h
.text:000000000001C530 ; const CHAR aUnhideprocBegD[]
.text:000000000001C530 aUnhideprocBegD db 'UnhideProc Beg-devExt[%8.8X] Pid[%8.8X]',0Ah,0
.text:000000000001C530                                         ; DATA XREF: sub_16798+41↑o
.text:000000000001C559                 align 20h
.text:000000000001C560 ; const CHAR aUnhideproc1239[]
.text:000000000001C560 aUnhideproc1239 db 'UnhideProc(1239):',0
.text:000000000001C560                                         ; DATA XREF: sub_16798+6E↑o
.text:000000000001C572                 align 20h
.text:000000000001C580 ; const CHAR aUnhideprocEndI[]
.text:000000000001C580 aUnhideprocEndI db 'UnhideProc End- In ProcList already',0Ah,0
.text:000000000001C580                                         ; DATA XREF: sub_16798+7A↑o
.text:000000000001C5A5                 align 10h
.text:000000000001C5B0 ; const CHAR aUnhideproc1254[]
.text:000000000001C5B0 aUnhideproc1254 db 'UnhideProc(1254):',0
.text:000000000001C5B0                                         ; DATA XREF: sub_16798+15F↑o
.text:000000000001C5C2                 align 10h
.text:000000000001C5D0 aUnhideprocEndI_0 db 'UnhideProc End- Invalid PID',0Ah,0
.text:000000000001C5D0                                         ; DATA XREF: sub_16798+16B↑o
.text:000000000001C5ED                 align 10h
.text:000000000001C5F0 ; const CHAR aUnhideproc1258[]
.text:000000000001C5F0 aUnhideproc1258 db 'UnhideProc(1258):',0
.text:000000000001C5F0                                         ; DATA XREF: sub_16798+C5↑o
.text:000000000001C602                 align 10h
.text:000000000001C610 ; const CHAR aPid88xEprocess_0[]
.text:000000000001C610 aPid88xEprocess_0 db 'PID[%8.8X] eProcess[%8.8X] Sts[%8.8X]',0Ah,0
.text:000000000001C610                                         ; DATA XREF: sub_16798+D6↑o
.text:000000000001C610                                         ; sub_16A20+BB↑o
.text:000000000001C637                 align 20h
.text:000000000001C640 ; const CHAR aUnhideproc1262[]
.text:000000000001C640 aUnhideproc1262 db 'UnhideProc(1262):',0
.text:000000000001C640                                         ; DATA XREF: sub_16798+108↑o
.text:000000000001C652                 align 20h
.text:000000000001C660 ; const CHAR aUnhideproc1278[]
.text:000000000001C660 aUnhideproc1278 db 'UnhideProc(1278):',0
.text:000000000001C660                                         ; DATA XREF: sub_16798+1BD↑o
.text:000000000001C672                 align 20h
.text:000000000001C680 ; const CHAR aUnhideproc1280[]
.text:000000000001C680 aUnhideproc1280 db 'UnhideProc(1280):',0
.text:000000000001C680                                         ; DATA XREF: sub_16798+1E5↑o
.text:000000000001C692                 align 20h
.text:000000000001C6A0 aUnhideprocEndF db 'UnhideProc End-Failed!',0Ah,0
.text:000000000001C6A0                                         ; DATA XREF: sub_16798+1F1↑o
.text:000000000001C6B8                 align 20h
.text:000000000001C6C0 ; const CHAR aUnhideproc1291[]
.text:000000000001C6C0 aUnhideproc1291 db 'UnhideProc(1291):',0
.text:000000000001C6C0                                         ; DATA XREF: sub_16798+23B↑o
.text:000000000001C6D2                 align 20h
.text:000000000001C6E0 ; const CHAR aUnhideproc1293[]
.text:000000000001C6E0 aUnhideproc1293 db 'UnhideProc(1293):',0
.text:000000000001C6E0                                         ; DATA XREF: sub_16798+25F↑o
.text:000000000001C6F2                 align 20h
.text:000000000001C700 ; const CHAR aUnhideprocEnd8[]
.text:000000000001C700 aUnhideprocEnd8 db 'UnhideProc End-[%8.8X]',0Ah,0
.text:000000000001C700                                         ; DATA XREF: sub_16798+26B↑o
.text:000000000001C718                 align 20h
.text:000000000001C720 ; const CHAR aHideproc1305[]
.text:000000000001C720 aHideproc1305   db 'HideProc(1305):',0  ; DATA XREF: sub_16A20+19↑o
.text:000000000001C730 ; const CHAR aHideprocBegDev[]
.text:000000000001C730 aHideprocBegDev db 'HideProc Beg-devExt[%8.8X] Pid[%8.8X]',0Ah,0
.text:000000000001C730                                         ; DATA XREF: sub_16A20+25↑o
.text:000000000001C757                 align 20h
.text:000000000001C760 ; const CHAR aHideproc1311[]
.text:000000000001C760 aHideproc1311   db 'HideProc(1311):',0  ; DATA XREF: sub_16A20+66↑o
.text:000000000001C770 ; const CHAR aHideprocEndNot[]
.text:000000000001C770 aHideprocEndNot db 'HideProc End- Not In ProcList yet!',0Ah,0
.text:000000000001C770                                         ; DATA XREF: sub_16A20+72↑o
.text:000000000001C794                 align 20h
.text:000000000001C7A0 ; const CHAR aHideproc1322[]
.text:000000000001C7A0 aHideproc1322   db 'HideProc(1322):',0  ; DATA XREF: sub_16A20+12A↑o
.text:000000000001C7B0 aHideprocEndInv db 'HideProc End- Invalid PID',0Ah,0
.text:000000000001C7B0                                         ; DATA XREF: sub_16A20+136↑o
.text:000000000001C7CB                 align 10h
.text:000000000001C7D0 ; const CHAR aHideproc1325[]
.text:000000000001C7D0 aHideproc1325   db 'HideProc(1325):',0  ; DATA XREF: sub_16A20+AA↑o
.text:000000000001C7E0 ; const CHAR aHideproc1332[]
.text:000000000001C7E0 aHideproc1332   db 'HideProc(1332):',0  ; DATA XREF: sub_16A20+F2↑o
.text:000000000001C7F0 aHideprocEndFai db 'HideProc End-Failed!',0Ah,0
.text:000000000001C7F0                                         ; DATA XREF: sub_16A20+FE↑o
.text:000000000001C806                 align 10h
.text:000000000001C810 ; const CHAR aHideproc1339[]
.text:000000000001C810 aHideproc1339   db 'HideProc(1339):',0  ; DATA XREF: sub_16A20+160↑o
.text:000000000001C820 ; const CHAR aHideprocEnd88x[]
.text:000000000001C820 aHideprocEnd88x db 'HideProc End-[%8.8X]',0Ah,0
.text:000000000001C820                                         ; DATA XREF: sub_16A20+16C↑o
.text:000000000001C836                 align 20h
.text:000000000001C840 ; const CHAR aKillproc1351[]
.text:000000000001C840 aKillproc1351   db 'KillProc(1351):',0  ; DATA XREF: sub_16BA8+1F↑o
.text:000000000001C850 ; const CHAR aKillprocBegDev[]
.text:000000000001C850 aKillprocBegDev db 'KillProc Beg-devExt[%8.8X] Pid[%8.8X]',0Ah,0
.text:000000000001C850                                         ; DATA XREF: sub_16BA8+2B↑o
.text:000000000001C877                 align 20h
.text:000000000001C880 ; const CHAR aKillproc1353[]
.text:000000000001C880 aKillproc1353   db 'KillProc(1353):',0  ; DATA XREF: sub_16BA8+52↑o
.text:000000000001C890 ; const CHAR aKillproc1366[]
.text:000000000001C890 aKillproc1366   db 'KillProc(1366):',0  ; DATA XREF: sub_16BA8+D2↑o
.text:000000000001C8A0 aTerminateproce db 'TerminateProcess OK on Pid[%8.8X]',0Ah,0
.text:000000000001C8A0                                         ; DATA XREF: sub_16BA8+DE↑o
.text:000000000001C8C3                 align 10h
.text:000000000001C8D0 ; const CHAR aKillproc1369[]
.text:000000000001C8D0 aKillproc1369   db 'KillProc(1369):',0  ; DATA XREF: sub_16BA8+EF↑o
.text:000000000001C8E0 ; const CHAR aTerminateproce_0[]
.text:000000000001C8E0 aTerminateproce_0 db 'TerminateProcess Failed on Pid[%8.8X]',0Ah,0
.text:000000000001C8E0                                         ; DATA XREF: sub_16BA8+FB↑o
.text:000000000001C907                 align 10h
.text:000000000001C910 ; const CHAR aKillproc1374[]
.text:000000000001C910 aKillproc1374   db 'KillProc(1374):',0  ; DATA XREF: sub_16BA8+11F↑o
.text:000000000001C920 ; const CHAR aOpenprocessFai[]
.text:000000000001C920 aOpenprocessFai db 'OpenProcess Failed on Pid[%8.8X]',0Ah,0
.text:000000000001C920                                         ; DATA XREF: sub_16BA8+12B↑o
.text:000000000001C942                 align 10h
.text:000000000001C950 ; const CHAR aKillproc1377[]
.text:000000000001C950 aKillproc1377   db 'KillProc(1377):',0  ; DATA XREF: sub_16BA8+148↑o
.text:000000000001C960 ; const CHAR aKillproc1379[]
.text:000000000001C960 aKillproc1379   db 'KillProc(1379):',0  ; DATA XREF: sub_16BA8+16B↑o
.text:000000000001C970 ; const CHAR aKillprocEnd88x[]
.text:000000000001C970 aKillprocEnd88x db 'KillProc End-[%8.8X]',0Ah,0
.text:000000000001C970                                         ; DATA XREF: sub_16BA8+177↑o
.text:000000000001C986                 align 10h
.text:000000000001C990 ; const CHAR aGetpidmemory13[]
.text:000000000001C990 aGetpidmemory13 db 'GetPidMemory(1393):',0
.text:000000000001C990                                         ; DATA XREF: sub_16D48+35↑o
.text:000000000001C9A4                 align 10h
.text:000000000001C9B0 ; const CHAR aGetpidmemoryBe[]
.text:000000000001C9B0 aGetpidmemoryBe db 'GetPidMemory Beg',0Ah,0
.text:000000000001C9B0                                         ; DATA XREF: sub_16D48+41↑o
.text:000000000001C9C2                 align 10h
.text:000000000001C9D0 ; const CHAR aGetpidmemory14[]
.text:000000000001C9D0 aGetpidmemory14 db 'GetPidMemory(1402):',0
.text:000000000001C9D0                                         ; DATA XREF: sub_16D48+7F↑o
.text:000000000001C9E4                 align 10h
.text:000000000001C9F0 ; const CHAR aGetpidmemoryPi[]
.text:000000000001C9F0 aGetpidmemoryPi db 'GetPidMemory==PID[%8.8X] eProcess[%8.8X] is Current Process======'
.text:000000000001C9F0                                         ; DATA XREF: sub_16D48+93↑o
.text:000000000001CA31                 db '====',0Ah,0
.text:000000000001CA37                 align 20h
.text:000000000001CA40 ; const CHAR aGetpidmemory14_0[]
.text:000000000001CA40 aGetpidmemory14_0 db 'GetPidMemory(1406):',0
.text:000000000001CA40                                         ; DATA XREF: sub_16D48+BA↑o
.text:000000000001CA54                 align 20h
.text:000000000001CA60 ; const CHAR aGetpidmemoryPi_0[]
.text:000000000001CA60 aGetpidmemoryPi_0 db 'GetPidMemory==PID[%8.8X] eProcess[%8.8X] ntStatus[%8.8X]is Curren'
.text:000000000001CA60                                         ; DATA XREF: sub_16D48+D1↑o
.text:000000000001CAA1                 db 't Process==========',0Ah,0
.text:000000000001CAB6                 align 20h
.text:000000000001CAC0 ; const CHAR aGetpidmemory14_1[]
.text:000000000001CAC0 aGetpidmemory14_1 db 'GetPidMemory(1410):',0
.text:000000000001CAC0                                         ; DATA XREF: sub_16D48+EF↑o
.text:000000000001CAD4                 align 20h
.text:000000000001CAE0 ; const CHAR aGetpidmemory14_2[]
.text:000000000001CAE0 aGetpidmemory14_2 db 'GetPidMemory(1413):',0
.text:000000000001CAE0                                         ; DATA XREF: sub_16D48+128↑o
.text:000000000001CAF4                 align 20h
.text:000000000001CB00 ; const CHAR aGetpidmemory14_6[]
.text:000000000001CB00 aGetpidmemory14_6 db 'GetPidMemory(1421):',0
.text:000000000001CB00                                         ; DATA XREF: sub_16D48+17A↑o
.text:000000000001CB14                 align 20h
.text:000000000001CB20 ; const CHAR aProcmemory88xI_0[]
.text:000000000001CB20 aProcmemory88xI_0 db 'ProcMemory[%8.8X] is Partial Invalid!',0Ah,0
.text:000000000001CB20                                         ; DATA XREF: sub_16D48+18E↑o
.text:000000000001CB47                 align 10h
.text:000000000001CB50 ; const CHAR aGetpidmemory14_3[]
.text:000000000001CB50 aGetpidmemory14_3 db 'GetPidMemory(1425):',0
.text:000000000001CB50                                         ; DATA XREF: sub_16D48+1B4↑o
.text:000000000001CB64                 align 10h
.text:000000000001CB70 ; const CHAR aProcmemory88xI[]
.text:000000000001CB70 aProcmemory88xI db 'ProcMemory[%8.8X] is Invalid!',0Ah,0
.text:000000000001CB70                                         ; DATA XREF: sub_16D48+1C3↑o
.text:000000000001CB8F                 align 10h
.text:000000000001CB90 ; const CHAR aGetpidmemory14_4[]
.text:000000000001CB90 aGetpidmemory14_4 db 'GetPidMemory(1429):',0
.text:000000000001CB90                                         ; DATA XREF: sub_16D48+1E3↑o
.text:000000000001CBA4                 align 10h
.text:000000000001CBB0 ; const CHAR aGetpidmemory14_5[]
.text:000000000001CBB0 aGetpidmemory14_5 db 'GetPidMemory(1432):',0
.text:000000000001CBB0                                         ; DATA XREF: sub_16D48+207↑o
.text:000000000001CBC4                 align 10h
.text:000000000001CBD0 ; const CHAR aGetpidmemoryEn[]
.text:000000000001CBD0 aGetpidmemoryEn db 'GetPidMemory End',0Ah,0
.text:000000000001CBD0                                         ; DATA XREF: sub_16D48+213↑o
.text:000000000001CBE2                 align 10h
.text:000000000001CBF0 aWin32k         db 'Win32k',0           ; DATA XREF: sub_16FA8+6↑o
.text:000000000001CBF7                 align 20h
.text:000000000001CC00 aPnpmanager     db 'PnpManager',0       ; DATA XREF: sub_16FA8:loc_16FCE↑o
.text:000000000001CC0B                 align 10h
.text:000000000001CC10 aAcpiHal        db 'ACPI_HAL',0         ; DATA XREF: sub_16FA8+42↑o
.text:000000000001CC19                 align 20h
.text:000000000001CC20 aWmixwdm        db 'WMIxWDM',0          ; DATA XREF: sub_16FA8+5E↑o
.text:000000000001CC28                 align 10h
.text:000000000001CC30 qword_1CC30     dq 0CCCCCCCC00574152h, 0CCCCCCCCCCCCCCCCh
.text:000000000001CC30                                         ; DATA XREF: sub_16FA8+7A↑o
.text:000000000001CC40 ; const CHAR aHashbucket02x[]
.text:000000000001CC40 aHashbucket02x  db 'HashBucket[%02X]',0Ah,0
.text:000000000001CC40                                         ; DATA XREF: sub_1704C+12E↑o
.text:000000000001CC52                 align 20h
.text:000000000001CC60 ; const CHAR aObject08x[]
.text:000000000001CC60 aObject08x      db 'Object[%08X] ',0    ; DATA XREF: sub_1704C+194↑o
.text:000000000001CC6E                 align 10h
.text:000000000001CC70 ; const CHAR aNameWz[]
.text:000000000001CC70 aNameWz         db 'Name[%wZ]',0Ah,0    ; DATA XREF: sub_1704C+1B7↑o
.text:000000000001CC7B                 align 20h
.text:000000000001CC80 aRegistryMachin:                        ; DATA XREF: sub_1704C+2A9↑o
.text:000000000001CC80                 text "UTF-16LE", '\REGISTRY\Machine\System\CurrentControlSet\Services'
.text:000000000001CCE6                 text "UTF-16LE", '\',0
.text:000000000001CCEA                 align 10h
.text:000000000001CCF0 ; const CHAR aRegfullpathWz[]
.text:000000000001CCF0 aRegfullpathWz  db 'RegFullPath[%wZ]',0Ah,0
.text:000000000001CCF0                                         ; DATA XREF: sub_1704C+325↑o
.text:000000000001CD02                 align 10h
.text:000000000001CD10 ; const CHAR aHiddenEntryNam[]
.text:000000000001CD10 aHiddenEntryNam db 'Hidden Entry Name[%s]!!!',0Ah,0
.text:000000000001CD10                                         ; DATA XREF: sub_1704C+48C↑o
.text:000000000001CD2A                 align 10h
.text:000000000001CD30 ; const CHAR aTotalEntryD[]
.text:000000000001CD30 aTotalEntryD    db 'Total Entry[%d]',0Ah,0
.text:000000000001CD30                                         ; DATA XREF: sub_1704C+533↑o
.text:000000000001CD41                 align 10h
.text:000000000001CD50 ; const WCHAR aDevice
.text:000000000001CD50 aDevice:                                ; DATA XREF: sub_1704C+F0↑o
.text:000000000001CD50                 text "UTF-16LE", 'Device',0
.text:000000000001CD5E                 align 20h
.text:000000000001CD60 ; const CHAR aGetobjdevicein[]
.text:000000000001CD60 aGetobjdevicein db 'GetObjDeviceInfo(1616):',0
.text:000000000001CD60                                         ; DATA XREF: sub_1704C+122↑o
.text:000000000001CD78                 align 20h
.text:000000000001CD80 ; const CHAR aGetobjdevicein_0[]
.text:000000000001CD80 aGetobjdevicein_0 db 'GetObjDeviceInfo(1632):',0
.text:000000000001CD80                                         ; DATA XREF: sub_1704C+188↑o
.text:000000000001CD98                 align 20h
.text:000000000001CDA0 ; const CHAR aGetobjdevicein_1[]
.text:000000000001CDA0 aGetobjdevicein_1 db 'GetObjDeviceInfo(1633):',0
.text:000000000001CDA0                                         ; DATA XREF: sub_1704C+1AB↑o
.text:000000000001CDB8                 align 20h
.text:000000000001CDC0 ; const CHAR aGetobjdevicein_2[]
.text:000000000001CDC0 aGetobjdevicein_2 db 'GetObjDeviceInfo(1667):',0
.text:000000000001CDC0                                         ; DATA XREF: sub_1704C+314↑o
.text:000000000001CDD8                 align 20h
.text:000000000001CDE0 ; const CHAR aGetobjdevicein_3[]
.text:000000000001CDE0 aGetobjdevicein_3 db 'GetObjDeviceInfo(1683):',0
.text:000000000001CDE0                                         ; DATA XREF: sub_1704C+43A↑o
.text:000000000001CDF8                 align 20h
.text:000000000001CE00 ; const CHAR aUnknownDeviceW[]
.text:000000000001CE00 aUnknownDeviceW db 'UnKnown Device[%wZ] Driver[%s]',0Ah,0
.text:000000000001CE00                                         ; DATA XREF: sub_1704C+44D↑o
.text:000000000001CE20 ; const CHAR aGetobjdevicein_4[]
.text:000000000001CE20 aGetobjdevicein_4 db 'GetObjDeviceInfo(1685):',0
.text:000000000001CE20                                         ; DATA XREF: sub_1704C+479↑o
.text:000000000001CE38                 align 20h
.text:000000000001CE40 ; const CHAR aGetobjdevicein_5[]
.text:000000000001CE40 aGetobjdevicein_5 db 'GetObjDeviceInfo(1698):',0
.text:000000000001CE40                                         ; DATA XREF: sub_1704C+527↑o
.text:000000000001CE58                 align 20h
.text:000000000001CE60 aRegistryMachin_0:                      ; DATA XREF: sub_175E0+3F↑o
.text:000000000001CE60                 text "UTF-16LE", '\REGISTRY\Machine\System\CurrentControlSet\Services'
.text:000000000001CEC6                 text "UTF-16LE", '\_root_',0
.text:000000000001CED6                 align 20h
.text:000000000001CEE0 aRegistryMachin_1:                      ; DATA XREF: sub_175E0+5B↑o
.text:000000000001CEE0                                         ; sub_18420+2C↑o
.text:000000000001CEE0                 text "UTF-16LE", '\REGISTRY\Machine\System\CurrentControlSet\Services'
.text:000000000001CF46                 text "UTF-16LE", 0
.text:000000000001CF48                 align 10h
.text:000000000001CF50 ; const CHAR aGetregdriverin[]
.text:000000000001CF50 aGetregdriverin db 'GetRegDriverInfo(1723):',0
.text:000000000001CF50                                         ; DATA XREF: sub_175E0+85↑o
.text:000000000001CF68                 align 10h
.text:000000000001CF70 ; const CHAR aGetregdriverin_0[]
.text:000000000001CF70 aGetregdriverin_0 db 'GetRegDriverInfo Beg',0Ah,0
.text:000000000001CF70                                         ; DATA XREF: sub_175E0+91↑o
.text:000000000001CF86                 align 10h
.text:000000000001CF90 ; const CHAR aGetregdriverin_1[]
.text:000000000001CF90 aGetregdriverin_1 db 'GetRegDriverInfo(1734):',0
.text:000000000001CF90                                         ; DATA XREF: sub_175E0+13E↑o
.text:000000000001CFA8                 align 10h
.text:000000000001CFB0 ; const CHAR aRegopenRootFai[]
.text:000000000001CFB0 aRegopenRootFai db 'RegOpen _root_ Failed! [%8.8X]',0Ah,0
.text:000000000001CFB0                                         ; DATA XREF: sub_175E0+14A↑o
.text:000000000001CFD0 ; const CHAR aGetregdriverin_2[]
.text:000000000001CFD0 aGetregdriverin_2 db 'GetRegDriverInfo(1737):',0
.text:000000000001CFD0                                         ; DATA XREF: sub_175E0+165↑o
.text:000000000001CFE8                 align 10h
.text:000000000001CFF0 ; const CHAR aRegopenRootOk[]
.text:000000000001CFF0 aRegopenRootOk  db 'RegOpen _root_ OK!',0Ah,0
.text:000000000001CFF0                                         ; DATA XREF: sub_175E0+171↑o
.text:000000000001D004                 align 10h
.text:000000000001D010 ; const CHAR aGetregdriverin_3[]
.text:000000000001D010 aGetregdriverin_3 db 'GetRegDriverInfo(1742):',0
.text:000000000001D010                                         ; DATA XREF: sub_175E0+1AD↑o
.text:000000000001D028                 align 10h
.text:000000000001D030 ; const CHAR aExallocatepool_0[]
.text:000000000001D030 aExallocatepool_0 db 'ExAllocatePool failed on GetRegDriverInfo',0Ah,0
.text:000000000001D030                                         ; DATA XREF: sub_175E0+1B9↑o
.text:000000000001D05B                 align 20h
.text:000000000001D060 qword_1D060     dq 6F006F0072005Fh      ; DATA XREF: sub_175E0+23F↑r
.text:000000000001D068 dword_1D068     dd 5F0074h              ; DATA XREF: sub_175E0+24D↑r
.text:000000000001D06C word_1D06C      dw 0                    ; DATA XREF: sub_175E0+25A↑r
.text:000000000001D06E                 align 10h
.text:000000000001D070 ; const CHAR aGetregdriverin_4[]
.text:000000000001D070 aGetregdriverin_4 db 'GetRegDriverInfo(1757):',0
.text:000000000001D070                                         ; DATA XREF: sub_175E0+279↑o
.text:000000000001D088                 align 10h
.text:000000000001D090 ; const CHAR aRegkeyWs[]
.text:000000000001D090 aRegkeyWs       db '=====RegKey[%ws]',0Ah,0
.text:000000000001D090                                         ; DATA XREF: sub_175E0+285↑o
.text:000000000001D090                                         ; sub_175E0+75A↑o
.text:000000000001D0A2                 align 10h
.text:000000000001D0B0 ; const CHAR aGetregdriverin_5[]
.text:000000000001D0B0 aGetregdriverin_5 db 'GetRegDriverInfo(1758):',0
.text:000000000001D0B0                                         ; DATA XREF: sub_175E0+29C↑o
.text:000000000001D0C8                 align 10h
.text:000000000001D0D0 ; const CHAR aEntryWs[]
.text:000000000001D0D0 aEntryWs        db '=====Entry [%ws]',0Ah,0
.text:000000000001D0D0                                         ; DATA XREF: sub_175E0+2A8↑o
.text:000000000001D0D0                                         ; sub_175E0+781↑o
.text:000000000001D0E2                 align 10h
.text:000000000001D0F0 ; const CHAR aGetregdriverin_6[]
.text:000000000001D0F0 aGetregdriverin_6 db 'GetRegDriverInfo(1770):',0
.text:000000000001D0F0                                         ; DATA XREF: sub_175E0+352↑o
.text:000000000001D108                 align 10h
.text:000000000001D110 ; const CHAR aRegopenImagepa[]
.text:000000000001D110 aRegopenImagepa db 'RegOpen ImagePath Failed!',0Ah,0
.text:000000000001D110                                         ; DATA XREF: sub_175E0+35E↑o
.text:000000000001D12B                 align 10h
.text:000000000001D130 ; const CHAR aGetregdriverin_7[]
.text:000000000001D130 aGetregdriverin_7 db 'GetRegDriverInfo(1781):',0
.text:000000000001D130                                         ; DATA XREF: sub_175E0+3F5↑o
.text:000000000001D148                 align 10h
.text:000000000001D150 ; const CHAR aRegopenFailedO[]
.text:000000000001D150 aRegopenFailedO db 'RegOpen Failed on GetDriverRegInfo! [%8.8X]',0Ah,0
.text:000000000001D150                                         ; DATA XREF: sub_175E0+401↑o
.text:000000000001D17D                 align 20h
.text:000000000001D180 ; const CHAR aGetregdriverin_8[]
.text:000000000001D180 aGetregdriverin_8 db 'GetRegDriverInfo(1784):',0
.text:000000000001D180                                         ; DATA XREF: sub_175E0+41C↑o
.text:000000000001D198                 align 20h
.text:000000000001D1A0 ; const CHAR aRegopenOkOnGet[]
.text:000000000001D1A0 aRegopenOkOnGet db 'RegOpen OK! on GetDriverRegInfo!',0Ah,0
.text:000000000001D1A0                                         ; DATA XREF: sub_175E0+428↑o
.text:000000000001D1C2                 align 10h
.text:000000000001D1D0 ; const CHAR aGetregdriverin_9[]
.text:000000000001D1D0 aGetregdriverin_9 db 'GetRegDriverInfo(1786):',0
.text:000000000001D1D0                                         ; DATA XREF: sub_175E0+43C↑o
.text:000000000001D1E8                 align 10h
.text:000000000001D1F0 ; const CHAR aEnumeratevalue[]
.text:000000000001D1F0 aEnumeratevalue db 'EnumerateValueKey Beg',0Ah,0
.text:000000000001D1F0                                         ; DATA XREF: sub_175E0+448↑o
.text:000000000001D207                 align 10h
.text:000000000001D210 ; const CHAR aGetregdriverin_10[]
.text:000000000001D210 aGetregdriverin_10 db 'GetRegDriverInfo(1793):',0
.text:000000000001D210                                         ; DATA XREF: sub_175E0+49C↑o
.text:000000000001D228                 align 10h
.text:000000000001D230 aExallocatepool_1 db 'ExAllocatePool failed on GetDriverRegInfo',0Ah,0
.text:000000000001D230                                         ; DATA XREF: sub_175E0+4A8↑o
.text:000000000001D25B                 align 20h
.text:000000000001D260 aGetregdriverin_11 db 'GetRegDriverInfo(1803):',0
.text:000000000001D260                                         ; DATA XREF: sub_175E0+4FC↑o
.text:000000000001D278                 align 20h
.text:000000000001D280 ; const CHAR aGetregdriverin_12[]
.text:000000000001D280 aGetregdriverin_12 db 'GetRegDriverInfo(1825):',0
.text:000000000001D280                                         ; DATA XREF: sub_175E0+652↑o
.text:000000000001D298                 align 20h
.text:000000000001D2A0 ; const CHAR aEnumerateDrive[]
.text:000000000001D2A0 aEnumerateDrive db 'Enumerate Driver[%-.128ws]',0Ah,0
.text:000000000001D2A0                                         ; DATA XREF: sub_175E0+65E↑o
.text:000000000001D2BC                 align 20h
.text:000000000001D2C0 ; const CHAR aGetregdriverin_13[]
.text:000000000001D2C0 aGetregdriverin_13 db 'GetRegDriverInfo(1837):',0
.text:000000000001D2C0                                         ; DATA XREF: sub_175E0+74E↑o
.text:000000000001D2D8                 align 20h
.text:000000000001D2E0 ; const CHAR aGetregdriverin_14[]
.text:000000000001D2E0 aGetregdriverin_14 db 'GetRegDriverInfo(1838):',0
.text:000000000001D2E0                                         ; DATA XREF: sub_175E0+775↑o
.text:000000000001D2F8                 align 20h
.text:000000000001D300 ; const CHAR aGetregdriverin_15[]
.text:000000000001D300 aGetregdriverin_15 db 'GetRegDriverInfo(1848):',0
.text:000000000001D300                                         ; DATA XREF: sub_175E0+806↑o
.text:000000000001D318                 align 20h
.text:000000000001D320 ; const CHAR aRegkeyWs_0[]
.text:000000000001D320 aRegkeyWs_0     db 'RegKey   [%ws]',0Ah,0
.text:000000000001D320                                         ; DATA XREF: sub_175E0+812↑o
.text:000000000001D320                                         ; sub_175E0+91B↑o
.text:000000000001D330 ; const CHAR aGetregdriverin_16[]
.text:000000000001D330 aGetregdriverin_16 db 'GetRegDriverInfo(1849):',0
.text:000000000001D330                                         ; DATA XREF: sub_175E0+829↑o
.text:000000000001D348                 align 10h
.text:000000000001D350 ; const CHAR aDriverWs[]
.text:000000000001D350 aDriverWs       db '   Driver[%ws]',0Ah,0
.text:000000000001D350                                         ; DATA XREF: sub_175E0+835↑o
.text:000000000001D360 ; const CHAR aGetregdriverin_17[]
.text:000000000001D360 aGetregdriverin_17 db 'GetRegDriverInfo(1864):',0
.text:000000000001D360                                         ; DATA XREF: sub_175E0+90F↑o
.text:000000000001D378                 align 20h
.text:000000000001D380 ; const CHAR aGetregdriverin_18[]
.text:000000000001D380 aGetregdriverin_18 db 'GetRegDriverInfo(1865):',0
.text:000000000001D380                                         ; DATA XREF: sub_175E0+932↑o
.text:000000000001D398                 align 20h
.text:000000000001D3A0 ; const CHAR aExeWs[]
.text:000000000001D3A0 aExeWs          db '   EXE   [%ws]',0Ah,0
.text:000000000001D3A0                                         ; DATA XREF: sub_175E0+93E↑o
.text:000000000001D3B0 ; const CHAR aGetregdriverin_19[]
.text:000000000001D3B0 aGetregdriverin_19 db 'GetRegDriverInfo(1880):',0
.text:000000000001D3B0                                         ; DATA XREF: sub_175E0+A0E↑o
.text:000000000001D3C8                 align 10h
.text:000000000001D3D0 ; const CHAR aImagepathInfoQ[]
.text:000000000001D3D0 aImagepathInfoQ db 'ImagePath Info query Failed!',0Ah,0
.text:000000000001D3D0                                         ; DATA XREF: sub_175E0+A1A↑o
.text:000000000001D3EE                 align 10h
.text:000000000001D3F0 ; const CHAR aGetregdriverin_20[]
.text:000000000001D3F0 aGetregdriverin_20 db 'GetRegDriverInfo(1885):',0
.text:000000000001D3F0                                         ; DATA XREF: sub_175E0+A54↑o
.text:000000000001D408                 align 10h
.text:000000000001D410 ; const CHAR aRegopenFailedO_0[]
.text:000000000001D410 aRegopenFailedO_0 db 'RegOpen Failed on [%ws]! [%8.8X]',0
.text:000000000001D410                                         ; DATA XREF: sub_175E0+A60↑o
.text:000000000001D431                 align 20h
.text:000000000001D440 ; const char aS[3]
.text:000000000001D440 aS              db '%S',0               ; DATA XREF: sub_180B4+9B↑o
.text:000000000001D440                                         ; sub_180B4+FB↑o ...
.text:000000000001D443                 align 10h
.text:000000000001D450 ; const CHAR aErrorGetdrvinf[]
.text:000000000001D450 aErrorGetdrvinf db 'Error: (GetDrvInfoFromDrvObj) sInfoCount(%8.8x) >= MAX_ENTRY(%8.8'
.text:000000000001D450                                         ; DATA XREF: sub_180B4+123↑o
.text:000000000001D491                 db 'x)',0Ah,0
.text:000000000001D495                 align 20h
.text:000000000001D4A0 ; const CHAR aExceptionFilep[]
.text:000000000001D4A0 aExceptionFilep db 'Exception: (FilePathMatch) Path1:%s Path2:%s',0Ah,0
.text:000000000001D4A0                                         ; DATA XREF: sub_18224+76↑o
.text:000000000001D4CE                 align 10h
.text:000000000001D4D0 ; const CHAR aDeleteservice2[]
.text:000000000001D4D0 aDeleteservice2 db 'DeleteService(2084):',0
.text:000000000001D4D0                                         ; DATA XREF: sub_18420+4D↑o
.text:000000000001D4E5                 align 10h
.text:000000000001D4F0 ; const CHAR aDeleteserviceB[]
.text:000000000001D4F0 aDeleteserviceB db 'DeleteService Beg Key[%s]',0Ah,0
.text:000000000001D4F0                                         ; DATA XREF: sub_18420+59↑o
.text:000000000001D50B                 align 10h
.text:000000000001D510 ; const CHAR aDeleteservice2_0[]
.text:000000000001D510 aDeleteservice2_0 db 'DeleteService(2093):',0
.text:000000000001D510                                         ; DATA XREF: sub_18420+152↑o
.text:000000000001D525                 align 10h
.text:000000000001D530 ; const CHAR aKeyWsPathWs[]
.text:000000000001D530 aKeyWsPathWs    db 'Key[%ws] Path[%ws]',0Ah,0
.text:000000000001D530                                         ; DATA XREF: sub_18420+15E↑o
.text:000000000001D544                 align 10h
.text:000000000001D550 ; const CHAR aDeleteservice2_1[]
.text:000000000001D550 aDeleteservice2_1 db 'DeleteService(2098):',0
.text:000000000001D550                                         ; DATA XREF: sub_18420+1C6↑o
.text:000000000001D565                 align 10h
.text:000000000001D570 ; const CHAR aDeleteservice2_2[]
.text:000000000001D570 aDeleteservice2_2 db 'DeleteService(2104):',0
.text:000000000001D570                                         ; DATA XREF: sub_18420+1FD↑o
.text:000000000001D585                 align 10h
.text:000000000001D590 ; const CHAR aRegsetFailed88[]
.text:000000000001D590 aRegsetFailed88 db 'RegSet Failed! [%8.8X]',0Ah,0
.text:000000000001D590                                         ; DATA XREF: sub_18420+209↑o
.text:000000000001D5A8                 align 10h
.text:000000000001D5B0 ; const CHAR aDeleteservice2_3[]
.text:000000000001D5B0 aDeleteservice2_3 db 'DeleteService(2110):',0
.text:000000000001D5B0                                         ; DATA XREF: sub_18420+237↑o
.text:000000000001D5C5                 align 10h
.text:000000000001D5D0 ; const CHAR aDeleteserviceE[]
.text:000000000001D5D0 aDeleteserviceE db 'DeleteService End Key[%ws]',0Ah,0
.text:000000000001D5D0                                         ; DATA XREF: sub_18420+243↑o
.text:000000000001D5EC                 align 10h
.text:000000000001D5F0 ; const CHAR aDeletefile2124[]
.text:000000000001D5F0 aDeletefile2124 db 'DeleteFile(2124):',0
.text:000000000001D5F0                                         ; DATA XREF: sub_186A0+25↑o
.text:000000000001D602                 align 10h
.text:000000000001D610 ; const CHAR aDeletefileBegK[]
.text:000000000001D610 aDeletefileBegK db 'DeleteFile Beg Key[%s]',0Ah,0
.text:000000000001D610                                         ; DATA XREF: sub_186A0+31↑o
.text:000000000001D628                 align 10h
.text:000000000001D630 ; const CHAR aDeletefile2131[]
.text:000000000001D630 aDeletefile2131 db 'DeleteFile(2131):',0
.text:000000000001D630                                         ; DATA XREF: sub_186A0+BE↑o
.text:000000000001D642                 align 10h
.text:000000000001D650 ; const CHAR aFullPathWs[]
.text:000000000001D650 aFullPathWs     db 'Full Path[%ws]',0Ah,0
.text:000000000001D650                                         ; DATA XREF: sub_186A0+CA↑o
.text:000000000001D660 ; const CHAR aDeletefile2141[]
.text:000000000001D660 aDeletefile2141 db 'DeleteFile(2141):',0
.text:000000000001D660                                         ; DATA XREF: sub_186A0+176↑o
.text:000000000001D672                 align 20h
.text:000000000001D680 ; const CHAR aZwcreatefileFa[]
.text:000000000001D680 aZwcreatefileFa db 'ZwCreateFile Failed! [%8.8X]',0Ah,0
.text:000000000001D680                                         ; DATA XREF: sub_186A0+182↑o
.text:000000000001D69E                 align 20h
.text:000000000001D6A0 ; const CHAR aDeletefile2147[]
.text:000000000001D6A0 aDeletefile2147 db 'DeleteFile(2147):',0
.text:000000000001D6A0                                         ; DATA XREF: sub_186A0+1CD↑o
.text:000000000001D6B2                 align 20h
.text:000000000001D6C0 ; const CHAR aZwgetfileinfor[]
.text:000000000001D6C0 aZwgetfileinfor db 'ZwGetFileInformation Basic Failed! [%8.8X]',0Ah,0
.text:000000000001D6C0                                         ; DATA XREF: sub_186A0+1D9↑o
.text:000000000001D6EC                 align 10h
.text:000000000001D6F0 ; const CHAR aDeletefile2154[]
.text:000000000001D6F0 aDeletefile2154 db 'DeleteFile(2154):',0
.text:000000000001D6F0                                         ; DATA XREF: sub_186A0+235↑o
.text:000000000001D702                 align 10h
.text:000000000001D710 aZwsetfileinfor db 'ZwSetFileInformation Basic Failed! [%8.8X]',0Ah,0
.text:000000000001D710                                         ; DATA XREF: sub_186A0+241↑o
.text:000000000001D73C                 align 20h
.text:000000000001D740 ; const CHAR aDeletefile2162[]
.text:000000000001D740 aDeletefile2162 db 'DeleteFile(2162):',0
.text:000000000001D740                                         ; DATA XREF: sub_186A0+28D↑o
.text:000000000001D752                 align 20h
.text:000000000001D760 aZwsetfileinfor_0 db 'ZwSetFileInformation Failed! [%8.8X]',0Ah,0
.text:000000000001D760                                         ; DATA XREF: sub_186A0+299↑o
.text:000000000001D786                 align 10h
.text:000000000001D790 ; const CHAR aDeletefile2168[]
.text:000000000001D790 aDeletefile2168 db 'DeleteFile(2168):',0
.text:000000000001D790                                         ; DATA XREF: sub_186A0+2BB↑o
.text:000000000001D7A2                 align 10h
.text:000000000001D7B0 ; const CHAR aDeletefileEndK[]
.text:000000000001D7B0 aDeletefileEndK db 'DeleteFile End Key[%ws]',0Ah,0
.text:000000000001D7B0                                         ; DATA XREF: sub_186A0+2C7↑o
.text:000000000001D7C9                 align 10h
.text:000000000001D7D0 ; const CHAR aGetpideproc219[]
.text:000000000001D7D0 aGetpideproc219 db 'GetPidEproc(2197):',0
.text:000000000001D7D0                                         ; DATA XREF: sub_18994+74↑o
.text:000000000001D7E3                 align 10h
.text:000000000001D7F0 ; const CHAR aGetpideproc220[]
.text:000000000001D7F0 aGetpideproc220 db 'GetPidEproc(2204):',0
.text:000000000001D7F0                                         ; DATA XREF: sub_18994+B9↑o
.text:000000000001D803                 align 10h
.text:000000000001D810 ; const CHAR aGetpideproc221[]
.text:000000000001D810 aGetpideproc221 db 'GetPidEproc(2212):',0
.text:000000000001D810                                         ; DATA XREF: sub_18994+17A↑o
.text:000000000001D823                 align 10h
.text:000000000001D830 ; const CHAR aGetpideproc222[]
.text:000000000001D830 aGetpideproc222 db 'GetPidEproc(2229):',0
.text:000000000001D830                                         ; DATA XREF: sub_18994+13A↑o
.text:000000000001D843                 align 10h
.text:000000000001D850 aDevicePhysical:                        ; DATA XREF: sub_18B44+28↑o
.text:000000000001D850                 text "UTF-16LE", '\device\physicalmemory',0
.text:000000000001D87E                 align 20h
.text:000000000001D880 ; const CHAR aErrorOpenphysi[]
.text:000000000001D880 aErrorOpenphysi db 'Error: (OpenPhysicalMemory)Could not open \device\physicalmemory '
.text:000000000001D880                                         ; DATA XREF: sub_18B44+96↑o
.text:000000000001D8C1                 db '0x%x',0Ah,0
.text:000000000001D8C7                 align 10h
.text:000000000001D8D0 ; const CHAR aErrorMapphysic[]
.text:000000000001D8D0 aErrorMapphysic db 'Error: (MapPhysicalMemory)Could not map view of Addr 0x%I64X Leng'
.text:000000000001D8D0                                         ; DATA XREF: sub_13E80+CE0↑o
.text:000000000001D911                 db 'th 0x%X ViewSize 0x%X. (Error 0x%x)',0Ah,0
.text:000000000001D936                 align 20h
.text:000000000001D940 ; const CHAR aErrorUnmapphys[]
.text:000000000001D940 aErrorUnmapphys db 'Error: (UnmapPhysicalMemory) Unable to unmap view 0x%x',0Ah,0
.text:000000000001D940                                         ; DATA XREF: sub_13E80+D3A↑o
.text:000000000001D978                 align 20h
.text:000000000001D980 ; const CHAR aDDepotTrunkDri[]
.text:000000000001D980 aDDepotTrunkDri db 'd:\depot\trunk\drivers\endata\reg.cpp(37):',0
.text:000000000001D980                                         ; DATA XREF: sub_18CF0+15↑o
.text:000000000001D9AB                 align 10h
.text:000000000001D9B0 ; const CHAR aRegkeynameWsRe[]
.text:000000000001D9B0 aRegkeynameWsRe db 'regKeyName %ws regValueName %ws regType %d',0Ah,0
.text:000000000001D9B0                                         ; DATA XREF: sub_18CF0+27↑o
.text:000000000001D9DC                 align 40h
.text:000000000001DA00                 dq 0C0h dup(?)
.text:000000000001DA00 _text           ends
.text:000000000001DA00
.idata:000000000001E000 ; Section 2. (virtual address 0000E000)
.idata:000000000001E000 ; Virtual size                  : 000006BC (   1724.)
.idata:000000000001E000 ; Section size in file          : 00000800 (   2048.)
.idata:000000000001E000 ; Offset to raw data for section: 0000CE00
.idata:000000000001E000 ; Flags 48000040: Data Not pageable Readable
.idata:000000000001E000 ; Alignment     : default
.idata:000000000001E000 ;
.idata:000000000001E000 ; Imports from ntoskrnl.exe
.idata:000000000001E000 ;
.idata:000000000001E000 ; ===========================================================================
.idata:000000000001E000
.idata:000000000001E000 ; Segment type: Externs
.idata:000000000001E000 ; _idata
.idata:000000000001E000 ; NTSTATUS (__stdcall *ZwOpenKey)(PHANDLE KeyHandle, ACCESS_MASK DesiredAccess, POBJECT_ATTRIBUTES ObjectAttributes)
.idata:000000000001E000                 extrn ZwOpenKey:qword   ; CODE XREF: sub_13590+CD↑p
.idata:000000000001E000                                         ; sub_1704C+37A↑p ...
.idata:000000000001E000                                         ; ntoskrnl
.idata:000000000001E008 ; void (__stdcall *RtlInitUnicodeString)(PUNICODE_STRING DestinationString, PCWSTR SourceString)
.idata:000000000001E008                 extrn RtlInitUnicodeString:qword
.idata:000000000001E008                                         ; CODE XREF: sub_11008+FE↑p
.idata:000000000001E008                                         ; sub_11224+10A↑p ...
.idata:000000000001E008                                         ; ntoskrnl
.idata:000000000001E010 ; NTSTATUS (__stdcall *KeWaitForSingleObject)(PVOID Object, KWAIT_REASON WaitReason, KPROCESSOR_MODE WaitMode, BOOLEAN Alertable, PLARGE_INTEGER Timeout)
.idata:000000000001E010                 extrn KeWaitForSingleObject:qword
.idata:000000000001E010                                         ; CODE XREF: sub_14E64+30↑p
.idata:000000000001E010                                         ; DATA XREF: sub_14E64+30↑r
.idata:000000000001E010                                         ; ntoskrnl
.idata:000000000001E018 ; void (__stdcall *IoDeleteDevice)(PDEVICE_OBJECT DeviceObject)
.idata:000000000001E018                 extrn IoDeleteDevice:qword
.idata:000000000001E018                                         ; CODE XREF: sub_139E4+2CD↑p
.idata:000000000001E018                                         ; sub_13DFC+50↑p
.idata:000000000001E018                                         ; DATA XREF: ...
.idata:000000000001E018                                         ; ntoskrnl
.idata:000000000001E020 ; NTSTATUS (__stdcall *ZwQueryInformationProcess)(HANDLE ProcessHandle, PROCESSINFOCLASS ProcessInformationClass, PVOID ProcessInformation, ULONG ProcessInformationLength, PULONG ReturnLength)
.idata:000000000001E020                 extrn ZwQueryInformationProcess:qword
.idata:000000000001E020                                         ; CODE XREF: sub_129B0+15A↑p
.idata:000000000001E020                                         ; sub_1575C+B1↑p
.idata:000000000001E020                                         ; DATA XREF: ...
.idata:000000000001E020                                         ; ntoskrnl
.idata:000000000001E028 ; NTSTATUS (__stdcall *ZwQueryObject)(HANDLE Handle, OBJECT_INFORMATION_CLASS ObjectInformationClass, PVOID ObjectInformation, ULONG ObjectInformationLength, PULONG ReturnLength)
.idata:000000000001E028                 extrn ZwQueryObject:qword
.idata:000000000001E028                                         ; CODE XREF: sub_1191C+282↑p
.idata:000000000001E028                                         ; sub_16034+1AC↑p
.idata:000000000001E028                                         ; DATA XREF: ...
.idata:000000000001E028                                         ; ntoskrnl
.idata:000000000001E030 ; PVOID (__stdcall *MmGetSystemRoutineAddress)(PUNICODE_STRING SystemRoutineName)
.idata:000000000001E030                 extrn MmGetSystemRoutineAddress:qword
.idata:000000000001E030                                         ; CODE XREF: sub_139E4+189↑p
.idata:000000000001E030                                         ; DATA XREF: sub_139E4+189↑r
.idata:000000000001E030                                         ; ntoskrnl
.idata:000000000001E038 ; NTSTATUS (__stdcall *ZwQueryInformationToken)(HANDLE TokenHandle, TOKEN_INFORMATION_CLASS TokenInformationClass, PVOID TokenInformation, ULONG TokenInformationLength, PULONG ReturnLength)
.idata:000000000001E038                 extrn ZwQueryInformationToken:qword
.idata:000000000001E038                                         ; CODE XREF: sub_1309C+100↑p
.idata:000000000001E038                                         ; sub_1309C+174↑p
.idata:000000000001E038                                         ; DATA XREF: ...
.idata:000000000001E038                                         ; ntoskrnl
.idata:000000000001E040 ; NTSTATUS (__stdcall *ZwOpenProcessToken)(HANDLE ProcessHandle, ACCESS_MASK DesiredAccess, PHANDLE TokenHandle)
.idata:000000000001E040                 extrn ZwOpenProcessToken:qword
.idata:000000000001E040                                         ; CODE XREF: sub_1309C+D3↑p
.idata:000000000001E040                                         ; DATA XREF: sub_1309C+D3↑r
.idata:000000000001E040                                         ; ntoskrnl
.idata:000000000001E048 ; void (__stdcall *KeAttachProcess)(PRKPROCESS Process)
.idata:000000000001E048                 extrn KeAttachProcess:qword
.idata:000000000001E048                                         ; CODE XREF: sub_1191C+1B3↑p
.idata:000000000001E048                                         ; sub_129B0+2C5↑p ...
.idata:000000000001E048                                         ; ntoskrnl
.idata:000000000001E050 ; NTSTATUS (__stdcall *PsLookupProcessByProcessId)(HANDLE ProcessId, PEPROCESS *Process)
.idata:000000000001E050                 extrn __imp_PsLookupProcessByProcessId:qword
.idata:000000000001E050                                         ; DATA XREF: PsLookupProcessByProcessId↑r
.idata:000000000001E050                                         ; ntoskrnl
.idata:000000000001E058 ; void (*KeDetachProcess)(void)
.idata:000000000001E058                 extrn KeDetachProcess:qword
.idata:000000000001E058                                         ; CODE XREF: sub_1191C+FF8↑p
.idata:000000000001E058                                         ; sub_129B0+635↑p ...
.idata:000000000001E058                                         ; ntoskrnl
.idata:000000000001E060 ; NTSTATUS (__stdcall *ObQueryNameString)(PVOID Object, POBJECT_NAME_INFORMATION ObjectNameInfo, ULONG Length, PULONG ReturnLength)
.idata:000000000001E060                 extrn ObQueryNameString:qword
.idata:000000000001E060                                         ; CODE XREF: sub_11224+436↑p
.idata:000000000001E060                                         ; sub_1191C+959↑p
.idata:000000000001E060                                         ; DATA XREF: ...
.idata:000000000001E060                                         ; ntoskrnl
.idata:000000000001E068 ; PVOID (__stdcall *ExAllocatePoolWithTag)(POOL_TYPE PoolType, SIZE_T NumberOfBytes, ULONG Tag)
.idata:000000000001E068                 extrn ExAllocatePoolWithTag:qword
.idata:000000000001E068                                         ; CODE XREF: sub_1309C+116↑p
.idata:000000000001E068                                         ; sub_13590+157↑p ...
.idata:000000000001E068                                         ; ntoskrnl
.idata:000000000001E070 ; NTSTATUS (__stdcall *ZwOpenProcess)(PHANDLE ProcessHandle, ACCESS_MASK DesiredAccess, POBJECT_ATTRIBUTES ObjectAttributes, PCLIENT_ID ClientId)
.idata:000000000001E070                 extrn ZwOpenProcess:qword
.idata:000000000001E070                                         ; CODE XREF: sub_129B0+119↑p
.idata:000000000001E070                                         ; sub_1309C+8E↑p ...
.idata:000000000001E070                                         ; ntoskrnl
.idata:000000000001E078 ; void (__stdcall *ProbeForRead)(volatile void *Address, SIZE_T Length, ULONG Alignment)
.idata:000000000001E078                 extrn ProbeForRead:qword
.idata:000000000001E078                                         ; CODE XREF: sub_13320+45↑p
.idata:000000000001E078                                         ; sub_154DC+CF↑p ...
.idata:000000000001E078                                         ; ntoskrnl
.idata:000000000001E080 ; LONG (__stdcall *KeReleaseMutex)(PRKMUTEX Mutex, BOOLEAN Wait)
.idata:000000000001E080                 extrn KeReleaseMutex:qword
.idata:000000000001E080                                         ; CODE XREF: sub_14E64+12D↑p
.idata:000000000001E080                                         ; DATA XREF: sub_14E64+12D↑r
.idata:000000000001E080                                         ; ntoskrnl
.idata:000000000001E088 ; POBJECT_TYPE *IoFileObjectType
.idata:000000000001E088                 extrn IoFileObjectType:qword
.idata:000000000001E088                                         ; DATA XREF: sub_11224+2C0↑r
.idata:000000000001E088                                         ; sub_1191C+2A8↑r ...
.idata:000000000001E088                                         ; ntoskrnl
.idata:000000000001E090 ; NTSTATUS (__stdcall *ZwCreateFile)(PHANDLE FileHandle, ACCESS_MASK DesiredAccess, POBJECT_ATTRIBUTES ObjectAttributes, PIO_STATUS_BLOCK IoStatusBlock, PLARGE_INTEGER AllocationSize, ULONG FileAttributes, ULONG ShareAccess, ULONG CreateDisposition, ULONG CreateOptions, PVOID EaBuffer, ULONG EaLength)
.idata:000000000001E090                 extrn ZwCreateFile:qword
.idata:000000000001E090                                         ; CODE XREF: sub_11008+17A↑p
.idata:000000000001E090                                         ; sub_11224+18A↑p ...
.idata:000000000001E090                                         ; ntoskrnl
.idata:000000000001E098 ; NTSTATUS (__stdcall *IoCreateSymbolicLink)(PUNICODE_STRING SymbolicLinkName, PUNICODE_STRING DeviceName)
.idata:000000000001E098                 extrn IoCreateSymbolicLink:qword
.idata:000000000001E098                                         ; CODE XREF: sub_139E4+299↑p
.idata:000000000001E098                                         ; DATA XREF: sub_139E4+299↑r
.idata:000000000001E098                                         ; ntoskrnl
.idata:000000000001E0A0 ; BOOLEAN (__stdcall *MmIsAddressValid)(PVOID VirtualAddress)
.idata:000000000001E0A0                 extrn MmIsAddressValid:qword
.idata:000000000001E0A0                                         ; CODE XREF: sub_11224+2EC↑p
.idata:000000000001E0A0                                         ; sub_11224+40A↑p ...
.idata:000000000001E0A0                                         ; ntoskrnl
.idata:000000000001E0A8 ; NTSTATUS (__stdcall *IoDeleteSymbolicLink)(PUNICODE_STRING SymbolicLinkName)
.idata:000000000001E0A8                 extrn IoDeleteSymbolicLink:qword
.idata:000000000001E0A8                                         ; CODE XREF: sub_13DFC+42↑p
.idata:000000000001E0A8                                         ; DATA XREF: sub_13DFC+42↑r
.idata:000000000001E0A8                                         ; ntoskrnl
.idata:000000000001E0B0 ; NTSTATUS (__stdcall *ZwQueryValueKey)(HANDLE KeyHandle, PUNICODE_STRING ValueName, KEY_VALUE_INFORMATION_CLASS KeyValueInformationClass, PVOID KeyValueInformation, ULONG Length, PULONG ResultLength)
.idata:000000000001E0B0                 extrn ZwQueryValueKey:qword
.idata:000000000001E0B0                                         ; CODE XREF: sub_13590+1D2↑p
.idata:000000000001E0B0                                         ; sub_175E0+20B↑p ...
.idata:000000000001E0B0                                         ; ntoskrnl
.idata:000000000001E0B8 ; LONG_PTR (__stdcall *ObfDereferenceObject)(PVOID Object)
.idata:000000000001E0B8                 extrn ObfDereferenceObject:qword
.idata:000000000001E0B8                                         ; CODE XREF: sub_11224+344↑p
.idata:000000000001E0B8                                         ; sub_11224+35D↑p ...
.idata:000000000001E0B8                                         ; ntoskrnl
.idata:000000000001E0C0 ; void (__stdcall *ExFreePoolWithTag)(PVOID P, ULONG Tag)
.idata:000000000001E0C0                 extrn ExFreePoolWithTag:qword
.idata:000000000001E0C0                                         ; CODE XREF: sub_1309C+1D1↑p
.idata:000000000001E0C0                                         ; sub_13590+206↑p ...
.idata:000000000001E0C0                                         ; ntoskrnl
.idata:000000000001E0C8 ; NTSTATUS (__stdcall *IoCreateDevice)(PDRIVER_OBJECT DriverObject, ULONG DeviceExtensionSize, PUNICODE_STRING DeviceName, ULONG DeviceType, ULONG DeviceCharacteristics, BOOLEAN Exclusive, PDEVICE_OBJECT *DeviceObject)
.idata:000000000001E0C8                 extrn IoCreateDevice:qword
.idata:000000000001E0C8                                         ; CODE XREF: sub_139E4+1E8↑p
.idata:000000000001E0C8                                         ; DATA XREF: sub_139E4+1E8↑r
.idata:000000000001E0C8                                         ; ntoskrnl
.idata:000000000001E0D0 ; PEPROCESS (*IoGetCurrentProcess)(void)
.idata:000000000001E0D0                 extrn IoGetCurrentProcess:qword
.idata:000000000001E0D0                                         ; CODE XREF: sub_1191C:loc_119BB↑p
.idata:000000000001E0D0                                         ; sub_1191C+135↑p ...
.idata:000000000001E0D0                                         ; ntoskrnl
.idata:000000000001E0D8 ; void (__stdcall *KeInitializeMutex)(PRKMUTEX Mutex, ULONG Level)
.idata:000000000001E0D8                 extrn KeInitializeMutex:qword
.idata:000000000001E0D8                                         ; CODE XREF: sub_139E4+224↑p
.idata:000000000001E0D8                                         ; DATA XREF: sub_139E4+224↑r
.idata:000000000001E0D8                                         ; ntoskrnl
.idata:000000000001E0E0 ; NTSTATUS (__stdcall *ZwClose)(HANDLE Handle)
.idata:000000000001E0E0                 extrn ZwClose:qword     ; CODE XREF: sub_11008+1B2↑p
.idata:000000000001E0E0                                         ; sub_11224+531↑p ...
.idata:000000000001E0E0                                         ; ntoskrnl
.idata:000000000001E0E8 ; ULONG (*DbgPrint)(PCSTR Format, ...)
.idata:000000000001E0E8                 extrn __imp_DbgPrint:qword
.idata:000000000001E0E8                                         ; DATA XREF: DbgPrint↑r
.idata:000000000001E0E8                                         ; ntoskrnl
.idata:000000000001E0F0 ; void (__stdcall *IofCompleteRequest)(PIRP Irp, CCHAR PriorityBoost)
.idata:000000000001E0F0                 extrn IofCompleteRequest:qword
.idata:000000000001E0F0                                         ; CODE XREF: sub_13D1C+38↑p
.idata:000000000001E0F0                                         ; sub_13D8C+38↑p ...
.idata:000000000001E0F0                                         ; ntoskrnl
.idata:000000000001E0F8 ; LONG (__stdcall *RtlCompareUnicodeString)(PCUNICODE_STRING String1, PCUNICODE_STRING String2, BOOLEAN CaseInSensitive)
.idata:000000000001E0F8                 extrn RtlCompareUnicodeString:qword
.idata:000000000001E0F8                                         ; CODE XREF: sub_1704C+170↑p
.idata:000000000001E0F8                                         ; DATA XREF: sub_1704C+170↑r
.idata:000000000001E0F8                                         ; ntoskrnl
.idata:000000000001E100 ; SIZE_T (__stdcall *RtlCompareMemory)(const void *Source1, const void *Source2, SIZE_T Length)
.idata:000000000001E100                 extrn RtlCompareMemory:qword
.idata:000000000001E100                                         ; CODE XREF: sub_16FA8+16↑p
.idata:000000000001E100                                         ; sub_16FA8+36↑p ...
.idata:000000000001E100                                         ; ntoskrnl
.idata:000000000001E108 ; NTSTATUS (__stdcall *ZwDeviceIoControlFile)(HANDLE FileHandle, HANDLE Event, PIO_APC_ROUTINE ApcRoutine, PVOID ApcContext, PIO_STATUS_BLOCK IoStatusBlock, ULONG IoControlCode, PVOID InputBuffer, ULONG InputBufferLength, PVOID OutputBuffer, ULONG OutputBufferLength)
.idata:000000000001E108                 extrn ZwDeviceIoControlFile:qword
.idata:000000000001E108                                         ; CODE XREF: sub_15D98+FE↑p
.idata:000000000001E108                                         ; sub_15D98+1E6↑p
.idata:000000000001E108                                         ; DATA XREF: ...
.idata:000000000001E108                                         ; ntoskrnl
.idata:000000000001E110 ; int (__cdecl *stricmp)(const char *Str1, const char *Str2)
.idata:000000000001E110                 extrn _stricmp:qword    ; CODE XREF: sub_18224+5C↑p
.idata:000000000001E110                                         ; DATA XREF: sub_18224+5C↑r
.idata:000000000001E110                                         ; ntoskrnl
.idata:000000000001E118 ; char *(__cdecl *strrchr)(const char *Str, int Ch)
.idata:000000000001E118                 extrn strrchr:qword     ; CODE XREF: sub_18224+23↑p
.idata:000000000001E118                                         ; sub_18224+42↑p
.idata:000000000001E118                                         ; DATA XREF: ...
.idata:000000000001E118                                         ; ntoskrnl
.idata:000000000001E120 ; void (__stdcall *RtlCopyUnicodeString)(PUNICODE_STRING DestinationString, PCUNICODE_STRING SourceString)
.idata:000000000001E120                 extrn RtlCopyUnicodeString:qword
.idata:000000000001E120                                         ; CODE XREF: sub_1704C+2F6↑p
.idata:000000000001E120                                         ; DATA XREF: sub_1704C+2F6↑r
.idata:000000000001E120                                         ; ntoskrnl
.idata:000000000001E128 ; NTSTATUS (__stdcall *ZwTerminateProcess)(HANDLE ProcessHandle, NTSTATUS ExitStatus)
.idata:000000000001E128                 extrn ZwTerminateProcess:qword
.idata:000000000001E128                                         ; CODE XREF: sub_16BA8+BE↑p
.idata:000000000001E128                                         ; DATA XREF: sub_16BA8+BE↑r
.idata:000000000001E128                                         ; ntoskrnl
.idata:000000000001E130 ; NTSTATUS (__stdcall *ZwQueryInformationFile)(HANDLE FileHandle, PIO_STATUS_BLOCK IoStatusBlock, PVOID FileInformation, ULONG Length, FILE_INFORMATION_CLASS FileInformationClass)
.idata:000000000001E130                 extrn ZwQueryInformationFile:qword
.idata:000000000001E130                                         ; CODE XREF: sub_186A0+1B9↑p
.idata:000000000001E130                                         ; DATA XREF: sub_186A0+1B9↑r
.idata:000000000001E130                                         ; ntoskrnl
.idata:000000000001E138 ; wchar_t *(__cdecl *wcsncpy)(wchar_t *Dest, const wchar_t *Source, size_t Count)
.idata:000000000001E138                 extrn wcsncpy:qword     ; CODE XREF: sub_180B4+7E↑p
.idata:000000000001E138                                         ; sub_180B4+DB↑p
.idata:000000000001E138                                         ; DATA XREF: ...
.idata:000000000001E138                                         ; ntoskrnl
.idata:000000000001E140 ; NTSTATUS (__stdcall *ZwDeleteKey)(HANDLE KeyHandle)
.idata:000000000001E140                 extrn ZwDeleteKey:qword ; CODE XREF: sub_18420+1E9↑p
.idata:000000000001E140                                         ; DATA XREF: sub_18420+1E9↑r
.idata:000000000001E140                                         ; ntoskrnl
.idata:000000000001E148 ; NTSTATUS (__stdcall *ZwEnumerateKey)(HANDLE KeyHandle, ULONG Index, KEY_INFORMATION_CLASS KeyInformationClass, PVOID KeyInformation, ULONG Length, PULONG ResultLength)
.idata:000000000001E148                 extrn ZwEnumerateKey:qword
.idata:000000000001E148                                         ; CODE XREF: sub_175E0+551↑p
.idata:000000000001E148                                         ; DATA XREF: sub_175E0+551↑r
.idata:000000000001E148                                         ; ntoskrnl
.idata:000000000001E150 ; void (__stdcall *KeInitializeEvent)(PRKEVENT Event, EVENT_TYPE Type, BOOLEAN State)
.idata:000000000001E150                 extrn KeInitializeEvent:qword
.idata:000000000001E150                                         ; CODE XREF: sub_15D98+7F↑p
.idata:000000000001E150                                         ; sub_15D98+167↑p
.idata:000000000001E150                                         ; DATA XREF: ...
.idata:000000000001E150                                         ; ntoskrnl
.idata:000000000001E158 ; int (*snprintf)(char *Dest, size_t Count, const char *Format, ...)
.idata:000000000001E158                 extrn _snprintf:qword   ; CODE XREF: sub_180B4+A7↑p
.idata:000000000001E158                                         ; sub_180B4+107↑p ...
.idata:000000000001E158                                         ; ntoskrnl
.idata:000000000001E160 ; NTSTATUS (__stdcall *ZwOpenDirectoryObject)(PHANDLE DirectoryHandle, ACCESS_MASK DesiredAccess, POBJECT_ATTRIBUTES ObjectAttributes)
.idata:000000000001E160                 extrn ZwOpenDirectoryObject:qword
.idata:000000000001E160                                         ; CODE XREF: sub_1704C+B1↑p
.idata:000000000001E160                                         ; DATA XREF: sub_1704C+B1↑r
.idata:000000000001E160                                         ; ntoskrnl
.idata:000000000001E168 ; NTSTATUS (__stdcall *ZwSetInformationFile)(HANDLE FileHandle, PIO_STATUS_BLOCK IoStatusBlock, PVOID FileInformation, ULONG Length, FILE_INFORMATION_CLASS FileInformationClass)
.idata:000000000001E168                 extrn ZwSetInformationFile:qword
.idata:000000000001E168                                         ; CODE XREF: sub_186A0+221↑p
.idata:000000000001E168                                         ; sub_186A0+275↑p
.idata:000000000001E168                                         ; DATA XREF: ...
.idata:000000000001E168                                         ; ntoskrnl
.idata:000000000001E170 ; NTSTATUS (__stdcall *RtlAppendUnicodeStringToString)(PUNICODE_STRING Destination, PCUNICODE_STRING Source)
.idata:000000000001E170                 extrn RtlAppendUnicodeStringToString:qword
.idata:000000000001E170                                         ; CODE XREF: sub_1704C+306↑p
.idata:000000000001E170                                         ; DATA XREF: sub_1704C+306↑r
.idata:000000000001E170                                         ; ntoskrnl
.idata:000000000001E178 ; NTSTATUS (__stdcall *ZwMapViewOfSection)(HANDLE SectionHandle, HANDLE ProcessHandle, PVOID *BaseAddress, ULONG_PTR ZeroBits, SIZE_T CommitSize, PLARGE_INTEGER SectionOffset, PSIZE_T ViewSize, SECTION_INHERIT InheritDisposition, ULONG AllocationType, ULONG Win32Protect)
.idata:000000000001E178                 extrn ZwMapViewOfSection:qword
.idata:000000000001E178                                         ; CODE XREF: sub_13E80+CCB↑p
.idata:000000000001E178                                         ; DATA XREF: sub_13E80+CCB↑r
.idata:000000000001E178                                         ; ntoskrnl
.idata:000000000001E180 ; NTSTATUS (__stdcall *ZwUnmapViewOfSection)(HANDLE ProcessHandle, PVOID BaseAddress)
.idata:000000000001E180                 extrn ZwUnmapViewOfSection:qword
.idata:000000000001E180                                         ; CODE XREF: sub_13E80+D2F↑p
.idata:000000000001E180                                         ; DATA XREF: sub_13E80+D2F↑r
.idata:000000000001E180                                         ; ntoskrnl
.idata:000000000001E188 ; NTSTATUS (__stdcall *ZwOpenSection)(PHANDLE SectionHandle, ACCESS_MASK DesiredAccess, POBJECT_ATTRIBUTES ObjectAttributes)
.idata:000000000001E188                 extrn ZwOpenSection:qword
.idata:000000000001E188                                         ; CODE XREF: sub_18B44+8A↑p
.idata:000000000001E188                                         ; DATA XREF: sub_18B44+8A↑r
.idata:000000000001E188                                         ; ntoskrnl
.idata:000000000001E190 ; void (__stdcall __noreturn *KeBugCheckEx)(ULONG BugCheckCode, ULONG_PTR BugCheckParameter1, ULONG_PTR BugCheckParameter2, ULONG_PTR BugCheckParameter3, ULONG_PTR BugCheckParameter4)
.idata:000000000001E190                 extrn KeBugCheckEx:qword
.idata:000000000001E190                                         ; CODE XREF: __report_gsfailure+20↑p
.idata:000000000001E190                                         ; DATA XREF: __report_gsfailure+20↑r
.idata:000000000001E190                                         ; ntoskrnl
.idata:000000000001E198 ; EXCEPTION_DISPOSITION (__cdecl *__C_specific_handler)(struct _EXCEPTION_RECORD *ExceptionRecord, void *EstablisherFrame, struct _CONTEXT *ContextRecord, struct _DISPATCHER_CONTEXT *DispatcherContext)
.idata:000000000001E198                 extrn __imp___C_specific_handler:qword
.idata:000000000001E198                                         ; DATA XREF: __C_specific_handler↑r
.idata:000000000001E198                                         ; ntoskrnl
.idata:000000000001E1A0
.idata:000000000001E1A0
.rdata:000000000001E1A8 ; ===========================================================================
.rdata:000000000001E1A8
.rdata:000000000001E1A8 ; Segment type: Pure data
.rdata:000000000001E1A8 ; Segment permissions: Read
.rdata:000000000001E1A8 _rdata          segment para public 'DATA' use64
.rdata:000000000001E1A8                 assume cs:_rdata
.rdata:000000000001E1A8                 ;org 1E1A8h
.rdata:000000000001E1A8                 align 10h
.rdata:000000000001E1B0 ; Debug Directory entries
.rdata:000000000001E1B0                 dd 0                    ; Characteristics
.rdata:000000000001E1B4                 dd 4913955Dh            ; TimeDateStamp: Fri Nov 07 01:09:49 2008 UTC
.rdata:000000000001E1B8                 dw 0                    ; MajorVersion
.rdata:000000000001E1BA                 dw 0                    ; MinorVersion
.rdata:000000000001E1BC                 dd 2                    ; Type: IMAGE_DEBUG_TYPE_CODEVIEW
.rdata:000000000001E1C0                 dd 59h                  ; SizeOfData
.rdata:000000000001E1C4                 dd rva asc_1E1CC        ; AddressOfRawData
.rdata:000000000001E1C8                 dd 0CFCCh               ; PointerToRawData
.rdata:000000000001E1CC ; Debug information (IMAGE_DEBUG_TYPE_CODEVIEW)
.rdata:000000000001E1CC asc_1E1CC       db 'RSDS'               ; DATA XREF: .rdata:000000000001E1C4↑o
.rdata:000000000001E1CC                                         ; CV signature
.rdata:000000000001E1D0                 GUID <5C6FEBC5h, 9255h, 4191h, <86h, 32h, 7Dh, 0ADh, 95h, 1Dh, 1Fh, \ ; GUID
.rdata:000000000001E1D0                       0EEh>>
.rdata:000000000001E1E0                 dd 1                    ; Age
.rdata:000000000001E1E4                 text "UTF-8", 'd:\depot\trunk\drivers\endata\objfre_wnet_amd64\amd64\' ; PdbFileName
.rdata:000000000001E21A                 text "UTF-8", 'EnData.pdb',0
.rdata:000000000001E225                 align 8
.rdata:000000000001E228 stru_1E228      UNWIND_INFO_HDR <1, 0, 4, 1, 0, 0>
.rdata:000000000001E228                                         ; DATA XREF: .pdata:0000000000020240↓o
.rdata:000000000001E22C                 UNWIND_CODE <4, 2, 6>   ; UWOP_ALLOC_SMALL
.rdata:000000000001E22E                 align 4
.rdata:000000000001E230 stru_1E230      UNWIND_INFO_HDR <1, 0, 18h, 0Ah, 0, 0>
.rdata:000000000001E230                                         ; DATA XREF: .pdata:0000000000020228↓o
.rdata:000000000001E234                 UNWIND_CODE <18h, 4, 6> ; UWOP_SAVE_NONVOL
.rdata:000000000001E236                 dw 0Eh
.rdata:000000000001E238                 UNWIND_CODE <18h, 4, 5> ; UWOP_SAVE_NONVOL
.rdata:000000000001E23A                 dw 0Dh
.rdata:000000000001E23C                 UNWIND_CODE <18h, 4, 3> ; UWOP_SAVE_NONVOL
.rdata:000000000001E23E                 dw 0Ch
.rdata:000000000001E240                 UNWIND_CODE <18h, 2, 7> ; UWOP_ALLOC_SMALL
.rdata:000000000001E242                 UNWIND_CODE <14h, 0, 13> ; UWOP_PUSH_NONVOL
.rdata:000000000001E244                 UNWIND_CODE <12h, 0, 12> ; UWOP_PUSH_NONVOL
.rdata:000000000001E246                 UNWIND_CODE <10h, 0, 7> ; UWOP_PUSH_NONVOL
.rdata:000000000001E248 stru_1E248      UNWIND_INFO_HDR <1, 3, 1Fh, 5, 0, 0>
.rdata:000000000001E248                                         ; DATA XREF: .pdata:000000000002021C↓o
.rdata:000000000001E24C                 UNWIND_CODE <0Dh, 4, 3> ; UWOP_SAVE_NONVOL
.rdata:000000000001E24E                 dw 17h
.rdata:000000000001E250                 UNWIND_CODE <0Dh, 1, 0> ; UWOP_ALLOC_LARGE
.rdata:000000000001E252                 dw 14h
.rdata:000000000001E254                 UNWIND_CODE <6, 0, 7>   ; UWOP_PUSH_NONVOL
.rdata:000000000001E256                 align 4
.rdata:000000000001E258                 dd rva __GSHandlerCheck
.rdata:000000000001E25C                 dd 98h
.rdata:000000000001E260 stru_1E260      UNWIND_INFO_HDR <1, 1, 18h, 6, 0, 0>
.rdata:000000000001E260                                         ; DATA XREF: .pdata:00000000000201E0↓o
.rdata:000000000001E264                 UNWIND_CODE <18h, 4, 6> ; UWOP_SAVE_NONVOL
.rdata:000000000001E266                 dw 9
.rdata:000000000001E268                 UNWIND_CODE <18h, 4, 3> ; UWOP_SAVE_NONVOL
.rdata:000000000001E26A                 dw 8
.rdata:000000000001E26C                 UNWIND_CODE <18h, 2, 3> ; UWOP_ALLOC_SMALL
.rdata:000000000001E26E                 UNWIND_CODE <14h, 0, 7> ; UWOP_PUSH_NONVOL
.rdata:000000000001E270                 dd rva __C_specific_handler
.rdata:000000000001E274                 dd 1
.rdata:000000000001E278                 C_SCOPE_TABLE <rva loc_18242, rva loc_18290, 1, rva loc_18290>
.rdata:000000000001E288 stru_1E288      UNWIND_INFO_HDR <1, 1, 19h, 0Ah, 0, 0>
.rdata:000000000001E288                                         ; DATA XREF: .pdata:00000000000201D4↓o
.rdata:000000000001E28C                 UNWIND_CODE <19h, 4, 7> ; UWOP_SAVE_NONVOL
.rdata:000000000001E28E                 dw 0Ch
.rdata:000000000001E290                 UNWIND_CODE <19h, 4, 6> ; UWOP_SAVE_NONVOL
.rdata:000000000001E292                 dw 0Bh
.rdata:000000000001E294                 UNWIND_CODE <19h, 4, 3> ; UWOP_SAVE_NONVOL
.rdata:000000000001E296                 dw 0Ah
.rdata:000000000001E298                 UNWIND_CODE <19h, 2, 5> ; UWOP_ALLOC_SMALL
.rdata:000000000001E29A                 UNWIND_CODE <15h, 0, 15> ; UWOP_PUSH_NONVOL
.rdata:000000000001E29C                 UNWIND_CODE <13h, 0, 13> ; UWOP_PUSH_NONVOL
.rdata:000000000001E29E                 UNWIND_CODE <11h, 0, 12> ; UWOP_PUSH_NONVOL
.rdata:000000000001E2A0                 dd rva __C_specific_handler
.rdata:000000000001E2A4                 dd 1
.rdata:000000000001E2A8                 C_SCOPE_TABLE <rva loc_180D8, rva loc_181FD, 1, rva loc_181FD>
.rdata:000000000001E2B8 stru_1E2B8      UNWIND_INFO_HDR <1, 0, 0Fh, 6, 0, 0>
.rdata:000000000001E2B8                                         ; DATA XREF: .pdata:000000000002018C↓o
.rdata:000000000001E2BC                 UNWIND_CODE <0Fh, 4, 6> ; UWOP_SAVE_NONVOL
.rdata:000000000001E2BE                 dw 10h
.rdata:000000000001E2C0                 UNWIND_CODE <0Fh, 4, 3> ; UWOP_SAVE_NONVOL
.rdata:000000000001E2C2                 dw 0Fh
.rdata:000000000001E2C4                 UNWIND_CODE <0Fh, 2, 11> ; UWOP_ALLOC_SMALL
.rdata:000000000001E2C6                 UNWIND_CODE <0Bh, 0, 7> ; UWOP_PUSH_NONVOL
.rdata:000000000001E2C8 stru_1E2C8      UNWIND_INFO_HDR <1, 0, 14h, 8, 0, 0>
.rdata:000000000001E2C8                                         ; DATA XREF: .pdata:0000000000020024↓o
.rdata:000000000001E2C8                                         ; .pdata:0000000000020168↓o
.rdata:000000000001E2CC                 UNWIND_CODE <14h, 4, 6> ; UWOP_SAVE_NONVOL
.rdata:000000000001E2CE                 dw 8
.rdata:000000000001E2D0                 UNWIND_CODE <14h, 4, 5> ; UWOP_SAVE_NONVOL
.rdata:000000000001E2D2                 dw 7
.rdata:000000000001E2D4                 UNWIND_CODE <14h, 4, 3> ; UWOP_SAVE_NONVOL
.rdata:000000000001E2D6                 dw 6
.rdata:000000000001E2D8                 UNWIND_CODE <14h, 2, 3> ; UWOP_ALLOC_SMALL
.rdata:000000000001E2DA                 UNWIND_CODE <10h, 0, 7> ; UWOP_PUSH_NONVOL
.rdata:000000000001E2DC stru_1E2DC      UNWIND_INFO_HDR <1, 0, 17h, 9, 0, 0>
.rdata:000000000001E2DC                                         ; DATA XREF: .pdata:0000000000020150↓o
.rdata:000000000001E2E0                 UNWIND_CODE <17h, 4, 6> ; UWOP_SAVE_NONVOL
.rdata:000000000001E2E2                 dw 20h
.rdata:000000000001E2E4                 UNWIND_CODE <17h, 4, 5> ; UWOP_SAVE_NONVOL
.rdata:000000000001E2E6                 dw 1Fh
.rdata:000000000001E2E8                 UNWIND_CODE <17h, 4, 3> ; UWOP_SAVE_NONVOL
.rdata:000000000001E2EA                 dw 1Eh
.rdata:000000000001E2EC                 UNWIND_CODE <17h, 1, 0> ; UWOP_ALLOC_LARGE
.rdata:000000000001E2EE                 dw 1Ch
.rdata:000000000001E2F0                 UNWIND_CODE <10h, 0, 7> ; UWOP_PUSH_NONVOL
.rdata:000000000001E2F2                 align 4
.rdata:000000000001E2F4 stru_1E2F4      UNWIND_INFO_HDR <1, 0, 6, 2, 0, 0>
.rdata:000000000001E2F4                                         ; DATA XREF: .pdata:0000000000020144↓o
.rdata:000000000001E2F8                 UNWIND_CODE <6, 2, 11>  ; UWOP_ALLOC_SMALL
.rdata:000000000001E2FA                 UNWIND_CODE <2, 0, 3>   ; UWOP_PUSH_NONVOL
.rdata:000000000001E2FC stru_1E2FC      UNWIND_INFO_HDR <1, 0, 0Fh, 5, 0, 0>
.rdata:000000000001E2FC                                         ; DATA XREF: .pdata:0000000000020114↓o
.rdata:000000000001E300                 UNWIND_CODE <0Fh, 4, 3> ; UWOP_SAVE_NONVOL
.rdata:000000000001E302                 dw 18h
.rdata:000000000001E304                 UNWIND_CODE <0Fh, 1, 0> ; UWOP_ALLOC_LARGE
.rdata:000000000001E306                 dw 14h
.rdata:000000000001E308                 UNWIND_CODE <8, 0, 7>   ; UWOP_PUSH_NONVOL
.rdata:000000000001E30A                 align 4
.rdata:000000000001E30C stru_1E30C      UNWIND_INFO_HDR <1, 1, 18h, 7, 0, 0>
.rdata:000000000001E30C                                         ; DATA XREF: .pdata:0000000000020108↓o
.rdata:000000000001E310                 UNWIND_CODE <18h, 2, 10> ; UWOP_ALLOC_SMALL
.rdata:000000000001E312                 UNWIND_CODE <14h, 0, 15> ; UWOP_PUSH_NONVOL
.rdata:000000000001E314                 UNWIND_CODE <12h, 0, 14> ; UWOP_PUSH_NONVOL
.rdata:000000000001E316                 UNWIND_CODE <10h, 0, 13> ; UWOP_PUSH_NONVOL
.rdata:000000000001E318                 UNWIND_CODE <0Eh, 0, 12> ; UWOP_PUSH_NONVOL
.rdata:000000000001E31A                 UNWIND_CODE <0Ch, 0, 7> ; UWOP_PUSH_NONVOL
.rdata:000000000001E31C                 UNWIND_CODE <0Bh, 0, 6> ; UWOP_PUSH_NONVOL
.rdata:000000000001E31E                 align 4
.rdata:000000000001E320                 dd rva __C_specific_handler
.rdata:000000000001E324                 dd 2
.rdata:000000000001E328                 C_SCOPE_TABLE <rva loc_155A0, rva loc_155CE, 1, rva loc_155CE>
.rdata:000000000001E338                 C_SCOPE_TABLE <rva loc_1564F, rva loc_1567B, 1, rva loc_15686>
.rdata:000000000001E348 stru_1E348      UNWIND_INFO_HDR <1, 0, 0Fh, 6, 0, 0>
.rdata:000000000001E348                                         ; DATA XREF: .pdata:00000000000200E4↓o
.rdata:000000000001E348                                         ; .pdata:00000000000200F0↓o ...
.rdata:000000000001E34C                 UNWIND_CODE <0Fh, 4, 6> ; UWOP_SAVE_NONVOL
.rdata:000000000001E34E                 dw 7
.rdata:000000000001E350                 UNWIND_CODE <0Fh, 4, 3> ; UWOP_SAVE_NONVOL
.rdata:000000000001E352                 dw 6
.rdata:000000000001E354                 UNWIND_CODE <0Fh, 2, 3> ; UWOP_ALLOC_SMALL
.rdata:000000000001E356                 UNWIND_CODE <0Bh, 0, 7> ; UWOP_PUSH_NONVOL
.rdata:000000000001E358 stru_1E358      UNWIND_INFO_HDR <1, 0, 0Fh, 6, 0, 0>
.rdata:000000000001E358                                         ; DATA XREF: .pdata:00000000000200C0↓o
.rdata:000000000001E358                                         ; .pdata:00000000000200CC↓o
.rdata:000000000001E35C                 UNWIND_CODE <0Fh, 4, 6> ; UWOP_SAVE_NONVOL
.rdata:000000000001E35E                 dw 0Bh
.rdata:000000000001E360                 UNWIND_CODE <0Fh, 4, 3> ; UWOP_SAVE_NONVOL
.rdata:000000000001E362                 dw 0Ah
.rdata:000000000001E364                 UNWIND_CODE <0Fh, 2, 7> ; UWOP_ALLOC_SMALL
.rdata:000000000001E366                 UNWIND_CODE <0Bh, 0, 7> ; UWOP_PUSH_NONVOL
.rdata:000000000001E368 stru_1E368      UNWIND_INFO_HDR <1, 0, 6, 2, 0, 0>
.rdata:000000000001E368                                         ; DATA XREF: .pdata:000000000002009C↓o
.rdata:000000000001E36C                 UNWIND_CODE <6, 2, 5>   ; UWOP_ALLOC_SMALL
.rdata:000000000001E36E                 UNWIND_CODE <2, 0, 3>   ; UWOP_PUSH_NONVOL
.rdata:000000000001E370 stru_1E370      UNWIND_INFO_HDR <1, 0, 6, 2, 0, 0>
.rdata:000000000001E370                                         ; DATA XREF: .pdata:0000000000020084↓o
.rdata:000000000001E370                                         ; .pdata:0000000000020090↓o ...
.rdata:000000000001E374                 UNWIND_CODE <6, 2, 3>   ; UWOP_ALLOC_SMALL
.rdata:000000000001E376                 UNWIND_CODE <2, 0, 3>   ; UWOP_PUSH_NONVOL
.rdata:000000000001E378 stru_1E378      UNWIND_INFO_HDR <1, 3, 27h, 9, 0, 0>
.rdata:000000000001E378                                         ; DATA XREF: .pdata:000000000002006C↓o
.rdata:000000000001E37C                 UNWIND_CODE <15h, 4, 5> ; UWOP_SAVE_NONVOL
.rdata:000000000001E37E                 dw 5Eh
.rdata:000000000001E380                 UNWIND_CODE <15h, 4, 3> ; UWOP_SAVE_NONVOL
.rdata:000000000001E382                 dw 5Dh
.rdata:000000000001E384                 UNWIND_CODE <15h, 1, 0> ; UWOP_ALLOC_LARGE
.rdata:000000000001E386                 dw 58h
.rdata:000000000001E388                 UNWIND_CODE <0Eh, 0, 13> ; UWOP_PUSH_NONVOL
.rdata:000000000001E38A                 UNWIND_CODE <0Ch, 0, 7> ; UWOP_PUSH_NONVOL
.rdata:000000000001E38C                 UNWIND_CODE <0Bh, 0, 6> ; UWOP_PUSH_NONVOL
.rdata:000000000001E38E                 align 4
.rdata:000000000001E390                 dd rva __GSHandlerCheck
.rdata:000000000001E394                 dd 2B0h
.rdata:000000000001E398 stru_1E398      UNWIND_INFO_HDR <1, 1, 0Eh, 5, 0, 0>
.rdata:000000000001E398                                         ; DATA XREF: .pdata:0000000000020054↓o
.rdata:000000000001E39C                 UNWIND_CODE <0Eh, 2, 6> ; UWOP_ALLOC_SMALL
.rdata:000000000001E39E                 UNWIND_CODE <0Ah, 0, 12> ; UWOP_PUSH_NONVOL
.rdata:000000000001E3A0                 UNWIND_CODE <8, 0, 7>   ; UWOP_PUSH_NONVOL
.rdata:000000000001E3A2                 UNWIND_CODE <7, 0, 6>   ; UWOP_PUSH_NONVOL
.rdata:000000000001E3A4                 UNWIND_CODE <6, 0, 3>   ; UWOP_PUSH_NONVOL
.rdata:000000000001E3A6                 align 4
.rdata:000000000001E3A8                 dd rva __C_specific_handler
.rdata:000000000001E3AC                 dd 1
.rdata:000000000001E3B0                 C_SCOPE_TABLE <rva loc_1335A, rva loc_133B0, 1, rva loc_133B0>
.rdata:000000000001E3C0 stru_1E3C0      UNWIND_INFO_HDR <1, 0, 16h, 8, 0, 0>
.rdata:000000000001E3C0                                         ; DATA XREF: .pdata:0000000000020048↓o
.rdata:000000000001E3C4                 UNWIND_CODE <16h, 4, 5> ; UWOP_SAVE_NONVOL
.rdata:000000000001E3C6                 dw 16h
.rdata:000000000001E3C8                 UNWIND_CODE <16h, 4, 3> ; UWOP_SAVE_NONVOL
.rdata:000000000001E3CA                 dw 14h
.rdata:000000000001E3CC                 UNWIND_CODE <16h, 2, 15> ; UWOP_ALLOC_SMALL
.rdata:000000000001E3CE                 UNWIND_CODE <0Fh, 0, 12> ; UWOP_PUSH_NONVOL
.rdata:000000000001E3D0                 UNWIND_CODE <0Dh, 0, 7> ; UWOP_PUSH_NONVOL
.rdata:000000000001E3D2                 UNWIND_CODE <0Ch, 0, 6> ; UWOP_PUSH_NONVOL
.rdata:000000000001E3D4 stru_1E3D4      UNWIND_INFO_HDR <1, 1, 17h, 9, 0, 0>
.rdata:000000000001E3D4                                         ; DATA XREF: .pdata:000000000002000C↓o
.rdata:000000000001E3D8                 UNWIND_CODE <17h, 1, 0> ; UWOP_ALLOC_LARGE
.rdata:000000000001E3DA                 dw 1Ah
.rdata:000000000001E3DC                 UNWIND_CODE <10h, 0, 15> ; UWOP_PUSH_NONVOL
.rdata:000000000001E3DE                 UNWIND_CODE <0Eh, 0, 14> ; UWOP_PUSH_NONVOL
.rdata:000000000001E3E0                 UNWIND_CODE <0Ch, 0, 13> ; UWOP_PUSH_NONVOL
.rdata:000000000001E3E2                 UNWIND_CODE <0Ah, 0, 12> ; UWOP_PUSH_NONVOL
.rdata:000000000001E3E4                 UNWIND_CODE <8, 0, 7>   ; UWOP_PUSH_NONVOL
.rdata:000000000001E3E6                 UNWIND_CODE <7, 0, 6>   ; UWOP_PUSH_NONVOL
.rdata:000000000001E3E8                 UNWIND_CODE <6, 0, 3>   ; UWOP_PUSH_NONVOL
.rdata:000000000001E3EA                 align 4
.rdata:000000000001E3EC                 dd rva __C_specific_handler
.rdata:000000000001E3F0                 dd 1
.rdata:000000000001E3F4                 C_SCOPE_TABLE <rva loc_11508, rva loc_11592, 1, rva loc_11592>
.rdata:000000000001E404 stru_1E404      UNWIND_INFO_HDR <1, 0, 13h, 7, 0, 0>
.rdata:000000000001E404                                         ; DATA XREF: .pdata:ExceptionDir↓o
.rdata:000000000001E408                 UNWIND_CODE <13h, 4, 6> ; UWOP_SAVE_NONVOL
.rdata:000000000001E40A                 dw 1Ah
.rdata:000000000001E40C                 UNWIND_CODE <13h, 4, 3> ; UWOP_SAVE_NONVOL
.rdata:000000000001E40E                 dw 19h
.rdata:000000000001E410                 UNWIND_CODE <13h, 1, 0> ; UWOP_ALLOC_LARGE
.rdata:000000000001E412                 dw 16h
.rdata:000000000001E414                 UNWIND_CODE <0Ch, 0, 7> ; UWOP_PUSH_NONVOL
.rdata:000000000001E416                 align 4
.rdata:000000000001E418 stru_1E418      UNWIND_INFO_HDR <1, 0, 12h, 6, 0, 0>
.rdata:000000000001E418                                         ; DATA XREF: .pdata:0000000000020234↓o
.rdata:000000000001E41C                 UNWIND_CODE <12h, 4, 6> ; UWOP_SAVE_NONVOL
.rdata:000000000001E41E                 dw 13h
.rdata:000000000001E420                 UNWIND_CODE <12h, 4, 3> ; UWOP_SAVE_NONVOL
.rdata:000000000001E422                 dw 12h
.rdata:000000000001E424                 UNWIND_CODE <12h, 2, 15> ; UWOP_ALLOC_SMALL
.rdata:000000000001E426                 UNWIND_CODE <0Bh, 0, 7> ; UWOP_PUSH_NONVOL
.rdata:000000000001E428 stru_1E428      UNWIND_INFO_HDR <1, 1, 0Eh, 6, 0, 0>
.rdata:000000000001E428                                         ; DATA XREF: .pdata:0000000000020210↓o
.rdata:000000000001E42C                 UNWIND_CODE <0Eh, 4, 6> ; UWOP_SAVE_NONVOL
.rdata:000000000001E42E                 dw 8
.rdata:000000000001E430                 UNWIND_CODE <0Eh, 2, 3> ; UWOP_ALLOC_SMALL
.rdata:000000000001E432                 UNWIND_CODE <0Ah, 0, 13> ; UWOP_PUSH_NONVOL
.rdata:000000000001E434                 UNWIND_CODE <8, 0, 12>  ; UWOP_PUSH_NONVOL
.rdata:000000000001E436                 UNWIND_CODE <6, 0, 7>   ; UWOP_PUSH_NONVOL
.rdata:000000000001E438                 dd rva __C_specific_handler
.rdata:000000000001E43C                 dd 1
.rdata:000000000001E440                 C_SCOPE_TABLE <rva loc_18A6C, rva loc_18A78, 1, rva loc_18B05>
.rdata:000000000001E450 stru_1E450      UNWIND_INFO_HDR <1, 0, 11h, 7, 0, 0>
.rdata:000000000001E450                                         ; DATA XREF: .pdata:0000000000020204↓o
.rdata:000000000001E454                 UNWIND_CODE <11h, 4, 3> ; UWOP_SAVE_NONVOL
.rdata:000000000001E456                 dw 22h
.rdata:000000000001E458                 UNWIND_CODE <11h, 1, 0> ; UWOP_ALLOC_LARGE
.rdata:000000000001E45A                 dw 1Ch
.rdata:000000000001E45C                 UNWIND_CODE <0Ah, 0, 7> ; UWOP_PUSH_NONVOL
.rdata:000000000001E45E                 UNWIND_CODE <9, 0, 6>   ; UWOP_PUSH_NONVOL
.rdata:000000000001E460                 UNWIND_CODE <8, 0, 5>   ; UWOP_PUSH_NONVOL
.rdata:000000000001E462                 align 4
.rdata:000000000001E464 stru_1E464      UNWIND_INFO_HDR <1, 3, 21h, 7, 0, 0>
.rdata:000000000001E464                                         ; DATA XREF: .pdata:00000000000201F8↓o
.rdata:000000000001E468                 UNWIND_CODE <0Fh, 4, 3> ; UWOP_SAVE_NONVOL
.rdata:000000000001E46A                 dw 24h
.rdata:000000000001E46C                 UNWIND_CODE <0Fh, 1, 0> ; UWOP_ALLOC_LARGE
.rdata:000000000001E46E                 dw 1Eh
.rdata:000000000001E470                 UNWIND_CODE <8, 0, 7>   ; UWOP_PUSH_NONVOL
.rdata:000000000001E472                 UNWIND_CODE <7, 0, 6>   ; UWOP_PUSH_NONVOL
.rdata:000000000001E474                 UNWIND_CODE <6, 0, 5>   ; UWOP_PUSH_NONVOL
.rdata:000000000001E476                 align 4
.rdata:000000000001E478                 dd rva __GSHandlerCheck
.rdata:000000000001E47C                 dd 0E0h
.rdata:000000000001E480 stru_1E480      UNWIND_INFO_HDR <1, 3, 29h, 0Bh, 0, 0>
.rdata:000000000001E480                                         ; DATA XREF: .pdata:00000000000201C8↓o
.rdata:000000000001E484                 UNWIND_CODE <17h, 4, 3> ; UWOP_SAVE_NONVOL
.rdata:000000000001E486                 dw 46h
.rdata:000000000001E488                 UNWIND_CODE <17h, 1, 0> ; UWOP_ALLOC_LARGE
.rdata:000000000001E48A                 dw 3Ch
.rdata:000000000001E48C                 UNWIND_CODE <10h, 0, 15> ; UWOP_PUSH_NONVOL
.rdata:000000000001E48E                 UNWIND_CODE <0Eh, 0, 14> ; UWOP_PUSH_NONVOL
.rdata:000000000001E490                 UNWIND_CODE <0Ch, 0, 13> ; UWOP_PUSH_NONVOL
.rdata:000000000001E492                 UNWIND_CODE <0Ah, 0, 12> ; UWOP_PUSH_NONVOL
.rdata:000000000001E494                 UNWIND_CODE <8, 0, 7>   ; UWOP_PUSH_NONVOL
.rdata:000000000001E496                 UNWIND_CODE <7, 0, 6>   ; UWOP_PUSH_NONVOL
.rdata:000000000001E498                 UNWIND_CODE <6, 0, 5>   ; UWOP_PUSH_NONVOL
.rdata:000000000001E49A                 align 4
.rdata:000000000001E49C                 dd rva __GSHandlerCheck
.rdata:000000000001E4A0                 dd 1D0h
.rdata:000000000001E4A4 stru_1E4A4      UNWIND_INFO_HDR <1, 3, 29h, 0Bh, 0, 0>
.rdata:000000000001E4A4                                         ; DATA XREF: .pdata:00000000000201BC↓o
.rdata:000000000001E4A8                 UNWIND_CODE <17h, 4, 3> ; UWOP_SAVE_NONVOL
.rdata:000000000001E4AA                 dw 5Ch
.rdata:000000000001E4AC                 UNWIND_CODE <17h, 1, 0> ; UWOP_ALLOC_LARGE
.rdata:000000000001E4AE                 dw 52h
.rdata:000000000001E4B0                 UNWIND_CODE <10h, 0, 15> ; UWOP_PUSH_NONVOL
.rdata:000000000001E4B2                 UNWIND_CODE <0Eh, 0, 14> ; UWOP_PUSH_NONVOL
.rdata:000000000001E4B4                 UNWIND_CODE <0Ch, 0, 13> ; UWOP_PUSH_NONVOL
.rdata:000000000001E4B6                 UNWIND_CODE <0Ah, 0, 12> ; UWOP_PUSH_NONVOL
.rdata:000000000001E4B8                 UNWIND_CODE <8, 0, 7>   ; UWOP_PUSH_NONVOL
.rdata:000000000001E4BA                 UNWIND_CODE <7, 0, 6>   ; UWOP_PUSH_NONVOL
.rdata:000000000001E4BC                 UNWIND_CODE <6, 0, 5>   ; UWOP_PUSH_NONVOL
.rdata:000000000001E4BE                 align 4
.rdata:000000000001E4C0                 dd rva __GSHandlerCheck
.rdata:000000000001E4C4                 dd 280h
.rdata:000000000001E4C8 stru_1E4C8      UNWIND_INFO_HDR <1, 0, 7, 3, 0, 0>
.rdata:000000000001E4C8                                         ; DATA XREF: .pdata:00000000000201A4↓o
.rdata:000000000001E4CC                 UNWIND_CODE <7, 2, 4>   ; UWOP_ALLOC_SMALL
.rdata:000000000001E4CE                 UNWIND_CODE <3, 0, 6>   ; UWOP_PUSH_NONVOL
.rdata:000000000001E4D0                 UNWIND_CODE <2, 0, 5>   ; UWOP_PUSH_NONVOL
.rdata:000000000001E4D2                 align 4
.rdata:000000000001E4D4 stru_1E4D4      UNWIND_INFO_HDR <1, 1, 1Ch, 8, 0, 0>
.rdata:000000000001E4D4                                         ; DATA XREF: .pdata:0000000000020198↓o
.rdata:000000000001E4D8                 UNWIND_CODE <1Ch, 4, 6> ; UWOP_SAVE_NONVOL
.rdata:000000000001E4DA                 dw 0Eh
.rdata:000000000001E4DC                 UNWIND_CODE <1Ch, 2, 7> ; UWOP_ALLOC_SMALL
.rdata:000000000001E4DE                 UNWIND_CODE <18h, 0, 15> ; UWOP_PUSH_NONVOL
.rdata:000000000001E4E0                 UNWIND_CODE <16h, 0, 14> ; UWOP_PUSH_NONVOL
.rdata:000000000001E4E2                 UNWIND_CODE <14h, 0, 13> ; UWOP_PUSH_NONVOL
.rdata:000000000001E4E4                 UNWIND_CODE <12h, 0, 12> ; UWOP_PUSH_NONVOL
.rdata:000000000001E4E6                 UNWIND_CODE <10h, 0, 7> ; UWOP_PUSH_NONVOL
.rdata:000000000001E4E8                 dd rva __C_specific_handler
.rdata:000000000001E4EC                 dd 1
.rdata:000000000001E4F0                 C_SCOPE_TABLE <rva loc_16E9A, rva loc_16EB9, rva loc_16F88, \
.rdata:000000000001E4F0                                rva loc_16EB9>
.rdata:000000000001E500 stru_1E500      UNWIND_INFO_HDR <1, 0, 0Ah, 4, 0, 0>
.rdata:000000000001E500                                         ; DATA XREF: .pdata:00000000000200D8↓o
.rdata:000000000001E500                                         ; .pdata:0000000000020180↓o
.rdata:000000000001E504                 UNWIND_CODE <0Ah, 4, 3> ; UWOP_SAVE_NONVOL
.rdata:000000000001E506                 dw 6
.rdata:000000000001E508                 UNWIND_CODE <0Ah, 2, 3> ; UWOP_ALLOC_SMALL
.rdata:000000000001E50A                 UNWIND_CODE <6, 0, 7>   ; UWOP_PUSH_NONVOL
.rdata:000000000001E50C stru_1E50C      UNWIND_INFO_HDR <1, 3, 2Ch, 0Bh, 0, 0>
.rdata:000000000001E50C                                         ; DATA XREF: .pdata:000000000002015C↓o
.rdata:000000000001E510                 UNWIND_CODE <1Ah, 4, 6> ; UWOP_SAVE_NONVOL
.rdata:000000000001E512                 dw 39h
.rdata:000000000001E514                 UNWIND_CODE <1Ah, 4, 3> ; UWOP_SAVE_NONVOL
.rdata:000000000001E516                 dw 38h
.rdata:000000000001E518                 UNWIND_CODE <1Ah, 1, 0> ; UWOP_ALLOC_LARGE
.rdata:000000000001E51A                 dw 30h
.rdata:000000000001E51C                 UNWIND_CODE <13h, 0, 15> ; UWOP_PUSH_NONVOL
.rdata:000000000001E51E                 UNWIND_CODE <11h, 0, 14> ; UWOP_PUSH_NONVOL
.rdata:000000000001E520                 UNWIND_CODE <0Fh, 0, 13> ; UWOP_PUSH_NONVOL
.rdata:000000000001E522                 UNWIND_CODE <0Dh, 0, 12> ; UWOP_PUSH_NONVOL
.rdata:000000000001E524                 UNWIND_CODE <0Bh, 0, 7> ; UWOP_PUSH_NONVOL
.rdata:000000000001E526                 align 4
.rdata:000000000001E528                 dd rva __GSHandlerCheck_SEH
.rdata:000000000001E52C                 dd 2
.rdata:000000000001E530                 C_SCOPE_TABLE <rva loc_16225, rva loc_162A0, 1, rva loc_162A0>
.rdata:000000000001E540                 C_SCOPE_TABLE <rva loc_162DC, rva loc_165BE, 1, rva loc_165BE>
.rdata:000000000001E550                 dd 171h
.rdata:000000000001E554 stru_1E554      UNWIND_INFO_HDR <1, 1, 18h, 6, 0, 0>
.rdata:000000000001E554                                         ; DATA XREF: .pdata:0000000000020138↓o
.rdata:000000000001E558                 UNWIND_CODE <18h, 4, 6> ; UWOP_SAVE_NONVOL
.rdata:000000000001E55A                 dw 0Ch
.rdata:000000000001E55C                 UNWIND_CODE <18h, 2, 7> ; UWOP_ALLOC_SMALL
.rdata:000000000001E55E                 UNWIND_CODE <14h, 0, 13> ; UWOP_PUSH_NONVOL
.rdata:000000000001E560                 UNWIND_CODE <12h, 0, 12> ; UWOP_PUSH_NONVOL
.rdata:000000000001E562                 UNWIND_CODE <10h, 0, 7> ; UWOP_PUSH_NONVOL
.rdata:000000000001E564                 dd rva __C_specific_handler
.rdata:000000000001E568                 dd 2
.rdata:000000000001E56C                 C_SCOPE_TABLE <rva loc_15BBC, rva loc_15BC9, 1, rva loc_15C84>
.rdata:000000000001E57C                 C_SCOPE_TABLE <rva loc_15BF3, rva loc_15C05, 1, rva loc_15C05>
.rdata:000000000001E58C stru_1E58C      UNWIND_INFO_HDR <1, 0, 13h, 8, 0, 0>
.rdata:000000000001E58C                                         ; DATA XREF: .pdata:0000000000020060↓o
.rdata:000000000001E590                 UNWIND_CODE <13h, 4, 5> ; UWOP_SAVE_NONVOL
.rdata:000000000001E592                 dw 0Bh
.rdata:000000000001E594                 UNWIND_CODE <13h, 4, 3> ; UWOP_SAVE_NONVOL
.rdata:000000000001E596                 dw 9
.rdata:000000000001E598                 UNWIND_CODE <13h, 2, 3> ; UWOP_ALLOC_SMALL
.rdata:000000000001E59A                 UNWIND_CODE <0Fh, 0, 12> ; UWOP_PUSH_NONVOL
.rdata:000000000001E59C                 UNWIND_CODE <0Dh, 0, 7> ; UWOP_PUSH_NONVOL
.rdata:000000000001E59E                 UNWIND_CODE <0Ch, 0, 6> ; UWOP_PUSH_NONVOL
.rdata:000000000001E5A0 stru_1E5A0      UNWIND_INFO_HDR <1, 1, 1Ch, 9, 0, 0>
.rdata:000000000001E5A0                                         ; DATA XREF: .pdata:000000000002003C↓o
.rdata:000000000001E5A4                 UNWIND_CODE <1Ch, 1, 0> ; UWOP_ALLOC_LARGE
.rdata:000000000001E5A6                 dw 24h
.rdata:000000000001E5A8                 UNWIND_CODE <15h, 0, 15> ; UWOP_PUSH_NONVOL
.rdata:000000000001E5AA                 UNWIND_CODE <13h, 0, 14> ; UWOP_PUSH_NONVOL
.rdata:000000000001E5AC                 UNWIND_CODE <11h, 0, 13> ; UWOP_PUSH_NONVOL
.rdata:000000000001E5AE                 UNWIND_CODE <0Fh, 0, 12> ; UWOP_PUSH_NONVOL
.rdata:000000000001E5B0                 UNWIND_CODE <0Dh, 0, 7> ; UWOP_PUSH_NONVOL
.rdata:000000000001E5B2                 UNWIND_CODE <0Ch, 0, 6> ; UWOP_PUSH_NONVOL
.rdata:000000000001E5B4                 UNWIND_CODE <0Bh, 0, 3> ; UWOP_PUSH_NONVOL
.rdata:000000000001E5B6                 align 4
.rdata:000000000001E5B8                 dd rva __C_specific_handler
.rdata:000000000001E5BC                 dd 1
.rdata:000000000001E5C0                 C_SCOPE_TABLE <rva loc_12CAB, rva loc_12F99, 1, rva loc_12F99>
.rdata:000000000001E5D0 stru_1E5D0      UNWIND_INFO_HDR <1, 3, 25h, 9, 0, 0>
.rdata:000000000001E5D0                                         ; DATA XREF: .pdata:0000000000020030↓o
.rdata:000000000001E5D4                 UNWIND_CODE <13h, 1, 0> ; UWOP_ALLOC_LARGE
.rdata:000000000001E5D6                 dw 3Ah
.rdata:000000000001E5D8                 UNWIND_CODE <0Ch, 0, 15> ; UWOP_PUSH_NONVOL
.rdata:000000000001E5DA                 UNWIND_CODE <0Ah, 0, 14> ; UWOP_PUSH_NONVOL
.rdata:000000000001E5DC                 UNWIND_CODE <8, 0, 13>  ; UWOP_PUSH_NONVOL
.rdata:000000000001E5DE                 UNWIND_CODE <6, 0, 12>  ; UWOP_PUSH_NONVOL
.rdata:000000000001E5E0                 UNWIND_CODE <4, 0, 7>   ; UWOP_PUSH_NONVOL
.rdata:000000000001E5E2                 UNWIND_CODE <3, 0, 6>   ; UWOP_PUSH_NONVOL
.rdata:000000000001E5E4                 UNWIND_CODE <2, 0, 3>   ; UWOP_PUSH_NONVOL
.rdata:000000000001E5E6                 align 4
.rdata:000000000001E5E8                 dd rva __GSHandlerCheck_SEH
.rdata:000000000001E5EC                 dd 1
.rdata:000000000001E5F0                 C_SCOPE_TABLE <rva loc_11C55, rva loc_12886, 1, rva loc_12886>
.rdata:000000000001E600                 dd 1C1h
.rdata:000000000001E604 stru_1E604      UNWIND_INFO_HDR <1, 3, 1Fh, 8, 0, 0>
.rdata:000000000001E604                                         ; DATA XREF: .pdata:0000000000020018↓o
.rdata:000000000001E608                 UNWIND_CODE <10h, 4, 3> ; UWOP_SAVE_NONVOL
.rdata:000000000001E60A                 dw 0Eh
.rdata:000000000001E60C                 UNWIND_CODE <10h, 2, 7> ; UWOP_ALLOC_SMALL
.rdata:000000000001E60E                 UNWIND_CODE <0Ch, 0, 14> ; UWOP_PUSH_NONVOL
.rdata:000000000001E610                 UNWIND_CODE <0Ah, 0, 12> ; UWOP_PUSH_NONVOL
.rdata:000000000001E612                 UNWIND_CODE <8, 0, 7>   ; UWOP_PUSH_NONVOL
.rdata:000000000001E614                 UNWIND_CODE <7, 0, 6>   ; UWOP_PUSH_NONVOL
.rdata:000000000001E616                 UNWIND_CODE <6, 0, 5>   ; UWOP_PUSH_NONVOL
.rdata:000000000001E618                 dd rva __GSHandlerCheck
.rdata:000000000001E61C                 dd 30h
.rdata:000000000001E620 stru_1E620      UNWIND_INFO_HDR <1, 0, 1Ch, 0Ah, 0, 0>
.rdata:000000000001E620                                         ; DATA XREF: .pdata:00000000000201EC↓o
.rdata:000000000001E624                 UNWIND_CODE <1Ch, 4, 6> ; UWOP_SAVE_NONVOL
.rdata:000000000001E626                 dw 0Eh
.rdata:000000000001E628                 UNWIND_CODE <1Ch, 4, 3> ; UWOP_SAVE_NONVOL
.rdata:000000000001E62A                 dw 0Dh
.rdata:000000000001E62C                 UNWIND_CODE <1Ch, 2, 5> ; UWOP_ALLOC_SMALL
.rdata:000000000001E62E                 UNWIND_CODE <18h, 0, 15> ; UWOP_PUSH_NONVOL
.rdata:000000000001E630                 UNWIND_CODE <16h, 0, 14> ; UWOP_PUSH_NONVOL
.rdata:000000000001E632                 UNWIND_CODE <14h, 0, 13> ; UWOP_PUSH_NONVOL
.rdata:000000000001E634                 UNWIND_CODE <12h, 0, 12> ; UWOP_PUSH_NONVOL
.rdata:000000000001E636                 UNWIND_CODE <10h, 0, 7> ; UWOP_PUSH_NONVOL
.rdata:000000000001E638 stru_1E638      UNWIND_INFO_HDR <1, 0, 12h, 8, 0, 0>
.rdata:000000000001E638                                         ; DATA XREF: .pdata:0000000000020174↓o
.rdata:000000000001E63C                 UNWIND_CODE <12h, 4, 5> ; UWOP_SAVE_NONVOL
.rdata:000000000001E63E                 dw 9
.rdata:000000000001E640                 UNWIND_CODE <12h, 4, 3> ; UWOP_SAVE_NONVOL
.rdata:000000000001E642                 dw 8
.rdata:000000000001E644                 UNWIND_CODE <12h, 2, 3> ; UWOP_ALLOC_SMALL
.rdata:000000000001E646                 UNWIND_CODE <0Eh, 0, 12> ; UWOP_PUSH_NONVOL
.rdata:000000000001E648                 UNWIND_CODE <0Ch, 0, 7> ; UWOP_PUSH_NONVOL
.rdata:000000000001E64A                 UNWIND_CODE <0Bh, 0, 6> ; UWOP_PUSH_NONVOL
.rdata:000000000001E64C stru_1E64C      UNWIND_INFO_HDR <1, 0, 19h, 0Ah, 0, 0>
.rdata:000000000001E64C                                         ; DATA XREF: .pdata:00000000000200FC↓o
.rdata:000000000001E64C                                         ; .pdata:0000000000020264↓o
.rdata:000000000001E650                 UNWIND_CODE <19h, 4, 7> ; UWOP_SAVE_NONVOL
.rdata:000000000001E652                 dw 9
.rdata:000000000001E654                 UNWIND_CODE <19h, 4, 6> ; UWOP_SAVE_NONVOL
.rdata:000000000001E656                 dw 8
.rdata:000000000001E658                 UNWIND_CODE <19h, 4, 5> ; UWOP_SAVE_NONVOL
.rdata:000000000001E65A                 dw 7
.rdata:000000000001E65C                 UNWIND_CODE <19h, 4, 3> ; UWOP_SAVE_NONVOL
.rdata:000000000001E65E                 dw 6
.rdata:000000000001E660                 UNWIND_CODE <19h, 2, 3> ; UWOP_ALLOC_SMALL
.rdata:000000000001E662                 UNWIND_CODE <15h, 0, 12> ; UWOP_PUSH_NONVOL
.rdata:000000000001E664 stru_1E664      UNWIND_INFO_HDR <1, 0, 13h, 8, 0, 0>
.rdata:000000000001E664                                         ; DATA XREF: .pdata:0000000000020120↓o
.rdata:000000000001E668                 UNWIND_CODE <13h, 4, 5> ; UWOP_SAVE_NONVOL
.rdata:000000000001E66A                 dw 9
.rdata:000000000001E66C                 UNWIND_CODE <13h, 4, 3> ; UWOP_SAVE_NONVOL
.rdata:000000000001E66E                 dw 8
.rdata:000000000001E670                 UNWIND_CODE <13h, 2, 3> ; UWOP_ALLOC_SMALL
.rdata:000000000001E672                 UNWIND_CODE <0Fh, 0, 12> ; UWOP_PUSH_NONVOL
.rdata:000000000001E674                 UNWIND_CODE <0Dh, 0, 7> ; UWOP_PUSH_NONVOL
.rdata:000000000001E676                 UNWIND_CODE <0Ch, 0, 6> ; UWOP_PUSH_NONVOL
.rdata:000000000001E678 stru_1E678      UNWIND_INFO_HDR <1, 0, 14h, 0Ah, 0, 0>
.rdata:000000000001E678                                         ; DATA XREF: .pdata:00000000000200A8↓o
.rdata:000000000001E67C                 UNWIND_CODE <14h, 4, 3> ; UWOP_SAVE_NONVOL
.rdata:000000000001E67E                 dw 17h
.rdata:000000000001E680                 UNWIND_CODE <14h, 2, 11> ; UWOP_ALLOC_SMALL
.rdata:000000000001E682                 UNWIND_CODE <10h, 0, 15> ; UWOP_PUSH_NONVOL
.rdata:000000000001E684                 UNWIND_CODE <0Eh, 0, 14> ; UWOP_PUSH_NONVOL
.rdata:000000000001E686                 UNWIND_CODE <0Ch, 0, 13> ; UWOP_PUSH_NONVOL
.rdata:000000000001E688                 UNWIND_CODE <0Ah, 0, 12> ; UWOP_PUSH_NONVOL
.rdata:000000000001E68A                 UNWIND_CODE <8, 0, 7>   ; UWOP_PUSH_NONVOL
.rdata:000000000001E68C                 UNWIND_CODE <7, 0, 6>   ; UWOP_PUSH_NONVOL
.rdata:000000000001E68E                 UNWIND_CODE <6, 0, 5>   ; UWOP_PUSH_NONVOL
.rdata:000000000001E690 stru_1E690      UNWIND_INFO_HDR <1, 0, 14h, 8, 0, 0>
.rdata:000000000001E690                                         ; DATA XREF: .pdata:00000000000200B4↓o
.rdata:000000000001E694                 UNWIND_CODE <14h, 4, 6> ; UWOP_SAVE_NONVOL
.rdata:000000000001E696                 dw 0Ah
.rdata:000000000001E698                 UNWIND_CODE <14h, 4, 5> ; UWOP_SAVE_NONVOL
.rdata:000000000001E69A                 dw 9
.rdata:000000000001E69C                 UNWIND_CODE <14h, 4, 3> ; UWOP_SAVE_NONVOL
.rdata:000000000001E69E                 dw 8
.rdata:000000000001E6A0                 UNWIND_CODE <14h, 2, 5> ; UWOP_ALLOC_SMALL
.rdata:000000000001E6A2                 UNWIND_CODE <10h, 0, 7> ; UWOP_PUSH_NONVOL
.rdata:000000000001E6A4 stru_1E6A4      UNWIND_INFO_HDR <1, 0, 0Eh, 6, 0, 0>
.rdata:000000000001E6A4                                         ; DATA XREF: .pdata:0000000000020078↓o
.rdata:000000000001E6A8                 UNWIND_CODE <0Eh, 4, 3> ; UWOP_SAVE_NONVOL
.rdata:000000000001E6AA                 dw 12h
.rdata:000000000001E6AC                 UNWIND_CODE <0Eh, 2, 13> ; UWOP_ALLOC_SMALL
.rdata:000000000001E6AE                 UNWIND_CODE <0Ah, 0, 7> ; UWOP_PUSH_NONVOL
.rdata:000000000001E6B0                 UNWIND_CODE <9, 0, 6>   ; UWOP_PUSH_NONVOL
.rdata:000000000001E6B2                 UNWIND_CODE <8, 0, 5>   ; UWOP_PUSH_NONVOL
.rdata:000000000001E6B4 stru_1E6B4      UNWIND_INFO_HDR <1, 0, 4, 1, 0, 0>
.rdata:000000000001E6B4                                         ; DATA XREF: .pdata:0000000000020258↓o
.rdata:000000000001E6B8                 UNWIND_CODE <4, 2, 4>   ; UWOP_ALLOC_SMALL
.rdata:000000000001E6BA                 align 4
.rdata:000000000001E6BC                 align 1000h
.rdata:000000000001E6BC _rdata          ends
.rdata:000000000001E6BC
.data:000000000001F000 ; Section 3. (virtual address 0000F000)
.data:000000000001F000 ; Virtual size                  : 000005C0 (   1472.)
.data:000000000001F000 ; Section size in file          : 00000200 (    512.)
.data:000000000001F000 ; Offset to raw data for section: 0000D600
.data:000000000001F000 ; Flags C8000040: Data Not pageable Readable Writable
.data:000000000001F000 ; Alignment     : default
.data:000000000001F000 ; ===========================================================================
.data:000000000001F000
.data:000000000001F000 ; Segment type: Pure data
.data:000000000001F000 ; Segment permissions: Read/Write
.data:000000000001F000 _data           segment para public 'DATA' use64
.data:000000000001F000                 assume cs:_data
.data:000000000001F000                 ;org 1F000h
.data:000000000001F000                 db    0
.data:000000000001F001                 db    0
.data:000000000001F002                 db    0
.data:000000000001F003                 db    0
.data:000000000001F004                 db    0
.data:000000000001F005                 db    1
.data:000000000001F006                 db    0
.data:000000000001F007                 db    0
.data:000000000001F008                 db    0
.data:000000000001F009                 db    0
.data:000000000001F00A                 db    0
.data:000000000001F00B                 db    0
.data:000000000001F00C                 db    0
.data:000000000001F00D                 db    0
.data:000000000001F00E                 db    0
.data:000000000001F00F                 db    0
.data:000000000001F010                 db    0
.data:000000000001F011                 db    0
.data:000000000001F012                 db    0
.data:000000000001F013                 db    0
.data:000000000001F014                 db    0
.data:000000000001F015                 db    0
.data:000000000001F016                 db    0
.data:000000000001F017                 db    0
.data:000000000001F018                 db    0
.data:000000000001F019                 db    0
.data:000000000001F01A                 db    0
.data:000000000001F01B                 db    0
.data:000000000001F01C                 db    0
.data:000000000001F01D                 db    0
.data:000000000001F01E                 db    0
.data:000000000001F01F                 db    0
.data:000000000001F020                 db    0
.data:000000000001F021                 db    0
.data:000000000001F022                 db    0
.data:000000000001F023                 db    0
.data:000000000001F024                 db    0
.data:000000000001F025                 db    0
.data:000000000001F026                 db    0
.data:000000000001F027                 db    0
.data:000000000001F028                 db    0
.data:000000000001F029                 db    0
.data:000000000001F02A                 db    0
.data:000000000001F02B                 db    0
.data:000000000001F02C                 db    0
.data:000000000001F02D                 db    0
.data:000000000001F02E                 db    0
.data:000000000001F02F                 db    0
.data:000000000001F030                 db    0
.data:000000000001F031                 db    0
.data:000000000001F032                 db    0
.data:000000000001F033                 db    0
.data:000000000001F034                 db    0
.data:000000000001F035                 db    0
.data:000000000001F036                 db    0
.data:000000000001F037                 db    0
.data:000000000001F038                 db    0
.data:000000000001F039                 db    0
.data:000000000001F03A                 db    0
.data:000000000001F03B                 db    0
.data:000000000001F03C                 db    0
.data:000000000001F03D                 db    0
.data:000000000001F03E                 db    0
.data:000000000001F03F                 db    0
.data:000000000001F040                 db    0
.data:000000000001F041                 db    0
.data:000000000001F042                 db    0
.data:000000000001F043                 db    0
.data:000000000001F044                 db    0
.data:000000000001F045                 db    0
.data:000000000001F046                 db    0
.data:000000000001F047                 db    0
.data:000000000001F048                 db    0
.data:000000000001F049                 db    0
.data:000000000001F04A                 db    0
.data:000000000001F04B                 db    0
.data:000000000001F04C                 db    0
.data:000000000001F04D                 db    0
.data:000000000001F04E                 db    0
.data:000000000001F04F                 db    0
.data:000000000001F050                 db    0
.data:000000000001F051                 db    0
.data:000000000001F052                 db    0
.data:000000000001F053                 db    0
.data:000000000001F054                 db    0
.data:000000000001F055                 db    0
.data:000000000001F056                 db    0
.data:000000000001F057                 db    0
.data:000000000001F058                 db    0
.data:000000000001F059                 db    0
.data:000000000001F05A                 db    0
.data:000000000001F05B                 db    0
.data:000000000001F05C                 db    0
.data:000000000001F05D                 db    0
.data:000000000001F05E                 db    0
.data:000000000001F05F                 db    0
.data:000000000001F060                 db    0
.data:000000000001F061                 db    0
.data:000000000001F062                 db    0
.data:000000000001F063                 db    0
.data:000000000001F064                 db    0
.data:000000000001F065                 db    0
.data:000000000001F066                 db    0
.data:000000000001F067                 db    0
.data:000000000001F068                 db    0
.data:000000000001F069                 db    0
.data:000000000001F06A                 db    0
.data:000000000001F06B                 db    0
.data:000000000001F06C                 db    0
.data:000000000001F06D                 db    0
.data:000000000001F06E                 db    0
.data:000000000001F06F                 db    0
.data:000000000001F070                 db    0
.data:000000000001F071                 db    0
.data:000000000001F072                 db    0
.data:000000000001F073                 db    0
.data:000000000001F074                 db    0
.data:000000000001F075                 db    0
.data:000000000001F076                 db    0
.data:000000000001F077                 db    0
.data:000000000001F078                 db    0
.data:000000000001F079                 db    0
.data:000000000001F07A                 db    0
.data:000000000001F07B                 db    0
.data:000000000001F07C                 db    0
.data:000000000001F07D                 db    0
.data:000000000001F07E                 db    0
.data:000000000001F07F                 db    0
.data:000000000001F080                 db    0
.data:000000000001F081                 db    0
.data:000000000001F082                 db    0
.data:000000000001F083                 db    0
.data:000000000001F084                 db    0
.data:000000000001F085                 db    0
.data:000000000001F086                 db    0
.data:000000000001F087                 db    0
.data:000000000001F088                 db    0
.data:000000000001F089                 db    0
.data:000000000001F08A                 db    0
.data:000000000001F08B                 db    0
.data:000000000001F08C                 db    0
.data:000000000001F08D                 db    0
.data:000000000001F08E                 db    0
.data:000000000001F08F                 db    0
.data:000000000001F090                 db    0
.data:000000000001F091                 db    0
.data:000000000001F092                 db    0
.data:000000000001F093                 db    0
.data:000000000001F094                 db    0
.data:000000000001F095                 db    0
.data:000000000001F096                 db    0
.data:000000000001F097                 db    0
.data:000000000001F098                 db    0
.data:000000000001F099                 db    0
.data:000000000001F09A                 db    0
.data:000000000001F09B                 db    0
.data:000000000001F09C                 db    0
.data:000000000001F09D                 db    0
.data:000000000001F09E                 db    0
.data:000000000001F09F                 db    0
.data:000000000001F0A0                 db    0
.data:000000000001F0A1                 db    0
.data:000000000001F0A2                 db    0
.data:000000000001F0A3                 db    0
.data:000000000001F0A4                 db    0
.data:000000000001F0A5                 db    0
.data:000000000001F0A6                 db    0
.data:000000000001F0A7                 db    0
.data:000000000001F0A8                 db    0
.data:000000000001F0A9                 db    0
.data:000000000001F0AA                 db    0
.data:000000000001F0AB                 db    0
.data:000000000001F0AC                 db    0
.data:000000000001F0AD                 db    0
.data:000000000001F0AE                 db    0
.data:000000000001F0AF                 db    0
.data:000000000001F0B0                 db    0
.data:000000000001F0B1                 db    0
.data:000000000001F0B2                 db    0
.data:000000000001F0B3                 db    0
.data:000000000001F0B4                 db    0
.data:000000000001F0B5                 db    0
.data:000000000001F0B6                 db    0
.data:000000000001F0B7                 db    0
.data:000000000001F0B8                 db    0
.data:000000000001F0B9                 db    0
.data:000000000001F0BA                 db    0
.data:000000000001F0BB                 db    0
.data:000000000001F0BC                 db    0
.data:000000000001F0BD                 db    0
.data:000000000001F0BE                 db    0
.data:000000000001F0BF                 db    0
.data:000000000001F0C0                 db    0
.data:000000000001F0C1                 db    0
.data:000000000001F0C2                 db    0
.data:000000000001F0C3                 db    0
.data:000000000001F0C4                 db    0
.data:000000000001F0C5                 db    0
.data:000000000001F0C6                 db    0
.data:000000000001F0C7                 db    0
.data:000000000001F0C8                 db    0
.data:000000000001F0C9                 db    0
.data:000000000001F0CA                 db    0
.data:000000000001F0CB                 db    0
.data:000000000001F0CC                 db    0
.data:000000000001F0CD                 db    0
.data:000000000001F0CE                 db    0
.data:000000000001F0CF                 db    0
.data:000000000001F0D0                 db    0
.data:000000000001F0D1                 db    0
.data:000000000001F0D2                 db    0
.data:000000000001F0D3                 db    0
.data:000000000001F0D4                 db    0
.data:000000000001F0D5                 db    0
.data:000000000001F0D6                 db    0
.data:000000000001F0D7                 db    0
.data:000000000001F0D8                 db    0
.data:000000000001F0D9                 db    0
.data:000000000001F0DA                 db    0
.data:000000000001F0DB                 db    0
.data:000000000001F0DC                 db    0
.data:000000000001F0DD                 db    0
.data:000000000001F0DE                 db    0
.data:000000000001F0DF                 db    0
.data:000000000001F0E0                 db    0
.data:000000000001F0E1                 db    0
.data:000000000001F0E2                 db    0
.data:000000000001F0E3                 db    0
.data:000000000001F0E4                 db    0
.data:000000000001F0E5                 db    0
.data:000000000001F0E6                 db    0
.data:000000000001F0E7                 db    0
.data:000000000001F0E8                 db    0
.data:000000000001F0E9                 db    0
.data:000000000001F0EA                 db    0
.data:000000000001F0EB                 db    0
.data:000000000001F0EC                 db    0
.data:000000000001F0ED                 db    0
.data:000000000001F0EE                 db    0
.data:000000000001F0EF                 db    0
.data:000000000001F0F0                 db    0
.data:000000000001F0F1                 db    0
.data:000000000001F0F2                 db    0
.data:000000000001F0F3                 db    0
.data:000000000001F0F4                 db    0
.data:000000000001F0F5                 db    0
.data:000000000001F0F6                 db    0
.data:000000000001F0F7                 db    0
.data:000000000001F0F8                 db    0
.data:000000000001F0F9                 db    0
.data:000000000001F0FA                 db    0
.data:000000000001F0FB                 db    0
.data:000000000001F0FC                 db    0
.data:000000000001F0FD                 db    0
.data:000000000001F0FE                 db    0
.data:000000000001F0FF                 db    0
.data:000000000001F100 ; ULONG_PTR BugCheckParameter2
.data:000000000001F100 BugCheckParameter2 dq 2B992DDFA232h     ; DATA XREF: sub_11794+10↑r
.data:000000000001F100                                         ; sub_1191C+13↑r ...
.data:000000000001F108 ; ULONG_PTR BugCheckParameter3
.data:000000000001F108 BugCheckParameter3 dq 0FFFFD466D2205DCDh
.data:000000000001F108                                         ; DATA XREF: __report_gsfailure+4↑r
.data:000000000001F108                                         ; DriverEntry+4D↓w
.data:000000000001F110 qword_1F110     dq 0                    ; DATA XREF: sub_139E4+2EA↑w
.data:000000000001F110                                         ; sub_13E80+79E↑w ...
.data:000000000001F118 dword_1F118     dd 0                    ; DATA XREF: sub_133F0:loc_134CC↑r
.data:000000000001F118                                         ; sub_133F0+F4↑r ...
.data:000000000001F11C dword_1F11C     dd 0                    ; DATA XREF: sub_133F0+6D↑r
.data:000000000001F11C                                         ; sub_133F0:loc_13559↑r ...
.data:000000000001F120 qword_1F120     dq 0                    ; DATA XREF: sub_139E4+2DC↑w
.data:000000000001F120                                         ; sub_13E80+7B0↑w ...
.data:000000000001F128 dword_1F128     dd 0                    ; DATA XREF: sub_11008+41↑r
.data:000000000001F128                                         ; sub_11008+6A↑r ...
.data:000000000001F12C                 align 10h
.data:000000000001F130 qword_1F130     dq 0                    ; DATA XREF: sub_1191C+A8↑r
.data:000000000001F130                                         ; sub_129B0+89↑r ...
.data:000000000001F138 qword_1F138     dq 0                    ; DATA XREF: sub_139E4+2E3↑w
.data:000000000001F138                                         ; sub_13E80+7BB↑w ...
.data:000000000001F140 ; WCHAR qword_1F140
.data:000000000001F140 qword_1F140     dq 0                    ; DATA XREF: sub_13590+227↑o
.data:000000000001F140                                         ; sub_13590+365↑w ...
.data:000000000001F148 qword_1F148     dq 0                    ; DATA XREF: sub_13590+376↑w
.data:000000000001F150 dword_1F150     dd 0                    ; DATA XREF: sub_13590+387↑w
.data:000000000001F154 word_1F154      dw 0                    ; DATA XREF: sub_13590+395↑w
.data:000000000001F156 unk_1F156       db    0                 ; DATA XREF: sub_13590+35E↑o
.data:000000000001F157                 db    0
.data:000000000001F158                 db    0
.data:000000000001F159                 db    0
.data:000000000001F15A                 db    0
.data:000000000001F15B                 db    0
.data:000000000001F15C                 db    0
.data:000000000001F15D                 db    0
.data:000000000001F15E                 db    0
.data:000000000001F15F                 db    0
.data:000000000001F160                 db    0
.data:000000000001F161                 db    0
.data:000000000001F162                 db    0
.data:000000000001F163                 db    0
.data:000000000001F164                 db    0
.data:000000000001F165                 db    0
.data:000000000001F166                 db    0
.data:000000000001F167                 db    0
.data:000000000001F168                 db    0
.data:000000000001F169                 db    0
.data:000000000001F16A                 db    0
.data:000000000001F16B                 db    0
.data:000000000001F16C                 db    0
.data:000000000001F16D                 db    0
.data:000000000001F16E                 db    0
.data:000000000001F16F                 db    0
.data:000000000001F170                 db    0
.data:000000000001F171                 db    0
.data:000000000001F172                 db    0
.data:000000000001F173                 db    0
.data:000000000001F174                 db    0
.data:000000000001F175                 db    0
.data:000000000001F176                 db    0
.data:000000000001F177                 db    0
.data:000000000001F178                 db    0
.data:000000000001F179                 db    0
.data:000000000001F17A                 db    0
.data:000000000001F17B                 db    0
.data:000000000001F17C                 db    0
.data:000000000001F17D                 db    0
.data:000000000001F17E                 db    0
.data:000000000001F17F                 db    0
.data:000000000001F180                 db    0
.data:000000000001F181                 db    0
.data:000000000001F182                 db    0
.data:000000000001F183                 db    0
.data:000000000001F184                 db    0
.data:000000000001F185                 db    0
.data:000000000001F186                 db    0
.data:000000000001F187                 db    0
.data:000000000001F188                 db    0
.data:000000000001F189                 db    0
.data:000000000001F18A                 db    0
.data:000000000001F18B                 db    0
.data:000000000001F18C                 db    0
.data:000000000001F18D                 db    0
.data:000000000001F18E                 db    0
.data:000000000001F18F                 db    0
.data:000000000001F190                 db    0
.data:000000000001F191                 db    0
.data:000000000001F192                 db    0
.data:000000000001F193                 db    0
.data:000000000001F194                 db    0
.data:000000000001F195                 db    0
.data:000000000001F196                 db    0
.data:000000000001F197                 db    0
.data:000000000001F198                 db    0
.data:000000000001F199                 db    0
.data:000000000001F19A                 db    0
.data:000000000001F19B                 db    0
.data:000000000001F19C                 db    0
.data:000000000001F19D                 db    0
.data:000000000001F19E                 db    0
.data:000000000001F19F                 db    0
.data:000000000001F1A0                 db    0
.data:000000000001F1A1                 db    0
.data:000000000001F1A2                 db    0
.data:000000000001F1A3                 db    0
.data:000000000001F1A4                 db    0
.data:000000000001F1A5                 db    0
.data:000000000001F1A6                 db    0
.data:000000000001F1A7                 db    0
.data:000000000001F1A8                 db    0
.data:000000000001F1A9                 db    0
.data:000000000001F1AA                 db    0
.data:000000000001F1AB                 db    0
.data:000000000001F1AC                 db    0
.data:000000000001F1AD                 db    0
.data:000000000001F1AE                 db    0
.data:000000000001F1AF                 db    0
.data:000000000001F1B0                 db    0
.data:000000000001F1B1                 db    0
.data:000000000001F1B2                 db    0
.data:000000000001F1B3                 db    0
.data:000000000001F1B4                 db    0
.data:000000000001F1B5                 db    0
.data:000000000001F1B6                 db    0
.data:000000000001F1B7                 db    0
.data:000000000001F1B8                 db    0
.data:000000000001F1B9                 db    0
.data:000000000001F1BA                 db    0
.data:000000000001F1BB                 db    0
.data:000000000001F1BC                 db    0
.data:000000000001F1BD                 db    0
.data:000000000001F1BE                 db    0
.data:000000000001F1BF                 db    0
.data:000000000001F1C0                 db    0
.data:000000000001F1C1                 db    0
.data:000000000001F1C2                 db    0
.data:000000000001F1C3                 db    0
.data:000000000001F1C4                 db    0
.data:000000000001F1C5                 db    0
.data:000000000001F1C6                 db    0
.data:000000000001F1C7                 db    0
.data:000000000001F1C8                 db    0
.data:000000000001F1C9                 db    0
.data:000000000001F1CA                 db    0
.data:000000000001F1CB                 db    0
.data:000000000001F1CC                 db    0
.data:000000000001F1CD                 db    0
.data:000000000001F1CE                 db    0
.data:000000000001F1CF                 db    0
.data:000000000001F1D0                 db    0
.data:000000000001F1D1                 db    0
.data:000000000001F1D2                 db    0
.data:000000000001F1D3                 db    0
.data:000000000001F1D4                 db    0
.data:000000000001F1D5                 db    0
.data:000000000001F1D6                 db    0
.data:000000000001F1D7                 db    0
.data:000000000001F1D8                 db    0
.data:000000000001F1D9                 db    0
.data:000000000001F1DA                 db    0
.data:000000000001F1DB                 db    0
.data:000000000001F1DC                 db    0
.data:000000000001F1DD                 db    0
.data:000000000001F1DE                 db    0
.data:000000000001F1DF                 db    0
.data:000000000001F1E0                 db    0
.data:000000000001F1E1                 db    0
.data:000000000001F1E2                 db    0
.data:000000000001F1E3                 db    0
.data:000000000001F1E4                 db    0
.data:000000000001F1E5                 db    0
.data:000000000001F1E6                 db    0
.data:000000000001F1E7                 db    0
.data:000000000001F1E8                 db    0
.data:000000000001F1E9                 db    0
.data:000000000001F1EA                 db    0
.data:000000000001F1EB                 db    0
.data:000000000001F1EC                 db    0
.data:000000000001F1ED                 db    0
.data:000000000001F1EE                 db    0
.data:000000000001F1EF                 db    0
.data:000000000001F1F0                 db    0
.data:000000000001F1F1                 db    0
.data:000000000001F1F2                 db    0
.data:000000000001F1F3                 db    0
.data:000000000001F1F4                 db    0
.data:000000000001F1F5                 db    0
.data:000000000001F1F6                 db    0
.data:000000000001F1F7                 db    0
.data:000000000001F1F8                 db    0
.data:000000000001F1F9                 db    0
.data:000000000001F1FA                 db    0
.data:000000000001F1FB                 db    0
.data:000000000001F1FC                 db    0
.data:000000000001F1FD                 db    0
.data:000000000001F1FE                 db    0
.data:000000000001F1FF                 db    0
.data:000000000001F200                 db    ? ;
.data:000000000001F201                 db    ? ;
.data:000000000001F202                 db    ? ;
.data:000000000001F203                 db    ? ;
.data:000000000001F204                 db    ? ;
.data:000000000001F205                 db    ? ;
.data:000000000001F206                 db    ? ;
.data:000000000001F207                 db    ? ;
.data:000000000001F208                 db    ? ;
.data:000000000001F209                 db    ? ;
.data:000000000001F20A                 db    ? ;
.data:000000000001F20B                 db    ? ;
.data:000000000001F20C                 db    ? ;
.data:000000000001F20D                 db    ? ;
.data:000000000001F20E                 db    ? ;
.data:000000000001F20F                 db    ? ;
.data:000000000001F210                 db    ? ;
.data:000000000001F211                 db    ? ;
.data:000000000001F212                 db    ? ;
.data:000000000001F213                 db    ? ;
.data:000000000001F214                 db    ? ;
.data:000000000001F215                 db    ? ;
.data:000000000001F216                 db    ? ;
.data:000000000001F217                 db    ? ;
.data:000000000001F218                 db    ? ;
.data:000000000001F219                 db    ? ;
.data:000000000001F21A                 db    ? ;
.data:000000000001F21B                 db    ? ;
.data:000000000001F21C                 db    ? ;
.data:000000000001F21D                 db    ? ;
.data:000000000001F21E                 db    ? ;
.data:000000000001F21F                 db    ? ;
.data:000000000001F220                 db    ? ;
.data:000000000001F221                 db    ? ;
.data:000000000001F222                 db    ? ;
.data:000000000001F223                 db    ? ;
.data:000000000001F224                 db    ? ;
.data:000000000001F225                 db    ? ;
.data:000000000001F226                 db    ? ;
.data:000000000001F227                 db    ? ;
.data:000000000001F228                 db    ? ;
.data:000000000001F229                 db    ? ;
.data:000000000001F22A                 db    ? ;
.data:000000000001F22B                 db    ? ;
.data:000000000001F22C                 db    ? ;
.data:000000000001F22D                 db    ? ;
.data:000000000001F22E                 db    ? ;
.data:000000000001F22F                 db    ? ;
.data:000000000001F230                 db    ? ;
.data:000000000001F231                 db    ? ;
.data:000000000001F232                 db    ? ;
.data:000000000001F233                 db    ? ;
.data:000000000001F234                 db    ? ;
.data:000000000001F235                 db    ? ;
.data:000000000001F236                 db    ? ;
.data:000000000001F237                 db    ? ;
.data:000000000001F238                 db    ? ;
.data:000000000001F239                 db    ? ;
.data:000000000001F23A                 db    ? ;
.data:000000000001F23B                 db    ? ;
.data:000000000001F23C                 db    ? ;
.data:000000000001F23D                 db    ? ;
.data:000000000001F23E                 db    ? ;
.data:000000000001F23F                 db    ? ;
.data:000000000001F240                 db    ? ;
.data:000000000001F241                 db    ? ;
.data:000000000001F242                 db    ? ;
.data:000000000001F243                 db    ? ;
.data:000000000001F244                 db    ? ;
.data:000000000001F245                 db    ? ;
.data:000000000001F246                 db    ? ;
.data:000000000001F247                 db    ? ;
.data:000000000001F248                 db    ? ;
.data:000000000001F249                 db    ? ;
.data:000000000001F24A                 db    ? ;
.data:000000000001F24B                 db    ? ;
.data:000000000001F24C                 db    ? ;
.data:000000000001F24D                 db    ? ;
.data:000000000001F24E                 db    ? ;
.data:000000000001F24F                 db    ? ;
.data:000000000001F250                 db    ? ;
.data:000000000001F251                 db    ? ;
.data:000000000001F252                 db    ? ;
.data:000000000001F253                 db    ? ;
.data:000000000001F254                 db    ? ;
.data:000000000001F255                 db    ? ;
.data:000000000001F256                 db    ? ;
.data:000000000001F257                 db    ? ;
.data:000000000001F258                 db    ? ;
.data:000000000001F259                 db    ? ;
.data:000000000001F25A                 db    ? ;
.data:000000000001F25B                 db    ? ;
.data:000000000001F25C                 db    ? ;
.data:000000000001F25D                 db    ? ;
.data:000000000001F25E                 db    ? ;
.data:000000000001F25F                 db    ? ;
.data:000000000001F260                 db    ? ;
.data:000000000001F261                 db    ? ;
.data:000000000001F262                 db    ? ;
.data:000000000001F263                 db    ? ;
.data:000000000001F264                 db    ? ;
.data:000000000001F265                 db    ? ;
.data:000000000001F266                 db    ? ;
.data:000000000001F267                 db    ? ;
.data:000000000001F268                 db    ? ;
.data:000000000001F269                 db    ? ;
.data:000000000001F26A                 db    ? ;
.data:000000000001F26B                 db    ? ;
.data:000000000001F26C                 db    ? ;
.data:000000000001F26D                 db    ? ;
.data:000000000001F26E                 db    ? ;
.data:000000000001F26F                 db    ? ;
.data:000000000001F270                 db    ? ;
.data:000000000001F271                 db    ? ;
.data:000000000001F272                 db    ? ;
.data:000000000001F273                 db    ? ;
.data:000000000001F274                 db    ? ;
.data:000000000001F275                 db    ? ;
.data:000000000001F276                 db    ? ;
.data:000000000001F277                 db    ? ;
.data:000000000001F278                 db    ? ;
.data:000000000001F279                 db    ? ;
.data:000000000001F27A                 db    ? ;
.data:000000000001F27B                 db    ? ;
.data:000000000001F27C                 db    ? ;
.data:000000000001F27D                 db    ? ;
.data:000000000001F27E                 db    ? ;
.data:000000000001F27F                 db    ? ;
.data:000000000001F280                 db    ? ;
.data:000000000001F281                 db    ? ;
.data:000000000001F282                 db    ? ;
.data:000000000001F283                 db    ? ;
.data:000000000001F284                 db    ? ;
.data:000000000001F285                 db    ? ;
.data:000000000001F286                 db    ? ;
.data:000000000001F287                 db    ? ;
.data:000000000001F288                 db    ? ;
.data:000000000001F289                 db    ? ;
.data:000000000001F28A                 db    ? ;
.data:000000000001F28B                 db    ? ;
.data:000000000001F28C                 db    ? ;
.data:000000000001F28D                 db    ? ;
.data:000000000001F28E                 db    ? ;
.data:000000000001F28F                 db    ? ;
.data:000000000001F290                 db    ? ;
.data:000000000001F291                 db    ? ;
.data:000000000001F292                 db    ? ;
.data:000000000001F293                 db    ? ;
.data:000000000001F294                 db    ? ;
.data:000000000001F295                 db    ? ;
.data:000000000001F296                 db    ? ;
.data:000000000001F297                 db    ? ;
.data:000000000001F298                 db    ? ;
.data:000000000001F299                 db    ? ;
.data:000000000001F29A                 db    ? ;
.data:000000000001F29B                 db    ? ;
.data:000000000001F29C                 db    ? ;
.data:000000000001F29D                 db    ? ;
.data:000000000001F29E                 db    ? ;
.data:000000000001F29F                 db    ? ;
.data:000000000001F2A0                 db    ? ;
.data:000000000001F2A1                 db    ? ;
.data:000000000001F2A2                 db    ? ;
.data:000000000001F2A3                 db    ? ;
.data:000000000001F2A4                 db    ? ;
.data:000000000001F2A5                 db    ? ;
.data:000000000001F2A6                 db    ? ;
.data:000000000001F2A7                 db    ? ;
.data:000000000001F2A8                 db    ? ;
.data:000000000001F2A9                 db    ? ;
.data:000000000001F2AA                 db    ? ;
.data:000000000001F2AB                 db    ? ;
.data:000000000001F2AC                 db    ? ;
.data:000000000001F2AD                 db    ? ;
.data:000000000001F2AE                 db    ? ;
.data:000000000001F2AF                 db    ? ;
.data:000000000001F2B0                 db    ? ;
.data:000000000001F2B1                 db    ? ;
.data:000000000001F2B2                 db    ? ;
.data:000000000001F2B3                 db    ? ;
.data:000000000001F2B4                 db    ? ;
.data:000000000001F2B5                 db    ? ;
.data:000000000001F2B6                 db    ? ;
.data:000000000001F2B7                 db    ? ;
.data:000000000001F2B8                 db    ? ;
.data:000000000001F2B9                 db    ? ;
.data:000000000001F2BA                 db    ? ;
.data:000000000001F2BB                 db    ? ;
.data:000000000001F2BC                 db    ? ;
.data:000000000001F2BD                 db    ? ;
.data:000000000001F2BE                 db    ? ;
.data:000000000001F2BF                 db    ? ;
.data:000000000001F2C0                 db    ? ;
.data:000000000001F2C1                 db    ? ;
.data:000000000001F2C2                 db    ? ;
.data:000000000001F2C3                 db    ? ;
.data:000000000001F2C4                 db    ? ;
.data:000000000001F2C5                 db    ? ;
.data:000000000001F2C6                 db    ? ;
.data:000000000001F2C7                 db    ? ;
.data:000000000001F2C8                 db    ? ;
.data:000000000001F2C9                 db    ? ;
.data:000000000001F2CA                 db    ? ;
.data:000000000001F2CB                 db    ? ;
.data:000000000001F2CC                 db    ? ;
.data:000000000001F2CD                 db    ? ;
.data:000000000001F2CE                 db    ? ;
.data:000000000001F2CF                 db    ? ;
.data:000000000001F2D0                 db    ? ;
.data:000000000001F2D1                 db    ? ;
.data:000000000001F2D2                 db    ? ;
.data:000000000001F2D3                 db    ? ;
.data:000000000001F2D4                 db    ? ;
.data:000000000001F2D5                 db    ? ;
.data:000000000001F2D6                 db    ? ;
.data:000000000001F2D7                 db    ? ;
.data:000000000001F2D8                 db    ? ;
.data:000000000001F2D9                 db    ? ;
.data:000000000001F2DA                 db    ? ;
.data:000000000001F2DB                 db    ? ;
.data:000000000001F2DC                 db    ? ;
.data:000000000001F2DD                 db    ? ;
.data:000000000001F2DE                 db    ? ;
.data:000000000001F2DF                 db    ? ;
.data:000000000001F2E0                 db    ? ;
.data:000000000001F2E1                 db    ? ;
.data:000000000001F2E2                 db    ? ;
.data:000000000001F2E3                 db    ? ;
.data:000000000001F2E4                 db    ? ;
.data:000000000001F2E5                 db    ? ;
.data:000000000001F2E6                 db    ? ;
.data:000000000001F2E7                 db    ? ;
.data:000000000001F2E8                 db    ? ;
.data:000000000001F2E9                 db    ? ;
.data:000000000001F2EA                 db    ? ;
.data:000000000001F2EB                 db    ? ;
.data:000000000001F2EC                 db    ? ;
.data:000000000001F2ED                 db    ? ;
.data:000000000001F2EE                 db    ? ;
.data:000000000001F2EF                 db    ? ;
.data:000000000001F2F0                 db    ? ;
.data:000000000001F2F1                 db    ? ;
.data:000000000001F2F2                 db    ? ;
.data:000000000001F2F3                 db    ? ;
.data:000000000001F2F4                 db    ? ;
.data:000000000001F2F5                 db    ? ;
.data:000000000001F2F6                 db    ? ;
.data:000000000001F2F7                 db    ? ;
.data:000000000001F2F8                 db    ? ;
.data:000000000001F2F9                 db    ? ;
.data:000000000001F2FA                 db    ? ;
.data:000000000001F2FB                 db    ? ;
.data:000000000001F2FC                 db    ? ;
.data:000000000001F2FD                 db    ? ;
.data:000000000001F2FE                 db    ? ;
.data:000000000001F2FF                 db    ? ;
.data:000000000001F300                 db    ? ;
.data:000000000001F301                 db    ? ;
.data:000000000001F302                 db    ? ;
.data:000000000001F303                 db    ? ;
.data:000000000001F304                 db    ? ;
.data:000000000001F305                 db    ? ;
.data:000000000001F306                 db    ? ;
.data:000000000001F307                 db    ? ;
.data:000000000001F308                 db    ? ;
.data:000000000001F309                 db    ? ;
.data:000000000001F30A                 db    ? ;
.data:000000000001F30B                 db    ? ;
.data:000000000001F30C                 db    ? ;
.data:000000000001F30D                 db    ? ;
.data:000000000001F30E                 db    ? ;
.data:000000000001F30F                 db    ? ;
.data:000000000001F310                 db    ? ;
.data:000000000001F311                 db    ? ;
.data:000000000001F312                 db    ? ;
.data:000000000001F313                 db    ? ;
.data:000000000001F314                 db    ? ;
.data:000000000001F315                 db    ? ;
.data:000000000001F316                 db    ? ;
.data:000000000001F317                 db    ? ;
.data:000000000001F318                 db    ? ;
.data:000000000001F319                 db    ? ;
.data:000000000001F31A                 db    ? ;
.data:000000000001F31B                 db    ? ;
.data:000000000001F31C                 db    ? ;
.data:000000000001F31D                 db    ? ;
.data:000000000001F31E                 db    ? ;
.data:000000000001F31F                 db    ? ;
.data:000000000001F320                 db    ? ;
.data:000000000001F321                 db    ? ;
.data:000000000001F322                 db    ? ;
.data:000000000001F323                 db    ? ;
.data:000000000001F324                 db    ? ;
.data:000000000001F325                 db    ? ;
.data:000000000001F326                 db    ? ;
.data:000000000001F327                 db    ? ;
.data:000000000001F328                 db    ? ;
.data:000000000001F329                 db    ? ;
.data:000000000001F32A                 db    ? ;
.data:000000000001F32B                 db    ? ;
.data:000000000001F32C                 db    ? ;
.data:000000000001F32D                 db    ? ;
.data:000000000001F32E                 db    ? ;
.data:000000000001F32F                 db    ? ;
.data:000000000001F330                 db    ? ;
.data:000000000001F331                 db    ? ;
.data:000000000001F332                 db    ? ;
.data:000000000001F333                 db    ? ;
.data:000000000001F334                 db    ? ;
.data:000000000001F335                 db    ? ;
.data:000000000001F336                 db    ? ;
.data:000000000001F337                 db    ? ;
.data:000000000001F338                 db    ? ;
.data:000000000001F339                 db    ? ;
.data:000000000001F33A                 db    ? ;
.data:000000000001F33B                 db    ? ;
.data:000000000001F33C                 db    ? ;
.data:000000000001F33D                 db    ? ;
.data:000000000001F33E                 db    ? ;
.data:000000000001F33F                 db    ? ;
.data:000000000001F340                 db    ? ;
.data:000000000001F341                 db    ? ;
.data:000000000001F342                 db    ? ;
.data:000000000001F343                 db    ? ;
.data:000000000001F344                 db    ? ;
.data:000000000001F345                 db    ? ;
.data:000000000001F346                 db    ? ;
.data:000000000001F347                 db    ? ;
.data:000000000001F348                 db    ? ;
.data:000000000001F349                 db    ? ;
.data:000000000001F34A                 db    ? ;
.data:000000000001F34B                 db    ? ;
.data:000000000001F34C                 db    ? ;
.data:000000000001F34D                 db    ? ;
.data:000000000001F34E                 db    ? ;
.data:000000000001F34F                 db    ? ;
.data:000000000001F350 ; WCHAR Dst
.data:000000000001F350 Dst             dq ?                    ; DATA XREF: sub_13590+216↑o
.data:000000000001F350                                         ; sub_13590+30C↑w ...
.data:000000000001F358 dword_1F358     dd ?                    ; DATA XREF: sub_13590+31A↑w
.data:000000000001F35C word_1F35C      dw ?                    ; DATA XREF: sub_13590+328↑w
.data:000000000001F35E unk_1F35E       db    ? ;               ; DATA XREF: sub_13590+342↑o
.data:000000000001F35F                 db    ? ;
.data:000000000001F360                 db    ? ;
.data:000000000001F361                 db    ? ;
.data:000000000001F362                 db    ? ;
.data:000000000001F363                 db    ? ;
.data:000000000001F364                 db    ? ;
.data:000000000001F365                 db    ? ;
.data:000000000001F366                 db    ? ;
.data:000000000001F367                 db    ? ;
.data:000000000001F368                 db    ? ;
.data:000000000001F369                 db    ? ;
.data:000000000001F36A                 db    ? ;
.data:000000000001F36B                 db    ? ;
.data:000000000001F36C                 db    ? ;
.data:000000000001F36D                 db    ? ;
.data:000000000001F36E                 db    ? ;
.data:000000000001F36F                 db    ? ;
.data:000000000001F370                 db    ? ;
.data:000000000001F371                 db    ? ;
.data:000000000001F372                 db    ? ;
.data:000000000001F373                 db    ? ;
.data:000000000001F374                 db    ? ;
.data:000000000001F375                 db    ? ;
.data:000000000001F376                 db    ? ;
.data:000000000001F377                 db    ? ;
.data:000000000001F378                 db    ? ;
.data:000000000001F379                 db    ? ;
.data:000000000001F37A                 db    ? ;
.data:000000000001F37B                 db    ? ;
.data:000000000001F37C                 db    ? ;
.data:000000000001F37D                 db    ? ;
.data:000000000001F37E                 db    ? ;
.data:000000000001F37F                 db    ? ;
.data:000000000001F380                 db    ? ;
.data:000000000001F381                 db    ? ;
.data:000000000001F382                 db    ? ;
.data:000000000001F383                 db    ? ;
.data:000000000001F384                 db    ? ;
.data:000000000001F385                 db    ? ;
.data:000000000001F386                 db    ? ;
.data:000000000001F387                 db    ? ;
.data:000000000001F388                 db    ? ;
.data:000000000001F389                 db    ? ;
.data:000000000001F38A                 db    ? ;
.data:000000000001F38B                 db    ? ;
.data:000000000001F38C                 db    ? ;
.data:000000000001F38D                 db    ? ;
.data:000000000001F38E                 db    ? ;
.data:000000000001F38F                 db    ? ;
.data:000000000001F390                 db    ? ;
.data:000000000001F391                 db    ? ;
.data:000000000001F392                 db    ? ;
.data:000000000001F393                 db    ? ;
.data:000000000001F394                 db    ? ;
.data:000000000001F395                 db    ? ;
.data:000000000001F396                 db    ? ;
.data:000000000001F397                 db    ? ;
.data:000000000001F398                 db    ? ;
.data:000000000001F399                 db    ? ;
.data:000000000001F39A                 db    ? ;
.data:000000000001F39B                 db    ? ;
.data:000000000001F39C                 db    ? ;
.data:000000000001F39D                 db    ? ;
.data:000000000001F39E                 db    ? ;
.data:000000000001F39F                 db    ? ;
.data:000000000001F3A0                 db    ? ;
.data:000000000001F3A1                 db    ? ;
.data:000000000001F3A2                 db    ? ;
.data:000000000001F3A3                 db    ? ;
.data:000000000001F3A4                 db    ? ;
.data:000000000001F3A5                 db    ? ;
.data:000000000001F3A6                 db    ? ;
.data:000000000001F3A7                 db    ? ;
.data:000000000001F3A8                 db    ? ;
.data:000000000001F3A9                 db    ? ;
.data:000000000001F3AA                 db    ? ;
.data:000000000001F3AB                 db    ? ;
.data:000000000001F3AC                 db    ? ;
.data:000000000001F3AD                 db    ? ;
.data:000000000001F3AE                 db    ? ;
.data:000000000001F3AF                 db    ? ;
.data:000000000001F3B0                 db    ? ;
.data:000000000001F3B1                 db    ? ;
.data:000000000001F3B2                 db    ? ;
.data:000000000001F3B3                 db    ? ;
.data:000000000001F3B4                 db    ? ;
.data:000000000001F3B5                 db    ? ;
.data:000000000001F3B6                 db    ? ;
.data:000000000001F3B7                 db    ? ;
.data:000000000001F3B8                 db    ? ;
.data:000000000001F3B9                 db    ? ;
.data:000000000001F3BA                 db    ? ;
.data:000000000001F3BB                 db    ? ;
.data:000000000001F3BC                 db    ? ;
.data:000000000001F3BD                 db    ? ;
.data:000000000001F3BE                 db    ? ;
.data:000000000001F3BF                 db    ? ;
.data:000000000001F3C0                 db    ? ;
.data:000000000001F3C1                 db    ? ;
.data:000000000001F3C2                 db    ? ;
.data:000000000001F3C3                 db    ? ;
.data:000000000001F3C4                 db    ? ;
.data:000000000001F3C5                 db    ? ;
.data:000000000001F3C6                 db    ? ;
.data:000000000001F3C7                 db    ? ;
.data:000000000001F3C8                 db    ? ;
.data:000000000001F3C9                 db    ? ;
.data:000000000001F3CA                 db    ? ;
.data:000000000001F3CB                 db    ? ;
.data:000000000001F3CC                 db    ? ;
.data:000000000001F3CD                 db    ? ;
.data:000000000001F3CE                 db    ? ;
.data:000000000001F3CF                 db    ? ;
.data:000000000001F3D0                 db    ? ;
.data:000000000001F3D1                 db    ? ;
.data:000000000001F3D2                 db    ? ;
.data:000000000001F3D3                 db    ? ;
.data:000000000001F3D4                 db    ? ;
.data:000000000001F3D5                 db    ? ;
.data:000000000001F3D6                 db    ? ;
.data:000000000001F3D7                 db    ? ;
.data:000000000001F3D8                 db    ? ;
.data:000000000001F3D9                 db    ? ;
.data:000000000001F3DA                 db    ? ;
.data:000000000001F3DB                 db    ? ;
.data:000000000001F3DC                 db    ? ;
.data:000000000001F3DD                 db    ? ;
.data:000000000001F3DE                 db    ? ;
.data:000000000001F3DF                 db    ? ;
.data:000000000001F3E0                 db    ? ;
.data:000000000001F3E1                 db    ? ;
.data:000000000001F3E2                 db    ? ;
.data:000000000001F3E3                 db    ? ;
.data:000000000001F3E4                 db    ? ;
.data:000000000001F3E5                 db    ? ;
.data:000000000001F3E6                 db    ? ;
.data:000000000001F3E7                 db    ? ;
.data:000000000001F3E8                 db    ? ;
.data:000000000001F3E9                 db    ? ;
.data:000000000001F3EA                 db    ? ;
.data:000000000001F3EB                 db    ? ;
.data:000000000001F3EC                 db    ? ;
.data:000000000001F3ED                 db    ? ;
.data:000000000001F3EE                 db    ? ;
.data:000000000001F3EF                 db    ? ;
.data:000000000001F3F0                 db    ? ;
.data:000000000001F3F1                 db    ? ;
.data:000000000001F3F2                 db    ? ;
.data:000000000001F3F3                 db    ? ;
.data:000000000001F3F4                 db    ? ;
.data:000000000001F3F5                 db    ? ;
.data:000000000001F3F6                 db    ? ;
.data:000000000001F3F7                 db    ? ;
.data:000000000001F3F8                 db    ? ;
.data:000000000001F3F9                 db    ? ;
.data:000000000001F3FA                 db    ? ;
.data:000000000001F3FB                 db    ? ;
.data:000000000001F3FC                 db    ? ;
.data:000000000001F3FD                 db    ? ;
.data:000000000001F3FE                 db    ? ;
.data:000000000001F3FF                 db    ? ;
.data:000000000001F400                 db    ? ;
.data:000000000001F401                 db    ? ;
.data:000000000001F402                 db    ? ;
.data:000000000001F403                 db    ? ;
.data:000000000001F404                 db    ? ;
.data:000000000001F405                 db    ? ;
.data:000000000001F406                 db    ? ;
.data:000000000001F407                 db    ? ;
.data:000000000001F408                 db    ? ;
.data:000000000001F409                 db    ? ;
.data:000000000001F40A                 db    ? ;
.data:000000000001F40B                 db    ? ;
.data:000000000001F40C                 db    ? ;
.data:000000000001F40D                 db    ? ;
.data:000000000001F40E                 db    ? ;
.data:000000000001F40F                 db    ? ;
.data:000000000001F410                 db    ? ;
.data:000000000001F411                 db    ? ;
.data:000000000001F412                 db    ? ;
.data:000000000001F413                 db    ? ;
.data:000000000001F414                 db    ? ;
.data:000000000001F415                 db    ? ;
.data:000000000001F416                 db    ? ;
.data:000000000001F417                 db    ? ;
.data:000000000001F418                 db    ? ;
.data:000000000001F419                 db    ? ;
.data:000000000001F41A                 db    ? ;
.data:000000000001F41B                 db    ? ;
.data:000000000001F41C                 db    ? ;
.data:000000000001F41D                 db    ? ;
.data:000000000001F41E                 db    ? ;
.data:000000000001F41F                 db    ? ;
.data:000000000001F420                 db    ? ;
.data:000000000001F421                 db    ? ;
.data:000000000001F422                 db    ? ;
.data:000000000001F423                 db    ? ;
.data:000000000001F424                 db    ? ;
.data:000000000001F425                 db    ? ;
.data:000000000001F426                 db    ? ;
.data:000000000001F427                 db    ? ;
.data:000000000001F428                 db    ? ;
.data:000000000001F429                 db    ? ;
.data:000000000001F42A                 db    ? ;
.data:000000000001F42B                 db    ? ;
.data:000000000001F42C                 db    ? ;
.data:000000000001F42D                 db    ? ;
.data:000000000001F42E                 db    ? ;
.data:000000000001F42F                 db    ? ;
.data:000000000001F430                 db    ? ;
.data:000000000001F431                 db    ? ;
.data:000000000001F432                 db    ? ;
.data:000000000001F433                 db    ? ;
.data:000000000001F434                 db    ? ;
.data:000000000001F435                 db    ? ;
.data:000000000001F436                 db    ? ;
.data:000000000001F437                 db    ? ;
.data:000000000001F438                 db    ? ;
.data:000000000001F439                 db    ? ;
.data:000000000001F43A                 db    ? ;
.data:000000000001F43B                 db    ? ;
.data:000000000001F43C                 db    ? ;
.data:000000000001F43D                 db    ? ;
.data:000000000001F43E                 db    ? ;
.data:000000000001F43F                 db    ? ;
.data:000000000001F440                 db    ? ;
.data:000000000001F441                 db    ? ;
.data:000000000001F442                 db    ? ;
.data:000000000001F443                 db    ? ;
.data:000000000001F444                 db    ? ;
.data:000000000001F445                 db    ? ;
.data:000000000001F446                 db    ? ;
.data:000000000001F447                 db    ? ;
.data:000000000001F448                 db    ? ;
.data:000000000001F449                 db    ? ;
.data:000000000001F44A                 db    ? ;
.data:000000000001F44B                 db    ? ;
.data:000000000001F44C                 db    ? ;
.data:000000000001F44D                 db    ? ;
.data:000000000001F44E                 db    ? ;
.data:000000000001F44F                 db    ? ;
.data:000000000001F450                 db    ? ;
.data:000000000001F451                 db    ? ;
.data:000000000001F452                 db    ? ;
.data:000000000001F453                 db    ? ;
.data:000000000001F454                 db    ? ;
.data:000000000001F455                 db    ? ;
.data:000000000001F456                 db    ? ;
.data:000000000001F457                 db    ? ;
.data:000000000001F458                 db    ? ;
.data:000000000001F459                 db    ? ;
.data:000000000001F45A                 db    ? ;
.data:000000000001F45B                 db    ? ;
.data:000000000001F45C                 db    ? ;
.data:000000000001F45D                 db    ? ;
.data:000000000001F45E                 db    ? ;
.data:000000000001F45F                 db    ? ;
.data:000000000001F460                 db    ? ;
.data:000000000001F461                 db    ? ;
.data:000000000001F462                 db    ? ;
.data:000000000001F463                 db    ? ;
.data:000000000001F464                 db    ? ;
.data:000000000001F465                 db    ? ;
.data:000000000001F466                 db    ? ;
.data:000000000001F467                 db    ? ;
.data:000000000001F468                 db    ? ;
.data:000000000001F469                 db    ? ;
.data:000000000001F46A                 db    ? ;
.data:000000000001F46B                 db    ? ;
.data:000000000001F46C                 db    ? ;
.data:000000000001F46D                 db    ? ;
.data:000000000001F46E                 db    ? ;
.data:000000000001F46F                 db    ? ;
.data:000000000001F470                 db    ? ;
.data:000000000001F471                 db    ? ;
.data:000000000001F472                 db    ? ;
.data:000000000001F473                 db    ? ;
.data:000000000001F474                 db    ? ;
.data:000000000001F475                 db    ? ;
.data:000000000001F476                 db    ? ;
.data:000000000001F477                 db    ? ;
.data:000000000001F478                 db    ? ;
.data:000000000001F479                 db    ? ;
.data:000000000001F47A                 db    ? ;
.data:000000000001F47B                 db    ? ;
.data:000000000001F47C                 db    ? ;
.data:000000000001F47D                 db    ? ;
.data:000000000001F47E                 db    ? ;
.data:000000000001F47F                 db    ? ;
.data:000000000001F480                 db    ? ;
.data:000000000001F481                 db    ? ;
.data:000000000001F482                 db    ? ;
.data:000000000001F483                 db    ? ;
.data:000000000001F484                 db    ? ;
.data:000000000001F485                 db    ? ;
.data:000000000001F486                 db    ? ;
.data:000000000001F487                 db    ? ;
.data:000000000001F488                 db    ? ;
.data:000000000001F489                 db    ? ;
.data:000000000001F48A                 db    ? ;
.data:000000000001F48B                 db    ? ;
.data:000000000001F48C                 db    ? ;
.data:000000000001F48D                 db    ? ;
.data:000000000001F48E                 db    ? ;
.data:000000000001F48F                 db    ? ;
.data:000000000001F490                 db    ? ;
.data:000000000001F491                 db    ? ;
.data:000000000001F492                 db    ? ;
.data:000000000001F493                 db    ? ;
.data:000000000001F494                 db    ? ;
.data:000000000001F495                 db    ? ;
.data:000000000001F496                 db    ? ;
.data:000000000001F497                 db    ? ;
.data:000000000001F498                 db    ? ;
.data:000000000001F499                 db    ? ;
.data:000000000001F49A                 db    ? ;
.data:000000000001F49B                 db    ? ;
.data:000000000001F49C                 db    ? ;
.data:000000000001F49D                 db    ? ;
.data:000000000001F49E                 db    ? ;
.data:000000000001F49F                 db    ? ;
.data:000000000001F4A0                 db    ? ;
.data:000000000001F4A1                 db    ? ;
.data:000000000001F4A2                 db    ? ;
.data:000000000001F4A3                 db    ? ;
.data:000000000001F4A4                 db    ? ;
.data:000000000001F4A5                 db    ? ;
.data:000000000001F4A6                 db    ? ;
.data:000000000001F4A7                 db    ? ;
.data:000000000001F4A8                 db    ? ;
.data:000000000001F4A9                 db    ? ;
.data:000000000001F4AA                 db    ? ;
.data:000000000001F4AB                 db    ? ;
.data:000000000001F4AC                 db    ? ;
.data:000000000001F4AD                 db    ? ;
.data:000000000001F4AE                 db    ? ;
.data:000000000001F4AF                 db    ? ;
.data:000000000001F4B0                 db    ? ;
.data:000000000001F4B1                 db    ? ;
.data:000000000001F4B2                 db    ? ;
.data:000000000001F4B3                 db    ? ;
.data:000000000001F4B4                 db    ? ;
.data:000000000001F4B5                 db    ? ;
.data:000000000001F4B6                 db    ? ;
.data:000000000001F4B7                 db    ? ;
.data:000000000001F4B8                 db    ? ;
.data:000000000001F4B9                 db    ? ;
.data:000000000001F4BA                 db    ? ;
.data:000000000001F4BB                 db    ? ;
.data:000000000001F4BC                 db    ? ;
.data:000000000001F4BD                 db    ? ;
.data:000000000001F4BE                 db    ? ;
.data:000000000001F4BF                 db    ? ;
.data:000000000001F4C0                 db    ? ;
.data:000000000001F4C1                 db    ? ;
.data:000000000001F4C2                 db    ? ;
.data:000000000001F4C3                 db    ? ;
.data:000000000001F4C4                 db    ? ;
.data:000000000001F4C5                 db    ? ;
.data:000000000001F4C6                 db    ? ;
.data:000000000001F4C7                 db    ? ;
.data:000000000001F4C8                 db    ? ;
.data:000000000001F4C9                 db    ? ;
.data:000000000001F4CA                 db    ? ;
.data:000000000001F4CB                 db    ? ;
.data:000000000001F4CC                 db    ? ;
.data:000000000001F4CD                 db    ? ;
.data:000000000001F4CE                 db    ? ;
.data:000000000001F4CF                 db    ? ;
.data:000000000001F4D0                 db    ? ;
.data:000000000001F4D1                 db    ? ;
.data:000000000001F4D2                 db    ? ;
.data:000000000001F4D3                 db    ? ;
.data:000000000001F4D4                 db    ? ;
.data:000000000001F4D5                 db    ? ;
.data:000000000001F4D6                 db    ? ;
.data:000000000001F4D7                 db    ? ;
.data:000000000001F4D8                 db    ? ;
.data:000000000001F4D9                 db    ? ;
.data:000000000001F4DA                 db    ? ;
.data:000000000001F4DB                 db    ? ;
.data:000000000001F4DC                 db    ? ;
.data:000000000001F4DD                 db    ? ;
.data:000000000001F4DE                 db    ? ;
.data:000000000001F4DF                 db    ? ;
.data:000000000001F4E0                 db    ? ;
.data:000000000001F4E1                 db    ? ;
.data:000000000001F4E2                 db    ? ;
.data:000000000001F4E3                 db    ? ;
.data:000000000001F4E4                 db    ? ;
.data:000000000001F4E5                 db    ? ;
.data:000000000001F4E6                 db    ? ;
.data:000000000001F4E7                 db    ? ;
.data:000000000001F4E8                 db    ? ;
.data:000000000001F4E9                 db    ? ;
.data:000000000001F4EA                 db    ? ;
.data:000000000001F4EB                 db    ? ;
.data:000000000001F4EC                 db    ? ;
.data:000000000001F4ED                 db    ? ;
.data:000000000001F4EE                 db    ? ;
.data:000000000001F4EF                 db    ? ;
.data:000000000001F4F0                 db    ? ;
.data:000000000001F4F1                 db    ? ;
.data:000000000001F4F2                 db    ? ;
.data:000000000001F4F3                 db    ? ;
.data:000000000001F4F4                 db    ? ;
.data:000000000001F4F5                 db    ? ;
.data:000000000001F4F6                 db    ? ;
.data:000000000001F4F7                 db    ? ;
.data:000000000001F4F8                 db    ? ;
.data:000000000001F4F9                 db    ? ;
.data:000000000001F4FA                 db    ? ;
.data:000000000001F4FB                 db    ? ;
.data:000000000001F4FC                 db    ? ;
.data:000000000001F4FD                 db    ? ;
.data:000000000001F4FE                 db    ? ;
.data:000000000001F4FF                 db    ? ;
.data:000000000001F500                 db    ? ;
.data:000000000001F501                 db    ? ;
.data:000000000001F502                 db    ? ;
.data:000000000001F503                 db    ? ;
.data:000000000001F504                 db    ? ;
.data:000000000001F505                 db    ? ;
.data:000000000001F506                 db    ? ;
.data:000000000001F507                 db    ? ;
.data:000000000001F508                 db    ? ;
.data:000000000001F509                 db    ? ;
.data:000000000001F50A                 db    ? ;
.data:000000000001F50B                 db    ? ;
.data:000000000001F50C                 db    ? ;
.data:000000000001F50D                 db    ? ;
.data:000000000001F50E                 db    ? ;
.data:000000000001F50F                 db    ? ;
.data:000000000001F510                 db    ? ;
.data:000000000001F511                 db    ? ;
.data:000000000001F512                 db    ? ;
.data:000000000001F513                 db    ? ;
.data:000000000001F514                 db    ? ;
.data:000000000001F515                 db    ? ;
.data:000000000001F516                 db    ? ;
.data:000000000001F517                 db    ? ;
.data:000000000001F518                 db    ? ;
.data:000000000001F519                 db    ? ;
.data:000000000001F51A                 db    ? ;
.data:000000000001F51B                 db    ? ;
.data:000000000001F51C                 db    ? ;
.data:000000000001F51D                 db    ? ;
.data:000000000001F51E                 db    ? ;
.data:000000000001F51F                 db    ? ;
.data:000000000001F520                 db    ? ;
.data:000000000001F521                 db    ? ;
.data:000000000001F522                 db    ? ;
.data:000000000001F523                 db    ? ;
.data:000000000001F524                 db    ? ;
.data:000000000001F525                 db    ? ;
.data:000000000001F526                 db    ? ;
.data:000000000001F527                 db    ? ;
.data:000000000001F528                 db    ? ;
.data:000000000001F529                 db    ? ;
.data:000000000001F52A                 db    ? ;
.data:000000000001F52B                 db    ? ;
.data:000000000001F52C                 db    ? ;
.data:000000000001F52D                 db    ? ;
.data:000000000001F52E                 db    ? ;
.data:000000000001F52F                 db    ? ;
.data:000000000001F530                 db    ? ;
.data:000000000001F531                 db    ? ;
.data:000000000001F532                 db    ? ;
.data:000000000001F533                 db    ? ;
.data:000000000001F534                 db    ? ;
.data:000000000001F535                 db    ? ;
.data:000000000001F536                 db    ? ;
.data:000000000001F537                 db    ? ;
.data:000000000001F538                 db    ? ;
.data:000000000001F539                 db    ? ;
.data:000000000001F53A                 db    ? ;
.data:000000000001F53B                 db    ? ;
.data:000000000001F53C                 db    ? ;
.data:000000000001F53D                 db    ? ;
.data:000000000001F53E                 db    ? ;
.data:000000000001F53F                 db    ? ;
.data:000000000001F540                 db    ? ;
.data:000000000001F541                 db    ? ;
.data:000000000001F542                 db    ? ;
.data:000000000001F543                 db    ? ;
.data:000000000001F544                 db    ? ;
.data:000000000001F545                 db    ? ;
.data:000000000001F546                 db    ? ;
.data:000000000001F547                 db    ? ;
.data:000000000001F548                 db    ? ;
.data:000000000001F549                 db    ? ;
.data:000000000001F54A                 db    ? ;
.data:000000000001F54B                 db    ? ;
.data:000000000001F54C                 db    ? ;
.data:000000000001F54D                 db    ? ;
.data:000000000001F54E                 db    ? ;
.data:000000000001F54F                 db    ? ;
.data:000000000001F550                 db    ? ;
.data:000000000001F551                 db    ? ;
.data:000000000001F552                 db    ? ;
.data:000000000001F553                 db    ? ;
.data:000000000001F554                 db    ? ;
.data:000000000001F555                 db    ? ;
.data:000000000001F556                 db    ? ;
.data:000000000001F557                 db    ? ;
.data:000000000001F558                 db    ? ;
.data:000000000001F559                 db    ? ;
.data:000000000001F55A                 db    ? ;
.data:000000000001F55B                 db    ? ;
.data:000000000001F55C                 db    ? ;
.data:000000000001F55D                 db    ? ;
.data:000000000001F55E                 db    ? ;
.data:000000000001F55F                 db    ? ;
.data:000000000001F560 ; __int64 (__fastcall *qword_1F560)(_QWORD, _QWORD, _QWORD, _QWORD, _QWORD, _QWORD)
.data:000000000001F560 qword_1F560     dq ?                    ; DATA XREF: sub_11224+2D4↑r
.data:000000000001F560                                         ; sub_1191C+2B7↑r ...
.data:000000000001F568 ; struct _KMUTANT Mutex
.data:000000000001F568 Mutex           _KMUTANT <?>            ; DATA XREF: sub_139E4:loc_13BFF↑o
.data:000000000001F568                                         ; sub_14E64+26↑o ...
.data:000000000001F5A0 qword_1F5A0     dq ?                    ; DATA XREF: sub_139E4+27E↑w
.data:000000000001F5A0                                         ; sub_180B4:loc_180D8↑r
.data:000000000001F5A8 qword_1F5A8     dq ?                    ; DATA XREF: sub_139E4+23D↑w
.data:000000000001F5B0                 align 1000h
.data:000000000001F5B0 _data           ends
.data:000000000001F5B0
.pdata:0000000000020000 ; Section 4. (virtual address 00010000)
.pdata:0000000000020000 ; Virtual size                  : 00000270 (    624.)
.pdata:0000000000020000 ; Section size in file          : 00000400 (   1024.)
.pdata:0000000000020000 ; Offset to raw data for section: 0000D800
.pdata:0000000000020000 ; Flags 48000040: Data Not pageable Readable
.pdata:0000000000020000 ; Alignment     : default
.pdata:0000000000020000 ; ===========================================================================
.pdata:0000000000020000
.pdata:0000000000020000 ; Segment type: Pure data
.pdata:0000000000020000 ; Segment permissions: Read
.pdata:0000000000020000 _pdata          segment para public 'DATA' use64
.pdata:0000000000020000                 assume cs:_pdata
.pdata:0000000000020000                 ;org 20000h
.pdata:0000000000020000 ExceptionDir    RUNTIME_FUNCTION <rva sub_11008, rva byte_1121C, rva stru_1E404>
.pdata:000000000002000C                 RUNTIME_FUNCTION <rva sub_11224, rva byte_1178C, rva stru_1E3D4>
.pdata:0000000000020018                 RUNTIME_FUNCTION <rva sub_11794, rva byte_118A5, rva stru_1E604>
.pdata:0000000000020024                 RUNTIME_FUNCTION <rva sub_118AC, rva byte_11913, rva stru_1E2C8>
.pdata:0000000000020030                 RUNTIME_FUNCTION <rva sub_1191C, rva algn_129AA, rva stru_1E5D0>
.pdata:000000000002003C                 RUNTIME_FUNCTION <rva sub_129B0, rva byte_13095, rva stru_1E5A0>
.pdata:0000000000020048                 RUNTIME_FUNCTION <rva sub_1309C, rva algn_13317, rva stru_1E3C0>
.pdata:0000000000020054                 RUNTIME_FUNCTION <rva sub_13320, rva algn_133E8, rva stru_1E398>
.pdata:0000000000020060                 RUNTIME_FUNCTION <rva sub_133F0, rva algn_13587, rva stru_1E58C>
.pdata:000000000002006C                 RUNTIME_FUNCTION <rva sub_13590, rva byte_139DD, rva stru_1E378>
.pdata:0000000000020078                 RUNTIME_FUNCTION <rva sub_139E4, rva byte_13D16, rva stru_1E6A4>
.pdata:0000000000020084                 RUNTIME_FUNCTION <rva sub_13D1C, rva byte_13D83, rva stru_1E370>
.pdata:0000000000020090                 RUNTIME_FUNCTION <rva sub_13D8C, rva byte_13DF3, rva stru_1E370>
.pdata:000000000002009C                 RUNTIME_FUNCTION <rva sub_13DFC, rva algn_13E79, rva stru_1E368>
.pdata:00000000000200A8                 RUNTIME_FUNCTION <rva sub_13E80, rva byte_14E5C, rva stru_1E678>
.pdata:00000000000200B4                 RUNTIME_FUNCTION <rva sub_14E64, rva byte_14FDF, rva stru_1E690>
.pdata:00000000000200C0                 RUNTIME_FUNCTION <rva sub_15004, rva byte_150D6, rva stru_1E358>
.pdata:00000000000200CC                 RUNTIME_FUNCTION <rva sub_150DC, rva byte_151AE, rva stru_1E358>
.pdata:00000000000200D8                 RUNTIME_FUNCTION <rva sub_151B4, rva byte_15234, rva stru_1E500>
.pdata:00000000000200E4                 RUNTIME_FUNCTION <rva sub_1523C, rva byte_152F5, rva stru_1E348>
.pdata:00000000000200F0                 RUNTIME_FUNCTION <rva sub_152FC, rva byte_153B6, rva stru_1E348>
.pdata:00000000000200FC                 RUNTIME_FUNCTION <rva sub_153BC, rva byte_154D6, rva stru_1E64C>
.pdata:0000000000020108                 RUNTIME_FUNCTION <rva sub_154DC, rva byte_15753, rva stru_1E30C>
.pdata:0000000000020114                 RUNTIME_FUNCTION <rva sub_1575C, rva byte_1585C, rva stru_1E2FC>
.pdata:0000000000020120                 RUNTIME_FUNCTION <rva sub_15864, rva byte_15A2C, rva stru_1E664>
.pdata:000000000002012C                 RUNTIME_FUNCTION <rva sub_15A34, rva byte_15AB4, rva stru_1E348>
.pdata:0000000000020138                 RUNTIME_FUNCTION <rva sub_15ABC, rva byte_15CC6, rva stru_1E554>
.pdata:0000000000020144                 RUNTIME_FUNCTION <rva sub_15CCC, rva algn_15D92, rva stru_1E2F4>
.pdata:0000000000020150                 RUNTIME_FUNCTION <rva sub_15D98, rva byte_1602B, rva stru_1E2DC>
.pdata:000000000002015C                 RUNTIME_FUNCTION <rva sub_16034, rva byte_166C6, rva stru_1E50C>
.pdata:0000000000020168                 RUNTIME_FUNCTION <rva sub_166CC, rva algn_16791, rva stru_1E2C8>
.pdata:0000000000020174                 RUNTIME_FUNCTION <rva sub_16798, rva algn_16A18, rva stru_1E638>
.pdata:0000000000020180                 RUNTIME_FUNCTION <rva sub_16A20, rva algn_16BA1, rva stru_1E500>
.pdata:000000000002018C                 RUNTIME_FUNCTION <rva sub_16BA8, rva algn_16D41, rva stru_1E2B8>
.pdata:0000000000020198                 RUNTIME_FUNCTION <rva sub_16D48, rva byte_16F7D, rva stru_1E4D4>
.pdata:00000000000201A4                 RUNTIME_FUNCTION <rva loc_16F88, rva byte_16FA0, rva stru_1E4C8>
.pdata:00000000000201B0                 RUNTIME_FUNCTION <rva sub_16FA8, rva byte_17045, rva stru_1E370>
.pdata:00000000000201BC                 RUNTIME_FUNCTION <rva sub_1704C, rva algn_175D8, rva stru_1E4A4>
.pdata:00000000000201C8                 RUNTIME_FUNCTION <rva sub_175E0, rva byte_180AD, rva stru_1E480>
.pdata:00000000000201D4                 RUNTIME_FUNCTION <rva sub_180B4, rva byte_1821B, rva stru_1E288>
.pdata:00000000000201E0                 RUNTIME_FUNCTION <rva sub_18224, rva algn_182B9, rva stru_1E260>
.pdata:00000000000201EC                 RUNTIME_FUNCTION <rva sub_182C0, rva algn_18419, rva stru_1E620>
.pdata:00000000000201F8                 RUNTIME_FUNCTION <rva sub_18420, rva algn_18697, rva stru_1E464>
.pdata:0000000000020204                 RUNTIME_FUNCTION <rva sub_186A0, rva byte_1898B, rva stru_1E450>
.pdata:0000000000020210                 RUNTIME_FUNCTION <rva sub_18994, rva byte_18B3B, rva stru_1E428>
.pdata:000000000002021C                 RUNTIME_FUNCTION <rva sub_18B44, rva byte_18C15, rva stru_1E248>
.pdata:0000000000020228                 RUNTIME_FUNCTION <rva sub_18C1C, rva algn_18CE8, rva stru_1E230>
.pdata:0000000000020234                 RUNTIME_FUNCTION <rva sub_18CF0, rva algn_18DCB, rva stru_1E418>
.pdata:0000000000020240                 RUNTIME_FUNCTION <rva __report_gsfailure, rva byte_18E2F, \
.pdata:0000000000020240                                   rva stru_1E228>
.pdata:000000000002024C                 RUNTIME_FUNCTION <rva __GSHandlerCheckCommon, rva byte_193E3, \
.pdata:000000000002024C                                   rva stru_1E370>
.pdata:0000000000020258                 RUNTIME_FUNCTION <rva __GSHandlerCheck, rva algn_19409, \
.pdata:0000000000020258                                   rva stru_1E6B4>
.pdata:0000000000020264                 RUNTIME_FUNCTION <rva __GSHandlerCheck_SEH, rva algn_194A4, \
.pdata:0000000000020264                                   rva stru_1E64C>
.pdata:0000000000020270                 align 1000h
.pdata:0000000000020270 _pdata          ends
.pdata:0000000000020270
INIT:0000000000021000 ; Section 5. (virtual address 00011000)
INIT:0000000000021000 ; Virtual size                  : 00000660 (   1632.)
INIT:0000000000021000 ; Section size in file          : 00000800 (   2048.)
INIT:0000000000021000 ; Offset to raw data for section: 0000DC00
INIT:0000000000021000 ; Flags E2000020: Text Discardable Executable Readable Writable
INIT:0000000000021000 ; Alignment     : default
INIT:0000000000021000 ; ===========================================================================
INIT:0000000000021000
INIT:0000000000021000 ; Segment type: Pure code
INIT:0000000000021000 ; Segment permissions: Read/Write/Execute
INIT:0000000000021000 INIT            segment para public 'CODE' use64
INIT:0000000000021000                 assume cs:INIT
INIT:0000000000021000                 ;org 21000h
INIT:0000000000021000                 assume es:nothing, ss:nothing, ds:_data, fs:nothing, gs:nothing
INIT:0000000000021000                 dq 0
INIT:0000000000021008
INIT:0000000000021008 ; =============== S U B R O U T I N E =======================================
INIT:0000000000021008
INIT:0000000000021008
INIT:0000000000021008 ; NTSTATUS __stdcall DriverEntry(PDRIVER_OBJECT DriverObject, PUNICODE_STRING RegistryPath)
INIT:0000000000021008                 public DriverEntry
INIT:0000000000021008 DriverEntry     proc near
INIT:0000000000021008                 mov     rax, cs:BugCheckParameter2
INIT:000000000002100F                 mov     r9, 2B992DDFA232h
INIT:0000000000021019                 test    rax, rax
INIT:000000000002101C                 jz      short loc_21023
INIT:000000000002101E                 cmp     rax, r9
INIT:0000000000021021                 jnz     short loc_21052
INIT:0000000000021023
INIT:0000000000021023 loc_21023:                              ; CODE XREF: DriverEntry+14↑j
INIT:0000000000021023                 lea     r8, BugCheckParameter2
INIT:000000000002102A                 mov     rax, 0FFFFF78000000320h
INIT:0000000000021034                 mov     rax, [rax]
INIT:0000000000021037                 xor     rax, r8
INIT:000000000002103A                 mov     r8, 0FFFFFFFFFFFFh
INIT:0000000000021044                 and     rax, r8
INIT:0000000000021047                 cmovz   rax, r9
INIT:000000000002104B                 mov     cs:BugCheckParameter2, rax
INIT:0000000000021052
INIT:0000000000021052 loc_21052:                              ; CODE XREF: DriverEntry+19↑j
INIT:0000000000021052                 not     rax
INIT:0000000000021055                 mov     cs:BugCheckParameter3, rax
INIT:000000000002105C                 jmp     sub_139E4
INIT:000000000002105C DriverEntry     endp
INIT:000000000002105C
INIT:000000000002105C ; ---------------------------------------------------------------------------
INIT:0000000000021061                 align 4
INIT:0000000000021064 __IMPORT_DESCRIPTOR_ntoskrnl_exe dd rva off_21090 ; Import Name Table
INIT:0000000000021068                 dd 0                    ; Time stamp
INIT:000000000002106C                 dd 0                    ; Forwarder Chain
INIT:0000000000021070                 dd rva aNtoskrnlExe     ; DLL Name
INIT:0000000000021074                 dd rva ZwOpenKey        ; Import Address Table
INIT:0000000000021078                 dq 3 dup(0)
INIT:0000000000021090 ;
INIT:0000000000021090 ; Import names for ntoskrnl.exe
INIT:0000000000021090 ;
INIT:0000000000021090 off_21090       dq rva word_21238       ; DATA XREF: INIT:__IMPORT_DESCRIPTOR_ntoskrnl_exe↑o
INIT:0000000000021098                 dq rva word_21244
INIT:00000000000210A0                 dq rva word_2125C
INIT:00000000000210A8                 dq rva word_21274
INIT:00000000000210B0                 dq rva word_21286
INIT:00000000000210B8                 dq rva word_212A2
INIT:00000000000210C0                 dq rva word_212B2
INIT:00000000000210C8                 dq rva word_212CE
INIT:00000000000210D0                 dq rva word_212E8
INIT:00000000000210D8                 dq rva word_212FE
INIT:00000000000210E0                 dq rva word_21310
INIT:00000000000210E8                 dq rva word_2132E
INIT:00000000000210F0                 dq rva word_21340
INIT:00000000000210F8                 dq rva word_21354
INIT:0000000000021100                 dq rva word_2136C
INIT:0000000000021108                 dq rva word_2137C
INIT:0000000000021110                 dq rva word_2138C
INIT:0000000000021118                 dq rva word_2139E
INIT:0000000000021120                 dq rva word_213B2
INIT:0000000000021128                 dq rva word_213C2
INIT:0000000000021130                 dq rva word_213DA
INIT:0000000000021138                 dq rva word_213EE
INIT:0000000000021140                 dq rva word_21406
INIT:0000000000021148                 dq rva word_21418
INIT:0000000000021150                 dq rva word_21430
INIT:0000000000021158                 dq rva word_21444
INIT:0000000000021160                 dq rva word_21456
INIT:0000000000021168                 dq rva word_2146C
INIT:0000000000021170                 dq rva word_21480
INIT:0000000000021178                 dq rva word_2148A
INIT:0000000000021180                 dq rva word_21496
INIT:0000000000021188                 dq rva word_214AC
INIT:0000000000021190                 dq rva word_214C6
INIT:0000000000021198                 dq rva word_214DA
INIT:00000000000211A0                 dq rva word_214F2
INIT:00000000000211A8                 dq rva word_214FE
INIT:00000000000211B0                 dq rva word_21508
INIT:00000000000211B8                 dq rva word_21520
INIT:00000000000211C0                 dq rva word_21536
INIT:00000000000211C8                 dq rva word_21550
INIT:00000000000211D0                 dq rva word_2155A
INIT:00000000000211D8                 dq rva word_21568
INIT:00000000000211E0                 dq rva word_2157A
INIT:00000000000211E8                 dq rva word_2158E
INIT:00000000000211F0                 dq rva word_2159A
INIT:00000000000211F8                 dq rva word_215B2
INIT:0000000000021200                 dq rva word_215CA
INIT:0000000000021208                 dq rva word_215EC
INIT:0000000000021210                 dq rva word_21602
INIT:0000000000021218                 dq rva word_2161A
INIT:0000000000021220                 dq rva word_2162A
INIT:0000000000021228                 dq rva word_21648
INIT:0000000000021230                 dq 0
INIT:0000000000021238 word_21238      dw 54Fh                 ; DATA XREF: INIT:off_21090↑o
INIT:000000000002123A                 db 'ZwOpenKey',0
INIT:0000000000021244 word_21244      dw 43Eh                 ; DATA XREF: INIT:0000000000021098↑o
INIT:0000000000021246                 db 'RtlInitUnicodeString',0
INIT:000000000002125B                 align 4
INIT:000000000002125C word_2125C      dw 295h                 ; DATA XREF: INIT:00000000000210A0↑o
INIT:000000000002125E                 db 'KeWaitForSingleObject',0
INIT:0000000000021274 word_21274      dw 15Fh                 ; DATA XREF: INIT:00000000000210A8↑o
INIT:0000000000021276                 db 'IoDeleteDevice',0
INIT:0000000000021285                 align 2
INIT:0000000000021286 word_21286      dw 566h                 ; DATA XREF: INIT:00000000000210B0↑o
INIT:0000000000021288                 db 'ZwQueryInformationProcess',0
INIT:00000000000212A2 word_212A2      dw 56Bh                 ; DATA XREF: INIT:00000000000210B8↑o
INIT:00000000000212A4                 db 'ZwQueryObject',0
INIT:00000000000212B2 word_212B2      dw 2C2h                 ; DATA XREF: INIT:00000000000210C0↑o
INIT:00000000000212B4                 db 'MmGetSystemRoutineAddress',0
INIT:00000000000212CE word_212CE      dw 568h                 ; DATA XREF: INIT:00000000000210C8↑o
INIT:00000000000212D0                 db 'ZwQueryInformationToken',0
INIT:00000000000212E8 word_212E8      dw 551h                 ; DATA XREF: INIT:00000000000210D0↑o
INIT:00000000000212EA                 db 'ZwOpenProcessToken',0
INIT:00000000000212FD                 align 2
INIT:00000000000212FE word_212FE      dw 211h                 ; DATA XREF: INIT:00000000000210D8↑o
INIT:0000000000021300                 db 'KeAttachProcess',0
INIT:0000000000021310 word_21310      dw 3A9h                 ; DATA XREF: INIT:00000000000210E0↑o
INIT:0000000000021312                 db 'PsLookupProcessByProcessId',0
INIT:000000000002132D                 align 2
INIT:000000000002132E word_2132E      dw 21Ch                 ; DATA XREF: INIT:00000000000210E8↑o
INIT:0000000000021330                 db 'KeDetachProcess',0
INIT:0000000000021340 word_21340      dw 348h                 ; DATA XREF: INIT:00000000000210F0↑o
INIT:0000000000021342                 db 'ObQueryNameString',0
INIT:0000000000021354 word_21354      dw 46h                  ; DATA XREF: INIT:00000000000210F8↑o
INIT:0000000000021356                 db 'ExAllocatePoolWithTag',0
INIT:000000000002136C word_2136C      dw 550h                 ; DATA XREF: INIT:0000000000021100↑o
INIT:000000000002136E                 db 'ZwOpenProcess',0
INIT:000000000002137C word_2137C      dw 366h                 ; DATA XREF: INIT:0000000000021108↑o
INIT:000000000002137E                 db 'ProbeForRead',0
INIT:000000000002138B                 align 4
INIT:000000000002138C word_2138C      dw 262h                 ; DATA XREF: INIT:0000000000021110↑o
INIT:000000000002138E                 db 'KeReleaseMutex',0
INIT:000000000002139D                 align 2
INIT:000000000002139E word_2139E      dw 16Ch                 ; DATA XREF: INIT:0000000000021118↑o
INIT:00000000000213A0                 db 'IoFileObjectType',0
INIT:00000000000213B1                 align 2
INIT:00000000000213B2 word_213B2      dw 52Ah                 ; DATA XREF: INIT:0000000000021120↑o
INIT:00000000000213B4                 db 'ZwCreateFile',0
INIT:00000000000213C1                 align 2
INIT:00000000000213C2 word_213C2      dw 155h                 ; DATA XREF: INIT:0000000000021128↑o
INIT:00000000000213C4                 db 'IoCreateSymbolicLink',0
INIT:00000000000213D9                 align 2
INIT:00000000000213DA word_213DA      dw 2C6h                 ; DATA XREF: INIT:0000000000021130↑o
INIT:00000000000213DC                 db 'MmIsAddressValid',0
INIT:00000000000213ED                 align 2
INIT:00000000000213EE word_213EE      dw 161h                 ; DATA XREF: INIT:0000000000021138↑o
INIT:00000000000213F0                 db 'IoDeleteSymbolicLink',0
INIT:0000000000021405                 align 2
INIT:0000000000021406 word_21406      dw 570h                 ; DATA XREF: INIT:0000000000021140↑o
INIT:0000000000021408                 db 'ZwQueryValueKey',0
INIT:0000000000021418 word_21418      dw 352h                 ; DATA XREF: INIT:0000000000021148↑o
INIT:000000000002141A                 db 'ObfDereferenceObject',0
INIT:000000000002142F                 align 10h
INIT:0000000000021430 word_21430      dw 58h                  ; DATA XREF: INIT:0000000000021150↑o
INIT:0000000000021432                 db 'ExFreePoolWithTag',0
INIT:0000000000021444 word_21444      dw 14Ch                 ; DATA XREF: INIT:0000000000021158↑o
INIT:0000000000021446                 db 'IoCreateDevice',0
INIT:0000000000021455                 align 2
INIT:0000000000021456 word_21456      dw 179h                 ; DATA XREF: INIT:0000000000021160↑o
INIT:0000000000021458                 db 'IoGetCurrentProcess',0
INIT:000000000002146C word_2146C      dw 232h                 ; DATA XREF: INIT:0000000000021168↑o
INIT:000000000002146E                 db 'KeInitializeMutex',0
INIT:0000000000021480 word_21480      dw 525h                 ; DATA XREF: INIT:0000000000021170↑o
INIT:0000000000021482                 db 'ZwClose',0
INIT:000000000002148A word_2148A      dw 31h                  ; DATA XREF: INIT:0000000000021178↑o
INIT:000000000002148C                 db 'DbgPrint',0
INIT:0000000000021495                 align 2
INIT:0000000000021496 word_21496      dw 1F6h                 ; DATA XREF: INIT:0000000000021180↑o
INIT:0000000000021498                 db 'IofCompleteRequest',0
INIT:00000000000214AB                 align 4
INIT:00000000000214AC word_214AC      dw 3E4h                 ; DATA XREF: INIT:0000000000021188↑o
INIT:00000000000214AE                 db 'RtlCompareUnicodeString',0
INIT:00000000000214C6 word_214C6      dw 3E1h                 ; DATA XREF: INIT:0000000000021190↑o
INIT:00000000000214C8                 db 'RtlCompareMemory',0
INIT:00000000000214D9                 align 2
INIT:00000000000214DA word_214DA      dw 535h                 ; DATA XREF: INIT:0000000000021198↑o
INIT:00000000000214DC                 db 'ZwDeviceIoControlFile',0
INIT:00000000000214F2 word_214F2      dw 5A1h                 ; DATA XREF: INIT:00000000000211A0↑o
INIT:00000000000214F4                 db '_stricmp',0
INIT:00000000000214FD                 align 2
INIT:00000000000214FE word_214FE      dw 5CCh                 ; DATA XREF: INIT:00000000000211A8↑o
INIT:0000000000021500                 db 'strrchr',0
INIT:0000000000021508 word_21508      dw 3EEh                 ; DATA XREF: INIT:00000000000211B0↑o
INIT:000000000002150A                 db 'RtlCopyUnicodeString',0
INIT:000000000002151F                 align 20h
INIT:0000000000021520 word_21520      dw 58Dh                 ; DATA XREF: INIT:00000000000211B8↑o
INIT:0000000000021522                 db 'ZwTerminateProcess',0
INIT:0000000000021535                 align 2
INIT:0000000000021536 word_21536      dw 564h                 ; DATA XREF: INIT:00000000000211C0↑o
INIT:0000000000021538                 db 'ZwQueryInformationFile',0
INIT:000000000002154F                 align 10h
INIT:0000000000021550 word_21550      dw 5DFh                 ; DATA XREF: INIT:00000000000211C8↑o
INIT:0000000000021552                 db 'wcsncpy',0
INIT:000000000002155A word_2155A      dw 533h                 ; DATA XREF: INIT:00000000000211D0↑o
INIT:000000000002155C                 db 'ZwDeleteKey',0
INIT:0000000000021568 word_21568      dw 53Bh                 ; DATA XREF: INIT:00000000000211D8↑o
INIT:000000000002156A                 db 'ZwEnumerateKey',0
INIT:0000000000021579                 align 2
INIT:000000000002157A word_2157A      dw 22Eh                 ; DATA XREF: INIT:00000000000211E0↑o
INIT:000000000002157C                 db 'KeInitializeEvent',0
INIT:000000000002158E word_2158E      dw 59Fh                 ; DATA XREF: INIT:00000000000211E8↑o
INIT:0000000000021590                 db '_snprintf',0
INIT:000000000002159A word_2159A      dw 54Bh                 ; DATA XREF: INIT:00000000000211F0↑o
INIT:000000000002159C                 db 'ZwOpenDirectoryObject',0
INIT:00000000000215B2 word_215B2      dw 581h                 ; DATA XREF: INIT:00000000000211F8↑o
INIT:00000000000215B4                 db 'ZwSetInformationFile',0
INIT:00000000000215C9                 align 2
INIT:00000000000215CA word_215CA      dw 3D3h                 ; DATA XREF: INIT:0000000000021200↑o
INIT:00000000000215CC                 db 'RtlAppendUnicodeStringToString',0
INIT:00000000000215EB                 align 4
INIT:00000000000215EC word_215EC      dw 547h                 ; DATA XREF: INIT:0000000000021208↑o
INIT:00000000000215EE                 db 'ZwMapViewOfSection',0
INIT:0000000000021601                 align 2
INIT:0000000000021602 word_21602      dw 591h                 ; DATA XREF: INIT:0000000000021210↑o
INIT:0000000000021604                 db 'ZwUnmapViewOfSection',0
INIT:0000000000021619                 align 2
INIT:000000000002161A word_2161A      dw 553h                 ; DATA XREF: INIT:0000000000021218↑o
INIT:000000000002161C                 db 'ZwOpenSection',0
INIT:000000000002162A word_2162A      dw 213h                 ; DATA XREF: INIT:0000000000021220↑o
INIT:000000000002162C                 db 'KeBugCheckEx',0
INIT:0000000000021639                 align 2
INIT:000000000002163A aNtoskrnlExe    db 'ntoskrnl.exe',0     ; DATA XREF: INIT:0000000000021070↑o
INIT:0000000000021647                 align 8
INIT:0000000000021648 word_21648      dw 596h                 ; DATA XREF: INIT:0000000000021228↑o
INIT:000000000002164A                 db '__C_specific_handler',0
INIT:000000000002165F                 align 200h
INIT:0000000000021800                 dq 100h dup(?)
INIT:0000000000021800 INIT            ends
INIT:0000000000021800
INIT:0000000000021800
INIT:0000000000021800                 end DriverEntry
